a3728ba6-909d-4192-a188-b385df73c313 Received request: GET /jobs
c78190ea-7325-4107-afcd-85ea32bd3f83 Received request: GET /jobs
dadb2f52-b3c6-4eca-9e08-c43fbcfa218d Received request: GET /jobs
766b2ad8-b21c-4a80-b5be-003a0dbb1695 Received request: GET /jobs
6aede907-cb18-432a-9625-5cf6d06e7551 Received request: GET /jobs
9b2de090-884b-4f4a-96c6-6a32c021b594 Received request: GET /jobs
0cca3702-c959-49c1-a1e9-0472f6e17325 Received request: GET /jobs/1000
0cca3702-c959-49c1-a1e9-0472f6e17325 Job not found: 1000
684d65cc-c5dc-4cf1-a24f-3c4d7bd6c969 Received request: GET /jobs
00c8f5c2-6310-47b5-88dd-7c57e32bad02 Received request: GET /jobs
f7a078f6-e896-487f-8a96-35b844a775e7 Received request: GET /jobs
eede19c7-7c0e-42e2-96bf-c660f73ec512 Received request: GET /jobs/1000
eede19c7-7c0e-42e2-96bf-c660f73ec512 Job not found: 1000
cfc8999d-6dd7-44b1-93a1-230aa88276fc Received request: GET /jobs
ac0e387f-900d-4043-abc6-05cb522c490b Received request: GET /jobs
67fb4fa3-0fc4-4ea5-aadf-dce68507e9b5 Received request: GET /jobs
e758f382-4571-4f31-8099-968c443eab66 Received request: GET /jobs
301a7a70-fc46-43dc-bca7-6d6eb0fa983a Received request: GET /jobs
076746f6-8f48-449f-8925-6cde3526f0d1 Received request: GET /jobs
97c2f22e-4645-4741-9263-2798075d8193 Received request: GET /jobs/1000
97c2f22e-4645-4741-9263-2798075d8193 Job not found: 1000
680da547-a772-4319-83cc-79f127de676a Received request: GET /jobs/1000
680da547-a772-4319-83cc-79f127de676a Job not found: 1000
eb85cc93-2cbd-4d31-a540-43919574a834 Received request: GET /jobs
2b07efd9-500c-40b8-bf34-0e8a1dabf20e Received request: GET /jobs
2ade3eb9-d2b2-47b8-b9ef-b1f6241acfa6 Received request: GET /jobs
b834430d-6248-4645-9327-ce6e66baf2c3 Received request: GET /jobs
1b02ef9d-a0bf-488b-8487-4d5c04694631 Received request: GET /jobs/1000
1b02ef9d-a0bf-488b-8487-4d5c04694631 Job not found: 1000
8a5c478c-69d2-4c20-b935-51dd361a0e6e Received request: GET /jobs
819f42b8-4a1c-40d7-bfb6-62bd7abdcc89 Received request: GET /jobs
6edee3dc-06b1-4402-8c0a-7b8c790eb7ea Received request: GET /jobs
84284123-37b4-462d-a88c-12178bc751a3 Received request: GET /jobs
147b1a8b-086f-46d9-ae0b-9a8d628050d6 Received request: GET /jobs
a80a2fdb-2039-453b-84d5-81f3b4ca9cf7 Received request: GET /jobs
6e56786e-6ff3-47ed-afa3-205f9c06a7b2 Received request: GET /jobs/1000
6e56786e-6ff3-47ed-afa3-205f9c06a7b2 Job not found: 1000
e07c7108-eee8-4e77-98b0-88a3ad0798b1 Received request: GET /jobs
a9247f21-c6bc-4661-9b0b-fcbba8f46a8e Received request: GET /jobs
1d8db170-f28c-4f2c-9468-fb84d7d7f070 Received request: GET /jobs
b32f42a1-750e-435a-a748-b48ead50bc87 Received request: GET /jobs
4c1f249b-a7da-4fc5-96fe-f6bb9851885c Received request: GET /jobs
b26fda72-5317-48f7-bffe-68dc082ead3f Received request: GET /jobs
53a9dfee-52b9-4deb-a94c-d57d08b2db26 Received request: GET /jobs
406c26fb-19bd-4ae5-adcf-5838dd8548ba Received request: GET /jobs
f6f2a04d-43bd-4fff-8b96-4077e1b06849 Received request: GET /jobs/1000
f6f2a04d-43bd-4fff-8b96-4077e1b06849 Job not found: 1000
20ccf3f1-264b-4d56-bd54-9e1787ebf4ce Received request: GET /jobs
58de500f-bbf1-4a58-9e33-82cf818814a2 Received request: GET /jobs/1000
58de500f-bbf1-4a58-9e33-82cf818814a2 Job not found: 1000
8a5854bd-d8e7-4615-918d-f5e0226c6118 Received request: GET /jobs
038fdd35-da6d-4053-9ef1-5e7f213ba13b Received request: GET /jobs
b3e7dbd3-e7a2-46ad-895f-acc8211199da Received request: GET /jobs
be801f45-b337-4ef7-a134-e142c6056c04 Received request: GET /jobs
37405920-68fd-462d-8cc6-72ded70f9826 Received request: GET /jobs
66c90924-f951-476e-b830-b3a64d92d4ef Received request: GET /jobs/1000
b0203ff9-df9a-49c7-ad29-8f969a1f9f2a Received request: GET /jobs
e5e0f438-b45c-40ef-9863-a665a4961651 Received request: GET /jobs/1000
d9d1ef17-6823-424d-a7d7-66bfa3d9761c Received request: GET /jobs
a270a415-e197-4473-aba3-9299e4323b8a Received request: GET /jobs
d71b4637-ca72-4210-a06a-5dbde97997e2 Received request: GET /jobs
5d88a810-7c0f-45e5-af79-39e0ae4fa48e Received request: GET /jobs
e1f0d722-7375-4da6-b140-b46b69727766 Received request: GET /jobs
b116c145-0912-4f4d-8c22-dc35695a71e5 Received request: GET /jobs
619bda64-8ea0-4d8c-ae13-5ec6f473a90b Received request: GET /jobs
7533653f-fd96-43f6-bc01-bcfd0c9bd5a1 Received request: GET /jobs
561aab95-9def-4efa-b156-31dc4bd9393a Received request: GET /jobs
2217cc4b-802b-4e7e-b1be-8d2faa67d613 Received request: GET /jobs
0f45f91d-fda2-4689-90e7-2fbe6caa3276 Received request: GET /jobs
2125b303-2f83-442c-9455-c69403c0dad2 Received request: GET /jobs/1000
bcb1ab07-3182-4e7b-94f8-1c6a81d43423 Received request: GET /jobs
b7db9dee-177c-47b7-b2e3-681c0988a104 Received request: GET /jobs
b7d251cf-9819-4f2e-a1a2-1a179d3bc2d9 Received request: GET /jobs
8370410d-5b9d-441f-bf34-4426a1c839f8 Received request: GET /jobs
00f1870a-46e8-41b0-9174-3f7532a69a8a Received request: GET /jobs
2dfca1db-9ffb-47e1-965c-d16eea46df33 Received request: GET /jobs
b2d74dd2-6b8f-4ea7-a74c-9758420f60af Received request: GET /jobs/1000
44385651-0128-483b-a412-e0f052c61982 Received request: GET /jobs
a4dfeea7-ae5c-460a-b2a3-299870c0dec3 Received request: GET /jobs
5d0c33fe-bea2-438f-8e00-99e01e74fc78 Received request: GET /jobs
f84d4287-8c21-481b-a8bf-71b17be9ae70 Received request: GET /jobs
db7ec2ee-66d5-40ed-9aa8-23123c337cc2 Received request: GET /jobs
e0531487-e454-4115-9dff-637a5e45f999 Received request: GET /jobs
9f221985-6757-4e5b-9f16-6e8ef04e14c7 Received request: GET /jobs
7b182cd3-7d76-4403-ae5d-2081c1c98468 Received request: GET /jobs
9c421417-1379-4415-92d7-0947e4bd1b59 Received request: GET /jobs
18f96832-430f-4000-8d3b-8fc12ca9a583 Received request: GET /jobs
66c90924-f951-476e-b830-b3a64d92d4ef Job not found: 1000
e5e0f438-b45c-40ef-9863-a665a4961651 Job not found: 1000
2125b303-2f83-442c-9455-c69403c0dad2 Job not found: 1000
b2d74dd2-6b8f-4ea7-a74c-9758420f60af Job not found: 1000
1fcbc985-e84e-47c3-84a5-763218b4c945 Received request: GET /jobs
87b80203-0f25-47a0-bad3-a5c40425ada6 Received request: GET /jobs/1000
87b80203-0f25-47a0-bad3-a5c40425ada6 Job not found: 1000
7cc93819-e063-4d9d-b7cf-e41ae810416e Received request: GET /jobs
dcce3a6f-22e1-41f7-82e9-735d4f49f28d Received request: GET /jobs
ed2f8fb4-6868-45c0-a022-ff0ed6717183 Received request: GET /jobs
9a08f45d-943a-48ab-b93a-820d4e56f2ef Received request: GET /jobs
9c6f96f6-8dfa-4e2e-83b5-70e031f481c1 Received request: GET /jobs/1000
b1150f41-bc76-4b29-ba25-3c56beb08766 Received request: GET /jobs/1000
d80abf12-3903-4379-8cf6-141e1b6e6c6e Received request: GET /jobs
8037d36b-4959-44e2-9408-546327833b72 Received request: GET /jobs
e2d98cc3-ba6c-4bda-b697-da3ad334f39b Received request: GET /jobs
7f777dc4-fcfb-47d8-8cd5-b811b6caff94 Received request: GET /jobs
0029094a-c1e3-45b4-8372-ca9e2e7329b5 Received request: GET /jobs
b88eab09-5a7c-40a1-b886-7f6716fcb848 Received request: GET /jobs/1000
0fa57391-25dc-4ffe-8749-df8f969c50f7 Received request: GET /jobs
54c33428-67db-4dbc-bd45-ca02dd2d327c Received request: GET /jobs
bb0a6763-7729-4f42-a44b-422f7eb5d02b Received request: GET /jobs
4c7dea98-34b0-44c1-a078-10cdd3f4e3ab Received request: GET /jobs
d17eb06d-fc10-42fc-84c3-62c1d5ed8993 Received request: GET /jobs
2140061e-4c80-4298-88c5-5e150617d613 Received request: GET /jobs
7cdee4d9-b790-408d-9198-4bf4d07cdae0 Received request: GET /jobs
9c6f96f6-8dfa-4e2e-83b5-70e031f481c1 Job not found: 1000
b1150f41-bc76-4b29-ba25-3c56beb08766 Job not found: 1000
b88eab09-5a7c-40a1-b886-7f6716fcb848 Job not found: 1000
2bba8f87-fa82-45aa-a010-c062c842a03c Received request: GET /jobs/001
7a4c68fb-2a32-45e3-bf99-579127aaca68 Received request: POST /jobs/004/run
7a4c68fb-2a32-45e3-bf99-579127aaca68 Job not found: 004
bf2aea91-0395-4c32-a365-3d871b280265 Received request: POST /jobs/003/run
c785379f-d7c6-4e08-b334-ddf9895f4140 Received request: POST /jobs/004/run
c785379f-d7c6-4e08-b334-ddf9895f4140 Job not found: 004
6b117a89-f879-435c-a31e-1a9b857f7d44 Received request: GET /jobs/001
9b5cf83d-4c48-448b-98d5-bd27219b5f8a Received request: POST /jobs/004/run
9b5cf83d-4c48-448b-98d5-bd27219b5f8a Job not found: 004
2bba8f87-fa82-45aa-a010-c062c842a03c Found job: 001
215798b3-c373-4420-87b1-1875dde78bd3 Received request: GET /jobs/001
a99bf14e-9f16-4b35-8309-cf20c698c82e Received request: POST /jobs/003/run
0b8f605a-33de-4f99-a17d-cec69ae048c4 Received request: GET /jobs
20b7cacd-e555-4be5-8e05-33e893a03978 Received request: POST /jobs/003/run
a85ba499-eb9d-401d-af8e-b7066cf00652 Received request: POST /jobs/004/run
55db4a42-ba8b-4027-af68-192681bdc59b Received request: POST /jobs/003/run
12f06288-729f-4284-8be6-98e4d1371d3b Received request: GET /jobs/001
03bf4ec6-94af-4cd0-a36d-27341e28dab3 Received request: GET /jobs
0dbd5314-6af1-4ab3-acfc-51838dc946ff Received request: GET /jobs/001
66c2186b-f628-4469-868c-b66d9962cb21 Received request: GET /jobs/001
bc333c96-95dd-44f0-aab6-4b90071b7a0d Received request: GET /jobs/001
66725d74-a955-4104-b9ed-f8a0e331f451 Received request: GET /jobs/001
4f081b06-5b2a-4f9f-a2fd-5a1e4d8a0beb Received request: GET /jobs
58ba267c-c2cf-4788-88c0-52f7de79d418 Received request: GET /jobs/001
8b4e8387-4e3e-439a-ab65-04e942f77f16 Received request: POST /jobs/004/run
79ee408b-ce62-4f54-a008-1baee9fbb8ba Received request: POST /jobs/004/run
daa1d254-649d-480e-8a23-e06543bfca70 Received request: GET /jobs/001
00e8aae4-0c23-4efc-a947-0faeb6379b4b Received request: POST /jobs/003/run
21557934-aef1-4453-89c0-3671792efac1 Received request: GET /jobs
37b9124c-6c40-455d-ae80-c6b8d58fbf18 Received request: GET /jobs/001
7f48e697-1e1a-41e4-b554-d11cee295fc5 Received request: POST /jobs/003/run
54dbfeb5-3acb-4279-b928-5c7966c43745 Received request: GET /jobs/001
a85ba499-eb9d-401d-af8e-b7066cf00652 Job not found: 004
bf2aea91-0395-4c32-a365-3d871b280265 Scheduling job: 003
b12ae080-4f3f-46fa-9acd-5f97c8ace0f3 Received request: GET /jobs/001
e3ad4c66-75f4-4a8d-b326-6fc90f86c870 Received request: POST /jobs/004/run
c2ea5292-ea99-4541-8cc1-0f9217c295cf Received request: POST /jobs/004/run
85496a3d-4382-4cb4-89f6-3f76b95e8673 Received request: GET /jobs/001
8535f065-f002-48b7-9237-14243322dc95 Received request: GET /jobs/001
cab102e2-6035-416e-89b6-aa77f9914a1b Received request: GET /jobs/001
32a497f8-8fd7-4acb-aeae-3b44abd0fd94 Received request: POST /jobs/004/run
e65ccf41-1bf0-4dac-a242-a969972dda73 Received request: GET /jobs/1000
4acfe964-9956-4d9c-acb6-e96ac9737316 Received request: POST /jobs/003/run
2c030ced-16ba-4f15-8bbb-0064f04d641e Received request: GET /jobs
67935d0d-f387-4004-a87f-f5e5335b32a0 Received request: POST /jobs/004/run
6b117a89-f879-435c-a31e-1a9b857f7d44 Found job: 001
d2e25b9d-862c-4abd-9b53-766cec335432 Received request: GET /jobs/001
8b4e8387-4e3e-439a-ab65-04e942f77f16 Job not found: 004
215798b3-c373-4420-87b1-1875dde78bd3 Found job: 001
a99bf14e-9f16-4b35-8309-cf20c698c82e Scheduling job: 003
79ee408b-ce62-4f54-a008-1baee9fbb8ba Job not found: 004
55db4a42-ba8b-4027-af68-192681bdc59b Scheduling job: 003
12f06288-729f-4284-8be6-98e4d1371d3b Found job: 001
20b7cacd-e555-4be5-8e05-33e893a03978 Scheduling job: 003
108052c8-3760-4acd-8cdb-2599dc040c82 Received request: POST /jobs/003/run
e6a3f4dc-81c5-4f26-960e-2c2f618f7142 Received request: POST /jobs/003/run
fb50ffa0-2191-46a9-b5d6-e21d8767e4d1 Received request: POST /jobs/004/run
7029a521-2546-40af-8d71-e908c4e53998 Received request: POST /jobs/003/run
e9cd0ba0-ae5b-46ad-bfa7-3f324c882b22 Received request: POST /jobs/004/run
9a538882-d301-4ba7-ad0e-3775ab2fd18e Received request: GET /jobs/001
dbd1a616-21ab-457f-b477-4ced8b84d451 Received request: POST /jobs/004/run
cf5f068b-5142-427a-9481-0b16f327008e Received request: GET /jobs/001
22e6c094-3ed7-4f2f-b2be-69dbcd734445 Received request: GET /jobs
ad5e234e-afd3-4f5d-820d-e227a0a0c6ff Received request: GET /jobs/001
884da553-518e-428c-9206-a6c13da14436 Received request: GET /jobs
e2b8f5af-f4f9-4ccd-a787-3b3c2a8cb021 Received request: GET /jobs/001
8110f370-d3ce-43b8-a7ca-dc1a46ec6ada Received request: POST /jobs/004/run
0f1094d0-5c2a-4f0f-980b-372e9ca64705 Received request: GET /jobs/001
32f534dc-85ca-42fa-8ce3-77054ca72de8 Received request: POST /jobs/003/run
e3ad4c66-75f4-4a8d-b326-6fc90f86c870 Job not found: 004
002ef9ae-b204-4b35-93e8-806e9b5cb5df Received request: GET /jobs/001
c2ea5292-ea99-4541-8cc1-0f9217c295cf Job not found: 004
ffe5c941-0651-49d8-b52f-cf9f4f09c319 Received request: GET /jobs/001
0bdfbd3f-f6be-424a-920f-47148e72d5e3 Received request: POST /jobs/003/run
959ba162-6028-48f0-a081-5a87c10fbd8b Received request: POST /jobs/004/run
154b19b3-c8bc-4f47-aa5f-f2d1de7b8729 Received request: POST /jobs/004/run
32a497f8-8fd7-4acb-aeae-3b44abd0fd94 Job not found: 004
e65ccf41-1bf0-4dac-a242-a969972dda73 Job not found: 1000
67935d0d-f387-4004-a87f-f5e5335b32a0 Job not found: 004
3be3e447-ef33-4591-a7ba-65e90d1f3e06 Received request: POST /jobs/004/run
cdcc3f52-d415-4da8-8a26-3ac6d7c3f20b Received request: GET /jobs
0dbd5314-6af1-4ab3-acfc-51838dc946ff Found job: 001
66725d74-a955-4104-b9ed-f8a0e331f451 Found job: 001
66c2186b-f628-4469-868c-b66d9962cb21 Found job: 001
bc333c96-95dd-44f0-aab6-4b90071b7a0d Found job: 001
2758b0f2-7f93-47ee-8262-9839e2413e97 Received request: GET /jobs/001
58ba267c-c2cf-4788-88c0-52f7de79d418 Found job: 001
daa1d254-649d-480e-8a23-e06543bfca70 Found job: 001
00e8aae4-0c23-4efc-a947-0faeb6379b4b Scheduling job: 003
fb50ffa0-2191-46a9-b5d6-e21d8767e4d1 Job not found: 004
9a8312c3-6090-470e-b073-e49d4394ef1f Received request: POST /jobs/004/run
37b9124c-6c40-455d-ae80-c6b8d58fbf18 Found job: 001
e9cd0ba0-ae5b-46ad-bfa7-3f324c882b22 Job not found: 004
dbd1a616-21ab-457f-b477-4ced8b84d451 Job not found: 004
4210156d-2f81-4de5-a98f-063aa572f7da Received request: POST /jobs/003/run
2fe4417f-990f-475a-9d8b-54c13848d47b Received request: POST /jobs/004/run
316dfd23-c5dd-4c00-ae51-261e25667967 Received request: GET /jobs
0482b088-9a2f-42c9-a43a-d972d8077c3b Received request: GET /jobs/1000
8110f370-d3ce-43b8-a7ca-dc1a46ec6ada Job not found: 004
b20101b5-3223-45dd-b1e0-c8c3ea5d7d88 Received request: GET /jobs/001
aebb941d-0e7b-404e-8c05-ab0418121ef8 Received request: GET /jobs/001
fe530658-f64f-4bfd-80a4-243523589536 Received request: GET /jobs/001
7f48e697-1e1a-41e4-b554-d11cee295fc5 Scheduling job: 003
f1d97d3b-ab54-413f-9233-19f6a490e266 Received request: GET /jobs
4fa79dd1-ccc8-4099-b2df-a1b03af461c0 Received request: POST /jobs/004/run
959ba162-6028-48f0-a081-5a87c10fbd8b Job not found: 004
154b19b3-c8bc-4f47-aa5f-f2d1de7b8729 Job not found: 004
1c491f2c-4ff7-416f-8e58-18f0a9161004 Received request: GET /jobs/001
de014fe7-5478-44ac-9c2e-f77121558d06 Received request: GET /jobs/001
8fab0fa5-2167-443f-a832-2972686aa5e3 Received request: POST /jobs/004/run
3be3e447-ef33-4591-a7ba-65e90d1f3e06 Job not found: 004
16366bee-a63e-4f7c-9688-9deb536a5500 Received request: GET /jobs/001
bb83fb05-352e-46f0-a663-49096bf523a8 Received request: POST /jobs/004/run
54dbfeb5-3acb-4279-b928-5c7966c43745 Found job: 001
b12ae080-4f3f-46fa-9acd-5f97c8ace0f3 Found job: 001
fd523ad3-96a0-4c57-875a-f9bef4dc8843 Received request: POST /jobs/003/run
9911261b-29e2-4f18-9f3e-67ff466dc18a Received request: POST /jobs/003/run
02b992b8-dc27-401c-878b-1d0f72fe4532 Received request: GET /jobs
8535f065-f002-48b7-9237-14243322dc95 Found job: 001
85496a3d-4382-4cb4-89f6-3f76b95e8673 Found job: 001
cab102e2-6035-416e-89b6-aa77f9914a1b Found job: 001
9a8312c3-6090-470e-b073-e49d4394ef1f Job not found: 004
4acfe964-9956-4d9c-acb6-e96ac9737316 Scheduling job: 003
2fe4417f-990f-475a-9d8b-54c13848d47b Job not found: 004
bf2aea91-0395-4c32-a365-3d871b280265 Processing Job: 003
d2e25b9d-862c-4abd-9b53-766cec335432 Found job: 001
0482b088-9a2f-42c9-a43a-d972d8077c3b Job not found: 1000
be5067bb-7f97-440e-8627-a2275d79322e Received request: GET /jobs
32e2373c-56bc-4e5f-b0a7-cdb8a7b0263a Received request: GET /jobs/001
e6a3f4dc-81c5-4f26-960e-2c2f618f7142 Scheduling job: 003
a6e69abe-1e28-43ec-8c44-4126af0e9d6d Received request: POST /jobs/003/run
abc51d4a-b9ba-4e6b-88df-5604e8d100ef Received request: GET /jobs/001
894ea05d-83c1-4fda-8155-44d1930fe8e8 Received request: GET /jobs
f73de1bd-54ec-4eab-bc22-c66b10218ec3 Received request: GET /jobs
108052c8-3760-4acd-8cdb-2599dc040c82 Scheduling job: 003
7029a521-2546-40af-8d71-e908c4e53998 Scheduling job: 003
4fa79dd1-ccc8-4099-b2df-a1b03af461c0 Job not found: 004
0a261ce8-3c0e-4b13-a50e-b546fe850ea6 Received request: POST /jobs/004/run
8fab0fa5-2167-443f-a832-2972686aa5e3 Job not found: 004
bb83fb05-352e-46f0-a663-49096bf523a8 Job not found: 004
5d18f1f7-fcd4-45fb-bcd1-b5156a8de9ea Received request: POST /jobs/004/run
761c242d-032c-4f00-b886-c22f551474f4 Received request: POST /jobs/004/run
58a2db9b-e181-460e-a28a-8b81ff5ac5f6 Received request: POST /jobs/004/run
9a538882-d301-4ba7-ad0e-3775ab2fd18e Found job: 001
cf5f068b-5142-427a-9481-0b16f327008e Found job: 001
a99bf14e-9f16-4b35-8309-cf20c698c82e Processing Job: 003
2bd63424-70bd-4d6d-ba36-756bd642c64c Received request: GET /jobs/001
09ba92df-1716-415d-bf5d-8e30f8bc1ce9 Received request: GET /jobs/001
acc4bdd9-09a6-46af-84b1-39992a7a9528 Received request: POST /jobs/004/run
fa116dfc-bfce-4ecc-a72e-383429031755 Received request: GET /jobs
ec279a52-18ac-417d-8da0-616c702dfd14 Received request: GET /jobs/001
ac99d86e-92f8-486a-9a40-3eef6181c3f1 Received request: GET /jobs/001
bf2aea91-0395-4c32-a365-3d871b280265 Error for job: 003
ad5e234e-afd3-4f5d-820d-e227a0a0c6ff Found job: 001
e2b8f5af-f4f9-4ccd-a787-3b3c2a8cb021 Found job: 001
55db4a42-ba8b-4027-af68-192681bdc59b Processing Job: 003
be304b06-4e18-48e2-9b18-f68254d206fe Received request: GET /jobs
6685932f-5dcb-41bf-a166-ec454e16aa03 Received request: GET /jobs
0f1094d0-5c2a-4f0f-980b-372e9ca64705 Found job: 001
32f534dc-85ca-42fa-8ce3-77054ca72de8 Scheduling job: 003
20b7cacd-e555-4be5-8e05-33e893a03978 Processing Job: 003
0a261ce8-3c0e-4b13-a50e-b546fe850ea6 Job not found: 004
7ecb9bb3-f3fd-4aed-80f5-2155f4a5b3aa Received request: GET /jobs/001
102687d4-e1dc-495f-9b6a-be00dca69bc6 Received request: GET /jobs
002ef9ae-b204-4b35-93e8-806e9b5cb5df Found job: 001
ffe5c941-0651-49d8-b52f-cf9f4f09c319 Found job: 001
0bdfbd3f-f6be-424a-920f-47148e72d5e3 Scheduling job: 003
09336ec7-7589-4c20-b1bc-193fda5ea643 Received request: GET /jobs
2b684bf8-0ecf-4c36-a124-aedfd43db3d2 Received request: GET /jobs
5d18f1f7-fcd4-45fb-bcd1-b5156a8de9ea Job not found: 004
761c242d-032c-4f00-b886-c22f551474f4 Job not found: 004
58a2db9b-e181-460e-a28a-8b81ff5ac5f6 Job not found: 004
634f13dd-a6b4-4417-98d1-850fd8f2e285 Received request: GET /jobs
9d927de1-2c37-4a9e-8b17-cd54c157cce6 Received request: GET /jobs/1000
6287a046-f4ad-4a2f-9ba1-cb0d51f2dd02 Received request: GET /jobs
a99bf14e-9f16-4b35-8309-cf20c698c82e Error for job: 003
10f8aa9a-c363-4168-9ef0-12b05e657f5c Received request: GET /jobs/001
acc4bdd9-09a6-46af-84b1-39992a7a9528 Job not found: 004
55db4a42-ba8b-4027-af68-192681bdc59b Error for job: 003
2758b0f2-7f93-47ee-8262-9839e2413e97 Found job: 001
41558671-cbab-4ea8-a61f-b71a7fc9cea7 Received request: POST /jobs/004/run
20b7cacd-e555-4be5-8e05-33e893a03978 Error for job: 003
7a24accd-934c-4176-8f10-fefebfd4536d Received request: GET /jobs
4210156d-2f81-4de5-a98f-063aa572f7da Scheduling job: 003
03e8f9bc-d841-41d8-9648-4be15ce701f6 Received request: GET /jobs
0bddee9b-99e7-4597-95d1-d9fdbfdd482c Received request: GET /jobs/001
00e8aae4-0c23-4efc-a947-0faeb6379b4b Processing Job: 003
b20101b5-3223-45dd-b1e0-c8c3ea5d7d88 Found job: 001
aebb941d-0e7b-404e-8c05-ab0418121ef8 Found job: 001
fe530658-f64f-4bfd-80a4-243523589536 Found job: 001
1c491f2c-4ff7-416f-8e58-18f0a9161004 Found job: 001
dc353c62-f391-41c7-987d-4f7343d8c697 Received request: GET /jobs
de014fe7-5478-44ac-9c2e-f77121558d06 Found job: 001
16366bee-a63e-4f7c-9688-9deb536a5500 Found job: 001
9d927de1-2c37-4a9e-8b17-cd54c157cce6 Job not found: 1000
fd523ad3-96a0-4c57-875a-f9bef4dc8843 Scheduling job: 003
75fa260e-4683-4177-9ddd-c9ca3848f8f6 Received request: GET /jobs
41558671-cbab-4ea8-a61f-b71a7fc9cea7 Job not found: 004
9911261b-29e2-4f18-9f3e-67ff466dc18a Scheduling job: 003
7f48e697-1e1a-41e4-b554-d11cee295fc5 Processing Job: 003
39cf47bb-53ab-4649-b065-b157e96a5da0 Received request: GET /jobs
4779c920-f433-4cc3-87b0-1d670678aac2 Received request: GET /jobs
00e8aae4-0c23-4efc-a947-0faeb6379b4b Error for job: 003
32e2373c-56bc-4e5f-b0a7-cdb8a7b0263a Found job: 001
a6e69abe-1e28-43ec-8c44-4126af0e9d6d Scheduling job: 003
5883f653-224c-4b62-9306-a49d503f848d Received request: GET /jobs/1000
212d1b30-4f7b-4792-aaab-4b7817236a93 Received request: GET /jobs
7f48e697-1e1a-41e4-b554-d11cee295fc5 Error for job: 003
abc51d4a-b9ba-4e6b-88df-5604e8d100ef Found job: 001
645067ba-30c9-44fc-91c2-a51ea29a3ab7 Received request: GET /jobs
5ec84346-f269-4a64-bd0a-9137043520cb Received request: POST /jobs/003/run
5883f653-224c-4b62-9306-a49d503f848d Job not found: 1000
38a7a849-33f1-4e42-a8a2-6d5e314e0bcf Received request: GET /jobs
ec11cbc2-081a-44f0-8150-29eb9ecbb627 Received request: GET /jobs
cfe69f55-8728-438b-a934-67b249843053 Received request: GET /jobs/001
4acfe964-9956-4d9c-acb6-e96ac9737316 Processing Job: 003
4acfe964-9956-4d9c-acb6-e96ac9737316 Error for job: 003
09ba92df-1716-415d-bf5d-8e30f8bc1ce9 Found job: 001
2bd63424-70bd-4d6d-ba36-756bd642c64c Found job: 001
5acf3708-33e1-46e3-a5b5-fa2b1428c778 Received request: POST /jobs/004/run
5acf3708-33e1-46e3-a5b5-fa2b1428c778 Job not found: 004
e228cf8b-8bbc-4f3c-87f9-c6590135d7f7 Received request: GET /jobs
ec279a52-18ac-417d-8da0-616c702dfd14 Found job: 001
64946882-d630-4f97-b585-1ffd5a9ff064 Received request: GET /jobs
3e7d9337-bd00-49c2-86be-018fb7171626 Received request: GET /jobs
ac99d86e-92f8-486a-9a40-3eef6181c3f1 Found job: 001
e6a3f4dc-81c5-4f26-960e-2c2f618f7142 Processing Job: 003
e6a3f4dc-81c5-4f26-960e-2c2f618f7142 Error for job: 003
108052c8-3760-4acd-8cdb-2599dc040c82 Processing Job: 003
108052c8-3760-4acd-8cdb-2599dc040c82 Error for job: 003
7029a521-2546-40af-8d71-e908c4e53998 Processing Job: 003
7029a521-2546-40af-8d71-e908c4e53998 Error for job: 003
f5a4737d-ba03-41cd-b9bc-f3305444c59a Received request: GET /jobs
7ecb9bb3-f3fd-4aed-80f5-2155f4a5b3aa Found job: 001
a1a3ed0f-a020-4611-9234-f543bf501720 Received request: GET /jobs/001
10f8aa9a-c363-4168-9ef0-12b05e657f5c Found job: 001
4845fb4e-e92f-4911-83da-0f23c3430950 Received request: GET /jobs/001
e1a77dd5-0722-4567-8246-5bd3522aedf4 Received request: POST /jobs/004/run
e1a77dd5-0722-4567-8246-5bd3522aedf4 Job not found: 004
18a12c51-f4c3-4bdd-a75b-7514c1906042 Received request: POST /jobs/004/run
18a12c51-f4c3-4bdd-a75b-7514c1906042 Job not found: 004
004d3713-7251-43e7-ba72-f25708acec71 Received request: GET /jobs
0bddee9b-99e7-4597-95d1-d9fdbfdd482c Found job: 001
9c569d8f-4d0b-4b71-a201-2e4f188269c9 Received request: GET /jobs
ac76d749-e28e-40b1-a02c-6d77d450a526 Received request: GET /jobs/1000
ac76d749-e28e-40b1-a02c-6d77d450a526 Job not found: 1000
32f534dc-85ca-42fa-8ce3-77054ca72de8 Processing Job: 003
a0704d8b-02c8-40b1-9137-b96524c1fd52 Received request: GET /jobs
0bdfbd3f-f6be-424a-920f-47148e72d5e3 Processing Job: 003
0bdfbd3f-f6be-424a-920f-47148e72d5e3 Error for job: 003
32f534dc-85ca-42fa-8ce3-77054ca72de8 Error for job: 003
70b52a57-7001-4e8a-b1d7-9e45aadf85da Received request: GET /jobs
c1e2bf4b-c02a-4b7e-abb7-b2160838319d Received request: GET /jobs
250c0fe8-7f78-4d67-95e0-6656f2429b64 Received request: GET /jobs
5ec84346-f269-4a64-bd0a-9137043520cb Scheduling job: 003
84b95c70-add6-4253-84d1-30056f97668e Received request: POST /jobs/003/run
51ca6208-bf38-4d11-8791-7d9151a100df Received request: POST /jobs/003/run
cfe69f55-8728-438b-a934-67b249843053 Found job: 001
2433f129-8606-461e-89a4-261dd063bc01 Received request: GET /jobs/001
a88c9b75-6d61-42e2-b854-4faba443a7e1 Received request: GET /jobs
2777d943-93db-4299-a9f8-99425547309f Received request: GET /jobs
09ce6faa-6632-4a2e-920e-e3cc1f9c00ca Received request: POST /jobs/003/run
8969e543-c690-46f0-ba33-eb5fd08e0c5a Received request: GET /jobs
4210156d-2f81-4de5-a98f-063aa572f7da Processing Job: 003
4210156d-2f81-4de5-a98f-063aa572f7da Error for job: 003
a1a3ed0f-a020-4611-9234-f543bf501720 Found job: 001
4845fb4e-e92f-4911-83da-0f23c3430950 Found job: 001
11c0a06c-9cb8-4634-8389-a1ae35c4c355 Received request: GET /jobs
5341a5e0-005a-4b0e-89b8-d502b3241116 Received request: GET /jobs
ec684b27-b536-4914-935f-161afb517f45 Received request: GET /jobs/001
fd523ad3-96a0-4c57-875a-f9bef4dc8843 Processing Job: 003
fd523ad3-96a0-4c57-875a-f9bef4dc8843 Error for job: 003
9911261b-29e2-4f18-9f3e-67ff466dc18a Processing Job: 003
9911261b-29e2-4f18-9f3e-67ff466dc18a Error for job: 003
df7d58b4-a74d-436d-809f-263b296546a9 Received request: GET /jobs
d2dd9ff3-cd25-4070-823c-178a4ea55406 Received request: GET /jobs
93d6cf31-1b2f-479e-aa2e-75fab17f867a Received request: GET /jobs
a775e806-284d-49a9-b861-52a671dd041e Received request: GET /jobs
d0aea2f0-f6c9-403b-b1ef-825a3dc1e484 Received request: POST /jobs/003/run
f7601967-6b39-4f51-ab0e-70004b21800a Received request: GET /jobs
a6e69abe-1e28-43ec-8c44-4126af0e9d6d Processing Job: 003
a6e69abe-1e28-43ec-8c44-4126af0e9d6d Error for job: 003
4cece58c-f0d0-487c-bd8c-3cfb714221cb Received request: GET /jobs
675eec25-65bc-4dcc-84be-029b69d3d745 Received request: POST /jobs/003/run
1f558b3c-e11b-412c-af06-c7bdecbc87a0 Received request: GET /jobs
84b95c70-add6-4253-84d1-30056f97668e Scheduling job: 003
1c4c7480-1d89-4b8e-8093-d221b3854902 Received request: GET /jobs
51ca6208-bf38-4d11-8791-7d9151a100df Scheduling job: 003
854981c7-a185-4d55-9232-e5008752415f Received request: GET /jobs
2433f129-8606-461e-89a4-261dd063bc01 Found job: 001
5e4fe9e8-d993-425c-8bf2-485004dee89d Received request: POST /jobs/003/run
b7e416e4-5705-45da-ae4f-5e4efca66510 Received request: GET /jobs
d93b94a2-fabf-4b35-b053-e0d3490ee545 Received request: GET /jobs
09ce6faa-6632-4a2e-920e-e3cc1f9c00ca Scheduling job: 003
757deb68-6c74-4247-92ac-86464371267f Received request: POST /jobs/003/run
2a5dedfd-57ee-4d7c-8150-9ac68e0cab98 Received request: POST /jobs/003/run
f47f245b-b899-4478-9565-797384fd4e6e Received request: GET /jobs/001
aa649c89-3bb4-4558-b024-fe74107f6c41 Received request: GET /jobs
6afd8b6c-7d5e-4e77-bcc6-bacf5875ec0a Received request: GET /jobs
ec684b27-b536-4914-935f-161afb517f45 Found job: 001
f5789a15-16bc-43ca-a692-abf91fcc4af5 Received request: GET /jobs
5dc4991f-8ca3-49d5-be7d-9da68686b641 Received request: GET /jobs/1000
1197af7d-d1ea-4fe4-a409-38955f0a0d74 Received request: GET /jobs
e08419ca-f670-485c-bf7b-bb1f4ca6155e Received request: GET /jobs/1000
e08419ca-f670-485c-bf7b-bb1f4ca6155e Job not found: 1000
5dc4991f-8ca3-49d5-be7d-9da68686b641 Job not found: 1000
d0aea2f0-f6c9-403b-b1ef-825a3dc1e484 Scheduling job: 003
5ec84346-f269-4a64-bd0a-9137043520cb Processing Job: 003
5ec84346-f269-4a64-bd0a-9137043520cb Error for job: 003
7cae4ae7-1f6c-4590-9c34-dcf618ddae7b Received request: GET /jobs
675eec25-65bc-4dcc-84be-029b69d3d745 Scheduling job: 003
5e4fe9e8-d993-425c-8bf2-485004dee89d Scheduling job: 003
1f181192-6aa4-4650-b4ab-7df07b83dd4a Received request: GET /jobs/001
e1148ddf-b1e2-4324-8e57-4c0decf9d8b4 Received request: GET /jobs/001
e0c321d9-6099-4ef3-9f86-47385a177ae9 Received request: GET /jobs
56f5ae7b-21f4-4513-90e3-79a859bbcd0a Received request: GET /jobs/001
088fb70e-4b1c-4d4d-8478-b3d8f15e7c00 Received request: GET /jobs
e39f2e3d-bc59-46e1-a1ed-cf74e6540dc1 Received request: POST /jobs/003/run
1fc02541-a01b-4386-86bb-cad4bc7d0782 Received request: GET /jobs
757deb68-6c74-4247-92ac-86464371267f Scheduling job: 003
bf8fa691-b6d2-481d-91f4-ab8b65ff865a Received request: GET /jobs/001
adf0213c-8675-494d-bac6-0462da9dfc49 Received request: GET /jobs/001
ef4a882e-0404-4656-823d-9c68c56083b7 Received request: GET /jobs
ee826b64-f89d-410b-acd0-7954ff40e3d7 Received request: POST /jobs/004/run
fbf24a2f-0e12-40d2-9c50-5a47a93ff6dc Received request: GET /jobs/1000
f47f245b-b899-4478-9565-797384fd4e6e Found job: 001
2a5dedfd-57ee-4d7c-8150-9ac68e0cab98 Scheduling job: 003
ee826b64-f89d-410b-acd0-7954ff40e3d7 Job not found: 004
fbf24a2f-0e12-40d2-9c50-5a47a93ff6dc Job not found: 1000
b6693bc9-550e-4e0f-a837-19fe42472343 Received request: GET /jobs
3ebf9e34-e861-4a8e-a914-167b58410c66 Received request: GET /jobs
7cebc9d0-8fa1-443c-a40d-654416937be8 Received request: POST /jobs/003/run
84b95c70-add6-4253-84d1-30056f97668e Processing Job: 003
84b95c70-add6-4253-84d1-30056f97668e Error for job: 003
51ca6208-bf38-4d11-8791-7d9151a100df Processing Job: 003
51ca6208-bf38-4d11-8791-7d9151a100df Error for job: 003
09ce6faa-6632-4a2e-920e-e3cc1f9c00ca Processing Job: 003
09ce6faa-6632-4a2e-920e-e3cc1f9c00ca Error for job: 003
299b501c-ea0a-49a4-8346-686447860abe Received request: GET /jobs/001
bf431403-d913-4bf0-a383-b1a7e5b022db Received request: GET /jobs
e1148ddf-b1e2-4324-8e57-4c0decf9d8b4 Found job: 001
49543cad-4da6-40b2-aac5-abc4a2d09c6b Received request: GET /jobs/001
cd95f4c9-26c9-4bd8-806d-8180a7f7305d Received request: GET /jobs
536c10ef-e313-4db9-b4db-bf5c5cc01bac Received request: POST /jobs/003/run
2d2a56c5-ce77-44bc-a120-d51e89b83003 Received request: POST /jobs/003/run
7c53bfff-a99a-4789-a13c-a11c1e1b2c5e Received request: GET /jobs/1000
1beaa732-ab5c-4555-802a-e8b265e8f158 Received request: GET /jobs
1f181192-6aa4-4650-b4ab-7df07b83dd4a Found job: 001
56f5ae7b-21f4-4513-90e3-79a859bbcd0a Found job: 001
e39f2e3d-bc59-46e1-a1ed-cf74e6540dc1 Scheduling job: 003
7c53bfff-a99a-4789-a13c-a11c1e1b2c5e Job not found: 1000
adf0213c-8675-494d-bac6-0462da9dfc49 Found job: 001
52069f8d-39c0-4103-b8e9-a0cf1e0e956f Received request: GET /jobs/001
bf8fa691-b6d2-481d-91f4-ab8b65ff865a Found job: 001
bb23eb3f-05a0-4f4a-866d-ec4bae23e831 Received request: GET /jobs
7cebc9d0-8fa1-443c-a40d-654416937be8 Scheduling job: 003
d0aea2f0-f6c9-403b-b1ef-825a3dc1e484 Processing Job: 003
d0aea2f0-f6c9-403b-b1ef-825a3dc1e484 Error for job: 003
675eec25-65bc-4dcc-84be-029b69d3d745 Processing Job: 003
675eec25-65bc-4dcc-84be-029b69d3d745 Error for job: 003
5e4fe9e8-d993-425c-8bf2-485004dee89d Processing Job: 003
5e4fe9e8-d993-425c-8bf2-485004dee89d Error for job: 003
cefe2192-eac9-4a07-9109-752e0c4b1e84 Received request: GET /jobs
299b501c-ea0a-49a4-8346-686447860abe Found job: 001
f547a273-2488-4787-9290-9251b8f0a5e6 Received request: GET /jobs
5ced232b-355c-45a1-9810-0098e7406133 Received request: GET /jobs
fa3c0f59-e129-4f97-b4a8-b4468c64849e Received request: GET /jobs
04e9fb73-224c-4bd7-90fc-0c78c1235d84 Received request: POST /jobs/004/run
9ff5585e-b995-413a-83a6-0ec2b20ec5f2 Received request: GET /jobs
7570b4ac-ad8d-463d-902b-aba49c66b608 Received request: GET /jobs
49543cad-4da6-40b2-aac5-abc4a2d09c6b Found job: 001
2d2a56c5-ce77-44bc-a120-d51e89b83003 Scheduling job: 003
536c10ef-e313-4db9-b4db-bf5c5cc01bac Scheduling job: 003
757deb68-6c74-4247-92ac-86464371267f Processing Job: 003
04e9fb73-224c-4bd7-90fc-0c78c1235d84 Job not found: 004
52069f8d-39c0-4103-b8e9-a0cf1e0e956f Found job: 001
2a5dedfd-57ee-4d7c-8150-9ac68e0cab98 Processing Job: 003
2a5dedfd-57ee-4d7c-8150-9ac68e0cab98 Error for job: 003
757deb68-6c74-4247-92ac-86464371267f Error for job: 003
e39f2e3d-bc59-46e1-a1ed-cf74e6540dc1 Processing Job: 003
e39f2e3d-bc59-46e1-a1ed-cf74e6540dc1 Error for job: 003
cc703116-d430-47df-8240-8a47a1d8027f Received request: GET /jobs
0925c2da-c6b0-4f34-8c4f-d3836d4bcf02 Received request: POST /jobs/003/run
b31dbe4d-e329-457e-8cef-b1cf12794b6b Received request: GET /jobs/001
b84ae784-8c66-4e9e-be9a-8501cd9ac1fc Received request: POST /jobs/003/run
8c022e81-249d-4112-95d0-eec170c0b778 Received request: GET /jobs/001
0074efd5-fa5f-490a-8b29-692b3d9ef7b7 Received request: GET /jobs
3f7189b2-0e9d-4457-b129-b1b3d396971a Received request: POST /jobs/004/run
4db0ae0c-a4b4-4c90-bf1d-b4c1b1167885 Received request: GET /jobs
fec0e0ef-b968-49e4-84f1-fbcb8d288379 Received request: GET /jobs/001
3e8b2e95-364a-4c35-84a9-8d26545edcb4 Received request: POST /jobs/003/run
207cf998-e889-4799-bcbe-28518bace660 Received request: GET /jobs/001
822a2967-ee6b-4008-a8c7-3ce537793175 Received request: POST /jobs/003/run
43cad585-0fb2-4016-8d3a-ccd4c838cc3c Received request: POST /jobs/003/run
5929c898-87a3-4f3f-9dcd-55e370100ef2 Received request: GET /jobs
3f7189b2-0e9d-4457-b129-b1b3d396971a Job not found: 004
7cebc9d0-8fa1-443c-a40d-654416937be8 Processing Job: 003
7cebc9d0-8fa1-443c-a40d-654416937be8 Error for job: 003
068daed3-2f6d-441e-8c3f-0b25b1257290 Received request: POST /jobs/004/run
068daed3-2f6d-441e-8c3f-0b25b1257290 Job not found: 004
b2ba2937-4ef6-44e3-b6fc-317966344e6d Received request: POST /jobs/003/run
eddfb48f-3eb9-4003-a070-624c8c39ce0a Received request: GET /jobs
b24dbc41-f5af-4035-8008-5722b51cafea Received request: POST /jobs/003/run
f8067653-737a-4eb7-9f45-3e0df7a9f500 Received request: GET /jobs/001
7870fa42-91df-44ad-9cd7-d02c7d048372 Received request: GET /jobs
35a6f7f2-002c-416f-86ea-5b1299a3328f Received request: GET /jobs/001
5d107602-050a-4e1e-a38e-646021316942 Received request: GET /jobs
0d8bf17c-9d0a-4beb-b45d-2969008c5126 Received request: POST /jobs/003/run
c39dadde-3361-4e0d-8f5a-65a6cbf76cfb Received request: GET /jobs
0925c2da-c6b0-4f34-8c4f-d3836d4bcf02 Scheduling job: 003
b31dbe4d-e329-457e-8cef-b1cf12794b6b Found job: 001
8c022e81-249d-4112-95d0-eec170c0b778 Found job: 001
b84ae784-8c66-4e9e-be9a-8501cd9ac1fc Scheduling job: 003
fec0e0ef-b968-49e4-84f1-fbcb8d288379 Found job: 001
3e8b2e95-364a-4c35-84a9-8d26545edcb4 Scheduling job: 003
536c10ef-e313-4db9-b4db-bf5c5cc01bac Processing Job: 003
207cf998-e889-4799-bcbe-28518bace660 Found job: 001
822a2967-ee6b-4008-a8c7-3ce537793175 Scheduling job: 003
2d2a56c5-ce77-44bc-a120-d51e89b83003 Processing Job: 003
43cad585-0fb2-4016-8d3a-ccd4c838cc3c Scheduling job: 003
536c10ef-e313-4db9-b4db-bf5c5cc01bac Error for job: 003
663b3b52-a2b7-4b97-b87d-1c9a73381747 Received request: GET /jobs
d5545f7f-549a-4377-b046-fdd0c7ddb89e Received request: GET /jobs/001
fd7023af-43d8-4676-a4d2-de07f07f0832 Received request: GET /jobs
5bb9a427-407f-4150-b86d-22455f5aec19 Received request: GET /jobs
192de725-ded6-40cc-ad30-df1b91ef3a26 Received request: GET /jobs/001
83437773-38a8-4fbc-805b-c9646bafe66b Received request: GET /jobs/001
5128a92f-dd7c-49db-a888-dc786ce02167 Received request: GET /jobs
cc936fd2-cee2-4f1e-a8d9-f46d257c63f5 Received request: GET /jobs
560c6279-bbf6-4fb8-9d47-25b01d75495f Received request: POST /jobs/004/run
59c7af23-db7f-4674-b729-3d4b141061a2 Received request: POST /jobs/003/run
19fcbb1e-c31c-4010-9154-c7d94d6fba13 Received request: GET /jobs/001
2d2a56c5-ce77-44bc-a120-d51e89b83003 Error for job: 003
b2ba2937-4ef6-44e3-b6fc-317966344e6d Scheduling job: 003
b24dbc41-f5af-4035-8008-5722b51cafea Scheduling job: 003
f8067653-737a-4eb7-9f45-3e0df7a9f500 Found job: 001
35a6f7f2-002c-416f-86ea-5b1299a3328f Found job: 001
0d8bf17c-9d0a-4beb-b45d-2969008c5126 Scheduling job: 003
560c6279-bbf6-4fb8-9d47-25b01d75495f Job not found: 004
6b2d13a4-a2f9-48f9-bd98-b5f5e3175a3b Received request: GET /jobs
06e89cb2-9a97-43d5-aa01-08e3f7491920 Received request: GET /jobs
6feaf934-5bfc-4516-83b8-f139e63f39b3 Received request: GET /jobs/001
a94b3dc2-3926-4173-81a1-32620b8d10ed Received request: GET /jobs
a935cff7-8d9d-43f0-9d5d-18370996e75d Received request: GET /jobs
bc36bc68-43f3-4475-84f6-2e23cdab6596 Received request: GET /jobs
ad97941e-fa55-4815-8225-b37a20414df4 Received request: POST /jobs/004/run
d5545f7f-549a-4377-b046-fdd0c7ddb89e Found job: 001
1df760cd-48e8-426c-b6b9-9c3fcf42149c Received request: POST /jobs/004/run
ef584cc2-d02e-4ed0-9ea8-f8aea6e42bfa Received request: GET /jobs/001
0a84c3c5-28cf-4cd4-b370-0198540b8799 Received request: POST /jobs/003/run
faa425fd-a309-4a0e-90bc-6ebb6c7d80d8 Received request: POST /jobs/004/run
2e016af3-9f7f-4245-a66c-709d2315df37 Received request: GET /jobs/1000
a3ab9ea7-ced7-4ce8-9d62-96a0e2b0badb Received request: GET /jobs
232f0009-9523-4e3b-a6dc-5d02a544c8de Received request: GET /jobs/1000
9314c66d-e4d0-4aa4-ac61-4e35d0c499f1 Received request: GET /jobs
8215006c-3e9f-4512-b987-69b28dfeb50a Received request: POST /jobs/004/run
192de725-ded6-40cc-ad30-df1b91ef3a26 Found job: 001
83437773-38a8-4fbc-805b-c9646bafe66b Found job: 001
0925c2da-c6b0-4f34-8c4f-d3836d4bcf02 Processing Job: 003
ad97941e-fa55-4815-8225-b37a20414df4 Job not found: 004
1df760cd-48e8-426c-b6b9-9c3fcf42149c Job not found: 004
faa425fd-a309-4a0e-90bc-6ebb6c7d80d8 Job not found: 004
2e016af3-9f7f-4245-a66c-709d2315df37 Job not found: 1000
b84ae784-8c66-4e9e-be9a-8501cd9ac1fc Processing Job: 003
232f0009-9523-4e3b-a6dc-5d02a544c8de Job not found: 1000
59c7af23-db7f-4674-b729-3d4b141061a2 Scheduling job: 003
3e8b2e95-364a-4c35-84a9-8d26545edcb4 Processing Job: 003
8215006c-3e9f-4512-b987-69b28dfeb50a Job not found: 004
19fcbb1e-c31c-4010-9154-c7d94d6fba13 Found job: 001
0925c2da-c6b0-4f34-8c4f-d3836d4bcf02 Error for job: 003
822a2967-ee6b-4008-a8c7-3ce537793175 Processing Job: 003
b84ae784-8c66-4e9e-be9a-8501cd9ac1fc Error for job: 003
3e8b2e95-364a-4c35-84a9-8d26545edcb4 Error for job: 003
43cad585-0fb2-4016-8d3a-ccd4c838cc3c Processing Job: 003
43cad585-0fb2-4016-8d3a-ccd4c838cc3c Error for job: 003
822a2967-ee6b-4008-a8c7-3ce537793175 Error for job: 003
6feaf934-5bfc-4516-83b8-f139e63f39b3 Found job: 001
9144ca45-c809-483a-8833-84402515f621 Received request: GET /jobs/1000
9144ca45-c809-483a-8833-84402515f621 Job not found: 1000
0fc46bef-15d8-4c61-bcab-f35f4f8a9e92 Received request: GET /jobs/001
ddbe833c-3ca2-435f-a57e-95e66baf0a1b Received request: GET /jobs/1000
ddbe833c-3ca2-435f-a57e-95e66baf0a1b Job not found: 1000
fa63b396-9715-456c-8cd0-6c7631ed4e39 Received request: GET /jobs
89656436-2a6f-4505-bb2d-7097c712c367 Received request: POST /jobs/004/run
4bef95ce-56f2-48d5-833e-cae8d4ecb1b2 Received request: GET /jobs
89656436-2a6f-4505-bb2d-7097c712c367 Job not found: 004
ef584cc2-d02e-4ed0-9ea8-f8aea6e42bfa Found job: 001
0a84c3c5-28cf-4cd4-b370-0198540b8799 Scheduling job: 003
b2ba2937-4ef6-44e3-b6fc-317966344e6d Processing Job: 003
b2ba2937-4ef6-44e3-b6fc-317966344e6d Error for job: 003
702f1a5a-1b00-436c-92b1-309246b7b810 Received request: POST /jobs/004/run
702f1a5a-1b00-436c-92b1-309246b7b810 Job not found: 004
4c2c3bf7-9dda-42f9-b218-68d2a7278367 Received request: GET /jobs
b24dbc41-f5af-4035-8008-5722b51cafea Processing Job: 003
b24dbc41-f5af-4035-8008-5722b51cafea Error for job: 003
bac7053a-78eb-49f6-b0f3-11c3451084bb Received request: GET /jobs
0d8bf17c-9d0a-4beb-b45d-2969008c5126 Processing Job: 003
0d8bf17c-9d0a-4beb-b45d-2969008c5126 Error for job: 003
51464e78-2e07-43fc-a1bd-69c4cc607e4c Received request: GET /jobs/001
ec4cabbb-4e50-4ebe-a308-6fbc43ed95d2 Received request: GET /jobs
45ae937b-f25e-436e-84e6-24933d9f4f2c Received request: POST /jobs/003/run
197a7f97-eae5-4272-ae13-537f7726d31d Received request: GET /jobs/1000
16d4512f-e682-4671-a4ab-58f30cba4e2e Received request: GET /jobs/1000
16734181-1cb4-402b-a864-9c29331e056f Received request: GET /jobs
0fc46bef-15d8-4c61-bcab-f35f4f8a9e92 Found job: 001
197a7f97-eae5-4272-ae13-537f7726d31d Job not found: 1000
16d4512f-e682-4671-a4ab-58f30cba4e2e Job not found: 1000
59c7af23-db7f-4674-b729-3d4b141061a2 Processing Job: 003
59c7af23-db7f-4674-b729-3d4b141061a2 Error for job: 003
f7864347-aa6d-4249-8fa9-ecd79fa10644 Received request: POST /jobs/004/run
f7864347-aa6d-4249-8fa9-ecd79fa10644 Job not found: 004
fce012a3-efae-43f0-a693-226a937d47fa Received request: GET /jobs
70c47cfe-093c-496c-b54d-1fd7bd29902d Received request: GET /jobs/001
c9004571-55dd-4684-8c11-ee11baef9d6e Received request: GET /jobs
6ffb38d5-9f83-4466-99d7-9c9930895888 Received request: POST /jobs/004/run
2de2ef18-c078-4e27-abc2-eb8838b0bb37 Received request: GET /jobs
b3102cf3-2368-40f9-9f96-dc5b7fd5dca3 Received request: POST /jobs/004/run
401b4268-2982-4910-924e-cc2b42532b95 Received request: GET /jobs
85f0891e-e1d9-47ef-abb0-206522b7a76f Received request: GET /jobs
6ffb38d5-9f83-4466-99d7-9c9930895888 Job not found: 004
51464e78-2e07-43fc-a1bd-69c4cc607e4c Found job: 001
b3102cf3-2368-40f9-9f96-dc5b7fd5dca3 Job not found: 004
f1e9d236-76cc-47ec-9fce-005e49da2dc9 Received request: GET /jobs
45ae937b-f25e-436e-84e6-24933d9f4f2c Scheduling job: 003
8f91179b-9f40-4c2c-bbcb-0410cc67e7f4 Received request: GET /jobs
31d47cd4-534c-4778-ba23-35c468338271 Received request: POST /jobs/004/run
0a84c3c5-28cf-4cd4-b370-0198540b8799 Processing Job: 003
0a84c3c5-28cf-4cd4-b370-0198540b8799 Error for job: 003
9d7ed289-8aa2-42f5-a6dd-3c9a1b72c7d7 Received request: GET /jobs
31d47cd4-534c-4778-ba23-35c468338271 Job not found: 004
970c1725-ead3-4619-9c67-dea8b554dcd7 Received request: POST /jobs/004/run
970c1725-ead3-4619-9c67-dea8b554dcd7 Job not found: 004
f528b0d1-51cc-4394-bb3b-2852e44eab05 Received request: GET /jobs/1000
55fa4149-2048-478f-b8a9-d3314ffddccf Received request: GET /jobs
11b86025-ccce-4254-9a9c-ad033e0ee1ce Received request: POST /jobs/003/run
1e6baec1-ff4d-41cc-9d82-214681987354 Received request: POST /jobs/004/run
1e6baec1-ff4d-41cc-9d82-214681987354 Job not found: 004
70c47cfe-093c-496c-b54d-1fd7bd29902d Found job: 001
bb3e926c-fa0e-4107-be59-e800b86caf78 Received request: POST /jobs/004/run
bb3e926c-fa0e-4107-be59-e800b86caf78 Job not found: 004
f528b0d1-51cc-4394-bb3b-2852e44eab05 Job not found: 1000
34b58e72-55e5-41d2-b8a9-f7481644e7d5 Received request: GET /jobs/001
656a5ee9-df78-44fc-ab4b-990430874b63 Received request: GET /jobs
99c7fbec-2a20-4b06-ba2b-a766197a005f Received request: GET /jobs/1000
99c7fbec-2a20-4b06-ba2b-a766197a005f Job not found: 1000
cc9f704a-9824-4ca6-b922-c8c2c7dfaccd Received request: GET /jobs/001
2344d0f9-914d-4d28-adcf-a4f7fff694f2 Received request: GET /jobs
0685ea7f-2466-43ef-bc55-58b266183c24 Received request: GET /jobs/001
8cc43cc9-0178-49b1-925f-ee3550c0f2d5 Received request: GET /jobs/001
d7705ca9-2f64-4461-8286-73e99cb9f98a Received request: GET /jobs/001
11b86025-ccce-4254-9a9c-ad033e0ee1ce Scheduling job: 003
45ae937b-f25e-436e-84e6-24933d9f4f2c Processing Job: 003
45ae937b-f25e-436e-84e6-24933d9f4f2c Error for job: 003
34b58e72-55e5-41d2-b8a9-f7481644e7d5 Found job: 001
cc9f704a-9824-4ca6-b922-c8c2c7dfaccd Found job: 001
7fcdc245-0e03-4746-90e6-9334397b13d6 Received request: GET /jobs
2d0164de-0613-4826-bf74-01b844739cb2 Received request: GET /jobs/1000
0685ea7f-2466-43ef-bc55-58b266183c24 Found job: 001
d3e45397-f7d4-4526-ad63-14fd11a72308 Received request: GET /jobs/1000
8cc43cc9-0178-49b1-925f-ee3550c0f2d5 Found job: 001
ab9a037d-0641-4762-b057-638bd345b7c1 Received request: GET /jobs
d7705ca9-2f64-4461-8286-73e99cb9f98a Found job: 001
2dda69a4-77aa-4ba6-b29b-db94ef646c38 Received request: GET /jobs
d81caf96-714e-4a8d-8707-1b5dcd0c38ba Received request: GET /jobs/001
2d0164de-0613-4826-bf74-01b844739cb2 Job not found: 1000
d3e45397-f7d4-4526-ad63-14fd11a72308 Job not found: 1000
91484aa0-5a96-405a-baed-c80ff10878f7 Received request: GET /jobs/1000
e1d13f01-3145-4fb5-9c06-51a228e3fec2 Received request: GET /jobs/001
e02ccde6-66fa-4fb3-a282-6278c2a425d7 Received request: POST /jobs/003/run
ef3db87c-8d93-4861-a17a-b4dc489cb2e5 Received request: GET /jobs
efcf946d-f9a2-4e50-8f02-a5efcbcf5e5b Received request: GET /jobs
91484aa0-5a96-405a-baed-c80ff10878f7 Job not found: 1000
f909c7c7-e467-4b45-a08c-08a74fc4c806 Received request: GET /jobs
3f0f4352-0a57-44e2-89e4-18c9109aec30 Received request: POST /jobs/003/run
11b86025-ccce-4254-9a9c-ad033e0ee1ce Processing Job: 003
11b86025-ccce-4254-9a9c-ad033e0ee1ce Error for job: 003
ea962028-f9c9-4bd5-a284-d96533a0f3fd Received request: GET /jobs/001
17147c13-1847-450e-964c-ceeebf690372 Received request: GET /jobs/001
d81caf96-714e-4a8d-8707-1b5dcd0c38ba Found job: 001
e1d13f01-3145-4fb5-9c06-51a228e3fec2 Found job: 001
e02ccde6-66fa-4fb3-a282-6278c2a425d7 Scheduling job: 003
3f0f4352-0a57-44e2-89e4-18c9109aec30 Scheduling job: 003
ea962028-f9c9-4bd5-a284-d96533a0f3fd Found job: 001
17147c13-1847-450e-964c-ceeebf690372 Found job: 001
e02ccde6-66fa-4fb3-a282-6278c2a425d7 Processing Job: 003
e02ccde6-66fa-4fb3-a282-6278c2a425d7 Error for job: 003
d45400f1-9628-4424-afd2-3cda9b48f172 Received request: GET /jobs/1000
d45400f1-9628-4424-afd2-3cda9b48f172 Job not found: 1000
5fbbc2e6-e0b1-431c-ac1d-ac60e2c7c8d4 Received request: POST /jobs/003/run
58484e8f-3d93-4467-a6f7-e1b26758a728 Received request: POST /jobs/004/run
4780c56a-bac4-432e-9ef9-c1c7628d59b0 Received request: GET /jobs
971569a3-e762-4f44-8528-19e8893d9dee Received request: GET /jobs
cf3c7ddc-62b6-42ae-b190-5d93e74f7ea9 Received request: GET /jobs
d9837aa8-b54c-4ae9-b806-401231b27533 Received request: POST /jobs/004/run
83fea804-558c-4e90-a86d-88b2487b3c36 Received request: GET /jobs/001
1ec75e09-7960-4226-906f-16dc31865219 Received request: GET /jobs/1000
4a4ad5a7-7937-4bc0-9000-8d95bd3b2178 Received request: GET /jobs
07e8c203-f741-4e8d-82a0-d5b4a8966810 Received request: GET /jobs
6b569ced-0c98-4960-b87a-7f1b2bfcaa02 Received request: POST /jobs/004/run
5f5d4ccb-11e8-4bbd-b2bb-d233e3473d03 Received request: GET /jobs
3f0f4352-0a57-44e2-89e4-18c9109aec30 Processing Job: 003
58484e8f-3d93-4467-a6f7-e1b26758a728 Job not found: 004
ae6dbd18-2876-4127-b6c9-600909d69d69 Received request: GET /jobs
7b1f1632-bd1b-460c-b3ce-e661571963da Received request: POST /jobs/004/run
3eced050-3c4e-41d6-a623-745d6728f702 Received request: GET /jobs/001
4be1b82c-4453-48f5-ba34-33821253f997 Received request: GET /jobs
d9837aa8-b54c-4ae9-b806-401231b27533 Job not found: 004
1ec75e09-7960-4226-906f-16dc31865219 Job not found: 1000
7b4ea13d-9e70-4c78-b238-393184c44688 Received request: GET /jobs/001
5a588a92-b219-4bb2-a81b-b68fb5de3752 Received request: GET /jobs/001
5fbbc2e6-e0b1-431c-ac1d-ac60e2c7c8d4 Scheduling job: 003
d5525d3a-a711-473c-8277-77f53ff1877d Received request: GET /jobs/1000
6b569ced-0c98-4960-b87a-7f1b2bfcaa02 Job not found: 004
3f0f4352-0a57-44e2-89e4-18c9109aec30 Error for job: 003
7b1f1632-bd1b-460c-b3ce-e661571963da Job not found: 004
83fea804-558c-4e90-a86d-88b2487b3c36 Found job: 001
d5525d3a-a711-473c-8277-77f53ff1877d Job not found: 1000
3eced050-3c4e-41d6-a623-745d6728f702 Found job: 001
7b4ea13d-9e70-4c78-b238-393184c44688 Found job: 001
5a588a92-b219-4bb2-a81b-b68fb5de3752 Found job: 001
5fbbc2e6-e0b1-431c-ac1d-ac60e2c7c8d4 Processing Job: 003
df97f0fc-04b6-4746-822f-41e7b19a99aa Received request: GET /jobs
ee04092f-c62d-4c0c-8545-6e4c35a3ed90 Received request: GET /jobs/001
885ab388-3b91-49e2-9d1a-b13510260a0c Received request: POST /jobs/004/run
04d6240b-b584-4c0c-a217-80df21084e90 Received request: GET /jobs/001
11c34093-2584-4f72-a423-70b1edf170c1 Received request: GET /jobs/001
5932bfb2-793a-45b3-bb55-f1aa4b765795 Received request: GET /jobs/1000
675e4e9f-284f-4060-a16d-44bb0c17dd49 Received request: POST /jobs/003/run
07bd5a2f-27d0-4430-b679-528891397b2b Received request: GET /jobs/001
bb6a7a34-0467-40eb-8aeb-2b0472922daa Received request: GET /jobs/001
873d4981-b04e-494b-bc27-fb09408f99ee Received request: GET /jobs
993d4296-5283-4a11-bc0a-2a8532821f2d Received request: POST /jobs/004/run
5fbbc2e6-e0b1-431c-ac1d-ac60e2c7c8d4 Error for job: 003
885ab388-3b91-49e2-9d1a-b13510260a0c Job not found: 004
5932bfb2-793a-45b3-bb55-f1aa4b765795 Job not found: 1000
2206c7ed-a301-4f27-8ef6-b5449bff15fa Received request: GET /jobs
11b7b00b-30b2-4b15-9c60-fb53bcf9cc8d Received request: GET /jobs/1000
993d4296-5283-4a11-bc0a-2a8532821f2d Job not found: 004
f4fef084-36b2-4032-bdc9-0cba77a6ec4c Received request: POST /jobs/004/run
f4fef084-36b2-4032-bdc9-0cba77a6ec4c Job not found: 004
11b7b00b-30b2-4b15-9c60-fb53bcf9cc8d Job not found: 1000
04d6240b-b584-4c0c-a217-80df21084e90 Found job: 001
ee04092f-c62d-4c0c-8545-6e4c35a3ed90 Found job: 001
11c34093-2584-4f72-a423-70b1edf170c1 Found job: 001
07bd5a2f-27d0-4430-b679-528891397b2b Found job: 001
bb6a7a34-0467-40eb-8aeb-2b0472922daa Found job: 001
675e4e9f-284f-4060-a16d-44bb0c17dd49 Scheduling job: 003
0b64c148-a977-4ac4-b1d7-b08dfd50c9f3 Received request: GET /jobs
5307b044-5ac4-41a3-9d42-46d6014876b1 Received request: GET /jobs/1000
5307b044-5ac4-41a3-9d42-46d6014876b1 Job not found: 1000
9b928593-2d71-4b2b-ad6c-0ee440d61d81 Received request: GET /jobs/1000
05c9a4ac-7c24-4f3b-adc8-2cce24e48bd7 Received request: GET /jobs
6c770870-c64b-4339-8c6d-8bfe1cbf6862 Received request: GET /jobs/001
3e8eb6f6-bf8c-4ead-b9ef-bbacaf41f552 Received request: GET /jobs
9b928593-2d71-4b2b-ad6c-0ee440d61d81 Job not found: 1000
675e4e9f-284f-4060-a16d-44bb0c17dd49 Processing Job: 003
675e4e9f-284f-4060-a16d-44bb0c17dd49 Error for job: 003
3847faf6-51a7-4595-9ce3-14f4d31d19ca Received request: POST /jobs/004/run
3847faf6-51a7-4595-9ce3-14f4d31d19ca Job not found: 004
e94c2c76-c915-4d86-b261-57c5ed358b39 Received request: POST /jobs/004/run
e94c2c76-c915-4d86-b261-57c5ed358b39 Job not found: 004
16fd5adc-8673-4b0c-aab6-a57abba88b59 Received request: GET /jobs/001
66a5500a-1560-43c0-8e37-d491dd12bff0 Received request: GET /jobs
29dbe648-d385-4c22-b91f-0ba64a3bff46 Received request: GET /jobs/001
187b4b90-c3f9-4adc-811d-021278c7bcab Received request: GET /jobs/001
6c770870-c64b-4339-8c6d-8bfe1cbf6862 Found job: 001
8b3f5c26-57c7-4a39-be22-3e9912c1ea13 Received request: GET /jobs/001
bbf7debf-9546-4251-9318-5656e99098a0 Received request: GET /jobs
16fd5adc-8673-4b0c-aab6-a57abba88b59 Found job: 001
29dbe648-d385-4c22-b91f-0ba64a3bff46 Found job: 001
187b4b90-c3f9-4adc-811d-021278c7bcab Found job: 001
8b3f5c26-57c7-4a39-be22-3e9912c1ea13 Found job: 001
41dea863-8b78-4a3e-a226-dfb6f996b285 Received request: GET /jobs/001
31d92c29-ffe9-4925-b3c8-7c4a45ac1d7f Received request: GET /jobs/1000
31d92c29-ffe9-4925-b3c8-7c4a45ac1d7f Job not found: 1000
d6e5a85e-0d4d-46db-a214-723c154a75d3 Received request: GET /jobs/001
26aed910-a196-4ee7-9d51-8a07cdd32c54 Received request: GET /jobs/001
85a833f8-6031-4710-9eca-1f2d33f2f1e9 Received request: POST /jobs/004/run
85a833f8-6031-4710-9eca-1f2d33f2f1e9 Job not found: 004
e7d2680a-b389-4fbb-9e4b-948bedb9d6b6 Received request: GET /jobs
36ea04bc-8368-4fdf-b1e6-08099fce8f1c Received request: GET /jobs/001
41dea863-8b78-4a3e-a226-dfb6f996b285 Found job: 001
d6e5a85e-0d4d-46db-a214-723c154a75d3 Found job: 001
26aed910-a196-4ee7-9d51-8a07cdd32c54 Found job: 001
36ea04bc-8368-4fdf-b1e6-08099fce8f1c Found job: 001
c9ded5cb-0866-4d04-8951-38786452f4d0 Received request: GET /jobs
66fd14e3-7b07-424c-b636-42a4266f0874 Received request: GET /jobs/001
c90e21d6-abc7-43fc-956a-eb2515ccd7ff Received request: GET /jobs/1000
c90e21d6-abc7-43fc-956a-eb2515ccd7ff Job not found: 1000
23b0afee-6863-4925-adbc-c1afa4f910cb Received request: POST /jobs/003/run
4d61c56d-1508-41bc-975d-aab92ecca61a Received request: GET /jobs/001
a772286d-9fa1-46c7-9a78-8b369399810f Received request: POST /jobs/004/run
6f4c6090-811c-4e34-9ed4-c36899380fb3 Received request: POST /jobs/003/run
66fd14e3-7b07-424c-b636-42a4266f0874 Found job: 001
a772286d-9fa1-46c7-9a78-8b369399810f Job not found: 004
23b0afee-6863-4925-adbc-c1afa4f910cb Scheduling job: 003
4d61c56d-1508-41bc-975d-aab92ecca61a Found job: 001
611a0b72-b27a-4c7e-9fee-9daf9b1a8614 Received request: GET /jobs
6f4c6090-811c-4e34-9ed4-c36899380fb3 Scheduling job: 003
23b0afee-6863-4925-adbc-c1afa4f910cb Processing Job: 003
23b0afee-6863-4925-adbc-c1afa4f910cb Error for job: 003
6f4c6090-811c-4e34-9ed4-c36899380fb3 Processing Job: 003
6f4c6090-811c-4e34-9ed4-c36899380fb3 Error for job: 003
6e2a918b-763e-472f-a478-1908e42eabdb Received request: GET /jobs/1000
6e2a918b-763e-472f-a478-1908e42eabdb Job not found: 1000
087f0c78-99d7-426e-9b9f-45da69e7fce2 Received request: GET /jobs/001
5e4b9c6d-d102-4f40-bb7d-684f1c61a5ff Received request: GET /jobs
19326eac-c0c2-4081-908d-fea472f254dd Received request: GET /jobs
087f0c78-99d7-426e-9b9f-45da69e7fce2 Found job: 001
86e47eb9-7ebc-4b35-a636-4b690d83bf5e Received request: GET /jobs/001
8c4b1cd6-2d4b-4c61-a276-6af2bc93e01d Received request: GET /jobs
c687af5b-b8d1-471e-8bf8-aa0a3d54ef50 Received request: GET /jobs
963e7d8f-9531-4c3f-8c9d-cc0d9152701b Received request: GET /jobs
2d5b13b5-ff86-4428-8bae-9ed93991ea41 Received request: GET /jobs/001
0352efb0-082e-46ae-ab17-6fb1630f29dc Received request: GET /jobs/001
86e47eb9-7ebc-4b35-a636-4b690d83bf5e Found job: 001
e10b125e-fc2c-4b81-ab15-14a977148c67 Received request: GET /jobs/001
7fa261ef-0790-4f9e-a44e-57c43661b243 Received request: POST /jobs/003/run
afe4182b-cc4c-4ad0-a44b-e1806c23de40 Received request: GET /jobs
2d5b13b5-ff86-4428-8bae-9ed93991ea41 Found job: 001
0352efb0-082e-46ae-ab17-6fb1630f29dc Found job: 001
e10b125e-fc2c-4b81-ab15-14a977148c67 Found job: 001
7fa261ef-0790-4f9e-a44e-57c43661b243 Scheduling job: 003
1eb6d077-6c6a-4e77-b01b-d3b450111813 Received request: POST /jobs/004/run
1eb6d077-6c6a-4e77-b01b-d3b450111813 Job not found: 004
096103b1-cf17-47db-a9fa-78bc9a17ee28 Received request: POST /jobs/003/run
2f329b46-5cf3-4d5b-ab4d-3531eef3a385 Received request: POST /jobs/004/run
2f329b46-5cf3-4d5b-ab4d-3531eef3a385 Job not found: 004
096103b1-cf17-47db-a9fa-78bc9a17ee28 Scheduling job: 003
7fa261ef-0790-4f9e-a44e-57c43661b243 Processing Job: 003
7fa261ef-0790-4f9e-a44e-57c43661b243 Error for job: 003
096103b1-cf17-47db-a9fa-78bc9a17ee28 Processing Job: 003
096103b1-cf17-47db-a9fa-78bc9a17ee28 Error for job: 003
2026-09-10 18:46:43,468 INFO endpoints: 224165a6-fc47-4604-a60a-cb2150764064 Received request: GET /jobs
2026-09-10 18:46:43,469 INFO endpoints: 7b60752a-a1e0-4c71-ab37-7347b09ffbf6 Received request: GET /jobs
2026-09-10 18:46:43,469 INFO endpoints: 130e7298-1c9c-4f2a-a92c-a4b49e1bfa6c Received request: GET /jobs
2026-09-10 18:46:43,469 INFO endpoints: 30b86be1-94dd-43e4-9f47-014208a57cec Received request: GET /jobs
2026-09-10 18:46:43,469 INFO endpoints: 92ace4ef-1d35-4686-88b7-4011ca47dbd1 Received request: GET /jobs
2026-09-10 18:46:43,470 INFO endpoints: dd2a0755-8a03-4a4e-a162-1e61846429ee Received request: GET /jobs
2026-09-10 18:46:43,470 INFO endpoints: 565e1bdd-f4a3-4dad-ac61-9f7e9d52660b Received request: GET /jobs
2026-09-10 18:46:43,470 INFO endpoints: 35ad6775-9830-4278-82a0-eba98530e24f Received request: GET /jobs
2026-09-10 18:46:43,470 INFO endpoints: cd72c7fa-d29b-469a-b00a-7eafeb488c66 Received request: GET /jobs
2026-09-10 18:46:43,471 INFO endpoints: 9e803b93-7ab8-4d37-bb48-97cb3e2806aa Received request: GET /jobs
2026-09-10 18:46:43,471 INFO endpoints: ccaba47e-1e70-4f50-998f-9bef3dfe64f8 Received request: GET /jobs
2026-09-10 18:46:43,471 INFO endpoints: f581405b-16a0-4ccb-a1d6-34995eb302a3 Received request: GET /jobs
2026-09-10 18:46:43,471 INFO endpoints: 5fb2e3a3-2143-4d3f-bfcd-46295a622af7 Received request: GET /jobs
2026-09-10 18:46:43,472 INFO endpoints: 2e21e650-5692-41de-811a-0b89f407f7c3 Received request: GET /jobs
2026-09-10 18:46:43,472 INFO endpoints: 20b2fa3b-25be-46fc-b7fb-9bd0d6ee470f Received request: GET /jobs
2026-09-10 18:46:43,472 INFO dependencies: aec78e18-f3ce-4a12-afc1-3c829a1f685c Received request: GET /jobs/1000
2026-09-10 18:46:43,472 INFO dependencies: aec78e18-f3ce-4a12-afc1-3c829a1f685c Job not found: 1000
2026-09-10 18:46:43,472 INFO endpoints: 04f13a01-509a-4db4-81b0-d6c32f683cfa Received request: GET /jobs
2026-09-10 18:46:43,473 INFO endpoints: ab4fbb4d-12fd-4c43-9340-7e666235e070 Received request: GET /jobs
2026-09-10 18:46:43,473 INFO endpoints: ba87340d-06f3-4679-aac1-bd42252955e6 Received request: GET /jobs
2026-09-10 18:46:43,473 INFO endpoints: a3618800-8c90-4259-954b-3314c7d6b410 Received request: GET /jobs
2026-09-10 18:46:43,473 INFO endpoints: edb7ff69-d3d6-443f-9130-cf18f40575ca Received request: GET /jobs
2026-09-10 18:46:43,474 INFO dependencies: 290a2b26-e143-42be-8a9d-35b6151e7816 Received request: GET /jobs/1000
2026-09-10 18:46:43,474 INFO dependencies: 290a2b26-e143-42be-8a9d-35b6151e7816 Job not found: 1000
2026-09-10 18:46:43,474 INFO endpoints: c4ac77f4-8220-47f0-999b-276f48e8bcf7 Received request: GET /jobs
2026-09-10 18:46:43,474 INFO endpoints: f21e9c5d-1968-4015-9749-7ee1aff894e7 Received request: GET /jobs
2026-09-10 18:46:43,475 INFO endpoints: 399ff81a-d9c0-414f-8efe-1b01a101358e Received request: GET /jobs
2026-09-10 18:46:43,475 INFO dependencies: 61cef885-29fa-453f-a3fc-f05577349b5c Received request: GET /jobs/1000
2026-09-10 18:46:43,475 INFO dependencies: 61cef885-29fa-453f-a3fc-f05577349b5c Job not found: 1000
2026-09-10 18:46:43,475 INFO endpoints: 8d8ba03f-5036-4a5e-9f4d-a931da33ff2b Received request: GET /jobs
2026-09-10 18:46:43,476 INFO endpoints: d448f12e-2381-4e74-8f0b-105cb534cde5 Received request: GET /jobs
2026-09-10 18:46:43,477 INFO endpoints: 337eeeb4-a669-42dd-b839-70f8eddf354b Received request: GET /jobs
2026-09-10 18:46:43,477 INFO dependencies: dc84dae6-afe9-48fd-9dcd-f23e311abcc3 Received request: GET /jobs/1000
2026-09-10 18:46:43,477 INFO endpoints: dd96c583-4614-4c66-a859-c8b66b7bad1a Received request: GET /jobs
2026-09-10 18:46:43,477 INFO endpoints: 853eca27-0b25-4f55-928f-713f62c122a2 Received request: GET /jobs
2026-09-10 18:46:43,477 INFO endpoints: bb20194b-9e78-4241-944a-852559c4c27c Received request: GET /jobs
2026-09-10 18:46:43,477 INFO endpoints: 972216d8-9e4a-4610-9eee-6168837d3429 Received request: GET /jobs
2026-09-10 18:46:43,477 INFO endpoints: 9ad6a8d4-16db-4b03-88a8-317e6fb99cf6 Received request: GET /jobs
2026-09-10 18:46:43,477 INFO endpoints: 8381c01a-8df8-4131-9165-39ea89b61828 Received request: GET /jobs
2026-09-10 18:46:43,477 INFO endpoints: 10dbe98a-4e23-4129-a410-518a1c286bfc Received request: GET /jobs
2026-09-10 18:46:43,477 INFO endpoints: bf7845da-6cb1-48b4-842d-65b5bd3f9c01 Received request: GET /jobs
2026-09-10 18:46:43,477 INFO endpoints: 67251526-2655-4b41-9e9b-d3fd443071b9 Received request: GET /jobs
2026-09-10 18:46:43,478 INFO dependencies: bfca5815-e1af-44e9-af7b-25de0179a0df Received request: GET /jobs/1000
2026-09-10 18:46:43,480 INFO endpoints: 82fb61df-5212-4de7-9de3-39b62b0b4420 Received request: GET /jobs
2026-09-10 18:46:43,480 INFO dependencies: 70e0b0cd-1c5e-4cb7-8a57-8a88801cb9af Received request: GET /jobs/1000
2026-09-10 18:46:43,481 INFO endpoints: d3159e73-121b-40ce-b9c6-7e56ff102e09 Received request: GET /jobs
2026-09-10 18:46:43,481 INFO endpoints: 2fe175b8-6be4-465a-9d90-7d80713355df Received request: GET /jobs
2026-09-10 18:46:43,481 INFO endpoints: 35940baf-0fe4-4699-9560-b5682e2ddda6 Received request: GET /jobs
2026-09-10 18:46:43,481 INFO endpoints: f866dacd-b81f-400e-9afb-336da15ce534 Received request: GET /jobs
2026-09-10 18:46:43,481 INFO endpoints: 053536d7-47ae-43b2-95e1-a1a73fdbc10d Received request: GET /jobs
2026-09-10 18:46:43,481 INFO endpoints: 0390fb0c-481a-48bf-885f-0bdf9193cca7 Received request: GET /jobs
2026-09-10 18:46:43,481 INFO endpoints: 85e55d7c-9ba6-41f4-ad7f-a9650a41c85b Received request: GET /jobs
2026-09-10 18:46:43,481 INFO endpoints: caabe267-3de7-4fbd-9310-d388e542a891 Received request: GET /jobs
2026-09-10 18:46:43,481 INFO endpoints: f1f3b260-3972-410b-98ba-b3c3a68a8f89 Received request: GET /jobs
2026-09-10 18:46:43,481 INFO dependencies: 8eab4b7d-f7c8-4afa-8041-65686ccad029 Received request: GET /jobs/1000
2026-09-10 18:46:43,481 INFO endpoints: e83ab703-4780-4767-b37b-277b37518737 Received request: GET /jobs
2026-09-10 18:46:43,481 INFO endpoints: bfe92c99-205a-4eb2-8dd0-5499be967f8b Received request: GET /jobs
2026-09-10 18:46:43,481 INFO dependencies: ee19f343-63e4-4ec2-b8b6-da42f0c3b960 Received request: GET /jobs/1000
2026-09-10 18:46:43,481 INFO dependencies: dc84dae6-afe9-48fd-9dcd-f23e311abcc3 Job not found: 1000
2026-09-10 18:46:43,481 INFO endpoints: 2375407f-a920-4777-8cc5-1093bb70bc09 Received request: GET /jobs
2026-09-10 18:46:43,481 INFO endpoints: b0b2ec25-350a-4d8b-bc9b-611b565295a2 Received request: GET /jobs
2026-09-10 18:46:43,482 INFO endpoints: cf6d461f-35b2-4bb2-a448-7fb4538c822b Received request: GET /jobs
2026-09-10 18:46:43,482 INFO endpoints: 019a5439-c244-4ef8-a882-bd535d54e7ac Received request: GET /jobs
2026-09-10 18:46:43,482 INFO dependencies: c649c95d-c848-4f1f-990f-4236e22898a2 Received request: GET /jobs/1000
2026-09-10 18:46:43,482 INFO endpoints: 506e18f6-4975-4942-8b69-1a4f879f7964 Received request: GET /jobs
2026-09-10 18:46:43,483 INFO endpoints: aa2c0ebf-5c73-4ce5-a0e0-660e1e34cac2 Received request: GET /jobs
2026-09-10 18:46:43,483 INFO dependencies: bfca5815-e1af-44e9-af7b-25de0179a0df Job not found: 1000
2026-09-10 18:46:43,483 INFO endpoints: 67814620-121f-4350-be23-105d0ff30a5b Received request: GET /jobs
2026-09-10 18:46:43,483 INFO endpoints: a84bca97-5e31-4370-a9f5-3281a51ad737 Received request: GET /jobs
2026-09-10 18:46:43,483 INFO dependencies: 70e0b0cd-1c5e-4cb7-8a57-8a88801cb9af Job not found: 1000
2026-09-10 18:46:43,483 INFO endpoints: 19931694-c070-4dee-a406-613352f9aaa2 Received request: GET /jobs
2026-09-10 18:46:43,484 INFO dependencies: bb30cab0-d7b1-475f-8693-3a76be73afd0 Received request: GET /jobs/1000
2026-09-10 18:46:43,484 INFO dependencies: 63b0e289-dd61-4a17-ad88-cd4041d0e8fa Received request: GET /jobs/1000
2026-09-10 18:46:43,485 INFO dependencies: 8eab4b7d-f7c8-4afa-8041-65686ccad029 Job not found: 1000
2026-09-10 18:46:43,485 INFO dependencies: ee19f343-63e4-4ec2-b8b6-da42f0c3b960 Job not found: 1000
2026-09-10 18:46:43,486 INFO dependencies: c649c95d-c848-4f1f-990f-4236e22898a2 Job not found: 1000
2026-09-10 18:46:43,488 INFO dependencies: bb30cab0-d7b1-475f-8693-3a76be73afd0 Job not found: 1000
2026-09-10 18:46:43,488 INFO dependencies: 63b0e289-dd61-4a17-ad88-cd4041d0e8fa Job not found: 1000
2026-09-10 18:46:43,491 INFO endpoints: e842e0e0-7fa9-4292-95d2-634bf85d785a Received request: GET /jobs
2026-09-10 18:46:43,493 INFO endpoints: be0116e5-06f4-4eee-952a-7aa7cbee844d Received request: GET /jobs
2026-09-10 18:46:43,493 INFO endpoints: b02d5b03-a471-4945-89ad-5c3143000caa Received request: GET /jobs
2026-09-10 18:46:43,493 INFO endpoints: 7a477e42-b827-4cfd-9318-311613a36e18 Received request: GET /jobs
2026-09-10 18:46:43,493 INFO endpoints: f6b6da72-b401-4052-a4fb-9d3fe092f19f Received request: GET /jobs
2026-09-10 18:46:43,493 INFO dependencies: 4ec7b0bf-e8c0-4b1c-8db0-d47bcbb090e6 Received request: GET /jobs/1000
2026-09-10 18:46:43,493 INFO endpoints: c04d608f-5b84-476c-85ad-dda8806f0893 Received request: GET /jobs
2026-09-10 18:46:43,493 INFO endpoints: d18af33e-38c3-4461-8b44-aecee65c7fa2 Received request: GET /jobs
2026-09-10 18:46:43,493 INFO endpoints: 34d8b432-057d-461a-b7cd-6c16935d45cf Received request: GET /jobs
2026-09-10 18:46:43,493 INFO dependencies: d97fd2cf-9ff8-4386-9544-ac5bf9187525 Received request: GET /jobs/1000
2026-09-10 18:46:43,493 INFO dependencies: 705683cd-2b03-44de-a3fe-fe1df6c6ef40 Received request: GET /jobs/1000
2026-09-10 18:46:43,493 INFO endpoints: b3170e05-d8c0-48d9-974a-eb601e03f57f Received request: GET /jobs
2026-09-10 18:46:43,493 INFO endpoints: 7c36b92a-2545-4307-ad23-4d0f164e680b Received request: GET /jobs
2026-09-10 18:46:43,494 INFO endpoints: 1567bc37-909e-4951-b73a-5676cd555bb4 Received request: GET /jobs
2026-09-10 18:46:43,494 INFO endpoints: b78a24e7-01e3-4d09-a4bb-42e090fdd3f9 Received request: GET /jobs
2026-09-10 18:46:43,494 INFO endpoints: 567776f7-3795-424d-a872-5d0e714ac476 Received request: GET /jobs
2026-09-10 18:46:43,494 INFO endpoints: f6d859ec-2419-418f-ab87-762db69f40f5 Received request: GET /jobs
2026-09-10 18:46:43,494 INFO endpoints: 945d2d4c-98fd-40f5-a8bf-3990d04d7939 Received request: GET /jobs
2026-09-10 18:46:43,494 INFO endpoints: ecb77e6e-d7bb-45e5-85f2-6137bf0199ca Received request: GET /jobs
2026-09-10 18:46:43,494 INFO endpoints: 027e5cf8-0174-45a4-846f-4cfa2f99aef1 Received request: GET /jobs
2026-09-10 18:46:43,494 INFO endpoints: c419a5ab-92ef-4733-8455-82b65e646dd3 Received request: GET /jobs
2026-09-10 18:46:43,494 INFO endpoints: d79a0260-2383-44dd-bcc1-b321be6c3d33 Received request: GET /jobs
2026-09-10 18:46:43,494 INFO endpoints: d242f236-1e10-47b9-a402-79f1a07a6968 Received request: GET /jobs
2026-09-10 18:46:43,494 INFO endpoints: 8b1f1120-8d9f-4750-8a8f-ee26c4a2f3db Received request: GET /jobs
2026-09-10 18:46:43,495 INFO dependencies: 94f073b9-b8b8-48b5-9ced-946869407d19 Received request: GET /jobs/1000
2026-09-10 18:46:43,495 INFO endpoints: ccb93f40-4547-4b48-9259-db31251488d0 Received request: GET /jobs
2026-09-10 18:46:43,495 INFO endpoints: cb4135b1-14a9-44d7-8eef-76a87fcbdac8 Received request: GET /jobs
2026-09-10 18:46:43,495 INFO endpoints: 99145dfb-30b5-4199-b07f-e7626fa9f2d5 Received request: GET /jobs
2026-09-10 18:46:43,495 INFO endpoints: 996a8f37-73b7-4524-bd76-f0b0315772cb Received request: GET /jobs
2026-09-10 18:46:43,495 INFO endpoints: a85f9e94-9078-4774-9823-86c371e60a89 Received request: GET /jobs
2026-09-10 18:46:43,495 INFO endpoints: bd568541-1bba-44ab-8535-2115de7e9082 Received request: GET /jobs
2026-09-10 18:46:43,495 INFO dependencies: 5782d583-3a8b-44dd-8042-192e7559dc91 Received request: GET /jobs/1000
2026-09-10 18:46:43,495 INFO dependencies: 4ec7b0bf-e8c0-4b1c-8db0-d47bcbb090e6 Job not found: 1000
2026-09-10 18:46:43,495 INFO endpoints: 64b9d05b-7b34-495e-b5bd-86911cb69f96 Received request: GET /jobs
2026-09-10 18:46:43,496 INFO dependencies: d97fd2cf-9ff8-4386-9544-ac5bf9187525 Job not found: 1000
2026-09-10 18:46:43,496 INFO dependencies: 705683cd-2b03-44de-a3fe-fe1df6c6ef40 Job not found: 1000
2026-09-10 18:46:43,499 INFO dependencies: 94f073b9-b8b8-48b5-9ced-946869407d19 Job not found: 1000
2026-09-10 18:46:43,500 INFO dependencies: 5782d583-3a8b-44dd-8042-192e7559dc91 Job not found: 1000
2026-09-10 18:46:43,514 INFO dependencies: 50a47044-541a-4c68-abaa-5e0140a8bd9e Received request: GET /jobs/001
2026-09-10 18:46:43,514 INFO endpoints: 2329aa98-1844-4e2d-a593-80dab906d281 Received request: GET /jobs
2026-09-10 18:46:43,514 INFO dependencies: 36496a36-a88b-48b9-9fb3-b8cfb300f3eb Received request: POST /jobs/003/run
2026-09-10 18:46:43,514 INFO dependencies: c5e658f8-cee4-4568-9e42-1b37e6ee0bd4 Received request: POST /jobs/004/run
2026-09-10 18:46:43,519 INFO dependencies: c5e658f8-cee4-4568-9e42-1b37e6ee0bd4 Job not found: 004
2026-09-10 18:46:43,519 INFO dependencies: 37381055-f72c-4c0c-bec0-e1f43b425e2d Received request: POST /jobs/004/run
2026-09-10 18:46:43,520 INFO dependencies: 37381055-f72c-4c0c-bec0-e1f43b425e2d Job not found: 004
2026-09-10 18:46:43,525 INFO dependencies: d49e3fff-e016-4331-a91b-c3449cb7c232 Received request: POST /jobs/003/run
2026-09-10 18:46:43,525 INFO dependencies: aac0fdf8-660d-4156-95e5-cfd40c2c371a Received request: GET /jobs/001
2026-09-10 18:46:43,525 INFO endpoints: 930a9049-53d2-4c53-9783-9159dd2e5660 Received request: GET /jobs
2026-09-10 18:46:43,525 INFO dependencies: 0ec3046b-8d34-40f7-b780-a046a4865385 Received request: POST /jobs/003/run
2026-09-10 18:46:43,525 INFO endpoints: 1292f004-1608-43e0-9f93-8641057ff610 Received request: GET /jobs
2026-09-10 18:46:43,525 INFO dependencies: f2f4ad55-1cc9-46ec-8a4c-5df13bd02697 Received request: POST /jobs/004/run
2026-09-10 18:46:43,525 INFO dependencies: 181d34fb-6e4b-46c6-a991-36c121751180 Received request: POST /jobs/004/run
2026-09-10 18:46:43,526 INFO dependencies: 3ec79da6-9ca5-4534-b6a6-831389543ed8 Received request: GET /jobs/001
2026-09-10 18:46:43,526 INFO dependencies: a202de62-2489-44c0-9d67-435d59adaac7 Received request: POST /jobs/004/run
2026-09-10 18:46:43,526 INFO dependencies: 9506c813-e143-4688-9d34-d6728cbd63e1 Received request: POST /jobs/004/run
2026-09-10 18:46:43,526 INFO dependencies: db38e798-eb54-4c2e-b33d-136e18fc642c Received request: GET /jobs/001
2026-09-10 18:46:43,526 INFO dependencies: 569407a2-f280-43c5-bcf4-35e4163d5d9b Received request: POST /jobs/004/run
2026-09-10 18:46:43,526 INFO dependencies: 8d6f6961-9bd6-41bd-845c-3caf8043bcba Received request: POST /jobs/004/run
2026-09-10 18:46:43,526 INFO dependencies: 65248fc1-5d60-4b7b-a8f2-f7b2e8884c56 Received request: GET /jobs/001
2026-09-10 18:46:43,526 INFO dependencies: 503c432a-17c0-4e84-8960-582e9eeeef47 Received request: POST /jobs/003/run
2026-09-10 18:46:43,526 INFO dependencies: 12999a8b-8bc8-419d-a7cc-12e0e28bd4c7 Received request: POST /jobs/003/run
2026-09-10 18:46:43,526 INFO dependencies: 1fc11008-67f2-4bc7-b25b-62959052952b Received request: POST /jobs/003/run
2026-09-10 18:46:43,526 INFO dependencies: fc8bcee8-4b9a-4968-82d3-fa492d10950b Received request: GET /jobs/001
2026-09-10 18:46:43,526 INFO dependencies: d7612fdc-ebc1-494a-bb07-e9b72eff4488 Received request: POST /jobs/003/run
2026-09-10 18:46:43,526 INFO dependencies: e8161ce5-6a11-4663-ad8c-eea03d4d8140 Received request: POST /jobs/004/run
2026-09-10 18:46:43,527 INFO dependencies: 136d6bcc-f52a-47e9-9850-36d95f16dc16 Received request: GET /jobs/001
2026-09-10 18:46:43,527 INFO dependencies: 1d0b8aa3-2aab-40c2-bc4f-d5944e4ca07b Received request: POST /jobs/003/run
2026-09-10 18:46:43,528 INFO dependencies: bf2fe8bd-8f11-433b-93bd-6f7ada1e16e3 Received request: GET /jobs/001
2026-09-10 18:46:43,528 INFO endpoints: 50a47044-541a-4c68-abaa-5e0140a8bd9e Found job: 001
2026-09-10 18:46:43,529 INFO endpoints: 36496a36-a88b-48b9-9fb3-b8cfb300f3eb Scheduling job: 003
2026-09-10 18:46:43,533 INFO endpoints: 09c9e15e-e0eb-4624-9a30-fdf760407f00 Received request: GET /jobs
2026-09-10 18:46:43,533 INFO dependencies: 28d697f7-bc54-4690-a2ce-d7fd58b868ac Received request: POST /jobs/004/run
2026-09-10 18:46:43,533 INFO dependencies: bb8dc032-3065-4196-93c0-66649f26d1d5 Received request: GET /jobs/001
2026-09-10 18:46:43,533 INFO dependencies: da5fb0a5-e29b-46df-9d6f-cc5c26f58f12 Received request: GET /jobs/001
2026-09-10 18:46:43,533 INFO endpoints: 8c46672a-0f41-4099-a051-7203330943fd Received request: GET /jobs
2026-09-10 18:46:43,533 INFO dependencies: 8caff31b-72c4-434d-9175-c5da3d9aee6f Received request: GET /jobs/001
2026-09-10 18:46:43,533 INFO dependencies: c5750bc8-163f-4417-bf0a-afdd3279e25f Received request: GET /jobs/1000
2026-09-10 18:46:43,533 INFO dependencies: e81a0795-26ec-4ad5-b304-5e358935caa1 Received request: POST /jobs/003/run
2026-09-10 18:46:43,533 INFO endpoints: 5d13d248-c06c-492e-b46a-bd4ba13a9f63 Received request: GET /jobs
2026-09-10 18:46:43,533 INFO dependencies: ee8e1514-fdb9-4d02-b9d2-9418ad9159cf Received request: POST /jobs/004/run
2026-09-10 18:46:43,533 INFO dependencies: 6b9034e5-46f2-443d-ad23-7a1794b7af2c Received request: POST /jobs/004/run
2026-09-10 18:46:43,534 INFO dependencies: bd653df9-6932-4abb-865b-a4f47a3b8d75 Received request: POST /jobs/003/run
2026-09-10 18:46:43,534 INFO endpoints: 10b91ac0-d8e6-4d3f-abac-eaa82b2720d7 Received request: GET /jobs
2026-09-10 18:46:43,534 INFO dependencies: f2f4ad55-1cc9-46ec-8a4c-5df13bd02697 Job not found: 004
2026-09-10 18:46:43,534 INFO dependencies: 181d34fb-6e4b-46c6-a991-36c121751180 Job not found: 004
2026-09-10 18:46:43,538 INFO endpoints: d49e3fff-e016-4331-a91b-c3449cb7c232 Scheduling job: 003
2026-09-10 18:46:43,538 INFO dependencies: a202de62-2489-44c0-9d67-435d59adaac7 Job not found: 004
2026-09-10 18:46:43,538 INFO dependencies: 1fff5fb6-f496-4faf-aa79-0937d1c101d8 Received request: GET /jobs/001
2026-09-10 18:46:43,538 INFO dependencies: 1929a762-5a80-4ba8-85a7-21dcd99b902d Received request: POST /jobs/004/run
2026-09-10 18:46:43,538 INFO dependencies: e54a6403-2fed-41df-8fa9-ae020ac98336 Received request: GET /jobs/001
2026-09-10 18:46:43,538 INFO dependencies: a71d1779-041f-4087-895c-71a59808377c Received request: POST /jobs/004/run
2026-09-10 18:46:43,538 INFO dependencies: 2c0bf05e-77be-4c41-a301-ef981d4eb327 Received request: POST /jobs/004/run
2026-09-10 18:46:43,538 INFO dependencies: 3e456b8d-bf3d-423a-acf5-484d9dc1932b Received request: GET /jobs/001
2026-09-10 18:46:43,539 INFO dependencies: 9506c813-e143-4688-9d34-d6728cbd63e1 Job not found: 004
2026-09-10 18:46:43,539 INFO dependencies: 569407a2-f280-43c5-bcf4-35e4163d5d9b Job not found: 004
2026-09-10 18:46:43,539 INFO dependencies: 0f5d8c91-21a8-4ece-b198-f1f49a5ebcbd Received request: GET /jobs/001
2026-09-10 18:46:43,539 INFO dependencies: 8d6f6961-9bd6-41bd-845c-3caf8043bcba Job not found: 004
2026-09-10 18:46:43,540 INFO dependencies: b71ae7b5-f4d9-4833-870e-c34fd733f89d Received request: GET /jobs/001
2026-09-10 18:46:43,540 INFO dependencies: cc2dee20-c730-4218-85f2-eb8db1ac3fb6 Received request: GET /jobs/001
2026-09-10 18:46:43,540 INFO endpoints: 9f9b02d4-9d51-4d3b-b1f4-4fbdbc623a88 Received request: GET /jobs
2026-09-10 18:46:43,540 INFO dependencies: 80843a4a-730b-425c-9f19-859ae9eee086 Received request: GET /jobs/001
2026-09-10 18:46:43,541 INFO dependencies: 8a9d9afd-b858-4904-80a0-5edf63554112 Received request: GET /jobs/001
2026-09-10 18:46:43,541 INFO dependencies: 1c1c4cc2-fac4-4f7b-b32d-90672bdaeb9c Received request: GET /jobs/001
2026-09-10 18:46:43,541 INFO dependencies: e8161ce5-6a11-4663-ad8c-eea03d4d8140 Job not found: 004
2026-09-10 18:46:43,542 INFO dependencies: 41bf221c-ea3b-4a41-86f1-0f2fd38e0644 Received request: GET /jobs/001
2026-09-10 18:46:43,546 INFO dependencies: ef57167c-b75c-4738-92ea-42ffedbe3195 Received request: GET /jobs/001
2026-09-10 18:46:43,546 INFO dependencies: 1aaa709f-590a-49f5-b381-a5797b1a5b75 Received request: GET /jobs/1000
2026-09-10 18:46:43,546 INFO dependencies: 4d5c1ae2-bb17-44da-b346-1ce197eb8fe4 Received request: POST /jobs/004/run
2026-09-10 18:46:43,546 INFO dependencies: 54b6155a-b22a-4d67-b268-4fb64201a4f2 Received request: GET /jobs/001
2026-09-10 18:46:43,547 INFO dependencies: 28d697f7-bc54-4690-a2ce-d7fd58b868ac Job not found: 004
2026-09-10 18:46:43,547 INFO dependencies: 4c0ecc59-326d-4382-bad3-b6d3eab4f1c4 Received request: POST /jobs/004/run
2026-09-10 18:46:43,548 INFO dependencies: 6f3cdbb4-26a6-419f-b498-53bce2b9fc99 Received request: GET /jobs/001
2026-09-10 18:46:43,548 INFO dependencies: c5750bc8-163f-4417-bf0a-afdd3279e25f Job not found: 1000
2026-09-10 18:46:43,549 INFO dependencies: c56a8c4d-656a-4ff0-bb27-25173e3c6834 Received request: POST /jobs/004/run
2026-09-10 18:46:43,549 INFO dependencies: 7b737bbe-d6d7-422b-b2b2-7b9b853f504c Received request: GET /jobs/001
2026-09-10 18:46:43,549 INFO dependencies: 3051fd24-0abe-42ac-a071-eef5e9fa72ea Received request: POST /jobs/004/run
2026-09-10 18:46:43,549 INFO endpoints: aac0fdf8-660d-4156-95e5-cfd40c2c371a Found job: 001
2026-09-10 18:46:43,550 INFO dependencies: 8dca3d84-5483-4e5e-b397-21449e5cf34e Received request: POST /jobs/004/run
2026-09-10 18:46:43,550 INFO dependencies: ee8e1514-fdb9-4d02-b9d2-9418ad9159cf Job not found: 004
2026-09-10 18:46:43,550 INFO dependencies: 6b9034e5-46f2-443d-ad23-7a1794b7af2c Job not found: 004
2026-09-10 18:46:43,551 INFO endpoints: 0ec3046b-8d34-40f7-b780-a046a4865385 Scheduling job: 003
2026-09-10 18:46:43,555 INFO endpoints: 3ec79da6-9ca5-4534-b6a6-831389543ed8 Found job: 001
2026-09-10 18:46:43,557 INFO dependencies: 1929a762-5a80-4ba8-85a7-21dcd99b902d Job not found: 004
2026-09-10 18:46:43,557 INFO endpoints: db38e798-eb54-4c2e-b33d-136e18fc642c Found job: 001
2026-09-10 18:46:43,557 INFO endpoints: 65248fc1-5d60-4b7b-a8f2-f7b2e8884c56 Found job: 001
2026-09-10 18:46:43,557 INFO endpoints: 503c432a-17c0-4e84-8960-582e9eeeef47 Scheduling job: 003
2026-09-10 18:46:43,558 INFO endpoints: 12999a8b-8bc8-419d-a7cc-12e0e28bd4c7 Scheduling job: 003
2026-09-10 18:46:43,558 INFO dependencies: a71d1779-041f-4087-895c-71a59808377c Job not found: 004
2026-09-10 18:46:43,559 INFO dependencies: 2c0bf05e-77be-4c41-a301-ef981d4eb327 Job not found: 004
2026-09-10 18:46:43,559 INFO endpoints: 1fc11008-67f2-4bc7-b25b-62959052952b Scheduling job: 003
2026-09-10 18:46:43,560 INFO endpoints: fc8bcee8-4b9a-4968-82d3-fa492d10950b Found job: 001
2026-09-10 18:46:43,562 INFO endpoints: d7612fdc-ebc1-494a-bb07-e9b72eff4488 Scheduling job: 003
2026-09-10 18:46:43,563 INFO endpoints: a47b76be-0d80-44c4-b048-af37337e5568 Received request: GET /jobs
2026-09-10 18:46:43,563 INFO dependencies: aedb118a-b3fe-4900-b6af-e5e034a8289a Received request: POST /jobs/003/run
2026-09-10 18:46:43,563 INFO dependencies: c1b88f37-4993-4c70-915a-3f81e506b195 Received request: POST /jobs/004/run
2026-09-10 18:46:43,563 INFO endpoints: f86be4fb-9d9c-4323-b8aa-1424d52f91c7 Received request: GET /jobs
2026-09-10 18:46:43,563 INFO dependencies: a0ea349a-260e-4526-9033-4f27a21e40b9 Received request: POST /jobs/003/run
2026-09-10 18:46:43,563 INFO dependencies: 9deafbee-1315-43cf-8f8e-ff82187547b9 Received request: GET /jobs/001
2026-09-10 18:46:43,564 INFO dependencies: a2a8245d-a936-48fe-8506-4c8c37d99d35 Received request: GET /jobs/001
2026-09-10 18:46:43,564 INFO endpoints: a7de055b-704f-4cda-85ed-6ed052abea85 Received request: GET /jobs
2026-09-10 18:46:43,564 INFO dependencies: 1aaa709f-590a-49f5-b381-a5797b1a5b75 Job not found: 1000
2026-09-10 18:46:43,564 INFO dependencies: 4d5c1ae2-bb17-44da-b346-1ce197eb8fe4 Job not found: 004
2026-09-10 18:46:43,565 INFO endpoints: 136d6bcc-f52a-47e9-9850-36d95f16dc16 Found job: 001
2026-09-10 18:46:43,565 INFO dependencies: 4c0ecc59-326d-4382-bad3-b6d3eab4f1c4 Job not found: 004
2026-09-10 18:46:43,565 INFO endpoints: d9d98499-5d75-44fb-aa71-54dd537e892d Received request: GET /jobs
2026-09-10 18:46:43,566 INFO dependencies: 6956aaec-cc1b-4fee-8df0-1e38b2c2897c Received request: GET /jobs/001
2026-09-10 18:46:43,566 INFO dependencies: 2e7d21ea-7022-496f-8077-e33ca50e9e1b Received request: POST /jobs/004/run
2026-09-10 18:46:43,566 INFO dependencies: 7ca5401e-eaed-4423-8425-8509bd89cf57 Received request: POST /jobs/003/run
2026-09-10 18:46:43,566 INFO dependencies: 74e3b171-d08d-45d9-98de-4d3a847e4f52 Received request: POST /jobs/004/run
2026-09-10 18:46:43,566 INFO dependencies: c56a8c4d-656a-4ff0-bb27-25173e3c6834 Job not found: 004
2026-09-10 18:46:43,567 INFO dependencies: 3051fd24-0abe-42ac-a071-eef5e9fa72ea Job not found: 004
2026-09-10 18:46:43,567 INFO dependencies: 421b7848-36f5-4804-a33a-7a0163d7b5ac Received request: POST /jobs/003/run
2026-09-10 18:46:43,567 INFO endpoints: 1d0b8aa3-2aab-40c2-bc4f-d5944e4ca07b Scheduling job: 003
2026-09-10 18:46:43,567 INFO endpoints: 3efcea6b-9a39-4091-b7cf-bdb4d5d56441 Received request: GET /jobs
2026-09-10 18:46:43,568 INFO dependencies: cbc6e536-fd47-408e-a340-25c7725537d3 Received request: POST /jobs/004/run
2026-09-10 18:46:43,568 INFO dependencies: 8dca3d84-5483-4e5e-b397-21449e5cf34e Job not found: 004
2026-09-10 18:46:43,569 INFO endpoints: bf2fe8bd-8f11-433b-93bd-6f7ada1e16e3 Found job: 001
2026-09-10 18:46:43,569 INFO endpoints: 1a7c9354-8a02-4bbe-9392-4866304c692b Received request: GET /jobs
2026-09-10 18:46:43,570 INFO endpoints: bb8dc032-3065-4196-93c0-66649f26d1d5 Found job: 001
2026-09-10 18:46:43,570 INFO endpoints: da5fb0a5-e29b-46df-9d6f-cc5c26f58f12 Found job: 001
2026-09-10 18:46:43,571 INFO job_service: 36496a36-a88b-48b9-9fb3-b8cfb300f3eb Processing Job: 003
2026-09-10 18:46:43,574 INFO endpoints: 8caff31b-72c4-434d-9175-c5da3d9aee6f Found job: 001
2026-09-10 18:46:43,574 INFO endpoints: e81a0795-26ec-4ad5-b304-5e358935caa1 Scheduling job: 003
2026-09-10 18:46:43,574 INFO endpoints: bd653df9-6932-4abb-865b-a4f47a3b8d75 Scheduling job: 003
2026-09-10 18:46:43,574 INFO dependencies: 5c410970-7b9a-4135-a2cf-013d13f5afe1 Received request: POST /jobs/003/run
2026-09-10 18:46:43,574 INFO dependencies: 9e93bb1a-42fe-461a-97be-e63d8cf07683 Received request: POST /jobs/004/run
2026-09-10 18:46:43,575 INFO dependencies: c1b88f37-4993-4c70-915a-3f81e506b195 Job not found: 004
2026-09-10 18:46:43,576 INFO dependencies: 92c27e28-32d3-4fb2-860e-afd04fd3f2b5 Received request: POST /jobs/004/run
2026-09-10 18:46:43,576 INFO dependencies: c3486357-e717-4ea7-aba0-48d5c67a1c20 Received request: GET /jobs/001
2026-09-10 18:46:43,576 INFO endpoints: 763cc9ef-0d7b-45cb-a738-59481ef3cec4 Received request: GET /jobs
2026-09-10 18:46:43,576 INFO dependencies: e29cd208-8daf-417b-a78b-d1e9cbd03277 Received request: GET /jobs/001
2026-09-10 18:46:43,579 INFO dependencies: e67fb156-9be9-4bb0-a6f0-75779aab10b4 Received request: POST /jobs/003/run
2026-09-10 18:46:43,579 INFO dependencies: 201cfe94-9a35-4d4b-aa1c-e81c587f7af1 Received request: GET /jobs/001
2026-09-10 18:46:43,580 INFO dependencies: 2e7d21ea-7022-496f-8077-e33ca50e9e1b Job not found: 004
2026-09-10 18:46:43,581 INFO dependencies: 74e3b171-d08d-45d9-98de-4d3a847e4f52 Job not found: 004
2026-09-10 18:46:43,581 INFO dependencies: cfed77c4-a053-47e3-86ab-53dd48124956 Received request: GET /jobs/001
2026-09-10 18:46:43,582 INFO dependencies: 61056143-0034-46f2-8181-4be24a4fe8e1 Received request: GET /jobs/001
2026-09-10 18:46:43,582 INFO dependencies: cbc6e536-fd47-408e-a340-25c7725537d3 Job not found: 004
2026-09-10 18:46:43,583 INFO dependencies: 93e60236-679b-42fe-9f30-f149d844ba5b Received request: POST /jobs/004/run
2026-09-10 18:46:43,583 INFO dependencies: 61ca5a7b-00d8-45c9-b6fb-fe8af777c1b7 Received request: GET /jobs/001
2026-09-10 18:46:43,583 INFO dependencies: 8144b1e9-2053-4dc0-bf49-9fdeac76f6cd Received request: GET /jobs/001
2026-09-10 18:46:43,583 INFO dependencies: 2f4702ae-8945-423c-94b6-309a16adafa9 Received request: GET /jobs/001
2026-09-10 18:46:43,583 INFO dependencies: 18b727c0-509d-4855-b9db-64cc97ceca03 Received request: GET /jobs/001
2026-09-10 18:46:43,583 INFO endpoints: 1fff5fb6-f496-4faf-aa79-0937d1c101d8 Found job: 001
2026-09-10 18:46:43,584 INFO dependencies: bd6a6af8-5cae-48e9-8bd1-b080819edda6 Received request: GET /jobs/001
2026-09-10 18:46:43,584 INFO endpoints: d9a8a823-0afb-4049-8efc-8b290a7d07d8 Received request: GET /jobs
2026-09-10 18:46:43,584 INFO endpoints: e54a6403-2fed-41df-8fa9-ae020ac98336 Found job: 001
2026-09-10 18:46:43,584 INFO dependencies: d04fcf78-bcb8-4fc1-ae71-c128ecc603f5 Received request: POST /jobs/004/run
2026-09-10 18:46:43,584 INFO endpoints: 4453a1ad-008b-4a88-8bfe-ce17ab6473cd Received request: GET /jobs
2026-09-10 18:46:43,585 INFO endpoints: 3e456b8d-bf3d-423a-acf5-484d9dc1932b Found job: 001
2026-09-10 18:46:43,585 INFO endpoints: 0cbc57ec-9b71-4f3c-bc50-b73b55838a00 Received request: GET /jobs
2026-09-10 18:46:43,586 INFO job_service: 36496a36-a88b-48b9-9fb3-b8cfb300f3eb Error for job: 003
2026-09-10 18:46:43,586 INFO endpoints: 0f5d8c91-21a8-4ece-b198-f1f49a5ebcbd Found job: 001
2026-09-10 18:46:43,587 INFO dependencies: 9e93bb1a-42fe-461a-97be-e63d8cf07683 Job not found: 004
2026-09-10 18:46:43,587 INFO job_service: d49e3fff-e016-4331-a91b-c3449cb7c232 Processing Job: 003
2026-09-10 18:46:43,587 INFO dependencies: 92c27e28-32d3-4fb2-860e-afd04fd3f2b5 Job not found: 004
2026-09-10 18:46:43,588 INFO endpoints: b71ae7b5-f4d9-4833-870e-c34fd733f89d Found job: 001
2026-09-10 18:46:43,588 INFO endpoints: cc2dee20-c730-4218-85f2-eb8db1ac3fb6 Found job: 001
2026-09-10 18:46:43,590 INFO dependencies: 93e60236-679b-42fe-9f30-f149d844ba5b Job not found: 004
2026-09-10 18:46:43,590 INFO endpoints: 28815d0a-8909-4ee6-b55f-84f80f973a44 Received request: GET /jobs
2026-09-10 18:46:43,591 INFO endpoints: 80843a4a-730b-425c-9f19-859ae9eee086 Found job: 001
2026-09-10 18:46:43,592 INFO endpoints: 8a9d9afd-b858-4904-80a0-5edf63554112 Found job: 001
2026-09-10 18:46:43,594 INFO endpoints: ef57167c-b75c-4738-92ea-42ffedbe3195 Found job: 001
2026-09-10 18:46:43,594 INFO endpoints: 54b6155a-b22a-4d67-b268-4fb64201a4f2 Found job: 001
2026-09-10 18:46:43,594 INFO endpoints: 1c1c4cc2-fac4-4f7b-b32d-90672bdaeb9c Found job: 001
2026-09-10 18:46:43,594 INFO endpoints: 41bf221c-ea3b-4a41-86f1-0f2fd38e0644 Found job: 001
2026-09-10 18:46:43,594 INFO endpoints: b868e3ed-d0f9-49fd-a77b-d4f5cd5277a3 Received request: GET /jobs
2026-09-10 18:46:43,594 INFO endpoints: 7b737bbe-d6d7-422b-b2b2-7b9b853f504c Found job: 001
2026-09-10 18:46:43,594 INFO endpoints: 6f3cdbb4-26a6-419f-b498-53bce2b9fc99 Found job: 001
2026-09-10 18:46:43,594 INFO dependencies: d04fcf78-bcb8-4fc1-ae71-c128ecc603f5 Job not found: 004
2026-09-10 18:46:43,595 INFO dependencies: 62002089-ede3-4418-b8a2-d456f794dca8 Received request: GET /jobs/001
2026-09-10 18:46:43,595 INFO endpoints: 4334c317-3340-4150-8b61-39b699fd5158 Received request: GET /jobs
2026-09-10 18:46:43,595 INFO endpoints: 6e67671d-adeb-4aab-9654-72009a12ceb8 Received request: GET /jobs
2026-09-10 18:46:43,596 INFO dependencies: 1c10c056-b94c-4094-8f50-191d0c1db2a7 Received request: GET /jobs/1000
2026-09-10 18:46:43,598 INFO job_service: d49e3fff-e016-4331-a91b-c3449cb7c232 Error for job: 003
2026-09-10 18:46:43,599 INFO dependencies: 5949438b-2b42-47fa-83a9-bc1c74fe342a Received request: GET /jobs/001
2026-09-10 18:46:43,599 INFO job_service: 0ec3046b-8d34-40f7-b780-a046a4865385 Processing Job: 003
2026-09-10 18:46:43,600 INFO endpoints: 36b828c4-88ce-4d42-9524-50f76edce9cd Received request: GET /jobs
2026-09-10 18:46:43,600 INFO endpoints: 32757c3d-61c9-4745-bdbf-17de4989bb5f Received request: GET /jobs
2026-09-10 18:46:43,601 INFO endpoints: aedb118a-b3fe-4900-b6af-e5e034a8289a Scheduling job: 003
2026-09-10 18:46:43,601 INFO endpoints: a0ea349a-260e-4526-9033-4f27a21e40b9 Scheduling job: 003
2026-09-10 18:46:43,601 INFO job_service: 503c432a-17c0-4e84-8960-582e9eeeef47 Processing Job: 003
2026-09-10 18:46:43,601 INFO endpoints: 9deafbee-1315-43cf-8f8e-ff82187547b9 Found job: 001
2026-09-10 18:46:43,602 INFO endpoints: a2a8245d-a936-48fe-8506-4c8c37d99d35 Found job: 001
2026-09-10 18:46:43,603 INFO job_service: 12999a8b-8bc8-419d-a7cc-12e0e28bd4c7 Processing Job: 003
2026-09-10 18:46:43,604 INFO endpoints: 6956aaec-cc1b-4fee-8df0-1e38b2c2897c Found job: 001
2026-09-10 18:46:43,604 INFO job_service: 1fc11008-67f2-4bc7-b25b-62959052952b Processing Job: 003
2026-09-10 18:46:43,604 INFO endpoints: 7ca5401e-eaed-4423-8425-8509bd89cf57 Scheduling job: 003
2026-09-10 18:46:43,604 INFO job_service: d7612fdc-ebc1-494a-bb07-e9b72eff4488 Processing Job: 003
2026-09-10 18:46:43,604 INFO endpoints: 23d830db-c090-4559-80d6-120627b8cf2b Received request: GET /jobs
2026-09-10 18:46:43,604 INFO endpoints: 421b7848-36f5-4804-a33a-7a0163d7b5ac Scheduling job: 003
2026-09-10 18:46:43,604 INFO endpoints: dcf7f1b2-2eec-49c5-b8e5-fc4b5945158e Received request: GET /jobs
2026-09-10 18:46:43,605 INFO dependencies: 1c10c056-b94c-4094-8f50-191d0c1db2a7 Job not found: 1000
2026-09-10 18:46:43,608 INFO endpoints: f47243a4-663f-442d-9810-3dd757cb3df7 Received request: GET /jobs
2026-09-10 18:46:43,608 INFO endpoints: 113b7226-d3fd-4b06-b387-7e5ef20b5f0b Received request: GET /jobs
2026-09-10 18:46:43,608 INFO endpoints: 5c410970-7b9a-4135-a2cf-013d13f5afe1 Scheduling job: 003
2026-09-10 18:46:43,609 INFO job_service: 0ec3046b-8d34-40f7-b780-a046a4865385 Error for job: 003
2026-09-10 18:46:43,609 INFO endpoints: e29cd208-8daf-417b-a78b-d1e9cbd03277 Found job: 001
2026-09-10 18:46:43,609 INFO endpoints: c3486357-e717-4ea7-aba0-48d5c67a1c20 Found job: 001
2026-09-10 18:46:43,610 INFO endpoints: e67fb156-9be9-4bb0-a6f0-75779aab10b4 Scheduling job: 003
2026-09-10 18:46:43,610 INFO job_service: 503c432a-17c0-4e84-8960-582e9eeeef47 Error for job: 003
2026-09-10 18:46:43,610 INFO endpoints: 201cfe94-9a35-4d4b-aa1c-e81c587f7af1 Found job: 001
2026-09-10 18:46:43,611 INFO job_service: 12999a8b-8bc8-419d-a7cc-12e0e28bd4c7 Error for job: 003
2026-09-10 18:46:43,611 INFO job_service: 1fc11008-67f2-4bc7-b25b-62959052952b Error for job: 003
2026-09-10 18:46:43,611 INFO endpoints: 3afa45fe-bcbf-4e4a-b84e-14d5cd61595b Received request: GET /jobs
2026-09-10 18:46:43,612 INFO job_service: d7612fdc-ebc1-494a-bb07-e9b72eff4488 Error for job: 003
2026-09-10 18:46:43,613 INFO dependencies: 48239cf9-e3b0-49fb-8d50-d6d74329dc7d Received request: GET /jobs/1000
2026-09-10 18:46:43,614 INFO dependencies: 75f68376-7887-44b5-ad25-09bf208d8a57 Received request: POST /jobs/003/run
2026-09-10 18:46:43,614 INFO endpoints: cfed77c4-a053-47e3-86ab-53dd48124956 Found job: 001
2026-09-10 18:46:43,615 INFO job_service: 1d0b8aa3-2aab-40c2-bc4f-d5944e4ca07b Processing Job: 003
2026-09-10 18:46:43,615 INFO endpoints: 61ca5a7b-00d8-45c9-b6fb-fe8af777c1b7 Found job: 001
2026-09-10 18:46:43,615 INFO endpoints: 61056143-0034-46f2-8181-4be24a4fe8e1 Found job: 001
2026-09-10 18:46:43,616 INFO endpoints: 8144b1e9-2053-4dc0-bf49-9fdeac76f6cd Found job: 001
2026-09-10 18:46:43,616 INFO dependencies: e2db10b3-66c1-4d54-87ab-f24b759dec12 Received request: POST /jobs/004/run
2026-09-10 18:46:43,616 INFO endpoints: 2f4702ae-8945-423c-94b6-309a16adafa9 Found job: 001
2026-09-10 18:46:43,616 INFO dependencies: 5c1acda8-d731-4477-917e-6784c792d8a4 Received request: GET /jobs/001
2026-09-10 18:46:43,618 INFO endpoints: bd6a6af8-5cae-48e9-8bd1-b080819edda6 Found job: 001
2026-09-10 18:46:43,618 INFO dependencies: f928e8b7-346d-4a68-b426-9acc2c8a8588 Received request: GET /jobs/001
2026-09-10 18:46:43,618 INFO endpoints: 18b727c0-509d-4855-b9db-64cc97ceca03 Found job: 001
2026-09-10 18:46:43,618 INFO job_service: e81a0795-26ec-4ad5-b304-5e358935caa1 Processing Job: 003
2026-09-10 18:46:43,618 INFO endpoints: 868ec1f6-a87d-46d0-9c9c-4e99af24a20c Received request: GET /jobs
2026-09-10 18:46:43,618 INFO dependencies: 6641e321-c588-4dd4-8d94-c288a41d2ba1 Received request: GET /jobs/001
2026-09-10 18:46:43,619 INFO endpoints: 31215648-bd6a-4b17-996a-44733c3c7a4e Received request: GET /jobs
2026-09-10 18:46:43,620 INFO endpoints: 61c4313a-45de-4731-941b-0170eab71779 Received request: GET /jobs
2026-09-10 18:46:43,620 INFO job_service: bd653df9-6932-4abb-865b-a4f47a3b8d75 Processing Job: 003
2026-09-10 18:46:43,620 INFO dependencies: 48239cf9-e3b0-49fb-8d50-d6d74329dc7d Job not found: 1000
2026-09-10 18:46:43,621 INFO job_service: 1d0b8aa3-2aab-40c2-bc4f-d5944e4ca07b Error for job: 003
2026-09-10 18:46:43,622 INFO dependencies: e2db10b3-66c1-4d54-87ab-f24b759dec12 Job not found: 004
2026-09-10 18:46:43,623 INFO dependencies: 78e2aeed-c908-4f2d-91eb-174f0e48966b Received request: POST /jobs/004/run
2026-09-10 18:46:43,623 INFO endpoints: ca3344aa-9a59-4c4c-9812-c72777ffc288 Received request: GET /jobs
2026-09-10 18:46:43,624 INFO job_service: e81a0795-26ec-4ad5-b304-5e358935caa1 Error for job: 003
2026-09-10 18:46:43,624 INFO endpoints: 613705aa-b4b3-4a58-8404-9cad9082f602 Received request: GET /jobs
2026-09-10 18:46:43,625 INFO job_service: bd653df9-6932-4abb-865b-a4f47a3b8d75 Error for job: 003
2026-09-10 18:46:43,627 INFO dependencies: 78e2aeed-c908-4f2d-91eb-174f0e48966b Job not found: 004
2026-09-10 18:46:43,630 INFO dependencies: 6af621e6-e684-489a-9134-df5703b9148a Received request: POST /jobs/004/run
2026-09-10 18:46:43,630 INFO dependencies: 6af621e6-e684-489a-9134-df5703b9148a Job not found: 004
2026-09-10 18:46:43,631 INFO endpoints: 3fed5fc6-fbb0-4495-b4ae-adc7ac13c7a0 Received request: GET /jobs
2026-09-10 18:46:43,632 INFO endpoints: b009239b-cfc3-4b20-8bd6-ea3b69a2c5aa Received request: GET /jobs
2026-09-10 18:46:43,631 INFO endpoints: 5949438b-2b42-47fa-83a9-bc1c74fe342a Found job: 001
2026-09-10 18:46:43,631 INFO dependencies: 0cbce31f-63be-4c21-bb30-b9255e2255d6 Received request: POST /jobs/003/run
2026-09-10 18:46:43,631 INFO endpoints: 62002089-ede3-4418-b8a2-d456f794dca8 Found job: 001
2026-09-10 18:46:43,632 INFO endpoints: a3a34d80-7695-4518-adef-81f6139c062b Received request: GET /jobs
2026-09-10 18:46:43,634 INFO dependencies: 117f6064-55db-439b-9b2b-bceb6a3770c7 Received request: POST /jobs/003/run
2026-09-10 18:46:43,634 INFO dependencies: 99714774-946e-4ad3-9596-80baa7f09dd6 Received request: GET /jobs/1000
2026-09-10 18:46:43,635 INFO dependencies: 99714774-946e-4ad3-9596-80baa7f09dd6 Job not found: 1000
2026-09-10 18:46:43,635 INFO endpoints: 0812f72f-6bd0-4901-a7c0-dc4466c8e7e8 Received request: GET /jobs
2026-09-10 18:46:43,635 INFO endpoints: 8f8f5f5e-e422-435e-98d5-dde917f20a47 Received request: GET /jobs
2026-09-10 18:46:43,635 INFO dependencies: fab88472-40c2-4ad3-ad15-cef39e9bdd60 Received request: POST /jobs/003/run
2026-09-10 18:46:43,634 INFO endpoints: 87a0602c-0997-47c3-9ce7-6a2b37735055 Received request: GET /jobs
2026-09-10 18:46:43,635 INFO dependencies: 4e7478a0-be09-46fb-86a4-0072db08e390 Received request: GET /jobs/001
2026-09-10 18:46:43,637 INFO endpoints: 75f68376-7887-44b5-ad25-09bf208d8a57 Scheduling job: 003
2026-09-10 18:46:43,638 INFO endpoints: e62f3048-9d7a-407c-9e20-04f388f99e34 Received request: GET /jobs
2026-09-10 18:46:43,638 INFO endpoints: 0e7cd959-846e-48a0-9b6c-448d461d8e27 Received request: GET /jobs
2026-09-10 18:46:43,639 INFO endpoints: b4c7d313-416a-4345-aeaa-5e907e01893b Received request: GET /jobs
2026-09-10 18:46:43,639 INFO job_service: aedb118a-b3fe-4900-b6af-e5e034a8289a Processing Job: 003
2026-09-10 18:46:43,639 INFO job_service: aedb118a-b3fe-4900-b6af-e5e034a8289a Error for job: 003
2026-09-10 18:46:43,640 INFO job_service: a0ea349a-260e-4526-9033-4f27a21e40b9 Processing Job: 003
2026-09-10 18:46:43,640 INFO job_service: a0ea349a-260e-4526-9033-4f27a21e40b9 Error for job: 003
2026-09-10 18:46:43,640 INFO endpoints: 5c1acda8-d731-4477-917e-6784c792d8a4 Found job: 001
2026-09-10 18:46:43,640 INFO endpoints: f928e8b7-346d-4a68-b426-9acc2c8a8588 Found job: 001
2026-09-10 18:46:43,642 INFO endpoints: 6641e321-c588-4dd4-8d94-c288a41d2ba1 Found job: 001
2026-09-10 18:46:43,642 INFO job_service: 7ca5401e-eaed-4423-8425-8509bd89cf57 Processing Job: 003
2026-09-10 18:46:43,642 INFO job_service: 7ca5401e-eaed-4423-8425-8509bd89cf57 Error for job: 003
2026-09-10 18:46:43,643 INFO dependencies: 1ee06a91-24c5-4113-870d-b5a9ac4bb6e2 Received request: GET /jobs/001
2026-09-10 18:46:43,643 INFO endpoints: bc266694-389d-4101-a6af-1e789636f817 Received request: GET /jobs
2026-09-10 18:46:43,644 INFO endpoints: f17c9e29-4c99-4509-a104-277d1a960fa1 Received request: GET /jobs
2026-09-10 18:46:43,645 INFO endpoints: 3e5a5875-5b7a-4951-94ec-f5c042e226ab Received request: GET /jobs
2026-09-10 18:46:43,646 INFO job_service: 421b7848-36f5-4804-a33a-7a0163d7b5ac Processing Job: 003
2026-09-10 18:46:43,647 INFO job_service: 421b7848-36f5-4804-a33a-7a0163d7b5ac Error for job: 003
2026-09-10 18:46:43,647 INFO dependencies: a1fcabe6-1b00-4589-9f54-ae068d3b9b49 Received request: POST /jobs/003/run
2026-09-10 18:46:43,647 INFO endpoints: 1bd8281e-32ff-45d2-8b8e-10108a89fee2 Received request: GET /jobs
2026-09-10 18:46:43,650 INFO job_service: 5c410970-7b9a-4135-a2cf-013d13f5afe1 Processing Job: 003
2026-09-10 18:46:43,650 INFO job_service: 5c410970-7b9a-4135-a2cf-013d13f5afe1 Error for job: 003
2026-09-10 18:46:43,651 INFO job_service: e67fb156-9be9-4bb0-a6f0-75779aab10b4 Processing Job: 003
2026-09-10 18:46:43,651 INFO job_service: e67fb156-9be9-4bb0-a6f0-75779aab10b4 Error for job: 003
2026-09-10 18:46:43,652 INFO endpoints: 0cbce31f-63be-4c21-bb30-b9255e2255d6 Scheduling job: 003
2026-09-10 18:46:43,652 INFO endpoints: 9f4e8de3-1e2b-4f52-96fb-d238d4862df9 Received request: GET /jobs
2026-09-10 18:46:43,653 INFO endpoints: 72859bfd-2039-48c3-bf6b-02b911b73049 Received request: GET /jobs
2026-09-10 18:46:43,653 INFO endpoints: 117f6064-55db-439b-9b2b-bceb6a3770c7 Scheduling job: 003
2026-09-10 18:46:43,656 INFO endpoints: fab88472-40c2-4ad3-ad15-cef39e9bdd60 Scheduling job: 003
2026-09-10 18:46:43,657 INFO endpoints: 4e7478a0-be09-46fb-86a4-0072db08e390 Found job: 001
2026-09-10 18:46:43,659 INFO endpoints: 5857bf26-49f2-4e9b-ba10-bd837b7b4cad Received request: GET /jobs
2026-09-10 18:46:43,659 INFO dependencies: a2658087-89ea-49e1-8811-dd55c46510cb Received request: POST /jobs/003/run
2026-09-10 18:46:43,660 INFO dependencies: 1f899fcc-f765-4849-b8ea-9747c1a3d5d6 Received request: POST /jobs/003/run
2026-09-10 18:46:43,663 INFO endpoints: 1ee06a91-24c5-4113-870d-b5a9ac4bb6e2 Found job: 001
2026-09-10 18:46:43,664 INFO endpoints: 0f331c1c-2146-469b-8839-e34341b9b076 Received request: GET /jobs
2026-09-10 18:46:43,664 INFO dependencies: 695a4903-751b-4ec4-b7aa-5634691a29e0 Received request: POST /jobs/003/run
2026-09-10 18:46:43,664 INFO endpoints: 6303a3da-f090-44a1-8899-695c87927f22 Received request: GET /jobs
2026-09-10 18:46:43,664 INFO dependencies: 2de38a00-0055-4f30-be21-cc642e5445f4 Received request: GET /jobs/001
2026-09-10 18:46:43,664 INFO endpoints: 088b1abb-6245-4a27-9235-fd929d12a239 Received request: GET /jobs
2026-09-10 18:46:43,664 INFO endpoints: ab7cc380-08f6-4a1d-a97d-2ca0b37245e3 Received request: GET /jobs
2026-09-10 18:46:43,666 INFO endpoints: a1fcabe6-1b00-4589-9f54-ae068d3b9b49 Scheduling job: 003
2026-09-10 18:46:43,666 INFO endpoints: 88920860-a30d-4708-85a7-64090b7098d5 Received request: GET /jobs
2026-09-10 18:46:43,667 INFO endpoints: 8ce04a4d-57d6-4127-a4d0-e039f8ba8a45 Received request: GET /jobs
2026-09-10 18:46:43,666 INFO endpoints: 63965926-231a-4f02-b9c5-a9d1bc26f74a Received request: GET /jobs
2026-09-10 18:46:43,670 INFO dependencies: 73fff7c2-ece0-4a5a-81f1-62b4b61f6abd Received request: POST /jobs/003/run
2026-09-10 18:46:43,670 INFO endpoints: 0d63373d-76e1-4b22-8412-68cc13401306 Received request: GET /jobs
2026-09-10 18:46:43,670 INFO endpoints: eefe5d64-1075-4391-9917-12050819e21f Received request: GET /jobs
2026-09-10 18:46:43,671 INFO endpoints: b8433209-4b9d-4207-9b16-954afc48eb3b Received request: GET /jobs
2026-09-10 18:46:43,672 INFO job_service: 75f68376-7887-44b5-ad25-09bf208d8a57 Processing Job: 003
2026-09-10 18:46:43,672 INFO job_service: 75f68376-7887-44b5-ad25-09bf208d8a57 Error for job: 003
2026-09-10 18:46:43,675 INFO dependencies: fb229917-0b17-4c11-bd19-ba020e984629 Received request: GET /jobs/001
2026-09-10 18:46:43,675 INFO endpoints: d9cb4cad-b90b-4ff8-87a6-e86229a380c9 Received request: GET /jobs
2026-09-10 18:46:43,675 INFO dependencies: a26fb3b5-c921-44c8-a83e-90a1e4c332ec Received request: GET /jobs/001
2026-09-10 18:46:43,675 INFO endpoints: a2658087-89ea-49e1-8811-dd55c46510cb Scheduling job: 003
2026-09-10 18:46:43,675 INFO dependencies: b0e3cac0-c4a3-4a78-9769-b567032a3757 Received request: GET /jobs/1000
2026-09-10 18:46:43,675 INFO dependencies: 1a67031b-ce27-49f8-a32c-6e7410efa02d Received request: GET /jobs/001
2026-09-10 18:46:43,676 INFO dependencies: b0e3cac0-c4a3-4a78-9769-b567032a3757 Job not found: 1000
2026-09-10 18:46:43,676 INFO endpoints: 1f899fcc-f765-4849-b8ea-9747c1a3d5d6 Scheduling job: 003
2026-09-10 18:46:43,678 INFO endpoints: 911dc9aa-fad1-48e4-9e77-2a4df21cafd0 Received request: GET /jobs
2026-09-10 18:46:43,678 INFO endpoints: 3e38285b-80b3-434a-804c-bc9b4ee34f04 Received request: GET /jobs
2026-09-10 18:46:43,679 INFO endpoints: 2de38a00-0055-4f30-be21-cc642e5445f4 Found job: 001
2026-09-10 18:46:43,678 INFO endpoints: 3d1ed0b8-8c5d-438e-b42e-263f26bb6635 Received request: GET /jobs
2026-09-10 18:46:43,678 INFO dependencies: 2ced7c7e-b1ac-4c68-af8a-e3b06d3b77c7 Received request: GET /jobs/001
2026-09-10 18:46:43,678 INFO endpoints: 695a4903-751b-4ec4-b7aa-5634691a29e0 Scheduling job: 003
2026-09-10 18:46:43,678 INFO dependencies: 727001b4-7fc0-4453-9b9a-6990c1d9979f Received request: GET /jobs/1000
2026-09-10 18:46:43,678 INFO dependencies: 0ce1f5c0-9f88-4929-b2fd-a4b08d3987c6 Received request: POST /jobs/004/run
2026-09-10 18:46:43,678 INFO endpoints: 613c8adb-3653-4231-9b12-2a6e1df97d6c Received request: GET /jobs
2026-09-10 18:46:43,680 INFO dependencies: 727001b4-7fc0-4453-9b9a-6990c1d9979f Job not found: 1000
2026-09-10 18:46:43,680 INFO dependencies: 0ce1f5c0-9f88-4929-b2fd-a4b08d3987c6 Job not found: 004
2026-09-10 18:46:43,682 INFO endpoints: ad27334c-259c-4ee9-9f76-0940c4a500c8 Received request: GET /jobs
2026-09-10 18:46:43,682 INFO endpoints: 7b9b1d19-c2c3-4b46-bb6a-fb2fd4c3b8d4 Received request: GET /jobs
2026-09-10 18:46:43,682 INFO dependencies: a05e8041-9d99-42e8-b872-8e14196d9dec Received request: GET /jobs/1000
2026-09-10 18:46:43,683 INFO dependencies: a05e8041-9d99-42e8-b872-8e14196d9dec Job not found: 1000
2026-09-10 18:46:43,683 INFO endpoints: 8428f677-bd42-4405-8c8d-b76f796db6ca Received request: GET /jobs
2026-09-10 18:46:43,684 INFO job_service: 0cbce31f-63be-4c21-bb30-b9255e2255d6 Processing Job: 003
2026-09-10 18:46:43,684 INFO job_service: 0cbce31f-63be-4c21-bb30-b9255e2255d6 Error for job: 003
2026-09-10 18:46:43,684 INFO endpoints: 73fff7c2-ece0-4a5a-81f1-62b4b61f6abd Scheduling job: 003
2026-09-10 18:46:43,684 INFO job_service: 117f6064-55db-439b-9b2b-bceb6a3770c7 Processing Job: 003
2026-09-10 18:46:43,685 INFO job_service: 117f6064-55db-439b-9b2b-bceb6a3770c7 Error for job: 003
2026-09-10 18:46:43,686 INFO job_service: fab88472-40c2-4ad3-ad15-cef39e9bdd60 Processing Job: 003
2026-09-10 18:46:43,686 INFO job_service: fab88472-40c2-4ad3-ad15-cef39e9bdd60 Error for job: 003
2026-09-10 18:46:43,687 INFO dependencies: 2e52fe01-d37d-42eb-b6ea-05423165f17b Received request: GET /jobs/001
2026-09-10 18:46:43,687 INFO endpoints: 1cab2596-0e0b-4590-ab19-c827e9327e42 Received request: GET /jobs
2026-09-10 18:46:43,687 INFO dependencies: 0d48380f-7d00-488e-8c5b-f3dcc2327e85 Received request: POST /jobs/003/run
2026-09-10 18:46:43,687 INFO endpoints: fb229917-0b17-4c11-bd19-ba020e984629 Found job: 001
2026-09-10 18:46:43,687 INFO dependencies: fab97ede-2b43-47ad-b4ea-b5120dfff080 Received request: POST /jobs/003/run
2026-09-10 18:46:43,687 INFO endpoints: 1c28b9b6-1ae5-40c9-afbf-31f5df2290bd Received request: GET /jobs
2026-09-10 18:46:43,688 INFO endpoints: a26fb3b5-c921-44c8-a83e-90a1e4c332ec Found job: 001
2026-09-10 18:46:43,689 INFO endpoints: 1a67031b-ce27-49f8-a32c-6e7410efa02d Found job: 001
2026-09-10 18:46:43,692 INFO endpoints: 2ced7c7e-b1ac-4c68-af8a-e3b06d3b77c7 Found job: 001
2026-09-10 18:46:43,693 INFO job_service: a1fcabe6-1b00-4589-9f54-ae068d3b9b49 Processing Job: 003
2026-09-10 18:46:43,693 INFO job_service: a1fcabe6-1b00-4589-9f54-ae068d3b9b49 Error for job: 003
2026-09-10 18:46:43,694 INFO endpoints: 58f9c339-13cd-46af-8cdc-e7f9ac94e715 Received request: GET /jobs
2026-09-10 18:46:43,694 INFO dependencies: 606182bc-7d1c-4a74-8ebc-cf5471036009 Received request: GET /jobs/1000
2026-09-10 18:46:43,695 INFO dependencies: 606182bc-7d1c-4a74-8ebc-cf5471036009 Job not found: 1000
2026-09-10 18:46:43,695 INFO endpoints: 2d9e5e28-bd39-4d43-9dd3-d938797480d3 Received request: GET /jobs
2026-09-10 18:46:43,695 INFO endpoints: e1f0d1a7-3f79-461c-8024-b9f92d02a72b Received request: GET /jobs
2026-09-10 18:46:43,695 INFO dependencies: a9775b12-ad45-42bd-9433-84e121607449 Received request: POST /jobs/004/run
2026-09-10 18:46:43,694 INFO endpoints: 43114656-758b-4aec-90aa-40e2c468ad22 Received request: GET /jobs
2026-09-10 18:46:43,695 INFO dependencies: 7b73fb73-000f-4ba1-b830-12fa1625ffb5 Received request: GET /jobs/001
2026-09-10 18:46:43,696 INFO dependencies: a9775b12-ad45-42bd-9433-84e121607449 Job not found: 004
2026-09-10 18:46:43,699 INFO endpoints: 2e52fe01-d37d-42eb-b6ea-05423165f17b Found job: 001
2026-09-10 18:46:43,700 INFO job_service: a2658087-89ea-49e1-8811-dd55c46510cb Processing Job: 003
2026-09-10 18:46:43,701 INFO job_service: a2658087-89ea-49e1-8811-dd55c46510cb Error for job: 003
2026-09-10 18:46:43,700 INFO dependencies: c465df07-5a8e-4707-b34d-085e94a53739 Received request: POST /jobs/003/run
2026-09-10 18:46:43,700 INFO dependencies: ad541bc0-705a-4487-a8a5-318c3fcff625 Received request: POST /jobs/003/run
2026-09-10 18:46:43,700 INFO dependencies: f21ca19c-1714-4e4c-b9b0-7a5f5c9c3e0e Received request: GET /jobs/001
2026-09-10 18:46:43,700 INFO endpoints: 8a7996f4-46a8-435c-904c-892ebcbc265d Received request: GET /jobs
2026-09-10 18:46:43,700 INFO endpoints: 0d48380f-7d00-488e-8c5b-f3dcc2327e85 Scheduling job: 003
2026-09-10 18:46:43,700 INFO endpoints: fab97ede-2b43-47ad-b4ea-b5120dfff080 Scheduling job: 003
2026-09-10 18:46:43,700 INFO dependencies: b08e05ad-d598-4161-9852-6a756d261e46 Received request: GET /jobs/001
2026-09-10 18:46:43,701 INFO job_service: 1f899fcc-f765-4849-b8ea-9747c1a3d5d6 Processing Job: 003
2026-09-10 18:46:43,702 INFO dependencies: 9e4cd408-24b5-4041-8957-836a8db4c49b Received request: POST /jobs/004/run
2026-09-10 18:46:43,702 INFO endpoints: 4a39ae37-2e48-4f40-803f-549182ce280c Received request: GET /jobs
2026-09-10 18:46:43,702 INFO job_service: 695a4903-751b-4ec4-b7aa-5634691a29e0 Processing Job: 003
2026-09-10 18:46:43,704 INFO job_service: 1f899fcc-f765-4849-b8ea-9747c1a3d5d6 Error for job: 003
2026-09-10 18:46:43,704 INFO dependencies: 9e4cd408-24b5-4041-8957-836a8db4c49b Job not found: 004
2026-09-10 18:46:43,705 INFO endpoints: 7b73fb73-000f-4ba1-b830-12fa1625ffb5 Found job: 001
2026-09-10 18:46:43,705 INFO job_service: 695a4903-751b-4ec4-b7aa-5634691a29e0 Error for job: 003
2026-09-10 18:46:43,706 INFO job_service: 73fff7c2-ece0-4a5a-81f1-62b4b61f6abd Processing Job: 003
2026-09-10 18:46:43,707 INFO job_service: 73fff7c2-ece0-4a5a-81f1-62b4b61f6abd Error for job: 003
2026-09-10 18:46:43,713 INFO endpoints: c465df07-5a8e-4707-b34d-085e94a53739 Scheduling job: 003
2026-09-10 18:46:43,714 INFO endpoints: ad541bc0-705a-4487-a8a5-318c3fcff625 Scheduling job: 003
2026-09-10 18:46:43,718 INFO endpoints: f21ca19c-1714-4e4c-b9b0-7a5f5c9c3e0e Found job: 001
2026-09-10 18:46:43,720 INFO endpoints: b08e05ad-d598-4161-9852-6a756d261e46 Found job: 001
2026-09-10 18:46:43,720 INFO endpoints: dc5e1ee4-f626-4ef5-b93b-b1030e6a1178 Received request: GET /jobs
2026-09-10 18:46:43,720 INFO dependencies: b47c3a3e-4ff2-462d-a078-6d9fccf912a9 Received request: GET /jobs/001
2026-09-10 18:46:43,721 INFO dependencies: 598b7e83-409d-4bf6-afd0-8619e5143085 Received request: GET /jobs/001
2026-09-10 18:46:43,721 INFO endpoints: dd8719c1-25b2-4d8f-9daa-67bb0e21847a Received request: GET /jobs
2026-09-10 18:46:43,721 INFO endpoints: 84cf3982-d0d4-488a-a6d2-ad6ed13877d6 Received request: GET /jobs
2026-09-10 18:46:43,721 INFO dependencies: afc37f18-4b4f-4b21-9b46-611b869a0f43 Received request: GET /jobs/001
2026-09-10 18:46:43,721 INFO endpoints: de3a07e7-bb68-4ae3-a04b-b0b5f778a49e Received request: GET /jobs
2026-09-10 18:46:43,720 INFO endpoints: 18a0e306-2c11-4e63-b01d-1f674436f50a Received request: GET /jobs
2026-09-10 18:46:43,722 INFO endpoints: 68ed2168-09c4-4c56-89cc-31fee3eb05eb Received request: GET /jobs
2026-09-10 18:46:43,724 INFO dependencies: 7102c8ea-77fd-428b-b157-de79432a8fda Received request: GET /jobs/001
2026-09-10 18:46:43,726 INFO dependencies: 18fb4c2f-2cbe-49f0-88e3-c9111061f559 Received request: POST /jobs/003/run
2026-09-10 18:46:43,724 INFO endpoints: 9cdff36f-cba7-4848-9a0d-ec823d13af16 Received request: GET /jobs
2026-09-10 18:46:43,724 INFO dependencies: e2a607c9-3c11-4afe-8e7d-abe203e271f3 Received request: POST /jobs/003/run
2026-09-10 18:46:43,724 INFO dependencies: fa014e86-cbed-4c89-bfca-129343db00fd Received request: POST /jobs/003/run
2026-09-10 18:46:43,724 INFO dependencies: 1d670d9b-2020-41b6-bfe7-814b88835823 Received request: POST /jobs/003/run
2026-09-10 18:46:43,724 INFO dependencies: ca9108fa-4ca3-465c-ad2e-79aa8349e8b2 Received request: POST /jobs/003/run
2026-09-10 18:46:43,724 INFO endpoints: 092d2140-8729-4d91-8102-48dd9b8bde57 Received request: GET /jobs
2026-09-10 18:46:43,728 INFO endpoints: 155a1ec3-e010-4087-9360-2fad83e2acf2 Received request: GET /jobs
2026-09-10 18:46:43,728 INFO endpoints: 865b76a0-7ca7-446d-8612-a0186967e0f6 Received request: GET /jobs
2026-09-10 18:46:43,728 INFO dependencies: c53ad4c8-b2f5-4439-8bf2-d06ae30a88c0 Received request: POST /jobs/003/run
2026-09-10 18:46:43,728 INFO job_service: 0d48380f-7d00-488e-8c5b-f3dcc2327e85 Processing Job: 003
2026-09-10 18:46:43,729 INFO job_service: fab97ede-2b43-47ad-b4ea-b5120dfff080 Processing Job: 003
2026-09-10 18:46:43,729 INFO endpoints: b47c3a3e-4ff2-462d-a078-6d9fccf912a9 Found job: 001
2026-09-10 18:46:43,729 INFO dependencies: 48572f12-d6be-4fda-acc3-b57feacd0011 Received request: GET /jobs/001
2026-09-10 18:46:43,729 INFO dependencies: 34591e70-c167-4767-87fe-3b8c16f78f55 Received request: GET /jobs/001
2026-09-10 18:46:43,729 INFO endpoints: e5376e51-09e4-4aba-ab37-f10ce255c894 Received request: GET /jobs
2026-09-10 18:46:43,730 INFO dependencies: abb6c2f5-9388-42f3-969f-7efb6035a982 Received request: POST /jobs/003/run
2026-09-10 18:46:43,730 INFO dependencies: 75f3f2e5-2ad8-4ad3-8b67-aef2e086c6da Received request: POST /jobs/003/run
2026-09-10 18:46:43,730 INFO endpoints: 49db18d3-8125-4189-8f21-1b8a4290392e Received request: GET /jobs
2026-09-10 18:46:43,730 INFO endpoints: 598b7e83-409d-4bf6-afd0-8619e5143085 Found job: 001
2026-09-10 18:46:43,730 INFO job_service: 0d48380f-7d00-488e-8c5b-f3dcc2327e85 Error for job: 003
2026-09-10 18:46:43,731 INFO job_service: fab97ede-2b43-47ad-b4ea-b5120dfff080 Error for job: 003
2026-09-10 18:46:43,731 INFO endpoints: afc37f18-4b4f-4b21-9b46-611b869a0f43 Found job: 001
2026-09-10 18:46:43,734 INFO endpoints: 7102c8ea-77fd-428b-b157-de79432a8fda Found job: 001
2026-09-10 18:46:43,737 INFO endpoints: e2a607c9-3c11-4afe-8e7d-abe203e271f3 Scheduling job: 003
2026-09-10 18:46:43,736 INFO endpoints: 18fb4c2f-2cbe-49f0-88e3-c9111061f559 Scheduling job: 003
2026-09-10 18:46:43,736 INFO job_service: c465df07-5a8e-4707-b34d-085e94a53739 Processing Job: 003
2026-09-10 18:46:43,739 INFO job_service: c465df07-5a8e-4707-b34d-085e94a53739 Error for job: 003
2026-09-10 18:46:43,738 INFO job_service: ad541bc0-705a-4487-a8a5-318c3fcff625 Processing Job: 003
2026-09-10 18:46:43,738 INFO endpoints: fa014e86-cbed-4c89-bfca-129343db00fd Scheduling job: 003
2026-09-10 18:46:43,740 INFO job_service: ad541bc0-705a-4487-a8a5-318c3fcff625 Error for job: 003
2026-09-10 18:46:43,740 INFO endpoints: 1d670d9b-2020-41b6-bfe7-814b88835823 Scheduling job: 003
2026-09-10 18:46:43,741 INFO endpoints: ca9108fa-4ca3-465c-ad2e-79aa8349e8b2 Scheduling job: 003
2026-09-10 18:46:43,742 INFO endpoints: 813edc8c-e398-455d-8efd-924750962858 Received request: GET /jobs
2026-09-10 18:46:43,742 INFO endpoints: d51de050-d42e-4af0-8d7f-c8bef41ebe80 Received request: GET /jobs
2026-09-10 18:46:43,742 INFO dependencies: 213df4f8-39f4-46a7-aa15-651007d677b5 Received request: POST /jobs/004/run
2026-09-10 18:46:43,742 INFO dependencies: 492cb8f4-3206-4143-9786-523630118234 Received request: GET /jobs/001
2026-09-10 18:46:43,742 INFO endpoints: c0f33c81-023a-4292-85ef-f57c9a4f41dd Received request: GET /jobs
2026-09-10 18:46:43,743 INFO dependencies: b0d8588e-cb7c-4d07-bd65-1154fa4597a6 Received request: POST /jobs/004/run
2026-09-10 18:46:43,743 INFO dependencies: b6d0c221-2544-4a18-9870-d6262335a7c0 Received request: GET /jobs/001
2026-09-10 18:46:43,743 INFO dependencies: 80508ac1-890e-4fdb-8b52-273c9e3a90d3 Received request: GET /jobs/001
2026-09-10 18:46:43,743 INFO endpoints: c53ad4c8-b2f5-4439-8bf2-d06ae30a88c0 Scheduling job: 003
2026-09-10 18:46:43,743 INFO dependencies: 79c563f6-eb14-4e5b-b434-677978d0a377 Received request: GET /jobs/001
2026-09-10 18:46:43,743 INFO dependencies: adb54ccc-ce8b-49c6-b4ee-0ad1207621f1 Received request: POST /jobs/003/run
2026-09-10 18:46:43,744 INFO endpoints: 48572f12-d6be-4fda-acc3-b57feacd0011 Found job: 001
2026-09-10 18:46:43,744 INFO dependencies: 213df4f8-39f4-46a7-aa15-651007d677b5 Job not found: 004
2026-09-10 18:46:43,744 INFO endpoints: 34591e70-c167-4767-87fe-3b8c16f78f55 Found job: 001
2026-09-10 18:46:43,747 INFO endpoints: abb6c2f5-9388-42f3-969f-7efb6035a982 Scheduling job: 003
2026-09-10 18:46:43,747 INFO dependencies: b0d8588e-cb7c-4d07-bd65-1154fa4597a6 Job not found: 004
2026-09-10 18:46:43,748 INFO endpoints: 75f3f2e5-2ad8-4ad3-8b67-aef2e086c6da Scheduling job: 003
2026-09-10 18:46:43,750 INFO endpoints: 07599d28-6cf5-4d26-879d-52d53cd60c60 Received request: GET /jobs
2026-09-10 18:46:43,750 INFO dependencies: 63580a92-61c0-4b84-a964-cb7636210975 Received request: GET /jobs/001
2026-09-10 18:46:43,750 INFO endpoints: 3d49a526-b493-4297-b111-706cf45556d3 Received request: GET /jobs
2026-09-10 18:46:43,750 INFO dependencies: edd27cb0-7636-4778-aab5-4f712219f7b7 Received request: POST /jobs/004/run
2026-09-10 18:46:43,750 INFO endpoints: 4c02edfe-06eb-4aa4-a37d-c460b7dbe61e Received request: GET /jobs
2026-09-10 18:46:43,751 INFO dependencies: fe669729-eab7-468d-a6ba-7d7f75177200 Received request: POST /jobs/004/run
2026-09-10 18:46:43,751 INFO endpoints: db388fc0-4e4c-4033-a8d1-65222d7b74db Received request: GET /jobs
2026-09-10 18:46:43,754 INFO dependencies: edd27cb0-7636-4778-aab5-4f712219f7b7 Job not found: 004
2026-09-10 18:46:43,754 INFO dependencies: fe669729-eab7-468d-a6ba-7d7f75177200 Job not found: 004
2026-09-10 18:46:43,756 INFO endpoints: c5b0eb76-ee98-4041-ac9c-3c81f46c63fc Received request: GET /jobs
2026-09-10 18:46:43,758 INFO endpoints: 492cb8f4-3206-4143-9786-523630118234 Found job: 001
2026-09-10 18:46:43,760 INFO endpoints: 65c2f0cc-4e97-4b15-9ea2-9958a495fe53 Received request: GET /jobs
2026-09-10 18:46:43,759 INFO endpoints: 0e6ecae3-1154-4cd9-a90d-ba029a8e16bf Received request: GET /jobs
2026-09-10 18:46:43,761 INFO endpoints: b6d0c221-2544-4a18-9870-d6262335a7c0 Found job: 001
2026-09-10 18:46:43,761 INFO endpoints: 80508ac1-890e-4fdb-8b52-273c9e3a90d3 Found job: 001
2026-09-10 18:46:43,762 INFO endpoints: 9b5e22d8-75e8-4c57-add2-841922fa5627 Received request: GET /jobs
2026-09-10 18:46:43,763 INFO dependencies: fa26e0cd-3c4b-4aaa-8af8-7cd2a67d0c14 Received request: GET /jobs/1000
2026-09-10 18:46:43,763 INFO dependencies: fa26e0cd-3c4b-4aaa-8af8-7cd2a67d0c14 Job not found: 1000
2026-09-10 18:46:43,763 INFO endpoints: 5ee9d875-b5ec-426e-be90-88e5095b8000 Received request: GET /jobs
2026-09-10 18:46:43,763 INFO endpoints: adb54ccc-ce8b-49c6-b4ee-0ad1207621f1 Scheduling job: 003
2026-09-10 18:46:43,763 INFO dependencies: 563c3e82-f1e6-4fcd-ab0e-4619b27784ef Received request: GET /jobs/1000
2026-09-10 18:46:43,763 INFO dependencies: e09db875-02bf-43b5-91ad-ad1328e6c944 Received request: GET /jobs/1000
2026-09-10 18:46:43,763 INFO dependencies: 45e67d16-4d45-4551-ac24-cd73aa4cca11 Received request: POST /jobs/003/run
2026-09-10 18:46:43,763 INFO dependencies: 77ccb6eb-c363-48e0-b0ce-497debd12685 Received request: POST /jobs/004/run
2026-09-10 18:46:43,763 INFO endpoints: 79c563f6-eb14-4e5b-b434-677978d0a377 Found job: 001
2026-09-10 18:46:43,764 INFO dependencies: 563c3e82-f1e6-4fcd-ab0e-4619b27784ef Job not found: 1000
2026-09-10 18:46:43,764 INFO job_service: e2a607c9-3c11-4afe-8e7d-abe203e271f3 Processing Job: 003
2026-09-10 18:46:43,764 INFO job_service: 18fb4c2f-2cbe-49f0-88e3-c9111061f559 Processing Job: 003
2026-09-10 18:46:43,764 INFO dependencies: e09db875-02bf-43b5-91ad-ad1328e6c944 Job not found: 1000
2026-09-10 18:46:43,765 INFO dependencies: 77ccb6eb-c363-48e0-b0ce-497debd12685 Job not found: 004
2026-09-10 18:46:43,767 INFO job_service: e2a607c9-3c11-4afe-8e7d-abe203e271f3 Error for job: 003
2026-09-10 18:46:43,767 INFO job_service: 18fb4c2f-2cbe-49f0-88e3-c9111061f559 Error for job: 003
2026-09-10 18:46:43,768 INFO endpoints: 63580a92-61c0-4b84-a964-cb7636210975 Found job: 001
2026-09-10 18:46:43,768 INFO job_service: fa014e86-cbed-4c89-bfca-129343db00fd Processing Job: 003
2026-09-10 18:46:43,769 INFO job_service: fa014e86-cbed-4c89-bfca-129343db00fd Error for job: 003
2026-09-10 18:46:43,769 INFO job_service: 1d670d9b-2020-41b6-bfe7-814b88835823 Processing Job: 003
2026-09-10 18:46:43,769 INFO job_service: 1d670d9b-2020-41b6-bfe7-814b88835823 Error for job: 003
2026-09-10 18:46:43,769 INFO job_service: ca9108fa-4ca3-465c-ad2e-79aa8349e8b2 Processing Job: 003
2026-09-10 18:46:43,770 INFO job_service: ca9108fa-4ca3-465c-ad2e-79aa8349e8b2 Error for job: 003
2026-09-10 18:46:43,773 INFO dependencies: de781caa-2bcc-44dc-9dbf-eea093d6c46a Received request: POST /jobs/004/run
2026-09-10 18:46:43,773 INFO dependencies: de781caa-2bcc-44dc-9dbf-eea093d6c46a Job not found: 004
2026-09-10 18:46:43,773 INFO endpoints: 88aae484-5a19-43a4-8f8b-42bde0ec876d Received request: GET /jobs
2026-09-10 18:46:43,773 INFO endpoints: 417dc6c1-376a-47b2-9dac-3a3d74b4fca1 Received request: GET /jobs
2026-09-10 18:46:43,773 INFO dependencies: 9375805f-9537-45cc-8df1-d4d159fde06a Received request: GET /jobs/001
2026-09-10 18:46:43,773 INFO dependencies: c277c9fd-7bc6-4e4b-9d81-c84709a515b6 Received request: GET /jobs/001
2026-09-10 18:46:43,773 INFO dependencies: 10c46973-3cd3-42e1-8dfb-91aa47f8b62d Received request: GET /jobs/1000
2026-09-10 18:46:43,773 INFO dependencies: f072521c-d23b-4777-afb0-7de3ac46cb08 Received request: POST /jobs/004/run
2026-09-10 18:46:43,773 INFO dependencies: 4a195525-55e5-44d8-9e2a-922480da8548 Received request: POST /jobs/004/run
2026-09-10 18:46:43,777 INFO dependencies: 4a195525-55e5-44d8-9e2a-922480da8548 Job not found: 004
2026-09-10 18:46:43,777 INFO dependencies: 10c46973-3cd3-42e1-8dfb-91aa47f8b62d Job not found: 1000
2026-09-10 18:46:43,777 INFO dependencies: f072521c-d23b-4777-afb0-7de3ac46cb08 Job not found: 004
2026-09-10 18:46:43,776 INFO job_service: c53ad4c8-b2f5-4439-8bf2-d06ae30a88c0 Processing Job: 003
2026-09-10 18:46:43,778 INFO job_service: c53ad4c8-b2f5-4439-8bf2-d06ae30a88c0 Error for job: 003
2026-09-10 18:46:43,779 INFO endpoints: 45e67d16-4d45-4551-ac24-cd73aa4cca11 Scheduling job: 003
2026-09-10 18:46:43,779 INFO dependencies: ccd2b9ec-5083-441b-9ab4-d10d7458fb93 Received request: GET /jobs/001
2026-09-10 18:46:43,779 INFO dependencies: 9dfd8c51-2d4a-476a-bdc7-197463d56993 Received request: POST /jobs/003/run
2026-09-10 18:46:43,779 INFO dependencies: 7b82b248-c11c-4c0b-8c9e-c1b5a9a729f6 Received request: GET /jobs/1000
2026-09-10 18:46:43,779 INFO endpoints: 146a70a0-35c0-422c-832b-99060f25e63a Received request: GET /jobs
2026-09-10 18:46:43,779 INFO endpoints: 22c65d53-2501-4e36-a0d8-2eed6fefce47 Received request: GET /jobs
2026-09-10 18:46:43,779 INFO job_service: abb6c2f5-9388-42f3-969f-7efb6035a982 Processing Job: 003
2026-09-10 18:46:43,782 INFO job_service: abb6c2f5-9388-42f3-969f-7efb6035a982 Error for job: 003
2026-09-10 18:46:43,781 INFO dependencies: 7b82b248-c11c-4c0b-8c9e-c1b5a9a729f6 Job not found: 1000
2026-09-10 18:46:43,781 INFO job_service: 75f3f2e5-2ad8-4ad3-8b67-aef2e086c6da Processing Job: 003
2026-09-10 18:46:43,783 INFO job_service: 75f3f2e5-2ad8-4ad3-8b67-aef2e086c6da Error for job: 003
2026-09-10 18:46:43,783 INFO endpoints: 87973b7d-f127-4cc1-9dd6-1c0d3aadb362 Received request: GET /jobs
2026-09-10 18:46:43,783 INFO dependencies: 976f4a29-6dcf-4aa8-a746-b644aa1dc79e Received request: GET /jobs/1000
2026-09-10 18:46:43,784 INFO dependencies: 976f4a29-6dcf-4aa8-a746-b644aa1dc79e Job not found: 1000
2026-09-10 18:46:43,784 INFO endpoints: 6069b812-f79c-403a-8cb5-0c68a721605e Received request: GET /jobs
2026-09-10 18:46:43,784 INFO endpoints: a1953ee0-d100-444f-9f13-617fea3bedb8 Received request: GET /jobs
2026-09-10 18:46:43,784 INFO endpoints: e0dd121d-e43d-4fa3-be59-237c90c3d807 Received request: GET /jobs
2026-09-10 18:46:43,786 INFO endpoints: 9375805f-9537-45cc-8df1-d4d159fde06a Found job: 001
2026-09-10 18:46:43,788 INFO dependencies: b4c90d4c-ca52-4cfa-8fac-3e7cd243896f Received request: POST /jobs/004/run
2026-09-10 18:46:43,788 INFO dependencies: b4c90d4c-ca52-4cfa-8fac-3e7cd243896f Job not found: 004
2026-09-10 18:46:43,788 INFO endpoints: dc40d5df-3acf-4ec2-b20e-4f50321bd3e3 Received request: GET /jobs
2026-09-10 18:46:43,788 INFO endpoints: e63093b4-aebc-466d-b3b7-c548a87322d4 Received request: GET /jobs
2026-09-10 18:46:43,788 INFO dependencies: bd8a5323-2dd1-4378-9238-9a92ea7d44aa Received request: GET /jobs/001
2026-09-10 18:46:43,788 INFO endpoints: fb0b0277-3682-42c0-b69d-9b2b5022bff1 Received request: GET /jobs
2026-09-10 18:46:43,788 INFO endpoints: c277c9fd-7bc6-4e4b-9d81-c84709a515b6 Found job: 001
2026-09-10 18:46:43,788 INFO dependencies: e1df1ba2-5c6f-463e-9d7d-2572ef02ef0c Received request: POST /jobs/004/run
2026-09-10 18:46:43,790 INFO dependencies: e1df1ba2-5c6f-463e-9d7d-2572ef02ef0c Job not found: 004
2026-09-10 18:46:43,790 INFO job_service: adb54ccc-ce8b-49c6-b4ee-0ad1207621f1 Processing Job: 003
2026-09-10 18:46:43,790 INFO job_service: adb54ccc-ce8b-49c6-b4ee-0ad1207621f1 Error for job: 003
2026-09-10 18:46:43,792 INFO endpoints: 9dfd8c51-2d4a-476a-bdc7-197463d56993 Scheduling job: 003
2026-09-10 18:46:43,792 INFO endpoints: ccd2b9ec-5083-441b-9ab4-d10d7458fb93 Found job: 001
2026-09-10 18:46:43,793 INFO endpoints: 822aa22d-6f61-4ec3-b41e-f8abd701fc55 Received request: GET /jobs
2026-09-10 18:46:43,793 INFO endpoints: 412f08a1-27e0-420b-9916-dcc838c277be Received request: GET /jobs
2026-09-10 18:46:43,795 INFO endpoints: 52a5d932-c715-4bd5-97b7-b50519abe637 Received request: GET /jobs
2026-09-10 18:46:43,798 INFO dependencies: f09a2660-b161-4059-a1f4-5454aaec715a Received request: GET /jobs/1000
2026-09-10 18:46:43,798 INFO dependencies: f09a2660-b161-4059-a1f4-5454aaec715a Job not found: 1000
2026-09-10 18:46:43,798 INFO endpoints: cfcc6ab0-27cf-4ad0-a9c4-b0a7fa5f5ec9 Received request: GET /jobs
2026-09-10 18:46:43,798 INFO dependencies: 7d1ddd4a-07e8-447f-aa0f-789377dc95e8 Received request: POST /jobs/003/run
2026-09-10 18:46:43,798 INFO dependencies: 40649917-c72b-498b-83fd-bb616fcf4d66 Received request: POST /jobs/004/run
2026-09-10 18:46:43,798 INFO dependencies: 625b3e13-3cae-41af-a9bd-708da9702b83 Received request: GET /jobs/1000
2026-09-10 18:46:43,799 INFO endpoints: 45ae7804-a35c-477b-90ea-723090765bda Received request: GET /jobs
2026-09-10 18:46:43,799 INFO endpoints: ed6e1c20-1b8e-4896-a6f3-d6b9ad29ee96 Received request: GET /jobs
2026-09-10 18:46:43,799 INFO dependencies: 459475f5-4ce7-429b-b4a1-9f25b17e7dfc Received request: POST /jobs/004/run
2026-09-10 18:46:43,800 INFO dependencies: 40649917-c72b-498b-83fd-bb616fcf4d66 Job not found: 004
2026-09-10 18:46:43,800 INFO endpoints: bd8a5323-2dd1-4378-9238-9a92ea7d44aa Found job: 001
2026-09-10 18:46:43,800 INFO dependencies: 625b3e13-3cae-41af-a9bd-708da9702b83 Job not found: 1000
2026-09-10 18:46:43,801 INFO job_service: 45e67d16-4d45-4551-ac24-cd73aa4cca11 Processing Job: 003
2026-09-10 18:46:43,801 INFO dependencies: 459475f5-4ce7-429b-b4a1-9f25b17e7dfc Job not found: 004
2026-09-10 18:46:43,802 INFO dependencies: ef395e0a-6770-4d03-86a6-0bacbaf2c6a3 Received request: POST /jobs/004/run
2026-09-10 18:46:43,803 INFO dependencies: ef395e0a-6770-4d03-86a6-0bacbaf2c6a3 Job not found: 004
2026-09-10 18:46:43,803 INFO job_service: 45e67d16-4d45-4551-ac24-cd73aa4cca11 Error for job: 003
2026-09-10 18:46:43,803 INFO dependencies: 8a6dd874-c94d-4cf1-8f7c-8cab0beba13e Received request: POST /jobs/004/run
2026-09-10 18:46:43,804 INFO dependencies: 8a6dd874-c94d-4cf1-8f7c-8cab0beba13e Job not found: 004
2026-09-10 18:46:43,806 INFO dependencies: b2de6dab-e442-448b-a4a3-ef223586d4d4 Received request: GET /jobs/001
2026-09-10 18:46:43,806 INFO endpoints: 86b47424-0758-4c57-8ead-160990dcd318 Received request: GET /jobs
2026-09-10 18:46:43,806 INFO dependencies: 6a8ebf26-1520-48e8-81da-98f4214f721b Received request: POST /jobs/004/run
2026-09-10 18:46:43,807 INFO dependencies: 6a8ebf26-1520-48e8-81da-98f4214f721b Job not found: 004
2026-09-10 18:46:43,806 INFO dependencies: 5e0687ae-9215-4a58-811c-53e080352396 Received request: GET /jobs/1000
2026-09-10 18:46:43,807 INFO dependencies: 35ea21b1-ef3f-41b7-b45f-03dd89e91bd9 Received request: GET /jobs/001
2026-09-10 18:46:43,807 INFO dependencies: ccbf9c3a-7f03-4291-b03b-6868f5abb487 Received request: GET /jobs/1000
2026-09-10 18:46:43,806 INFO dependencies: 57abcd53-46db-4b87-b3b6-7a2bf7e6c024 Received request: GET /jobs/001
2026-09-10 18:46:43,808 INFO dependencies: 5e0687ae-9215-4a58-811c-53e080352396 Job not found: 1000
2026-09-10 18:46:43,809 INFO dependencies: 89a45032-bea9-473c-a34c-99daf1745621 Received request: GET /jobs/001
2026-09-10 18:46:43,809 INFO dependencies: ccbf9c3a-7f03-4291-b03b-6868f5abb487 Job not found: 1000
2026-09-10 18:46:43,810 INFO endpoints: 7d1ddd4a-07e8-447f-aa0f-789377dc95e8 Scheduling job: 003
2026-09-10 18:46:43,811 INFO dependencies: c25c8ee9-1c35-4c4e-a3db-12cc05b94d15 Received request: POST /jobs/003/run
2026-09-10 18:46:43,811 INFO endpoints: 057ab047-68b7-436f-ad24-d3aeb576664d Received request: GET /jobs
2026-09-10 18:46:43,811 INFO dependencies: c35888ea-b732-4151-a0ac-669e83083067 Received request: GET /jobs/001
2026-09-10 18:46:43,811 INFO endpoints: b6627c1a-f738-40ce-a083-340a78da46c9 Received request: GET /jobs
2026-09-10 18:46:43,812 INFO job_service: 9dfd8c51-2d4a-476a-bdc7-197463d56993 Processing Job: 003
2026-09-10 18:46:43,813 INFO job_service: 9dfd8c51-2d4a-476a-bdc7-197463d56993 Error for job: 003
2026-09-10 18:46:43,814 INFO dependencies: 3cd8108b-1292-4a22-a1c6-ae7c832152ac Received request: GET /jobs/1000
2026-09-10 18:46:43,814 INFO dependencies: 3cd8108b-1292-4a22-a1c6-ae7c832152ac Job not found: 1000
2026-09-10 18:46:43,814 INFO dependencies: d91df3e4-699a-45be-a4be-d338518a77e4 Received request: GET /jobs/001
2026-09-10 18:46:43,816 INFO endpoints: b2de6dab-e442-448b-a4a3-ef223586d4d4 Found job: 001
2026-09-10 18:46:43,818 INFO endpoints: 35ea21b1-ef3f-41b7-b45f-03dd89e91bd9 Found job: 001
2026-09-10 18:46:43,818 INFO endpoints: 57abcd53-46db-4b87-b3b6-7a2bf7e6c024 Found job: 001
2026-09-10 18:46:43,823 INFO endpoints: 89a45032-bea9-473c-a34c-99daf1745621 Found job: 001
2026-09-10 18:46:43,823 INFO endpoints: c25c8ee9-1c35-4c4e-a3db-12cc05b94d15 Scheduling job: 003
2026-09-10 18:46:43,825 INFO endpoints: c35888ea-b732-4151-a0ac-669e83083067 Found job: 001
2026-09-10 18:46:43,826 INFO dependencies: c42709c9-45a5-474a-82ad-02cc74026b72 Received request: GET /jobs/001
2026-09-10 18:46:43,826 INFO dependencies: 4c4ba8c1-af94-4e03-bfd1-6f009506a3c1 Received request: POST /jobs/003/run
2026-09-10 18:46:43,826 INFO endpoints: d91df3e4-699a-45be-a4be-d338518a77e4 Found job: 001
2026-09-10 18:46:43,826 INFO dependencies: a89c248b-8a35-41f2-8277-3535854b9b0a Received request: GET /jobs/001
2026-09-10 18:46:43,826 INFO endpoints: 05b69136-b75a-4b11-a907-61197d125221 Received request: GET /jobs
2026-09-10 18:46:43,826 INFO endpoints: 12e68859-f230-4dbd-9dd3-364c5af5c41b Received request: GET /jobs
2026-09-10 18:46:43,826 INFO dependencies: 48b01c19-b23d-4e01-b813-a84d13e0d7c1 Received request: POST /jobs/004/run
2026-09-10 18:46:43,826 INFO endpoints: 5087a280-288c-4a01-af85-4c1539313f13 Received request: GET /jobs
2026-09-10 18:46:43,826 INFO dependencies: 23f0edd5-f034-4ec3-982f-d79d176cd4e9 Received request: POST /jobs/003/run
2026-09-10 18:46:43,827 INFO dependencies: e5ec7994-f74f-412c-8438-71c9002ab0b9 Received request: GET /jobs/001
2026-09-10 18:46:43,827 INFO endpoints: de931ce0-5a57-49e0-b503-84af8cc0c53f Received request: GET /jobs
2026-09-10 18:46:43,829 INFO dependencies: 48b01c19-b23d-4e01-b813-a84d13e0d7c1 Job not found: 004
2026-09-10 18:46:43,829 INFO endpoints: f51a19e1-dd68-4568-9796-46188c4f4b28 Received request: GET /jobs
2026-09-10 18:46:43,829 INFO dependencies: 9debb419-fe2b-4cdd-97c5-1f166dfafe71 Received request: GET /jobs/1000
2026-09-10 18:46:43,829 INFO endpoints: 444ca4cc-5e9e-40c0-a7ea-5110f6d3bdde Received request: GET /jobs
2026-09-10 18:46:43,829 INFO dependencies: c1b2e87d-9b78-4ff6-94a2-3344d611373c Received request: POST /jobs/004/run
2026-09-10 18:46:43,831 INFO job_service: 7d1ddd4a-07e8-447f-aa0f-789377dc95e8 Processing Job: 003
2026-09-10 18:46:43,832 INFO dependencies: eb9486cd-606a-45da-9a03-738572842c08 Received request: POST /jobs/004/run
2026-09-10 18:46:43,832 INFO dependencies: 1348f387-9897-4e04-9a3e-0931d6e8c80e Received request: GET /jobs/1000
2026-09-10 18:46:43,833 INFO dependencies: 7579c774-ee7c-4600-a17f-4feb3f2f4b2a Received request: GET /jobs/001
2026-09-10 18:46:43,834 INFO endpoints: c42709c9-45a5-474a-82ad-02cc74026b72 Found job: 001
2026-09-10 18:46:43,834 INFO endpoints: bf7fbe69-5bf2-4a4e-adfe-b013052d3213 Received request: GET /jobs
2026-09-10 18:46:43,834 INFO dependencies: 9a9fb734-2d3d-45c7-acf5-c30077b6f467 Received request: GET /jobs/001
2026-09-10 18:46:43,834 INFO endpoints: 4c4ba8c1-af94-4e03-bfd1-6f009506a3c1 Scheduling job: 003
2026-09-10 18:46:43,834 INFO dependencies: eefe3248-310a-4caa-9b2a-f9551c9cfe66 Received request: GET /jobs/001
2026-09-10 18:46:43,834 INFO dependencies: 62949134-3a06-4b3b-9db0-9705f1f1432c Received request: POST /jobs/004/run
2026-09-10 18:46:43,834 INFO dependencies: 33969eac-8b94-4b10-a752-f1885a2b15a6 Received request: GET /jobs/001
2026-09-10 18:46:43,834 INFO endpoints: a89c248b-8a35-41f2-8277-3535854b9b0a Found job: 001
2026-09-10 18:46:43,834 INFO dependencies: 9debb419-fe2b-4cdd-97c5-1f166dfafe71 Job not found: 1000
2026-09-10 18:46:43,835 INFO dependencies: c1b2e87d-9b78-4ff6-94a2-3344d611373c Job not found: 004
2026-09-10 18:46:43,835 INFO job_service: 7d1ddd4a-07e8-447f-aa0f-789377dc95e8 Error for job: 003
2026-09-10 18:46:43,836 INFO dependencies: eb9486cd-606a-45da-9a03-738572842c08 Job not found: 004
2026-09-10 18:46:43,837 INFO dependencies: 1348f387-9897-4e04-9a3e-0931d6e8c80e Job not found: 1000
2026-09-10 18:46:43,839 INFO dependencies: 62949134-3a06-4b3b-9db0-9705f1f1432c Job not found: 004
2026-09-10 18:46:43,839 INFO endpoints: 23f0edd5-f034-4ec3-982f-d79d176cd4e9 Scheduling job: 003
2026-09-10 18:46:43,841 INFO endpoints: d16bf0cd-0941-46b3-aa2f-2ba84bfb19db Received request: GET /jobs
2026-09-10 18:46:43,842 INFO endpoints: d8713d6b-d015-4dee-a4f4-86d5f3c2a794 Received request: GET /jobs
2026-09-10 18:46:43,844 INFO endpoints: 6e34e985-926f-499e-b4bc-c19e60e6a1e4 Received request: GET /jobs
2026-09-10 18:46:43,845 INFO dependencies: ba7ab3c1-ffe8-45b7-af18-d40c61667a74 Received request: GET /jobs/001
2026-09-10 18:46:43,846 INFO endpoints: e5ec7994-f74f-412c-8438-71c9002ab0b9 Found job: 001
2026-09-10 18:46:43,846 INFO job_service: c25c8ee9-1c35-4c4e-a3db-12cc05b94d15 Processing Job: 003
2026-09-10 18:46:43,849 INFO job_service: c25c8ee9-1c35-4c4e-a3db-12cc05b94d15 Error for job: 003
2026-09-10 18:46:43,851 INFO dependencies: f07f4c3c-a590-4c70-a2f6-44ae4f506b3a Received request: GET /jobs/001
2026-09-10 18:46:43,851 INFO dependencies: 4f35780f-511c-48b3-9e1f-486540e09739 Received request: GET /jobs/001
2026-09-10 18:46:43,852 INFO dependencies: d2ac97a3-b8d2-416c-9d72-044e42d2b5b0 Received request: GET /jobs/001
2026-09-10 18:46:43,858 INFO endpoints: 7579c774-ee7c-4600-a17f-4feb3f2f4b2a Found job: 001
2026-09-10 18:46:43,859 INFO dependencies: b98963b9-4217-434c-81f1-330c3638b1b9 Received request: GET /jobs/1000
2026-09-10 18:46:43,859 INFO dependencies: b98963b9-4217-434c-81f1-330c3638b1b9 Job not found: 1000
2026-09-10 18:46:43,860 INFO endpoints: 9a9fb734-2d3d-45c7-acf5-c30077b6f467 Found job: 001
2026-09-10 18:46:43,860 INFO endpoints: eefe3248-310a-4caa-9b2a-f9551c9cfe66 Found job: 001
2026-09-10 18:46:43,861 INFO endpoints: 33969eac-8b94-4b10-a752-f1885a2b15a6 Found job: 001
2026-09-10 18:46:43,864 INFO dependencies: 777703f0-1664-4795-a395-424c2c22dfad Received request: GET /jobs/1000
2026-09-10 18:46:43,864 INFO dependencies: 777703f0-1664-4795-a395-424c2c22dfad Job not found: 1000
2026-09-10 18:46:43,864 INFO dependencies: fcf44e2a-1d3c-4222-b22b-3f8a2af3cc44 Received request: POST /jobs/003/run
2026-09-10 18:46:43,864 INFO dependencies: c1431cdb-9802-4208-ba20-30120e1c185d Received request: GET /jobs/001
2026-09-10 18:46:43,864 INFO dependencies: fea71a24-9046-4181-b6b9-aa4ca53f080b Received request: POST /jobs/004/run
2026-09-10 18:46:43,866 INFO dependencies: fea71a24-9046-4181-b6b9-aa4ca53f080b Job not found: 004
2026-09-10 18:46:43,868 INFO endpoints: ba7ab3c1-ffe8-45b7-af18-d40c61667a74 Found job: 001
2026-09-10 18:46:43,868 INFO dependencies: 4e452936-2b8d-4b46-9757-6ebc93423593 Received request: POST /jobs/004/run
2026-09-10 18:46:43,869 INFO dependencies: 4e452936-2b8d-4b46-9757-6ebc93423593 Job not found: 004
2026-09-10 18:46:43,869 INFO dependencies: 63d30bd7-581b-4c8f-bf8a-1f9caedd1506 Received request: POST /jobs/004/run
2026-09-10 18:46:43,869 INFO dependencies: 63d30bd7-581b-4c8f-bf8a-1f9caedd1506 Job not found: 004
2026-09-10 18:46:43,868 INFO endpoints: 28e348a5-8ecc-45cf-9ff5-4616857dbc5e Received request: GET /jobs
2026-09-10 18:46:43,871 INFO endpoints: f07f4c3c-a590-4c70-a2f6-44ae4f506b3a Found job: 001
2026-09-10 18:46:43,871 INFO endpoints: d2ac97a3-b8d2-416c-9d72-044e42d2b5b0 Found job: 001
2026-09-10 18:46:43,872 INFO dependencies: 1b1d1d08-b31e-44d7-8fbb-6f9e3f22c73d Received request: POST /jobs/004/run
2026-09-10 18:46:43,872 INFO endpoints: 4f35780f-511c-48b3-9e1f-486540e09739 Found job: 001
2026-09-10 18:46:43,874 INFO dependencies: 1b1d1d08-b31e-44d7-8fbb-6f9e3f22c73d Job not found: 004
2026-09-10 18:46:43,874 INFO dependencies: 7dacb257-4018-4c1a-b5d0-9b47f28c95cd Received request: GET /jobs/1000
2026-09-10 18:46:43,875 INFO dependencies: 7dacb257-4018-4c1a-b5d0-9b47f28c95cd Job not found: 1000
2026-09-10 18:46:43,874 INFO endpoints: b6e7ec3f-971d-4755-b63c-472a2bf8e01b Received request: GET /jobs
2026-09-10 18:46:43,877 INFO job_service: 4c4ba8c1-af94-4e03-bfd1-6f009506a3c1 Processing Job: 003
2026-09-10 18:46:43,877 INFO job_service: 4c4ba8c1-af94-4e03-bfd1-6f009506a3c1 Error for job: 003
2026-09-10 18:46:43,878 INFO dependencies: cb4f0e62-f840-413c-b181-790931410fa7 Received request: GET /jobs/1000
2026-09-10 18:46:43,878 INFO dependencies: cb4f0e62-f840-413c-b181-790931410fa7 Job not found: 1000
2026-09-10 18:46:43,878 INFO endpoints: 7fb13f4c-8245-4d43-9792-216641e82a82 Received request: GET /jobs
2026-09-10 18:46:43,879 INFO endpoints: fcf44e2a-1d3c-4222-b22b-3f8a2af3cc44 Scheduling job: 003
2026-09-10 18:46:43,880 INFO endpoints: c1431cdb-9802-4208-ba20-30120e1c185d Found job: 001
2026-09-10 18:46:43,880 INFO job_service: 23f0edd5-f034-4ec3-982f-d79d176cd4e9 Processing Job: 003
2026-09-10 18:46:43,880 INFO job_service: 23f0edd5-f034-4ec3-982f-d79d176cd4e9 Error for job: 003
2026-09-10 18:46:43,881 INFO endpoints: 079edbd3-2a02-4288-a4e8-a4849e90e247 Received request: GET /jobs
2026-09-10 18:46:43,881 INFO dependencies: 11534b42-a498-4709-a21b-195c49a87924 Received request: GET /jobs/001
2026-09-10 18:46:43,884 INFO endpoints: c3763143-f4e5-4698-ae77-c6d47bed8d26 Received request: GET /jobs
2026-09-10 18:46:43,884 INFO dependencies: 6c58f1f7-85fa-44b5-881d-e72494d7759c Received request: GET /jobs/001
2026-09-10 18:46:43,890 INFO endpoints: 11534b42-a498-4709-a21b-195c49a87924 Found job: 001
2026-09-10 18:46:43,891 INFO dependencies: 5bd4121a-a604-4216-a798-c166e5bc0d33 Received request: GET /jobs/001
2026-09-10 18:46:43,890 INFO dependencies: c38c1346-7dd4-483d-a369-29178a5fe48a Received request: POST /jobs/004/run
2026-09-10 18:46:43,890 INFO dependencies: 569fe7f6-82ed-454f-9563-a51419d010ef Received request: GET /jobs/001
2026-09-10 18:46:43,890 INFO endpoints: 7cca6664-7f84-4759-a87f-f8188f9766e1 Received request: GET /jobs
2026-09-10 18:46:43,890 INFO endpoints: 0318aad2-5a9f-47bd-8209-16c005d826f3 Received request: GET /jobs
2026-09-10 18:46:43,890 INFO dependencies: 644dc314-3db5-4bda-a501-0f0145b05871 Received request: GET /jobs/1000
2026-09-10 18:46:43,892 INFO dependencies: c38c1346-7dd4-483d-a369-29178a5fe48a Job not found: 004
2026-09-10 18:46:43,894 INFO dependencies: 644dc314-3db5-4bda-a501-0f0145b05871 Job not found: 1000
2026-09-10 18:46:43,895 INFO endpoints: 6c58f1f7-85fa-44b5-881d-e72494d7759c Found job: 001
2026-09-10 18:46:43,896 INFO dependencies: f0db8e7a-5cf8-44a2-a258-0ac4e36993f5 Received request: GET /jobs/001
2026-09-10 18:46:43,896 INFO endpoints: 60d5b29d-f238-4cd2-8d0e-3ebd751813d0 Received request: GET /jobs
2026-09-10 18:46:43,898 INFO dependencies: 874359e0-692e-49d3-bb5d-a9ef5850cfa1 Received request: GET /jobs/001
2026-09-10 18:46:43,899 INFO job_service: fcf44e2a-1d3c-4222-b22b-3f8a2af3cc44 Processing Job: 003
2026-09-10 18:46:43,899 INFO job_service: fcf44e2a-1d3c-4222-b22b-3f8a2af3cc44 Error for job: 003
2026-09-10 18:46:43,900 INFO dependencies: 3ead0109-ce79-48c0-9c5c-aace6e53ded1 Received request: POST /jobs/004/run
2026-09-10 18:46:43,900 INFO dependencies: 3ead0109-ce79-48c0-9c5c-aace6e53ded1 Job not found: 004
2026-09-10 18:46:43,901 INFO endpoints: 5bd4121a-a604-4216-a798-c166e5bc0d33 Found job: 001
2026-09-10 18:46:43,901 INFO endpoints: 569fe7f6-82ed-454f-9563-a51419d010ef Found job: 001
2026-09-10 18:46:43,900 INFO dependencies: 682338ac-0cd6-470c-83b8-aa8a0dcdd6bd Received request: GET /jobs/1000
2026-09-10 18:46:43,902 INFO dependencies: 682338ac-0cd6-470c-83b8-aa8a0dcdd6bd Job not found: 1000
2026-09-10 18:46:43,902 INFO dependencies: 0c5f2741-6375-46a1-9c4a-8f7efbdfa5ca Received request: GET /jobs/001
2026-09-10 18:46:43,903 INFO dependencies: 22b8bcf8-f20f-40b8-a72c-1d145ad50332 Received request: GET /jobs/001
2026-09-10 18:46:43,903 INFO endpoints: f0db8e7a-5cf8-44a2-a258-0ac4e36993f5 Found job: 001
2026-09-10 18:46:43,904 INFO endpoints: f34b95a1-d0bb-4045-808d-3b916f1f78d7 Received request: GET /jobs
2026-09-10 18:46:43,904 INFO dependencies: ab3d2bab-adba-4e67-8fcc-00133684d388 Received request: GET /jobs/001
2026-09-10 18:46:43,904 INFO endpoints: 874359e0-692e-49d3-bb5d-a9ef5850cfa1 Found job: 001
2026-09-10 18:46:43,905 INFO dependencies: 0e38cded-2d76-4f16-9ef6-dd5428f979f1 Received request: GET /jobs/001
2026-09-10 18:46:43,906 INFO dependencies: 860aeae7-6a25-42a1-a53a-458b79029cf4 Received request: POST /jobs/004/run
2026-09-10 18:46:43,906 INFO dependencies: 860aeae7-6a25-42a1-a53a-458b79029cf4 Job not found: 004
2026-09-10 18:46:43,906 INFO endpoints: b6accc05-18a5-4f9a-901b-a6994d7507a7 Received request: GET /jobs
2026-09-10 18:46:43,907 INFO endpoints: 0c5f2741-6375-46a1-9c4a-8f7efbdfa5ca Found job: 001
2026-09-10 18:46:43,908 INFO endpoints: 22b8bcf8-f20f-40b8-a72c-1d145ad50332 Found job: 001
2026-09-10 18:46:43,908 INFO dependencies: 930e686c-8a12-4d58-bf6f-fb57c66ef063 Received request: POST /jobs/003/run
2026-09-10 18:46:43,908 INFO dependencies: 6668a7e3-f154-41a7-a66d-0d13ba8d21a5 Received request: GET /jobs/1000
2026-09-10 18:46:43,910 INFO dependencies: 6668a7e3-f154-41a7-a66d-0d13ba8d21a5 Job not found: 1000
2026-09-10 18:46:43,910 INFO endpoints: 0e38cded-2d76-4f16-9ef6-dd5428f979f1 Found job: 001
2026-09-10 18:46:43,909 INFO endpoints: ab3d2bab-adba-4e67-8fcc-00133684d388 Found job: 001
2026-09-10 18:46:43,911 INFO endpoints: f56db6bd-e09b-4a26-a836-0b911f43b6fc Received request: GET /jobs
2026-09-10 18:46:43,912 INFO dependencies: 9a0a818a-69e7-4b15-ba29-dfaf3385a2a2 Received request: GET /jobs/1000
2026-09-10 18:46:43,912 INFO dependencies: 9a0a818a-69e7-4b15-ba29-dfaf3385a2a2 Job not found: 1000
2026-09-10 18:46:43,912 INFO dependencies: 893680d8-dc5e-492f-82f3-e63b05821d7b Received request: GET /jobs/001
2026-09-10 18:46:43,912 INFO dependencies: eaf934a7-25ca-4816-b434-19deb62d2a83 Received request: POST /jobs/003/run
2026-09-10 18:46:43,914 INFO endpoints: 930e686c-8a12-4d58-bf6f-fb57c66ef063 Scheduling job: 003
2026-09-10 18:46:43,914 INFO endpoints: c1f131c4-1a87-4104-ae1b-28c98f8a322e Received request: GET /jobs
2026-09-10 18:46:43,915 INFO dependencies: 67350c90-0c63-4822-9f5e-76998c6ebdb0 Received request: GET /jobs/001
2026-09-10 18:46:43,916 INFO endpoints: 196b1eb1-d616-44a7-b342-75a3e773023b Received request: GET /jobs
2026-09-10 18:46:43,917 INFO endpoints: 893680d8-dc5e-492f-82f3-e63b05821d7b Found job: 001
2026-09-10 18:46:43,917 INFO endpoints: eaf934a7-25ca-4816-b434-19deb62d2a83 Scheduling job: 003
2026-09-10 18:46:43,919 INFO endpoints: 67350c90-0c63-4822-9f5e-76998c6ebdb0 Found job: 001
2026-09-10 18:46:43,920 INFO endpoints: ab932d7d-e7cc-4f17-84eb-94b5df8b6378 Received request: GET /jobs
2026-09-10 18:46:43,921 INFO job_service: 930e686c-8a12-4d58-bf6f-fb57c66ef063 Processing Job: 003
2026-09-10 18:46:43,922 INFO job_service: 930e686c-8a12-4d58-bf6f-fb57c66ef063 Error for job: 003
2026-09-10 18:46:43,922 INFO dependencies: 66105b92-080a-4362-9913-3aefef721093 Received request: GET /jobs/001
2026-09-10 18:46:43,922 INFO dependencies: c2580722-7802-4995-b264-744272a8c781 Received request: GET /jobs/001
2026-09-10 18:46:43,922 INFO endpoints: 606b6ab0-337b-41bc-8a2e-2292b54fa1f8 Received request: GET /jobs
2026-09-10 18:46:43,923 INFO dependencies: 6b562050-397d-4249-9242-3ee744671fd3 Received request: GET /jobs/001
2026-09-10 18:46:43,923 INFO job_service: eaf934a7-25ca-4816-b434-19deb62d2a83 Processing Job: 003
2026-09-10 18:46:43,924 INFO job_service: eaf934a7-25ca-4816-b434-19deb62d2a83 Error for job: 003
2026-09-10 18:46:43,925 INFO dependencies: 82300347-8032-49d1-b240-c368dc19f81e Received request: GET /jobs/001
2026-09-10 18:46:43,925 INFO endpoints: 66105b92-080a-4362-9913-3aefef721093 Found job: 001
2026-09-10 18:46:43,926 INFO endpoints: c2580722-7802-4995-b264-744272a8c781 Found job: 001
2026-09-10 18:46:43,926 INFO endpoints: 6b562050-397d-4249-9242-3ee744671fd3 Found job: 001
2026-09-10 18:46:43,927 INFO dependencies: 2cb65f2b-c8bb-4de7-9850-60a9f9b51f71 Received request: POST /jobs/003/run
2026-09-10 18:46:43,927 INFO endpoints: 4759b479-d94d-4ba4-81c4-e565ebf0cc24 Received request: GET /jobs
2026-09-10 18:46:43,927 INFO endpoints: 82300347-8032-49d1-b240-c368dc19f81e Found job: 001
2026-09-10 18:46:43,927 INFO dependencies: 65906a84-4094-4f4e-96fb-ccc4dec5e08c Received request: POST /jobs/004/run
2026-09-10 18:46:43,928 INFO dependencies: 65906a84-4094-4f4e-96fb-ccc4dec5e08c Job not found: 004
2026-09-10 18:46:43,928 INFO endpoints: 2cb65f2b-c8bb-4de7-9850-60a9f9b51f71 Scheduling job: 003
2026-09-10 18:46:43,930 INFO dependencies: 1126de55-e402-4f57-920c-d612c2029730 Received request: POST /jobs/003/run
2026-09-10 18:46:43,931 INFO endpoints: 1126de55-e402-4f57-920c-d612c2029730 Scheduling job: 003
2026-09-10 18:46:43,932 INFO endpoints: 2c2bdf4d-cf42-47cb-9365-bccc7ff39db9 Received request: GET /jobs
2026-09-10 18:46:43,932 INFO job_service: 2cb65f2b-c8bb-4de7-9850-60a9f9b51f71 Processing Job: 003
2026-09-10 18:46:43,932 INFO job_service: 2cb65f2b-c8bb-4de7-9850-60a9f9b51f71 Error for job: 003
2026-09-10 18:46:43,932 INFO dependencies: 5f0a5579-4ad7-4952-80c4-3dc596d13b62 Received request: POST /jobs/004/run
2026-09-10 18:46:43,933 INFO dependencies: 5f0a5579-4ad7-4952-80c4-3dc596d13b62 Job not found: 004
2026-09-10 18:46:43,934 INFO job_service: 1126de55-e402-4f57-920c-d612c2029730 Processing Job: 003
2026-09-10 18:46:43,934 INFO job_service: 1126de55-e402-4f57-920c-d612c2029730 Error for job: 003
2026-09-10 18:47:50,331 INFO endpoints: b460bfe1-5b82-48ed-b73b-e5ef7a66f97f Received request: GET /jobs
2026-09-10 18:47:50,346 INFO endpoints: b2039251-ce7b-4e48-a89f-6c131e82f7a3 Received request: GET /jobs
2026-09-10 18:47:50,346 INFO endpoints: b81de767-91e9-4519-98d1-d8a3a9259249 Received request: GET /jobs
2026-09-10 18:47:50,346 INFO endpoints: 6a97ae09-e868-4ec6-b245-d5f594765104 Received request: GET /jobs
2026-09-10 18:47:50,347 INFO endpoints: dd677c00-1d83-4bca-81a8-9c7177d0934e Received request: GET /jobs
2026-09-10 18:47:50,347 INFO endpoints: a0686e7a-7bf8-49e5-aba2-881296d51da8 Received request: GET /jobs
2026-09-10 18:47:50,347 INFO dependencies: 7a32c79c-0952-428b-ab16-d26a72c37d32 Received request: GET /jobs/1000
2026-09-10 18:47:50,347 WARNING dependencies: 7a32c79c-0952-428b-ab16-d26a72c37d32 Job not found: 1000
2026-09-10 18:47:50,347 INFO endpoints: 671dfd45-4f05-4b52-84bb-e8aef6398184 Received request: GET /jobs
2026-09-10 18:47:50,348 INFO endpoints: 34181d62-8636-40d6-98c4-44b950804548 Received request: GET /jobs
2026-09-10 18:47:50,348 INFO dependencies: 2e74f89d-e013-4481-8ab9-b2ebb6a3bc7a Received request: GET /jobs/1000
2026-09-10 18:47:50,348 WARNING dependencies: 2e74f89d-e013-4481-8ab9-b2ebb6a3bc7a Job not found: 1000
2026-09-10 18:47:50,348 INFO endpoints: 17af92ad-fe09-4186-aa00-f05c1b491a1c Received request: GET /jobs
2026-09-10 18:47:50,349 INFO endpoints: 60fb78ca-e33c-44a9-967a-69f20d5fc96b Received request: GET /jobs
2026-09-10 18:47:50,349 INFO endpoints: 47d583cc-a8f6-4e81-bf6a-6670f98c0a04 Received request: GET /jobs
2026-09-10 18:47:50,349 INFO endpoints: 260f29fa-4c68-4ea8-965f-17e1a9ae96e2 Received request: GET /jobs
2026-09-10 18:47:50,349 INFO endpoints: 048362f6-c4f8-43e4-ba9f-b2be0fb4cf48 Received request: GET /jobs
2026-09-10 18:47:50,349 INFO endpoints: d014d527-c703-432b-a8a4-327d8e2d5806 Received request: GET /jobs
2026-09-10 18:47:50,350 INFO endpoints: ce9de1ac-f664-4052-a91c-27fd7e6fb5c6 Received request: GET /jobs
2026-09-10 18:47:50,350 INFO endpoints: 66e0749e-41dd-4b04-82c6-30e618b8eee1 Received request: GET /jobs
2026-09-10 18:47:50,350 INFO dependencies: e7f9f740-a88c-4d8f-b0de-dfffdac1957c Received request: GET /jobs/1000
2026-09-10 18:47:50,350 WARNING dependencies: e7f9f740-a88c-4d8f-b0de-dfffdac1957c Job not found: 1000
2026-09-10 18:47:50,351 INFO endpoints: 4c6e31e4-6331-4899-a5f5-da67604cc5ec Received request: GET /jobs
2026-09-10 18:47:50,351 INFO endpoints: c181cb2a-550c-4055-bde6-bf22ee67fe6e Received request: GET /jobs
2026-09-10 18:47:50,351 INFO endpoints: b71752be-4270-4be7-8c5b-985349148300 Received request: GET /jobs
2026-09-10 18:47:50,351 INFO endpoints: 652e1c27-f617-4f82-85ca-f008d151898c Received request: GET /jobs
2026-09-10 18:47:50,352 INFO endpoints: 07364276-c3be-4760-94c8-2d3712332ec9 Received request: GET /jobs
2026-09-10 18:47:50,352 INFO dependencies: 511bcaa5-7ec6-4bf7-9034-ac4fd05c3717 Received request: GET /jobs/1000
2026-09-10 18:47:50,352 WARNING dependencies: 511bcaa5-7ec6-4bf7-9034-ac4fd05c3717 Job not found: 1000
2026-09-10 18:47:50,352 INFO dependencies: b383ceda-3543-411c-9a5a-cd8a37251a01 Received request: GET /jobs/1000
2026-09-10 18:47:50,352 WARNING dependencies: b383ceda-3543-411c-9a5a-cd8a37251a01 Job not found: 1000
2026-09-10 18:47:50,353 INFO endpoints: 10d91503-ee17-48b8-a3db-83526f0539b0 Received request: GET /jobs
2026-09-10 18:47:50,354 INFO dependencies: c61a775c-d319-4474-ae3d-5b0f1c44eccf Received request: GET /jobs/1000
2026-09-10 18:47:50,354 WARNING dependencies: c61a775c-d319-4474-ae3d-5b0f1c44eccf Job not found: 1000
2026-09-10 18:47:50,354 INFO endpoints: 183d8282-17aa-4545-8d05-214f45745c2d Received request: GET /jobs
2026-09-10 18:47:50,354 INFO endpoints: 44206ecb-99a3-4ee6-b3c0-81d5dc498904 Received request: GET /jobs
2026-09-10 18:47:50,355 INFO endpoints: 63f1fc6a-1972-4fab-bbf8-f1d4d86b6049 Received request: GET /jobs
2026-09-10 18:47:50,355 INFO endpoints: ab583e26-6ee7-41b5-a0af-b776032e8359 Received request: GET /jobs
2026-09-10 18:47:50,355 INFO endpoints: cbc6a00d-6eeb-44a5-9c84-06095696138c Received request: GET /jobs
2026-09-10 18:47:50,356 INFO endpoints: 3b69b773-b1c3-465a-b216-acb69b7810b5 Received request: GET /jobs
2026-09-10 18:47:50,356 INFO endpoints: d01dc0a8-934d-4f37-9cc9-43bb15fe6609 Received request: GET /jobs
2026-09-10 18:47:50,356 INFO dependencies: 0110684e-1fc3-4874-88cf-6757fe10945e Received request: GET /jobs/1000
2026-09-10 18:47:50,356 WARNING dependencies: 0110684e-1fc3-4874-88cf-6757fe10945e Job not found: 1000
2026-09-10 18:47:50,356 INFO endpoints: 471e2b33-8989-405c-8ab3-e469358c92bf Received request: GET /jobs
2026-09-10 18:47:50,357 INFO endpoints: 7a38c933-088f-443c-aba6-45799c272d5d Received request: GET /jobs
2026-09-10 18:47:50,357 INFO endpoints: 9e46f7ce-b2cb-4c79-8dfd-34bca3fc72fc Received request: GET /jobs
2026-09-10 18:47:50,357 INFO endpoints: 0ff7ea9c-529a-4d99-a6b7-28e3bbd47687 Received request: GET /jobs
2026-09-10 18:47:50,358 INFO endpoints: 24e8881d-8df4-4ff5-8aef-47a195fe4c3a Received request: GET /jobs
2026-09-10 18:47:50,360 INFO endpoints: 5eb0f421-e2d8-47e4-b89f-97fd91f1aa0b Received request: GET /jobs
2026-09-10 18:47:50,361 INFO endpoints: c3821ac5-7f7e-4558-8692-8d379dbe7e0d Received request: GET /jobs
2026-09-10 18:47:50,361 INFO dependencies: 2163d1eb-a478-4e30-b3ef-8515e93809f5 Received request: GET /jobs/1000
2026-09-10 18:47:50,361 INFO endpoints: b54844ee-8283-4ea5-b17b-7b3aec9bba53 Received request: GET /jobs
2026-09-10 18:47:50,361 INFO endpoints: 9fdfbdbc-79f5-486f-a2d9-b8fb8fcb5de5 Received request: GET /jobs
2026-09-10 18:47:50,361 INFO endpoints: b10e15ac-65a0-46a6-947f-f8ea23b28390 Received request: GET /jobs
2026-09-10 18:47:50,361 INFO endpoints: 1e4a1d51-e1e3-4ccb-abf5-ba34bb840fc1 Received request: GET /jobs
2026-09-10 18:47:50,361 INFO dependencies: b0334b63-c3b6-4051-b2b4-5fe10ad89363 Received request: GET /jobs/1000
2026-09-10 18:47:50,361 INFO dependencies: 6a567f95-3dfe-48d3-b744-03673dac58fd Received request: GET /jobs/1000
2026-09-10 18:47:50,361 INFO endpoints: c7509085-7124-4c8c-b1d1-eb00b024cd1e Received request: GET /jobs
2026-09-10 18:47:50,361 INFO endpoints: 7d515e2e-d0cf-4c16-adbd-5af173524d5d Received request: GET /jobs
2026-09-10 18:47:50,361 INFO dependencies: 49415675-e266-4013-8053-2b26db7e7ce9 Received request: GET /jobs/1000
2026-09-10 18:47:50,361 INFO endpoints: 1372cc9c-6c3c-42d5-b577-6154a3b6ed9a Received request: GET /jobs
2026-09-10 18:47:50,361 INFO endpoints: 9abe1a39-4e3c-48a0-93b7-26871e694e80 Received request: GET /jobs
2026-09-10 18:47:50,361 INFO endpoints: 8d7b473e-5b5a-4cdf-8094-5bcf1dd52815 Received request: GET /jobs
2026-09-10 18:47:50,361 INFO endpoints: 1614b724-3c37-432b-8779-fabe5b59c5ba Received request: GET /jobs
2026-09-10 18:47:50,361 INFO endpoints: b20b553b-e5a7-4782-8e58-2ba9bc4fa745 Received request: GET /jobs
2026-09-10 18:47:50,362 INFO endpoints: c03fbe28-e8b8-4971-a94e-5b3c1931d982 Received request: GET /jobs
2026-09-10 18:47:50,362 INFO endpoints: 676500f6-35a9-4d9c-9df0-21ee1b97393e Received request: GET /jobs
2026-09-10 18:47:50,362 INFO endpoints: e2a32655-fa23-4cae-8c53-3fad8a835867 Received request: GET /jobs
2026-09-10 18:47:50,362 INFO endpoints: 344e8582-ffb3-4997-a6e4-0b36006fe6b4 Received request: GET /jobs
2026-09-10 18:47:50,362 INFO dependencies: 3e0d3e3a-edc4-453f-8e5d-f9b03d65bf32 Received request: GET /jobs/1000
2026-09-10 18:47:50,362 INFO endpoints: 5fb8642f-8f2d-4290-b873-22d56abff17e Received request: GET /jobs
2026-09-10 18:47:50,362 INFO endpoints: 0f5b0922-c5ae-4d26-bc90-e0197f6d3c2c Received request: GET /jobs
2026-09-10 18:47:50,362 INFO endpoints: b102c70e-2c18-4064-a555-38036adcc2b1 Received request: GET /jobs
2026-09-10 18:47:50,362 INFO endpoints: 9daa784a-058c-406a-97e0-91617d018917 Received request: GET /jobs
2026-09-10 18:47:50,362 INFO endpoints: d175fe59-5344-4354-8589-c80691991129 Received request: GET /jobs
2026-09-10 18:47:50,362 INFO endpoints: 828baf9b-4a09-4768-8a9e-e6892a4f059c Received request: GET /jobs
2026-09-10 18:47:50,362 INFO endpoints: d947a430-c7bf-4cf9-af77-d6f0513c20cf Received request: GET /jobs
2026-09-10 18:47:50,362 INFO dependencies: 22c9490d-85cc-4fe3-9416-0142f1edd3ca Received request: GET /jobs/1000
2026-09-10 18:47:50,362 INFO endpoints: 70939ba1-ce7f-41fb-862c-1a44a4b9a67d Received request: GET /jobs
2026-09-10 18:47:50,362 INFO endpoints: 436101bc-ca2b-4495-bef3-ff7f17ecab1f Received request: GET /jobs
2026-09-10 18:47:50,362 INFO endpoints: f0131892-3e6e-48eb-8e93-4b7effc0f2c3 Received request: GET /jobs
2026-09-10 18:47:50,362 INFO endpoints: 4fc07304-f101-449d-aec3-577f6e8437ad Received request: GET /jobs
2026-09-10 18:47:50,362 INFO endpoints: 135ba558-89d1-4eb9-adbb-6217f7a220f5 Received request: GET /jobs
2026-09-10 18:47:50,362 INFO endpoints: 19b74f91-8542-483a-acf3-f5e427e74aa7 Received request: GET /jobs
2026-09-10 18:47:50,362 INFO endpoints: 5e201f75-4107-4e4f-81f0-3d478711c59e Received request: GET /jobs
2026-09-10 18:47:50,362 INFO endpoints: b6c68d31-8a83-4250-943f-3a0615fb69ff Received request: GET /jobs
2026-09-10 18:47:50,362 INFO endpoints: 22e97468-4b23-41f1-bfb7-288d6d855f95 Received request: GET /jobs
2026-09-10 18:47:50,363 WARNING dependencies: 2163d1eb-a478-4e30-b3ef-8515e93809f5 Job not found: 1000
2026-09-10 18:47:50,363 WARNING dependencies: b0334b63-c3b6-4051-b2b4-5fe10ad89363 Job not found: 1000
2026-09-10 18:47:50,364 WARNING dependencies: 6a567f95-3dfe-48d3-b744-03673dac58fd Job not found: 1000
2026-09-10 18:47:50,364 WARNING dependencies: 49415675-e266-4013-8053-2b26db7e7ce9 Job not found: 1000
2026-09-10 18:47:50,366 WARNING dependencies: 3e0d3e3a-edc4-453f-8e5d-f9b03d65bf32 Job not found: 1000
2026-09-10 18:47:50,367 WARNING dependencies: 22c9490d-85cc-4fe3-9416-0142f1edd3ca Job not found: 1000
2026-09-10 18:47:50,371 INFO endpoints: 25b079cc-3152-47c2-bf72-2feda8a22fe9 Received request: GET /jobs
2026-09-10 18:47:50,376 INFO endpoints: 05833de3-1ce2-4d75-9bce-e37b6c87ba91 Received request: GET /jobs
2026-09-10 18:47:50,377 INFO dependencies: f407a272-8567-4de2-986b-c30b7ce0129b Received request: GET /jobs/1000
2026-09-10 18:47:50,378 WARNING dependencies: f407a272-8567-4de2-986b-c30b7ce0129b Job not found: 1000
2026-09-10 18:47:50,378 INFO endpoints: ff2c3eef-ccdb-4965-90e4-3b561c664841 Received request: GET /jobs
2026-09-10 18:47:50,378 INFO endpoints: db99875a-5bc3-453c-a6a8-069e122ee46d Received request: GET /jobs
2026-09-10 18:47:50,378 INFO endpoints: 5797b658-48f1-4f3d-9d45-4035fb052db0 Received request: GET /jobs
2026-09-10 18:47:50,378 INFO endpoints: a1372333-9020-4092-855a-f51fc118e923 Received request: GET /jobs
2026-09-10 18:47:50,378 INFO endpoints: a0e6a177-1d33-4c82-ace2-4c23e34dd8b3 Received request: GET /jobs
2026-09-10 18:47:50,378 INFO endpoints: 9aa0b4d9-b215-419c-b0b8-bde645e5fba1 Received request: GET /jobs
2026-09-10 18:47:50,378 INFO endpoints: a9120497-bd64-4c8b-8f90-cadeca9bda1a Received request: GET /jobs
2026-09-10 18:47:50,378 INFO endpoints: eed2d1f5-e390-4c37-93d4-948f3b08a4f7 Received request: GET /jobs
2026-09-10 18:47:50,378 INFO endpoints: 80c3335f-109c-4192-96a1-d7dc78b0bb20 Received request: GET /jobs
2026-09-10 18:47:50,378 INFO endpoints: 082ce2dd-453c-414c-b25e-b8a64377821c Received request: GET /jobs
2026-09-10 18:47:50,378 INFO dependencies: c8e9fb38-7741-4ab4-845e-da3869f3830a Received request: GET /jobs/1000
2026-09-10 18:47:50,378 INFO endpoints: 6ad785de-6fb1-4d21-992d-618ea4a0be62 Received request: GET /jobs
2026-09-10 18:47:50,378 INFO endpoints: 7f3b04f0-0999-4c8f-9b92-69d954e2f8ca Received request: GET /jobs
2026-09-10 18:47:50,378 INFO endpoints: 7984d68d-8628-4596-9a1c-962ef9ff3529 Received request: GET /jobs
2026-09-10 18:47:50,378 INFO endpoints: 8c2a429e-a8f5-41c5-868c-fd828c01f43e Received request: GET /jobs
2026-09-10 18:47:50,379 INFO endpoints: 0498e60d-4e96-4ddd-86fc-77c1b94f22c3 Received request: GET /jobs
2026-09-10 18:47:50,379 INFO dependencies: 5fec5b72-9b17-4961-b43b-144e914d8aaf Received request: GET /jobs/1000
2026-09-10 18:47:50,381 WARNING dependencies: c8e9fb38-7741-4ab4-845e-da3869f3830a Job not found: 1000
2026-09-10 18:47:50,382 WARNING dependencies: 5fec5b72-9b17-4961-b43b-144e914d8aaf Job not found: 1000
2026-09-10 18:47:50,387 INFO dependencies: b31cd131-625f-426d-a17c-7f1f216b96b7 Received request: GET /jobs/001
2026-09-10 18:47:50,392 INFO dependencies: 20922375-afe9-41ae-9e03-66dfce9566b9 Received request: POST /jobs/003/run
2026-09-10 18:47:50,392 INFO dependencies: 50602822-0d1f-49d3-a38c-3f12825a7942 Received request: POST /jobs/004/run
2026-09-10 18:47:50,393 WARNING dependencies: 50602822-0d1f-49d3-a38c-3f12825a7942 Job not found: 004
2026-09-10 18:47:50,397 INFO dependencies: 7557fdb6-3f6f-4f6a-8f93-4c76f929c81c Received request: POST /jobs/003/run
2026-09-10 18:47:50,397 INFO endpoints: d3ffca81-d629-419e-a484-7bc3acf9d76a Received request: GET /jobs
2026-09-10 18:47:50,397 INFO dependencies: e35ccb27-d915-4cfa-9baa-d4383810b399 Received request: GET /jobs/001
2026-09-10 18:47:50,397 INFO dependencies: a3074ad6-231c-4402-bd7e-2841ae849376 Received request: GET /jobs/001
2026-09-10 18:47:50,397 INFO dependencies: 01610a4b-1076-476e-8f92-33b346e99a62 Received request: GET /jobs/001
2026-09-10 18:47:50,397 INFO dependencies: 63e7c0e4-ab86-4def-87ba-eefc8522dfa4 Received request: POST /jobs/004/run
2026-09-10 18:47:50,398 WARNING dependencies: 63e7c0e4-ab86-4def-87ba-eefc8522dfa4 Job not found: 004
2026-09-10 18:47:50,404 INFO endpoints: b31cd131-625f-426d-a17c-7f1f216b96b7 Found job: 001
2026-09-10 18:47:50,404 INFO dependencies: c3d659fa-f7c0-408b-9e07-c5d027469022 Received request: GET /jobs/001
2026-09-10 18:47:50,405 INFO dependencies: 9ac5db52-6d3d-4cc8-8186-0bae2d4daf62 Received request: POST /jobs/003/run
2026-09-10 18:47:50,405 INFO endpoints: 7d7b4144-41de-4a72-9410-aacbd5d880ad Received request: GET /jobs
2026-09-10 18:47:50,405 INFO dependencies: 95358376-8f7c-40b6-95f2-fa4788d116af Received request: GET /jobs/001
2026-09-10 18:47:50,406 INFO dependencies: fbb64838-2e50-4dec-b395-516e127e6703 Received request: GET /jobs/001
2026-09-10 18:47:50,406 INFO dependencies: f4c07787-beab-4b63-b184-6890006d3cc3 Received request: POST /jobs/004/run
2026-09-10 18:47:50,406 INFO dependencies: 4e1f86a4-5a3f-49b2-b077-1b100a7d73a5 Received request: POST /jobs/003/run
2026-09-10 18:47:50,406 INFO dependencies: d48cfc5c-7eb4-453f-b375-b7856b5b2521 Received request: POST /jobs/004/run
2026-09-10 18:47:50,406 INFO endpoints: 20922375-afe9-41ae-9e03-66dfce9566b9 Scheduling job: 003
2026-09-10 18:47:50,406 INFO dependencies: fb17d67b-9a12-4f15-bdbe-0804bcacf3d1 Received request: POST /jobs/004/run
2026-09-10 18:47:50,406 INFO dependencies: e836bb9e-9ace-494b-8ef0-6bcb767f77b1 Received request: POST /jobs/003/run
2026-09-10 18:47:50,407 INFO dependencies: 47ce103c-5d02-42b7-bbf4-45d55ed813d5 Received request: POST /jobs/004/run
2026-09-10 18:47:50,407 INFO dependencies: 122da557-482d-4d28-b7e9-8944d4ea7900 Received request: GET /jobs/001
2026-09-10 18:47:50,407 INFO dependencies: 674b016d-427b-4bc0-89f5-e42f86fdbf55 Received request: GET /jobs/001
2026-09-10 18:47:50,407 INFO dependencies: 18f9b4e9-79eb-4c21-a70d-d2752cea2889 Received request: GET /jobs/001
2026-09-10 18:47:50,407 INFO dependencies: 5689c84b-2ddf-4b51-9373-4bc94c86f9a0 Received request: GET /jobs/1000
2026-09-10 18:47:50,407 INFO dependencies: eaaed1fd-9881-4d9b-9d33-b0efb81809ef Received request: GET /jobs/001
2026-09-10 18:47:50,407 INFO dependencies: acc884db-84b1-4b3f-b045-9574cad2b23a Received request: POST /jobs/003/run
2026-09-10 18:47:50,407 INFO dependencies: c2bdec92-5a61-4713-b042-2cca7cc366f2 Received request: GET /jobs/001
2026-09-10 18:47:50,407 INFO dependencies: 98482970-6cef-4ca2-81d8-c06e9b8ab512 Received request: GET /jobs/001
2026-09-10 18:47:50,407 INFO dependencies: f6d4536a-b463-4e82-9f4e-1e80383dc6ab Received request: GET /jobs/001
2026-09-10 18:47:50,407 INFO endpoints: e88f092c-2d1f-43d7-b1dd-548d4f8c1826 Received request: GET /jobs
2026-09-10 18:47:50,407 INFO endpoints: dbee2e6a-4089-495f-99b6-3a9812114478 Received request: GET /jobs
2026-09-10 18:47:50,407 INFO dependencies: cb2c12e2-a97a-428b-a893-630e3976d8fc Received request: GET /jobs/001
2026-09-10 18:47:50,407 INFO endpoints: df59c1b2-59f1-4f9d-818f-4b09e429d479 Received request: GET /jobs
2026-09-10 18:47:50,407 INFO dependencies: 373db50c-cee5-4621-bbe4-6d59e5399d3a Received request: GET /jobs/001
2026-09-10 18:47:50,407 INFO dependencies: 18dfb2af-9e6b-465c-af0d-0c8ce42e92b9 Received request: GET /jobs/001
2026-09-10 18:47:50,407 INFO dependencies: e20de07d-c77e-47d2-9f3b-f3e499dcbc48 Received request: POST /jobs/004/run
2026-09-10 18:47:50,407 INFO dependencies: cce75e6e-12a5-4c8f-8619-71682d9b1b11 Received request: GET /jobs/001
2026-09-10 18:47:50,407 INFO dependencies: 6cf81fd4-c09e-4d72-bd27-18ba653abb28 Received request: POST /jobs/004/run
2026-09-10 18:47:50,408 INFO dependencies: d435d058-c836-4e9a-9ce6-c1631c71568b Received request: POST /jobs/003/run
2026-09-10 18:47:50,408 INFO endpoints: 7557fdb6-3f6f-4f6a-8f93-4c76f929c81c Scheduling job: 003
2026-09-10 18:47:50,408 WARNING dependencies: f4c07787-beab-4b63-b184-6890006d3cc3 Job not found: 004
2026-09-10 18:47:50,408 INFO endpoints: a3074ad6-231c-4402-bd7e-2841ae849376 Found job: 001
2026-09-10 18:47:50,408 INFO endpoints: 01610a4b-1076-476e-8f92-33b346e99a62 Found job: 001
2026-09-10 18:47:50,409 INFO endpoints: e35ccb27-d915-4cfa-9baa-d4383810b399 Found job: 001
2026-09-10 18:47:50,409 WARNING dependencies: d48cfc5c-7eb4-453f-b375-b7856b5b2521 Job not found: 004
2026-09-10 18:47:50,409 WARNING dependencies: fb17d67b-9a12-4f15-bdbe-0804bcacf3d1 Job not found: 004
2026-09-10 18:47:50,409 WARNING dependencies: 47ce103c-5d02-42b7-bbf4-45d55ed813d5 Job not found: 004
2026-09-10 18:47:50,409 INFO endpoints: c3d659fa-f7c0-408b-9e07-c5d027469022 Found job: 001
2026-09-10 18:47:50,410 INFO endpoints: 9ac5db52-6d3d-4cc8-8186-0bae2d4daf62 Scheduling job: 003
2026-09-10 18:47:50,411 INFO endpoints: fbb64838-2e50-4dec-b395-516e127e6703 Found job: 001
2026-09-10 18:47:50,411 INFO endpoints: 95358376-8f7c-40b6-95f2-fa4788d116af Found job: 001
2026-09-10 18:47:50,411 WARNING dependencies: 5689c84b-2ddf-4b51-9373-4bc94c86f9a0 Job not found: 1000
2026-09-10 18:47:50,411 INFO endpoints: 4e1f86a4-5a3f-49b2-b077-1b100a7d73a5 Scheduling job: 003
2026-09-10 18:47:50,411 INFO endpoints: e836bb9e-9ace-494b-8ef0-6bcb767f77b1 Scheduling job: 003
2026-09-10 18:47:50,412 INFO endpoints: 122da557-482d-4d28-b7e9-8944d4ea7900 Found job: 001
2026-09-10 18:47:50,412 INFO endpoints: 674b016d-427b-4bc0-89f5-e42f86fdbf55 Found job: 001
2026-09-10 18:47:50,412 INFO endpoints: 18f9b4e9-79eb-4c21-a70d-d2752cea2889 Found job: 001
2026-09-10 18:47:50,413 INFO job_service: 20922375-afe9-41ae-9e03-66dfce9566b9 Processing Job: 003
2026-09-10 18:47:50,413 INFO endpoints: acc884db-84b1-4b3f-b045-9574cad2b23a Scheduling job: 003
2026-09-10 18:47:50,413 INFO endpoints: c2bdec92-5a61-4713-b042-2cca7cc366f2 Found job: 001
2026-09-10 18:47:50,413 INFO endpoints: eaaed1fd-9881-4d9b-9d33-b0efb81809ef Found job: 001
2026-09-10 18:47:50,413 INFO endpoints: f6d4536a-b463-4e82-9f4e-1e80383dc6ab Found job: 001
2026-09-10 18:47:50,413 INFO endpoints: 98482970-6cef-4ca2-81d8-c06e9b8ab512 Found job: 001
2026-09-10 18:47:50,414 WARNING dependencies: e20de07d-c77e-47d2-9f3b-f3e499dcbc48 Job not found: 004
2026-09-10 18:47:50,416 WARNING dependencies: 6cf81fd4-c09e-4d72-bd27-18ba653abb28 Job not found: 004
2026-09-10 18:47:50,419 INFO dependencies: 092067ef-e6de-4c51-8321-fa922fb09a47 Received request: POST /jobs/003/run
2026-09-10 18:47:50,424 INFO endpoints: bd87d2fa-ae82-452b-a476-c9a3a88e8d36 Received request: GET /jobs
2026-09-10 18:47:50,425 INFO dependencies: cb0fad12-db1f-4b45-bea7-ba0e077d87fa Received request: POST /jobs/003/run
2026-09-10 18:47:50,425 INFO endpoints: b1823ee1-0ede-4532-a4e2-d09980540bf1 Received request: GET /jobs
2026-09-10 18:47:50,425 INFO endpoints: cb2c12e2-a97a-428b-a893-630e3976d8fc Found job: 001
2026-09-10 18:47:50,425 INFO dependencies: b92e6bbe-e2ef-4427-b345-cced4e830cb3 Received request: POST /jobs/003/run
2026-09-10 18:47:50,425 INFO dependencies: 61da0a66-e229-4d1a-ad82-e8d7bf846db7 Received request: POST /jobs/004/run
2026-09-10 18:47:50,426 INFO dependencies: b5888d99-ec9d-4f21-9874-21ac7d162da9 Received request: POST /jobs/004/run
2026-09-10 18:47:50,426 INFO endpoints: 30526e53-a24d-414a-8db1-8557db8ff8ec Received request: GET /jobs
2026-09-10 18:47:50,428 INFO dependencies: e3923fde-0710-4100-9e5c-a29cc73e7bef Received request: POST /jobs/004/run
2026-09-10 18:47:50,428 INFO dependencies: 4cb51d2d-2b2d-49ea-9587-4df8e5802305 Received request: POST /jobs/003/run
2026-09-10 18:47:50,429 INFO dependencies: d6cf38aa-8822-4d7a-9b29-39976b5cfa9e Received request: GET /jobs/001
2026-09-10 18:47:50,429 INFO dependencies: b02a1448-d3fc-477a-b8f4-4319cc2be803 Received request: POST /jobs/004/run
2026-09-10 18:47:50,429 INFO dependencies: 73414b15-6fc6-4d12-9dd7-a4a662f24df7 Received request: POST /jobs/004/run
2026-09-10 18:47:50,430 INFO dependencies: d2421cf6-8868-4dd6-8cef-5c64886e9f82 Received request: POST /jobs/004/run
2026-09-10 18:47:50,432 INFO dependencies: 73f722f3-d55e-4631-a3a1-215f629fd07c Received request: GET /jobs/001
2026-09-10 18:47:50,432 INFO dependencies: f55de810-8a5d-419b-8906-3a1935e0a72d Received request: GET /jobs/001
2026-09-10 18:47:50,433 INFO dependencies: a3f4d09e-21db-438a-99b4-47e3b4174599 Received request: GET /jobs/001
2026-09-10 18:47:50,433 INFO endpoints: 373db50c-cee5-4621-bbe4-6d59e5399d3a Found job: 001
2026-09-10 18:47:50,434 INFO endpoints: 18dfb2af-9e6b-465c-af0d-0c8ce42e92b9 Found job: 001
2026-09-10 18:47:50,434 INFO endpoints: cce75e6e-12a5-4c8f-8619-71682d9b1b11 Found job: 001
2026-09-10 18:47:50,435 INFO dependencies: 761e5162-70d3-44d2-9fec-453460c614d4 Received request: POST /jobs/003/run
2026-09-10 18:47:50,435 INFO dependencies: 816f2beb-0266-4317-9de1-aa604feef029 Received request: POST /jobs/004/run
2026-09-10 18:47:50,437 INFO dependencies: 70ce6138-2bc0-4a4a-956d-1eb73da344c0 Received request: POST /jobs/004/run
2026-09-10 18:47:50,437 INFO dependencies: b9aa94bd-01cf-45aa-b5e9-14ba2508be8a Received request: POST /jobs/004/run
2026-09-10 18:47:50,437 ERROR job_service: 20922375-afe9-41ae-9e03-66dfce9566b9 Error for job: 003
2026-09-10 18:47:50,439 INFO dependencies: 4a67f652-402d-4f6a-a1a6-14e41ae16f2c Received request: GET /jobs/1000
2026-09-10 18:47:50,440 INFO dependencies: 90477cfa-df58-4a91-81fd-06577fba6c7e Received request: POST /jobs/004/run
2026-09-10 18:47:50,440 INFO dependencies: a44230c5-4f7c-4e70-acb1-e6c28457eb0f Received request: POST /jobs/004/run
2026-09-10 18:47:50,440 INFO dependencies: e81ec80e-b548-42ae-b8e9-ee527f9ce0a5 Received request: POST /jobs/004/run
2026-09-10 18:47:50,442 INFO dependencies: 92f7e698-f01b-4520-83b4-43a869065eb0 Received request: POST /jobs/004/run
2026-09-10 18:47:50,442 INFO dependencies: 62af904b-2ed4-4700-b40f-854f3f6ea6e1 Received request: GET /jobs/001
2026-09-10 18:47:50,443 INFO dependencies: 835dd399-8c93-4461-bb91-65212f89fa80 Received request: GET /jobs/001
2026-09-10 18:47:50,444 INFO endpoints: ea3df713-3929-40be-a889-045ff59e576e Received request: GET /jobs
2026-09-10 18:47:50,447 WARNING dependencies: 61da0a66-e229-4d1a-ad82-e8d7bf846db7 Job not found: 004
2026-09-10 18:47:50,451 INFO dependencies: 9ffd617e-aa09-4616-8a05-3c9e1d1cb0dc Received request: GET /jobs/001
2026-09-10 18:47:50,451 INFO endpoints: d435d058-c836-4e9a-9ce6-c1631c71568b Scheduling job: 003
2026-09-10 18:47:50,451 INFO endpoints: fd141e13-f7cd-4a8a-9474-a2b67b9c7e72 Received request: GET /jobs
2026-09-10 18:47:50,451 INFO dependencies: ff899558-1fbf-4608-80a7-36678f013a76 Received request: POST /jobs/003/run
2026-09-10 18:47:50,451 WARNING dependencies: b5888d99-ec9d-4f21-9874-21ac7d162da9 Job not found: 004
2026-09-10 18:47:50,453 INFO dependencies: 96b707a9-2e39-44ce-8897-9f61fcf94a82 Received request: POST /jobs/004/run
2026-09-10 18:47:50,453 INFO dependencies: ada1e46d-9a96-4b70-8cf9-824126a93f6e Received request: GET /jobs/001
2026-09-10 18:47:50,453 INFO dependencies: e6bd39a7-bf7a-4807-a870-b03e013fb8d6 Received request: GET /jobs/001
2026-09-10 18:47:50,453 INFO dependencies: 7ec64c95-df54-4aca-941c-a050682148a5 Received request: GET /jobs/001
2026-09-10 18:47:50,454 INFO dependencies: 7bcad1be-973d-4375-9b5f-6b6f4e131ab7 Received request: GET /jobs/001
2026-09-10 18:47:50,454 WARNING dependencies: e3923fde-0710-4100-9e5c-a29cc73e7bef Job not found: 004
2026-09-10 18:47:50,455 INFO dependencies: 9d90a347-f91c-40a6-b112-d7e3e6cf5cdd Received request: GET /jobs/001
2026-09-10 18:47:50,455 WARNING dependencies: b02a1448-d3fc-477a-b8f4-4319cc2be803 Job not found: 004
2026-09-10 18:47:50,455 INFO dependencies: 028b3df9-ef6b-4f7f-a571-8cb4fd8e6a40 Received request: GET /jobs/001
2026-09-10 18:47:50,456 WARNING dependencies: 73414b15-6fc6-4d12-9dd7-a4a662f24df7 Job not found: 004
2026-09-10 18:47:50,456 WARNING dependencies: d2421cf6-8868-4dd6-8cef-5c64886e9f82 Job not found: 004
2026-09-10 18:47:50,457 INFO dependencies: e02a3683-9e88-4006-ad98-ff779c67e1bc Received request: GET /jobs/001
2026-09-10 18:47:50,461 WARNING dependencies: 816f2beb-0266-4317-9de1-aa604feef029 Job not found: 004
2026-09-10 18:47:50,462 INFO endpoints: 534c2f47-c137-4f5d-abde-1461bbbafc0a Received request: GET /jobs
2026-09-10 18:47:50,462 INFO dependencies: f428df1f-9cab-49a9-a202-8c927977bc4f Received request: POST /jobs/003/run
2026-09-10 18:47:50,462 WARNING dependencies: 70ce6138-2bc0-4a4a-956d-1eb73da344c0 Job not found: 004
2026-09-10 18:47:50,463 WARNING dependencies: b9aa94bd-01cf-45aa-b5e9-14ba2508be8a Job not found: 004
2026-09-10 18:47:50,463 INFO job_service: 7557fdb6-3f6f-4f6a-8f93-4c76f929c81c Processing Job: 003
2026-09-10 18:47:50,464 WARNING dependencies: 4a67f652-402d-4f6a-a1a6-14e41ae16f2c Job not found: 1000
2026-09-10 18:47:50,464 WARNING dependencies: 90477cfa-df58-4a91-81fd-06577fba6c7e Job not found: 004
2026-09-10 18:47:50,465 INFO job_service: 9ac5db52-6d3d-4cc8-8186-0bae2d4daf62 Processing Job: 003
2026-09-10 18:47:50,465 WARNING dependencies: a44230c5-4f7c-4e70-acb1-e6c28457eb0f Job not found: 004
2026-09-10 18:47:50,465 WARNING dependencies: e81ec80e-b548-42ae-b8e9-ee527f9ce0a5 Job not found: 004
2026-09-10 18:47:50,466 WARNING dependencies: 92f7e698-f01b-4520-83b4-43a869065eb0 Job not found: 004
2026-09-10 18:47:50,468 INFO job_service: 4e1f86a4-5a3f-49b2-b077-1b100a7d73a5 Processing Job: 003
2026-09-10 18:47:50,468 WARNING dependencies: 96b707a9-2e39-44ce-8897-9f61fcf94a82 Job not found: 004
2026-09-10 18:47:50,470 INFO endpoints: b6788a47-5564-4bc6-a8e7-f3b45a5f8d09 Received request: GET /jobs
2026-09-10 18:47:50,470 INFO endpoints: 092067ef-e6de-4c51-8321-fa922fb09a47 Scheduling job: 003
2026-09-10 18:47:50,470 INFO job_service: e836bb9e-9ace-494b-8ef0-6bcb767f77b1 Processing Job: 003
2026-09-10 18:47:50,470 INFO endpoints: cb0fad12-db1f-4b45-bea7-ba0e077d87fa Scheduling job: 003
2026-09-10 18:47:50,470 INFO dependencies: db3c1781-6962-4f76-b366-ccf2eae368c0 Received request: POST /jobs/004/run
2026-09-10 18:47:50,470 INFO dependencies: 28eb56b4-7dae-485e-b925-1c81289e6b34 Received request: GET /jobs/001
2026-09-10 18:47:50,470 INFO endpoints: cc253a29-e953-4e5d-904f-aa5753bea53c Received request: GET /jobs
2026-09-10 18:47:50,471 INFO endpoints: 169b14eb-e05d-41d5-90c8-530f026e25b8 Received request: GET /jobs
2026-09-10 18:47:50,471 INFO dependencies: 3f92cf2d-8a75-4395-9dd3-46c700f54852 Received request: POST /jobs/004/run
2026-09-10 18:47:50,472 INFO dependencies: 0e06ef98-9dba-49ec-aca9-6ddfe8d019b4 Received request: POST /jobs/003/run
2026-09-10 18:47:50,472 INFO dependencies: 267ef784-919d-4a61-8f35-6a86135a89bb Received request: POST /jobs/004/run
2026-09-10 18:47:50,473 INFO dependencies: 06491b46-e28b-4f67-8984-6e6d2cc8f29e Received request: GET /jobs/001
2026-09-10 18:47:50,473 INFO dependencies: db255fe8-a589-40ad-9aa7-675cc649d8a3 Received request: POST /jobs/004/run
2026-09-10 18:47:50,474 INFO dependencies: 6c8acb3d-f37c-4c02-8e30-1e37d81c3e63 Received request: GET /jobs/001
2026-09-10 18:47:50,475 ERROR job_service: 7557fdb6-3f6f-4f6a-8f93-4c76f929c81c Error for job: 003
2026-09-10 18:47:50,475 INFO dependencies: 73cab811-7ddc-4180-ba51-aca7506a306a Received request: POST /jobs/003/run
2026-09-10 18:47:50,475 ERROR job_service: 9ac5db52-6d3d-4cc8-8186-0bae2d4daf62 Error for job: 003
2026-09-10 18:47:50,476 INFO dependencies: ec669493-c692-4d4e-b22e-602a889cc782 Received request: GET /jobs/001
2026-09-10 18:47:50,477 INFO endpoints: f80779f3-2f79-43d5-ad8e-1b302e6ee070 Received request: GET /jobs
2026-09-10 18:47:50,477 ERROR job_service: 4e1f86a4-5a3f-49b2-b077-1b100a7d73a5 Error for job: 003
2026-09-10 18:47:50,478 INFO dependencies: 863e0caa-083b-4b54-9425-6c5e95ba4efd Received request: POST /jobs/004/run
2026-09-10 18:47:50,478 INFO endpoints: 160cc95d-7a24-4214-8293-dca93df25606 Received request: GET /jobs
2026-09-10 18:47:50,478 INFO dependencies: 557b2b8c-88b3-44f1-a519-83d0e0baa5f6 Received request: GET /jobs/001
2026-09-10 18:47:50,478 INFO dependencies: 2d92c5d6-acca-4d43-91f4-6261895861dc Received request: GET /jobs/001
2026-09-10 18:47:50,479 INFO endpoints: 25ac247e-dc21-4c4c-8b10-acd40342023a Received request: GET /jobs
2026-09-10 18:47:50,479 INFO endpoints: 25c1a1bf-7406-4b7a-8879-bd0c452a9f38 Received request: GET /jobs
2026-09-10 18:47:50,479 INFO job_service: acc884db-84b1-4b3f-b045-9574cad2b23a Processing Job: 003
2026-09-10 18:47:50,479 INFO endpoints: b92e6bbe-e2ef-4427-b345-cced4e830cb3 Scheduling job: 003
2026-09-10 18:47:50,480 ERROR job_service: e836bb9e-9ace-494b-8ef0-6bcb767f77b1 Error for job: 003
2026-09-10 18:47:50,480 INFO endpoints: 4cb51d2d-2b2d-49ea-9587-4df8e5802305 Scheduling job: 003
2026-09-10 18:47:50,481 INFO endpoints: 3bd21f35-1227-4f97-a193-65169f0036fd Received request: GET /jobs
2026-09-10 18:47:50,481 INFO endpoints: 634a0e1e-9153-4e8f-a9e7-ac7bb7b3a88a Received request: GET /jobs
2026-09-10 18:47:50,481 INFO endpoints: d6cf38aa-8822-4d7a-9b29-39976b5cfa9e Found job: 001
2026-09-10 18:47:50,481 WARNING dependencies: db3c1781-6962-4f76-b366-ccf2eae368c0 Job not found: 004
2026-09-10 18:47:50,481 INFO endpoints: 8e7d4d60-8068-4468-9cd7-353fc71abc33 Received request: GET /jobs
2026-09-10 18:47:50,482 INFO endpoints: 2cf8fc3b-86a5-4c94-81d8-31de34bf04e7 Received request: GET /jobs
2026-09-10 18:47:50,482 INFO endpoints: 73f722f3-d55e-4631-a3a1-215f629fd07c Found job: 001
2026-09-10 18:47:50,482 INFO endpoints: f55de810-8a5d-419b-8906-3a1935e0a72d Found job: 001
2026-09-10 18:47:50,482 INFO endpoints: a3f4d09e-21db-438a-99b4-47e3b4174599 Found job: 001
2026-09-10 18:47:50,482 WARNING dependencies: 3f92cf2d-8a75-4395-9dd3-46c700f54852 Job not found: 004
2026-09-10 18:47:50,482 WARNING dependencies: 267ef784-919d-4a61-8f35-6a86135a89bb Job not found: 004
2026-09-10 18:47:50,483 WARNING dependencies: db255fe8-a589-40ad-9aa7-675cc649d8a3 Job not found: 004
2026-09-10 18:47:50,485 WARNING dependencies: 863e0caa-083b-4b54-9425-6c5e95ba4efd Job not found: 004
2026-09-10 18:47:50,487 INFO dependencies: 5d2b0cc0-0a29-430c-967d-11a605cf3638 Received request: GET /jobs/1000
2026-09-10 18:47:50,487 ERROR job_service: acc884db-84b1-4b3f-b045-9574cad2b23a Error for job: 003
2026-09-10 18:47:50,489 INFO endpoints: 17e06fc0-fcfd-413a-8fbe-d86a71fc27ea Received request: GET /jobs
2026-09-10 18:47:50,490 INFO dependencies: 6fdb303a-f923-45e6-a701-66cb821dc6a6 Received request: GET /jobs/001
2026-09-10 18:47:50,490 INFO endpoints: 761e5162-70d3-44d2-9fec-453460c614d4 Scheduling job: 003
2026-09-10 18:47:50,490 INFO endpoints: b7d0c46c-103d-4dd3-96f8-6206de15d80a Received request: GET /jobs
2026-09-10 18:47:50,490 INFO endpoints: 2aecf64a-3b13-4a54-a3fa-f4f4f4c023c4 Received request: GET /jobs
2026-09-10 18:47:50,493 INFO dependencies: 62d0b941-e2b3-459c-9917-18587968d22f Received request: POST /jobs/004/run
2026-09-10 18:47:50,493 INFO endpoints: 62af904b-2ed4-4700-b40f-854f3f6ea6e1 Found job: 001
2026-09-10 18:47:50,493 INFO dependencies: 7eb02417-74d6-4982-933b-0a94066225c9 Received request: GET /jobs/001
2026-09-10 18:47:50,494 INFO endpoints: 9ffd617e-aa09-4616-8a05-3c9e1d1cb0dc Found job: 001
2026-09-10 18:47:50,494 INFO endpoints: ff899558-1fbf-4608-80a7-36678f013a76 Scheduling job: 003
2026-09-10 18:47:50,494 INFO endpoints: ada1e46d-9a96-4b70-8cf9-824126a93f6e Found job: 001
2026-09-10 18:47:50,494 INFO endpoints: 76979b69-2708-4912-b168-bce4dfc5eb07 Received request: GET /jobs
2026-09-10 18:47:50,494 INFO endpoints: e6bd39a7-bf7a-4807-a870-b03e013fb8d6 Found job: 001
2026-09-10 18:47:50,494 INFO endpoints: 7ec64c95-df54-4aca-941c-a050682148a5 Found job: 001
2026-09-10 18:47:50,494 INFO endpoints: 835dd399-8c93-4461-bb91-65212f89fa80 Found job: 001
2026-09-10 18:47:50,495 INFO endpoints: 9d90a347-f91c-40a6-b112-d7e3e6cf5cdd Found job: 001
2026-09-10 18:47:50,495 INFO endpoints: 7bcad1be-973d-4375-9b5f-6b6f4e131ab7 Found job: 001
2026-09-10 18:47:50,496 INFO endpoints: 028b3df9-ef6b-4f7f-a571-8cb4fd8e6a40 Found job: 001
2026-09-10 18:47:50,496 INFO endpoints: e02a3683-9e88-4006-ad98-ff779c67e1bc Found job: 001
2026-09-10 18:47:50,496 INFO endpoints: f15d393f-a4fa-41cb-9371-148ac820d3b8 Received request: GET /jobs
2026-09-10 18:47:50,496 WARNING dependencies: 5d2b0cc0-0a29-430c-967d-11a605cf3638 Job not found: 1000
2026-09-10 18:47:50,497 INFO dependencies: fc566448-51dd-4280-b33c-5a5d982c52e4 Received request: GET /jobs/1000
2026-09-10 18:47:50,498 INFO endpoints: af9cec69-f909-40c6-bd3d-f1060feed75e Received request: GET /jobs
2026-09-10 18:47:50,499 INFO endpoints: 042a9c6e-6dac-42bc-90b5-74ba5de04fc4 Received request: GET /jobs
2026-09-10 18:47:50,499 INFO endpoints: f428df1f-9cab-49a9-a202-8c927977bc4f Scheduling job: 003
2026-09-10 18:47:50,499 INFO job_service: d435d058-c836-4e9a-9ce6-c1631c71568b Processing Job: 003
2026-09-10 18:47:50,499 INFO endpoints: 645ebf5f-9855-4b95-bb2f-4d500faf8526 Received request: GET /jobs
2026-09-10 18:47:50,499 WARNING dependencies: 62d0b941-e2b3-459c-9917-18587968d22f Job not found: 004
2026-09-10 18:47:50,500 INFO endpoints: 48fd95ef-d20a-4035-a9c3-c232744e5a05 Received request: GET /jobs
2026-09-10 18:47:50,500 INFO endpoints: d00e55de-60ff-4640-8f3e-2854e825463f Received request: GET /jobs
2026-09-10 18:47:50,501 INFO endpoints: 8c820595-fc1f-4e9a-9083-6e79364d6b96 Received request: GET /jobs
2026-09-10 18:47:50,503 INFO endpoints: 28eb56b4-7dae-485e-b925-1c81289e6b34 Found job: 001
2026-09-10 18:47:50,503 INFO endpoints: 18ae2f22-cc75-4b6c-834a-4b7feef8947c Received request: GET /jobs
2026-09-10 18:47:50,503 INFO dependencies: a194230d-efd7-42f0-9aac-07ebddd5343e Received request: POST /jobs/003/run
2026-09-10 18:47:50,504 INFO endpoints: 649567c8-0cdf-4f83-8cf9-8200de2fa0bf Received request: GET /jobs
2026-09-10 18:47:50,504 INFO endpoints: 0e06ef98-9dba-49ec-aca9-6ddfe8d019b4 Scheduling job: 003
2026-09-10 18:47:50,505 INFO endpoints: 06491b46-e28b-4f67-8984-6e6d2cc8f29e Found job: 001
2026-09-10 18:47:50,505 WARNING dependencies: fc566448-51dd-4280-b33c-5a5d982c52e4 Job not found: 1000
2026-09-10 18:47:50,506 INFO endpoints: 6c8acb3d-f37c-4c02-8e30-1e37d81c3e63 Found job: 001
2026-09-10 18:47:50,506 ERROR job_service: d435d058-c836-4e9a-9ce6-c1631c71568b Error for job: 003
2026-09-10 18:47:50,508 INFO endpoints: 73cab811-7ddc-4180-ba51-aca7506a306a Scheduling job: 003
2026-09-10 18:47:50,508 INFO endpoints: ec669493-c692-4d4e-b22e-602a889cc782 Found job: 001
2026-09-10 18:47:50,508 INFO endpoints: a520eeff-0747-458b-92b9-fc9c130e28a9 Received request: GET /jobs
2026-09-10 18:47:50,508 INFO dependencies: d55f4ea8-bd61-406e-8778-dcfb74bd6eac Received request: GET /jobs/001
2026-09-10 18:47:50,509 INFO endpoints: 69521a3a-0e70-4de5-a68a-2df7bce817a7 Received request: GET /jobs
2026-09-10 18:47:50,510 INFO endpoints: 557b2b8c-88b3-44f1-a519-83d0e0baa5f6 Found job: 001
2026-09-10 18:47:50,510 INFO endpoints: 2d92c5d6-acca-4d43-91f4-6261895861dc Found job: 001
2026-09-10 18:47:50,511 INFO endpoints: 308988f0-5fb6-4e55-ad29-a958617751ba Received request: GET /jobs
2026-09-10 18:47:50,511 INFO dependencies: b8b66a4f-93df-4453-9e06-d0af8cd46130 Received request: GET /jobs/1000
2026-09-10 18:47:50,511 INFO endpoints: ce58fb04-847f-42f6-9b7e-29923cb99e7e Received request: GET /jobs
2026-09-10 18:47:50,512 INFO endpoints: 6abf5a60-588f-42a9-b531-9fdb6f9cf79d Received request: GET /jobs
2026-09-10 18:47:50,512 INFO dependencies: a6cd0cf9-763a-45db-9700-5f8326fdf943 Received request: POST /jobs/004/run
2026-09-10 18:47:50,512 INFO job_service: cb0fad12-db1f-4b45-bea7-ba0e077d87fa Processing Job: 003
2026-09-10 18:47:50,512 INFO endpoints: 027c2537-1302-448b-82c6-95cca0fcb240 Received request: GET /jobs
2026-09-10 18:47:50,513 INFO job_service: 092067ef-e6de-4c51-8321-fa922fb09a47 Processing Job: 003
2026-09-10 18:47:50,515 INFO endpoints: a7b25bb6-acdc-4ac4-acdb-06b9ac2b8f13 Received request: GET /jobs
2026-09-10 18:47:50,515 INFO endpoints: 2f8cd5e7-c4ae-4741-b382-8ef33e6e60dc Received request: GET /jobs
2026-09-10 18:47:50,515 WARNING dependencies: b8b66a4f-93df-4453-9e06-d0af8cd46130 Job not found: 1000
2026-09-10 18:47:50,516 WARNING dependencies: a6cd0cf9-763a-45db-9700-5f8326fdf943 Job not found: 004
2026-09-10 18:47:50,516 INFO dependencies: 7b1f8570-9260-48b7-a6fe-6d5ed30022ad Received request: GET /jobs/001
2026-09-10 18:47:50,516 ERROR job_service: cb0fad12-db1f-4b45-bea7-ba0e077d87fa Error for job: 003
2026-09-10 18:47:50,517 INFO endpoints: 395e2a95-2639-4632-ab20-dfed4170531c Received request: GET /jobs
2026-09-10 18:47:50,517 INFO endpoints: 6fdb303a-f923-45e6-a701-66cb821dc6a6 Found job: 001
2026-09-10 18:47:50,517 INFO endpoints: 1bafcf18-95e4-4e4f-aff8-4932ff8964ae Received request: GET /jobs
2026-09-10 18:47:50,517 ERROR job_service: 092067ef-e6de-4c51-8321-fa922fb09a47 Error for job: 003
2026-09-10 18:47:50,518 INFO endpoints: 83b20e74-380e-4ccd-89b3-3cae236511d0 Received request: GET /jobs
2026-09-10 18:47:50,522 INFO endpoints: 6095e631-3fa7-41a7-9162-4abe370aa64a Received request: GET /jobs
2026-09-10 18:47:50,523 INFO endpoints: 7eb02417-74d6-4982-933b-0a94066225c9 Found job: 001
2026-09-10 18:47:50,523 INFO job_service: b92e6bbe-e2ef-4427-b345-cced4e830cb3 Processing Job: 003
2026-09-10 18:47:50,525 ERROR job_service: b92e6bbe-e2ef-4427-b345-cced4e830cb3 Error for job: 003
2026-09-10 18:47:50,526 INFO job_service: 4cb51d2d-2b2d-49ea-9587-4df8e5802305 Processing Job: 003
2026-09-10 18:47:50,526 ERROR job_service: 4cb51d2d-2b2d-49ea-9587-4df8e5802305 Error for job: 003
2026-09-10 18:47:50,527 INFO dependencies: f1c5abff-991a-4aea-bfc8-5447066d2a20 Received request: POST /jobs/004/run
2026-09-10 18:47:50,527 WARNING dependencies: f1c5abff-991a-4aea-bfc8-5447066d2a20 Job not found: 004
2026-09-10 18:47:50,528 INFO dependencies: 3d710690-9f3e-4b0a-be9d-ee79d78e2a91 Received request: POST /jobs/003/run
2026-09-10 18:47:50,529 INFO endpoints: 97174fe4-fa06-4806-a678-ead6d5c34cba Received request: GET /jobs
2026-09-10 18:47:50,529 INFO dependencies: aa6246a1-8558-4a6d-9237-0a4f5744dbce Received request: GET /jobs/001
2026-09-10 18:47:50,530 INFO endpoints: eea5d269-6d6b-414e-99b1-98beec395d46 Received request: GET /jobs
2026-09-10 18:47:50,531 INFO dependencies: 678a5c90-7987-4b69-a0ad-82fb135ac24f Received request: POST /jobs/003/run
2026-09-10 18:47:50,531 INFO dependencies: 9ae69fd5-12f2-4b44-941c-15220ea0fcb2 Received request: POST /jobs/004/run
2026-09-10 18:47:50,531 WARNING dependencies: 9ae69fd5-12f2-4b44-941c-15220ea0fcb2 Job not found: 004
2026-09-10 18:47:50,531 INFO dependencies: 136b38c9-1e2a-4457-b8b3-e54ec4bbe455 Received request: POST /jobs/003/run
2026-09-10 18:47:50,532 INFO dependencies: df1afc7c-1497-485a-b2e6-8d73b90c1836 Received request: GET /jobs/001
2026-09-10 18:47:50,532 INFO endpoints: a194230d-efd7-42f0-9aac-07ebddd5343e Scheduling job: 003
2026-09-10 18:47:50,534 INFO job_service: 761e5162-70d3-44d2-9fec-453460c614d4 Processing Job: 003
2026-09-10 18:47:50,534 ERROR job_service: 761e5162-70d3-44d2-9fec-453460c614d4 Error for job: 003
2026-09-10 18:47:50,534 INFO endpoints: d55f4ea8-bd61-406e-8778-dcfb74bd6eac Found job: 001
2026-09-10 18:47:50,535 INFO endpoints: b98cc80f-97f8-4e6a-8ebe-55c34aee92fe Received request: GET /jobs
2026-09-10 18:47:50,537 INFO endpoints: fa91978c-a220-45c3-8486-6a1d10e89fd3 Received request: GET /jobs
2026-09-10 18:47:50,538 INFO endpoints: 58994291-d181-4395-9497-0a61c5884a4b Received request: GET /jobs
2026-09-10 18:47:50,539 INFO job_service: ff899558-1fbf-4608-80a7-36678f013a76 Processing Job: 003
2026-09-10 18:47:50,539 ERROR job_service: ff899558-1fbf-4608-80a7-36678f013a76 Error for job: 003
2026-09-10 18:47:50,540 INFO dependencies: dfbbc2e2-86ad-4dc0-9f73-701be425ac5d Received request: GET /jobs/001
2026-09-10 18:47:50,541 INFO endpoints: f0abf153-1d4e-403b-bce4-646c01f9a712 Received request: GET /jobs
2026-09-10 18:47:50,541 INFO endpoints: c3f49dc2-0b98-4ab6-b5b9-e0f700717b35 Received request: GET /jobs
2026-09-10 18:47:50,541 INFO dependencies: 690076b0-6256-4a1e-9ceb-d3a5dbd71abc Received request: POST /jobs/003/run
2026-09-10 18:47:50,543 INFO endpoints: 7b1f8570-9260-48b7-a6fe-6d5ed30022ad Found job: 001
2026-09-10 18:47:50,545 INFO job_service: f428df1f-9cab-49a9-a202-8c927977bc4f Processing Job: 003
2026-09-10 18:47:50,545 ERROR job_service: f428df1f-9cab-49a9-a202-8c927977bc4f Error for job: 003
2026-09-10 18:47:50,546 INFO endpoints: 31a078a9-de60-4310-8c89-1d9b2f5e9977 Received request: GET /jobs
2026-09-10 18:47:50,546 INFO dependencies: 7362bdbf-8418-4db0-8dd9-37d951da1041 Received request: POST /jobs/003/run
2026-09-10 18:47:50,546 INFO endpoints: 10bd82e7-f4bc-43b9-8c72-ff419da33339 Received request: GET /jobs
2026-09-10 18:47:50,546 INFO endpoints: 1f04288c-f2f5-45cb-b568-3422db6f500c Received request: GET /jobs
2026-09-10 18:47:50,546 INFO dependencies: 195e1cf7-355a-41d9-80f5-f61dabd15cd8 Received request: POST /jobs/003/run
2026-09-10 18:47:50,547 INFO endpoints: a5f05edc-6d79-4c09-b720-b5a21bdefe10 Received request: GET /jobs
2026-09-10 18:47:50,549 INFO endpoints: 3d710690-9f3e-4b0a-be9d-ee79d78e2a91 Scheduling job: 003
2026-09-10 18:47:50,551 INFO endpoints: aa6246a1-8558-4a6d-9237-0a4f5744dbce Found job: 001
2026-09-10 18:47:50,551 INFO endpoints: 40d3095f-b60d-4c91-9dd5-35f723d4e0e1 Received request: GET /jobs
2026-09-10 18:47:50,551 INFO endpoints: d3535aa9-bdfa-440b-98f8-63d3a91df2bb Received request: GET /jobs
2026-09-10 18:47:50,551 INFO dependencies: 1a081a0b-01d6-457f-909c-2e909aca7f15 Received request: POST /jobs/003/run
2026-09-10 18:47:50,553 INFO endpoints: 678a5c90-7987-4b69-a0ad-82fb135ac24f Scheduling job: 003
2026-09-10 18:47:50,554 INFO job_service: 0e06ef98-9dba-49ec-aca9-6ddfe8d019b4 Processing Job: 003
2026-09-10 18:47:50,554 ERROR job_service: 0e06ef98-9dba-49ec-aca9-6ddfe8d019b4 Error for job: 003
2026-09-10 18:47:50,555 INFO endpoints: 136b38c9-1e2a-4457-b8b3-e54ec4bbe455 Scheduling job: 003
2026-09-10 18:47:50,555 INFO endpoints: df1afc7c-1497-485a-b2e6-8d73b90c1836 Found job: 001
2026-09-10 18:47:50,556 INFO job_service: 73cab811-7ddc-4180-ba51-aca7506a306a Processing Job: 003
2026-09-10 18:47:50,557 ERROR job_service: 73cab811-7ddc-4180-ba51-aca7506a306a Error for job: 003
2026-09-10 18:47:50,558 INFO dependencies: cc183bb2-2a6a-4321-93b9-4632b937e05a Received request: GET /jobs/001
2026-09-10 18:47:50,558 INFO dependencies: 91649d55-feea-40f6-ad14-1591df5a8d9a Received request: POST /jobs/003/run
2026-09-10 18:47:50,559 INFO dependencies: 542848eb-6868-4d0b-a3ff-0cd866955fc6 Received request: GET /jobs/1000
2026-09-10 18:47:50,560 WARNING dependencies: 542848eb-6868-4d0b-a3ff-0cd866955fc6 Job not found: 1000
2026-09-10 18:47:50,561 INFO endpoints: dfbbc2e2-86ad-4dc0-9f73-701be425ac5d Found job: 001
2026-09-10 18:47:50,562 INFO dependencies: 20fc28d5-a727-498b-b55f-54e487aa8cd7 Received request: GET /jobs/001
2026-09-10 18:47:50,562 INFO endpoints: cb64f5ac-56c4-4caa-ac31-429c04dbec72 Received request: GET /jobs
2026-09-10 18:47:50,562 INFO dependencies: 7ddad20d-4354-48c5-96f9-5699b2793557 Received request: GET /jobs/001
2026-09-10 18:47:50,562 INFO dependencies: e4409aa9-a106-49af-9b82-4f6a5ab6c9f8 Received request: GET /jobs/001
2026-09-10 18:47:50,562 INFO dependencies: 3a475586-514c-4984-827a-7e918ff6e43a Received request: POST /jobs/004/run
2026-09-10 18:47:50,562 INFO dependencies: f334b78b-4db0-40ee-aae7-7c203edf3e80 Received request: GET /jobs/1000
2026-09-10 18:47:50,564 WARNING dependencies: f334b78b-4db0-40ee-aae7-7c203edf3e80 Job not found: 1000
2026-09-10 18:47:50,565 INFO endpoints: 690076b0-6256-4a1e-9ceb-d3a5dbd71abc Scheduling job: 003
2026-09-10 18:47:50,564 WARNING dependencies: 3a475586-514c-4984-827a-7e918ff6e43a Job not found: 004
2026-09-10 18:47:50,566 INFO dependencies: 2f6fa54d-8614-4171-9fb6-145d90dc6ed6 Received request: GET /jobs/001
2026-09-10 18:47:50,566 INFO endpoints: 7362bdbf-8418-4db0-8dd9-37d951da1041 Scheduling job: 003
2026-09-10 18:47:50,566 INFO endpoints: 204bcf2a-9c26-4e7b-8014-23dc6aed7e9e Received request: GET /jobs
2026-09-10 18:47:50,566 INFO dependencies: ad84b3ce-89b7-4fdc-b132-c7e0573da3d0 Received request: POST /jobs/003/run
2026-09-10 18:47:50,569 INFO endpoints: 195e1cf7-355a-41d9-80f5-f61dabd15cd8 Scheduling job: 003
2026-09-10 18:47:50,571 INFO endpoints: 52f91d53-d779-45fa-9e8d-9ba3f3ae3685 Received request: GET /jobs
2026-09-10 18:47:50,571 INFO endpoints: ff7d4088-f4f6-4a56-b877-2fae7316b20a Received request: GET /jobs
2026-09-10 18:47:50,572 INFO dependencies: e77e760e-3fdb-4275-b943-3bbbce53ccc1 Received request: POST /jobs/003/run
2026-09-10 18:47:50,572 INFO endpoints: 1a081a0b-01d6-457f-909c-2e909aca7f15 Scheduling job: 003
2026-09-10 18:47:50,573 INFO job_service: a194230d-efd7-42f0-9aac-07ebddd5343e Processing Job: 003
2026-09-10 18:47:50,574 ERROR job_service: a194230d-efd7-42f0-9aac-07ebddd5343e Error for job: 003
2026-09-10 18:47:50,574 INFO endpoints: cc183bb2-2a6a-4321-93b9-4632b937e05a Found job: 001
2026-09-10 18:47:50,576 INFO endpoints: 91649d55-feea-40f6-ad14-1591df5a8d9a Scheduling job: 003
2026-09-10 18:47:50,576 INFO endpoints: 2dbddf27-f2cc-4b4b-a914-a401f42f5be3 Received request: GET /jobs
2026-09-10 18:47:50,576 INFO dependencies: 671a51af-6d88-4f6c-8410-7f9876908b7d Received request: GET /jobs/001
2026-09-10 18:47:50,576 INFO endpoints: 98fa1f67-ff01-4dd2-b6ec-429a49ad18ab Received request: GET /jobs
2026-09-10 18:47:50,576 INFO dependencies: 1797dd77-77eb-4c0c-8584-a9992b32728e Received request: GET /jobs/001
2026-09-10 18:47:50,576 INFO dependencies: 55f1c9b5-c22a-48dd-9113-7e7e27422636 Received request: GET /jobs/001
2026-09-10 18:47:50,576 INFO dependencies: 3afdf2a2-25cd-44ec-8212-0eb1d9ec1824 Received request: POST /jobs/003/run
2026-09-10 18:47:50,578 INFO endpoints: 20fc28d5-a727-498b-b55f-54e487aa8cd7 Found job: 001
2026-09-10 18:47:50,579 INFO dependencies: 88f20b88-74a4-43a7-bdbc-966c66e31799 Received request: POST /jobs/004/run
2026-09-10 18:47:50,580 WARNING dependencies: 88f20b88-74a4-43a7-bdbc-966c66e31799 Job not found: 004
2026-09-10 18:47:50,579 INFO dependencies: 527d2e5c-b25d-4675-aa12-11e557eb235e Received request: POST /jobs/003/run
2026-09-10 18:47:50,580 INFO dependencies: 353b4dca-5c25-4e5b-b938-3680961d8a58 Received request: GET /jobs/001
2026-09-10 18:47:50,580 INFO endpoints: 762bbe25-b63d-4ea5-91e2-2043dedd5e2c Received request: GET /jobs
2026-09-10 18:47:50,580 INFO endpoints: 7ddad20d-4354-48c5-96f9-5699b2793557 Found job: 001
2026-09-10 18:47:50,580 INFO dependencies: 9e05bbe2-545b-4562-9c6a-d8f6f4a9d7f3 Received request: GET /jobs/1000
2026-09-10 18:47:50,579 INFO endpoints: e4409aa9-a106-49af-9b82-4f6a5ab6c9f8 Found job: 001
2026-09-10 18:47:50,581 WARNING dependencies: 9e05bbe2-545b-4562-9c6a-d8f6f4a9d7f3 Job not found: 1000
2026-09-10 18:47:50,582 INFO endpoints: d709f660-f894-402c-8e0c-4ecc2e3f681e Received request: GET /jobs
2026-09-10 18:47:50,581 INFO endpoints: 2f6fa54d-8614-4171-9fb6-145d90dc6ed6 Found job: 001
2026-09-10 18:47:50,582 INFO endpoints: ad84b3ce-89b7-4fdc-b132-c7e0573da3d0 Scheduling job: 003
2026-09-10 18:47:50,583 INFO endpoints: ca191a19-5290-45f3-98a0-f398a71c0f56 Received request: GET /jobs
2026-09-10 18:47:50,584 INFO job_service: 3d710690-9f3e-4b0a-be9d-ee79d78e2a91 Processing Job: 003
2026-09-10 18:47:50,584 ERROR job_service: 3d710690-9f3e-4b0a-be9d-ee79d78e2a91 Error for job: 003
2026-09-10 18:47:50,585 INFO endpoints: e77e760e-3fdb-4275-b943-3bbbce53ccc1 Scheduling job: 003
2026-09-10 18:47:50,585 INFO endpoints: 5ed637fe-1469-468b-b0af-8800d642a12f Received request: GET /jobs
2026-09-10 18:47:50,585 INFO endpoints: 03871d50-f483-4427-b3ee-424dd0a8fe12 Received request: GET /jobs
2026-09-10 18:47:50,585 INFO endpoints: aa3912d6-8482-47cd-adc6-e29f5db62764 Received request: GET /jobs
2026-09-10 18:47:50,585 INFO dependencies: 26702413-4e72-458f-bcc3-19244041548e Received request: GET /jobs/1000
2026-09-10 18:47:50,585 INFO dependencies: 2ddc260d-4a54-426d-871d-39e1f861b585 Received request: POST /jobs/004/run
2026-09-10 18:47:50,587 WARNING dependencies: 2ddc260d-4a54-426d-871d-39e1f861b585 Job not found: 004
2026-09-10 18:47:50,587 INFO job_service: 678a5c90-7987-4b69-a0ad-82fb135ac24f Processing Job: 003
2026-09-10 18:47:50,588 ERROR job_service: 678a5c90-7987-4b69-a0ad-82fb135ac24f Error for job: 003
2026-09-10 18:47:50,587 WARNING dependencies: 26702413-4e72-458f-bcc3-19244041548e Job not found: 1000
2026-09-10 18:47:50,587 INFO job_service: 136b38c9-1e2a-4457-b8b3-e54ec4bbe455 Processing Job: 003
2026-09-10 18:47:50,589 INFO endpoints: 6ee12960-5a63-4126-82af-95a40347e07a Received request: GET /jobs
2026-09-10 18:47:50,589 INFO endpoints: ff400164-cb31-4b04-89a0-6de292a5564c Received request: GET /jobs
2026-09-10 18:47:50,589 INFO endpoints: 3af8816e-19dd-477d-ba3b-07770ae3430a Received request: GET /jobs
2026-09-10 18:47:50,590 ERROR job_service: 136b38c9-1e2a-4457-b8b3-e54ec4bbe455 Error for job: 003
2026-09-10 18:47:50,591 INFO endpoints: 671a51af-6d88-4f6c-8410-7f9876908b7d Found job: 001
2026-09-10 18:47:50,591 INFO endpoints: 1797dd77-77eb-4c0c-8584-a9992b32728e Found job: 001
2026-09-10 18:47:50,591 INFO endpoints: 55f1c9b5-c22a-48dd-9113-7e7e27422636 Found job: 001
2026-09-10 18:47:50,592 INFO endpoints: 3afdf2a2-25cd-44ec-8212-0eb1d9ec1824 Scheduling job: 003
2026-09-10 18:47:50,593 INFO endpoints: cd2de2cc-bcae-49cf-90d5-d5b1eacf9cb2 Received request: GET /jobs
2026-09-10 18:47:50,593 INFO dependencies: 742abb45-99d8-43df-8446-5b720e7af5c7 Received request: GET /jobs/001
2026-09-10 18:47:50,593 INFO endpoints: 04338308-0dce-48d8-83da-2161ef8b39de Received request: GET /jobs
2026-09-10 18:47:50,594 INFO job_service: 690076b0-6256-4a1e-9ceb-d3a5dbd71abc Processing Job: 003
2026-09-10 18:47:50,594 ERROR job_service: 690076b0-6256-4a1e-9ceb-d3a5dbd71abc Error for job: 003
2026-09-10 18:47:50,594 INFO endpoints: 353b4dca-5c25-4e5b-b938-3680961d8a58 Found job: 001
2026-09-10 18:47:50,594 INFO endpoints: 527d2e5c-b25d-4675-aa12-11e557eb235e Scheduling job: 003
2026-09-10 18:47:50,595 INFO job_service: 7362bdbf-8418-4db0-8dd9-37d951da1041 Processing Job: 003
2026-09-10 18:47:50,596 ERROR job_service: 7362bdbf-8418-4db0-8dd9-37d951da1041 Error for job: 003
2026-09-10 18:47:50,595 INFO endpoints: 50ca0eed-b13b-405e-a585-6f58e675e2c1 Received request: GET /jobs
2026-09-10 18:47:50,595 INFO endpoints: 1fcce1f3-f221-440a-a278-d91c0bc2620d Received request: GET /jobs
2026-09-10 18:47:50,595 INFO endpoints: a470ef25-9490-4571-9743-4b5737ef6200 Received request: GET /jobs
2026-09-10 18:47:50,596 INFO endpoints: c5037123-dc23-472c-b8e9-66612a3a7815 Received request: GET /jobs
2026-09-10 18:47:50,596 INFO dependencies: 17d44974-b4d1-4411-9c1d-6811d20be841 Received request: GET /jobs/001
2026-09-10 18:47:50,595 INFO dependencies: 7a97ce63-67ec-41e8-8701-d214d39ca51e Received request: POST /jobs/003/run
2026-09-10 18:47:50,598 INFO job_service: 195e1cf7-355a-41d9-80f5-f61dabd15cd8 Processing Job: 003
2026-09-10 18:47:50,598 ERROR job_service: 195e1cf7-355a-41d9-80f5-f61dabd15cd8 Error for job: 003
2026-09-10 18:47:50,598 INFO job_service: 1a081a0b-01d6-457f-909c-2e909aca7f15 Processing Job: 003
2026-09-10 18:47:50,599 ERROR job_service: 1a081a0b-01d6-457f-909c-2e909aca7f15 Error for job: 003
2026-09-10 18:47:50,599 INFO dependencies: b685bb2e-6521-453f-8e30-4066d203a805 Received request: POST /jobs/003/run
2026-09-10 18:47:50,601 INFO job_service: 91649d55-feea-40f6-ad14-1591df5a8d9a Processing Job: 003
2026-09-10 18:47:50,601 ERROR job_service: 91649d55-feea-40f6-ad14-1591df5a8d9a Error for job: 003
2026-09-10 18:47:50,601 INFO dependencies: 06f43231-08c4-4cf5-874e-74b74f991089 Received request: POST /jobs/003/run
2026-09-10 18:47:50,602 INFO endpoints: a289dc67-c418-4d07-b6c7-b4da0cdd8c3d Received request: GET /jobs
2026-09-10 18:47:50,602 INFO dependencies: cf589c5f-42e0-4e7d-b2eb-6b6b61d73efc Received request: POST /jobs/003/run
2026-09-10 18:47:50,602 INFO dependencies: 0cbb124c-6255-446e-9c6a-9ab7ff307b5e Received request: GET /jobs/001
2026-09-10 18:47:50,609 INFO endpoints: 742abb45-99d8-43df-8446-5b720e7af5c7 Found job: 001
2026-09-10 18:47:50,611 INFO endpoints: 3ceef745-f69a-4322-a79b-fc8f00c64527 Received request: GET /jobs
2026-09-10 18:47:50,611 INFO dependencies: 0ac8f2ec-f687-4eb6-a7de-43a0ddfcad22 Received request: GET /jobs/001
2026-09-10 18:47:50,611 INFO dependencies: bf277cd7-8760-4790-9783-e566e03219d7 Received request: POST /jobs/003/run
2026-09-10 18:47:50,611 INFO endpoints: 409c8908-0724-49c8-b0b2-4295b484a75e Received request: GET /jobs
2026-09-10 18:47:50,612 INFO dependencies: be4de39e-ff73-4235-803b-c6b6dc65743e Received request: GET /jobs/001
2026-09-10 18:47:50,612 INFO dependencies: 7e171f6b-4994-45f3-a689-27824a792743 Received request: POST /jobs/003/run
2026-09-10 18:47:50,612 INFO endpoints: 9c175abd-2697-48ec-be7f-39f6e73ccff6 Received request: GET /jobs
2026-09-10 18:47:50,614 INFO endpoints: 17d44974-b4d1-4411-9c1d-6811d20be841 Found job: 001
2026-09-10 18:47:50,615 INFO job_service: e77e760e-3fdb-4275-b943-3bbbce53ccc1 Processing Job: 003
2026-09-10 18:47:50,615 ERROR job_service: e77e760e-3fdb-4275-b943-3bbbce53ccc1 Error for job: 003
2026-09-10 18:47:50,614 INFO job_service: ad84b3ce-89b7-4fdc-b132-c7e0573da3d0 Processing Job: 003
2026-09-10 18:47:50,615 ERROR job_service: ad84b3ce-89b7-4fdc-b132-c7e0573da3d0 Error for job: 003
2026-09-10 18:47:50,614 INFO endpoints: 7a97ce63-67ec-41e8-8701-d214d39ca51e Scheduling job: 003
2026-09-10 18:47:50,615 INFO endpoints: b685bb2e-6521-453f-8e30-4066d203a805 Scheduling job: 003
2026-09-10 18:47:50,616 INFO dependencies: a7021bd9-2633-477b-90c5-9da56bc9772a Received request: POST /jobs/003/run
2026-09-10 18:47:50,616 INFO dependencies: e06036f9-da84-438b-b688-f96d116e8ee0 Received request: GET /jobs/001
2026-09-10 18:47:50,617 INFO endpoints: 295e5bad-b508-41c6-8a1d-a64840baa8a7 Received request: GET /jobs
2026-09-10 18:47:50,617 INFO endpoints: 06f43231-08c4-4cf5-874e-74b74f991089 Scheduling job: 003
2026-09-10 18:47:50,619 INFO endpoints: cf589c5f-42e0-4e7d-b2eb-6b6b61d73efc Scheduling job: 003
2026-09-10 18:47:50,619 INFO endpoints: 6f44fd22-ff21-40f9-b249-f239971dd4a1 Received request: GET /jobs
2026-09-10 18:47:50,619 INFO endpoints: 1488d7d1-b24d-4f55-a358-bd9172ea8fae Received request: GET /jobs
2026-09-10 18:47:50,619 INFO dependencies: c80ed6b0-aec8-40d7-8638-bf9546532ce7 Received request: POST /jobs/004/run
2026-09-10 18:47:50,619 INFO endpoints: 72c5be75-0e1c-461a-881a-9d8cff88cb06 Received request: GET /jobs
2026-09-10 18:47:50,619 INFO dependencies: 442d7ee1-9ad8-4498-878b-7bd4392d53d4 Received request: POST /jobs/003/run
2026-09-10 18:47:50,619 INFO endpoints: c187fada-bc52-4bf2-80ed-95825759f3db Received request: GET /jobs
2026-09-10 18:47:50,619 INFO dependencies: a69bab8f-d430-4784-9426-d47929dafa03 Received request: POST /jobs/003/run
2026-09-10 18:47:50,620 INFO endpoints: 0cbb124c-6255-446e-9c6a-9ab7ff307b5e Found job: 001
2026-09-10 18:47:50,620 WARNING dependencies: c80ed6b0-aec8-40d7-8638-bf9546532ce7 Job not found: 004
2026-09-10 18:47:50,622 INFO job_service: 3afdf2a2-25cd-44ec-8212-0eb1d9ec1824 Processing Job: 003
2026-09-10 18:47:50,624 ERROR job_service: 3afdf2a2-25cd-44ec-8212-0eb1d9ec1824 Error for job: 003
2026-09-10 18:47:50,624 INFO dependencies: 9d2255b3-7e34-4dcf-a67d-344e2f3eadcd Received request: GET /jobs/001
2026-09-10 18:47:50,624 INFO endpoints: 141360de-22e2-455f-9fdb-62faf87fd5a7 Received request: GET /jobs
2026-09-10 18:47:50,624 INFO dependencies: 09795e94-6c47-4f5c-a41c-95316c4e15d6 Received request: GET /jobs/001
2026-09-10 18:47:50,624 INFO dependencies: 7eca13b7-1cd2-43f6-85bf-247449950de0 Received request: GET /jobs/001
2026-09-10 18:47:50,624 INFO endpoints: e06414e7-a24f-4222-8769-d581bca0dfd3 Received request: GET /jobs
2026-09-10 18:47:50,624 INFO endpoints: ca204f42-04e4-4c13-8215-03984acd300b Received request: GET /jobs
2026-09-10 18:47:50,626 INFO job_service: 527d2e5c-b25d-4675-aa12-11e557eb235e Processing Job: 003
2026-09-10 18:47:50,626 ERROR job_service: 527d2e5c-b25d-4675-aa12-11e557eb235e Error for job: 003
2026-09-10 18:47:50,626 INFO endpoints: bf277cd7-8760-4790-9783-e566e03219d7 Scheduling job: 003
2026-09-10 18:47:50,626 INFO endpoints: 7e171f6b-4994-45f3-a689-27824a792743 Scheduling job: 003
2026-09-10 18:47:50,626 INFO endpoints: be4de39e-ff73-4235-803b-c6b6dc65743e Found job: 001
2026-09-10 18:47:50,627 INFO endpoints: 0ac8f2ec-f687-4eb6-a7de-43a0ddfcad22 Found job: 001
2026-09-10 18:47:50,629 INFO dependencies: 4d0f8b0c-1e96-4077-8f7f-8fefddf2df1a Received request: POST /jobs/004/run
2026-09-10 18:47:50,629 WARNING dependencies: 4d0f8b0c-1e96-4077-8f7f-8fefddf2df1a Job not found: 004
2026-09-10 18:47:50,629 INFO dependencies: 0fee7101-b16b-482d-ba60-9212f3a5b504 Received request: GET /jobs/001
2026-09-10 18:47:50,629 INFO endpoints: 729cf29a-6c17-4ecd-b4c1-685e051ec83c Received request: GET /jobs
2026-09-10 18:47:50,629 INFO endpoints: b7b42180-9590-4f27-812e-a299293b1620 Received request: GET /jobs
2026-09-10 18:47:50,629 INFO endpoints: b4ceed14-4c5b-4411-bae6-33be25b3f2f1 Received request: GET /jobs
2026-09-10 18:47:50,629 INFO dependencies: f5e61a04-3a2d-4a52-ac2a-b74c6f660530 Received request: POST /jobs/004/run
2026-09-10 18:47:50,629 INFO endpoints: 75774501-cf67-4931-9e26-10c96fcc838f Received request: GET /jobs
2026-09-10 18:47:50,629 INFO endpoints: e06036f9-da84-438b-b688-f96d116e8ee0 Found job: 001
2026-09-10 18:47:50,630 INFO endpoints: a7021bd9-2633-477b-90c5-9da56bc9772a Scheduling job: 003
2026-09-10 18:47:50,631 WARNING dependencies: f5e61a04-3a2d-4a52-ac2a-b74c6f660530 Job not found: 004
2026-09-10 18:47:50,633 INFO endpoints: 442d7ee1-9ad8-4498-878b-7bd4392d53d4 Scheduling job: 003
2026-09-10 18:47:50,634 INFO endpoints: a69bab8f-d430-4784-9426-d47929dafa03 Scheduling job: 003
2026-09-10 18:47:50,635 INFO endpoints: 9d2255b3-7e34-4dcf-a67d-344e2f3eadcd Found job: 001
2026-09-10 18:47:50,639 INFO endpoints: 09795e94-6c47-4f5c-a41c-95316c4e15d6 Found job: 001
2026-09-10 18:47:50,639 INFO endpoints: 7eca13b7-1cd2-43f6-85bf-247449950de0 Found job: 001
2026-09-10 18:47:50,642 INFO dependencies: fd226dcd-e8a4-43c8-ac68-7ff2dd732e5b Received request: GET /jobs/1000
2026-09-10 18:47:50,642 WARNING dependencies: fd226dcd-e8a4-43c8-ac68-7ff2dd732e5b Job not found: 1000
2026-09-10 18:47:50,642 INFO endpoints: dc047112-f695-40e2-8984-436fcfd39f89 Received request: GET /jobs
2026-09-10 18:47:50,642 INFO dependencies: 98e11574-5de1-419a-bb37-f441c853f848 Received request: GET /jobs/1000
2026-09-10 18:47:50,642 INFO endpoints: abe12257-7571-43a1-bd48-efd6f82dd4a2 Received request: GET /jobs
2026-09-10 18:47:50,642 INFO dependencies: 9cefb98f-828d-4245-8437-bb3672263b55 Received request: GET /jobs/001
2026-09-10 18:47:50,642 INFO dependencies: 157f3a22-1ac4-4248-849e-0a8a9d9d6b7e Received request: POST /jobs/004/run
2026-09-10 18:47:50,642 INFO dependencies: cee3bfb5-95dd-4549-98a3-fffbc5347228 Received request: POST /jobs/004/run
2026-09-10 18:47:50,642 INFO dependencies: 2a5f15b4-d24a-4cdb-a9e2-c4f58c762d67 Received request: POST /jobs/003/run
2026-09-10 18:47:50,643 WARNING dependencies: 98e11574-5de1-419a-bb37-f441c853f848 Job not found: 1000
2026-09-10 18:47:50,644 INFO job_service: 7a97ce63-67ec-41e8-8701-d214d39ca51e Processing Job: 003
2026-09-10 18:47:50,644 INFO job_service: b685bb2e-6521-453f-8e30-4066d203a805 Processing Job: 003
2026-09-10 18:47:50,645 INFO dependencies: 3228b879-ac20-4deb-b4f3-7c963e41403d Received request: POST /jobs/004/run
2026-09-10 18:47:50,645 INFO endpoints: 438b632d-e258-472e-8b22-aa8ee7b18505 Received request: GET /jobs
2026-09-10 18:47:50,645 INFO dependencies: 25223d94-341b-48c5-8523-384c31506ea5 Received request: GET /jobs/1000
2026-09-10 18:47:50,645 INFO dependencies: bed60445-c43f-48d6-a8fd-ac397739527f Received request: GET /jobs/001
2026-09-10 18:47:50,645 INFO endpoints: 245e50ff-e7e4-448a-8bf7-8028612097a9 Received request: GET /jobs
2026-09-10 18:47:50,645 INFO dependencies: 74609a70-2e96-4160-a78b-c2d9dcb67201 Received request: POST /jobs/004/run
2026-09-10 18:47:50,645 WARNING dependencies: 157f3a22-1ac4-4248-849e-0a8a9d9d6b7e Job not found: 004
2026-09-10 18:47:50,645 WARNING dependencies: cee3bfb5-95dd-4549-98a3-fffbc5347228 Job not found: 004
2026-09-10 18:47:50,646 INFO job_service: 06f43231-08c4-4cf5-874e-74b74f991089 Processing Job: 003
2026-09-10 18:47:50,646 INFO endpoints: 0fee7101-b16b-482d-ba60-9212f3a5b504 Found job: 001
2026-09-10 18:47:50,647 ERROR job_service: 7a97ce63-67ec-41e8-8701-d214d39ca51e Error for job: 003
2026-09-10 18:47:50,647 ERROR job_service: b685bb2e-6521-453f-8e30-4066d203a805 Error for job: 003
2026-09-10 18:47:50,647 WARNING dependencies: 3228b879-ac20-4deb-b4f3-7c963e41403d Job not found: 004
2026-09-10 18:47:50,647 INFO job_service: cf589c5f-42e0-4e7d-b2eb-6b6b61d73efc Processing Job: 003
2026-09-10 18:47:50,648 INFO dependencies: 401cbbec-15c9-43d3-901b-5138ce689e33 Received request: GET /jobs/001
2026-09-10 18:47:50,648 INFO dependencies: 73be3265-cb20-4300-8781-89223f92d19f Received request: GET /jobs/1000
2026-09-10 18:47:50,648 INFO endpoints: 167ac1b7-63e4-4dd1-80c8-96d8005f3bce Received request: GET /jobs
2026-09-10 18:47:50,648 WARNING dependencies: 25223d94-341b-48c5-8523-384c31506ea5 Job not found: 1000
2026-09-10 18:47:50,649 WARNING dependencies: 74609a70-2e96-4160-a78b-c2d9dcb67201 Job not found: 004
2026-09-10 18:47:50,650 ERROR job_service: 06f43231-08c4-4cf5-874e-74b74f991089 Error for job: 003
2026-09-10 18:47:50,651 ERROR job_service: cf589c5f-42e0-4e7d-b2eb-6b6b61d73efc Error for job: 003
2026-09-10 18:47:50,651 WARNING dependencies: 73be3265-cb20-4300-8781-89223f92d19f Job not found: 1000
2026-09-10 18:47:50,653 INFO endpoints: 7bda43f1-c6f1-42ee-a2ac-9444a42456bb Received request: GET /jobs
2026-09-10 18:47:50,655 INFO job_service: 7e171f6b-4994-45f3-a689-27824a792743 Processing Job: 003
2026-09-10 18:47:50,655 ERROR job_service: 7e171f6b-4994-45f3-a689-27824a792743 Error for job: 003
2026-09-10 18:47:50,655 INFO job_service: bf277cd7-8760-4790-9783-e566e03219d7 Processing Job: 003
2026-09-10 18:47:50,656 ERROR job_service: bf277cd7-8760-4790-9783-e566e03219d7 Error for job: 003
2026-09-10 18:47:50,655 INFO dependencies: 6a4ad855-f68b-4195-87f3-413380bd2c9d Received request: POST /jobs/004/run
2026-09-10 18:47:50,656 WARNING dependencies: 6a4ad855-f68b-4195-87f3-413380bd2c9d Job not found: 004
2026-09-10 18:47:50,656 INFO dependencies: 1d6e1bf3-ae83-44f2-8be3-5d6a17f58d13 Received request: GET /jobs/1000
2026-09-10 18:47:50,656 INFO endpoints: 1e9eb410-9d4f-4cf4-840a-46fd95f369a2 Received request: GET /jobs
2026-09-10 18:47:50,657 WARNING dependencies: 1d6e1bf3-ae83-44f2-8be3-5d6a17f58d13 Job not found: 1000
2026-09-10 18:47:50,659 INFO endpoints: 9cefb98f-828d-4245-8437-bb3672263b55 Found job: 001
2026-09-10 18:47:50,660 INFO dependencies: 831c6b57-977c-4d09-9638-6f293b0a9079 Received request: GET /jobs/1000
2026-09-10 18:47:50,660 WARNING dependencies: 831c6b57-977c-4d09-9638-6f293b0a9079 Job not found: 1000
2026-09-10 18:47:50,660 INFO endpoints: 98109052-7df0-4957-bbad-1316f8f71421 Received request: GET /jobs
2026-09-10 18:47:50,660 INFO dependencies: 868ae377-3f0a-4a2c-8bd0-8d95a87b1269 Received request: POST /jobs/004/run
2026-09-10 18:47:50,661 WARNING dependencies: 868ae377-3f0a-4a2c-8bd0-8d95a87b1269 Job not found: 004
2026-09-10 18:47:50,660 INFO dependencies: 5a318aef-a9de-4be4-a1f3-a849e00ac536 Received request: GET /jobs/001
2026-09-10 18:47:50,661 INFO endpoints: 2a5f15b4-d24a-4cdb-a9e2-c4f58c762d67 Scheduling job: 003
2026-09-10 18:47:50,660 INFO dependencies: 8b02aaa9-4e11-4e8d-8ae0-a89201dd858c Received request: POST /jobs/003/run
2026-09-10 18:47:50,663 INFO job_service: a7021bd9-2633-477b-90c5-9da56bc9772a Processing Job: 003
2026-09-10 18:47:50,663 ERROR job_service: a7021bd9-2633-477b-90c5-9da56bc9772a Error for job: 003
2026-09-10 18:47:50,663 INFO dependencies: 5c19b9df-6356-46f5-914f-12ba5812606a Received request: GET /jobs/001
2026-09-10 18:47:50,663 INFO endpoints: bed60445-c43f-48d6-a8fd-ac397739527f Found job: 001
2026-09-10 18:47:50,663 INFO endpoints: 0b51610c-940d-4c98-b21d-1f6bbe9ae13e Received request: GET /jobs
2026-09-10 18:47:50,663 INFO endpoints: 91571ed4-ac17-4197-8e74-38349d7f0959 Received request: GET /jobs
2026-09-10 18:47:50,665 INFO job_service: 442d7ee1-9ad8-4498-878b-7bd4392d53d4 Processing Job: 003
2026-09-10 18:47:50,665 ERROR job_service: 442d7ee1-9ad8-4498-878b-7bd4392d53d4 Error for job: 003
2026-09-10 18:47:50,665 INFO job_service: a69bab8f-d430-4784-9426-d47929dafa03 Processing Job: 003
2026-09-10 18:47:50,665 ERROR job_service: a69bab8f-d430-4784-9426-d47929dafa03 Error for job: 003
2026-09-10 18:47:50,666 INFO endpoints: 401cbbec-15c9-43d3-901b-5138ce689e33 Found job: 001
2026-09-10 18:47:50,666 INFO dependencies: 99701d41-090b-44bc-8029-ce849a6786e2 Received request: POST /jobs/004/run
2026-09-10 18:47:50,667 WARNING dependencies: 99701d41-090b-44bc-8029-ce849a6786e2 Job not found: 004
2026-09-10 18:47:50,667 INFO dependencies: da59250a-0d81-4939-9a2d-c00a4fecb25e Received request: POST /jobs/004/run
2026-09-10 18:47:50,667 WARNING dependencies: da59250a-0d81-4939-9a2d-c00a4fecb25e Job not found: 004
2026-09-10 18:47:50,667 INFO endpoints: 83ce8c25-730a-4e94-805f-c770bfdcda78 Received request: GET /jobs
2026-09-10 18:47:50,670 INFO endpoints: 72a093f6-4551-46e6-9872-f81d37c1db90 Received request: GET /jobs
2026-09-10 18:47:50,670 INFO dependencies: 2feaa7c1-3b3d-4d20-a4c4-abdf82a61a6b Received request: POST /jobs/004/run
2026-09-10 18:47:50,671 WARNING dependencies: 2feaa7c1-3b3d-4d20-a4c4-abdf82a61a6b Job not found: 004
2026-09-10 18:47:50,671 INFO dependencies: a146af2c-8695-492a-ad40-12f96d0091e4 Received request: POST /jobs/003/run
2026-09-10 18:47:50,673 INFO dependencies: b3769576-2a4f-4ded-9526-4fafe5a33c8c Received request: POST /jobs/004/run
2026-09-10 18:47:50,673 WARNING dependencies: b3769576-2a4f-4ded-9526-4fafe5a33c8c Job not found: 004
2026-09-10 18:47:50,673 INFO endpoints: 89de752a-905e-452b-9459-bbc626e7b5e5 Received request: GET /jobs
2026-09-10 18:47:50,675 INFO endpoints: 5a318aef-a9de-4be4-a1f3-a849e00ac536 Found job: 001
2026-09-10 18:47:50,675 INFO endpoints: 8b02aaa9-4e11-4e8d-8ae0-a89201dd858c Scheduling job: 003
2026-09-10 18:47:50,676 INFO endpoints: dff796cb-b535-4c83-a558-e7fbaf609e0f Received request: GET /jobs
2026-09-10 18:47:50,676 INFO endpoints: 77c71ef3-4ad7-4d99-a28f-85ab3fec94a6 Received request: GET /jobs
2026-09-10 18:47:50,676 INFO endpoints: 5c19b9df-6356-46f5-914f-12ba5812606a Found job: 001
2026-09-10 18:47:50,676 INFO endpoints: af781602-f221-4519-8e1d-f312bbf7d468 Received request: GET /jobs
2026-09-10 18:47:50,679 INFO endpoints: 4a6c388a-5aa4-4019-b79c-404c964e8eb7 Received request: GET /jobs
2026-09-10 18:47:50,679 INFO dependencies: a799f285-fa41-46fb-81b5-137a346c2c03 Received request: GET /jobs/001
2026-09-10 18:47:50,679 INFO dependencies: 0dd19298-4b72-49cb-9f2c-916572a03650 Received request: POST /jobs/004/run
2026-09-10 18:47:50,679 WARNING dependencies: 0dd19298-4b72-49cb-9f2c-916572a03650 Job not found: 004
2026-09-10 18:47:50,679 INFO dependencies: 3caeaa30-ca3c-4f07-ba0b-740f2f4828d0 Received request: POST /jobs/004/run
2026-09-10 18:47:50,679 WARNING dependencies: 3caeaa30-ca3c-4f07-ba0b-740f2f4828d0 Job not found: 004
2026-09-10 18:47:50,681 INFO dependencies: 98897573-1e75-4a0a-bdf3-8494963b6db5 Received request: GET /jobs/001
2026-09-10 18:47:50,681 INFO dependencies: ca6908aa-a402-45d1-894e-bc1fc4899fa5 Received request: GET /jobs/1000
2026-09-10 18:47:50,682 WARNING dependencies: ca6908aa-a402-45d1-894e-bc1fc4899fa5 Job not found: 1000
2026-09-10 18:47:50,682 INFO endpoints: a146af2c-8695-492a-ad40-12f96d0091e4 Scheduling job: 003
2026-09-10 18:47:50,681 INFO dependencies: 95704a7e-3ed6-4adb-895b-7269806c53e9 Received request: GET /jobs/001
2026-09-10 18:47:50,683 INFO dependencies: 45fcccbf-cabd-4dc8-9ece-b49669eb72c1 Received request: GET /jobs/1000
2026-09-10 18:47:50,683 WARNING dependencies: 45fcccbf-cabd-4dc8-9ece-b49669eb72c1 Job not found: 1000
2026-09-10 18:47:50,683 INFO endpoints: 703c42cb-db96-4f97-b097-488935c828dc Received request: GET /jobs
2026-09-10 18:47:50,684 INFO dependencies: 5cd2f66e-daf3-4f6f-9bb3-512047b94823 Received request: GET /jobs/001
2026-09-10 18:47:50,685 INFO job_service: 2a5f15b4-d24a-4cdb-a9e2-c4f58c762d67 Processing Job: 003
2026-09-10 18:47:50,685 ERROR job_service: 2a5f15b4-d24a-4cdb-a9e2-c4f58c762d67 Error for job: 003
2026-09-10 18:47:50,688 INFO endpoints: a799f285-fa41-46fb-81b5-137a346c2c03 Found job: 001
2026-09-10 18:47:50,689 INFO dependencies: 0bd22672-b526-422f-91da-14c1c07e6d0a Received request: GET /jobs/001
2026-09-10 18:47:50,690 INFO dependencies: c6a617e5-1d30-4903-96ea-5b8e9530aa85 Received request: GET /jobs/001
2026-09-10 18:47:50,690 INFO dependencies: e3b8478f-f275-4f29-8ab5-4ba99b9367e2 Received request: POST /jobs/003/run
2026-09-10 18:47:50,690 INFO endpoints: f7470d31-96fb-42b8-a0cd-b41d75a0d67a Received request: GET /jobs
2026-09-10 18:47:50,691 INFO dependencies: 20cd4aca-d06d-4579-8873-a59db2640e0d Received request: GET /jobs/001
2026-09-10 18:47:50,691 INFO dependencies: 8394ee96-0832-490d-ba8e-ed0023c01e8a Received request: GET /jobs/001
2026-09-10 18:47:50,691 INFO dependencies: 56d7c8e8-a826-4e9f-a349-d209b971d0ca Received request: POST /jobs/003/run
2026-09-10 18:47:50,691 INFO dependencies: c0bd5f49-9464-4c55-9027-1752ad6075b1 Received request: GET /jobs/1000
2026-09-10 18:47:50,691 INFO endpoints: 98897573-1e75-4a0a-bdf3-8494963b6db5 Found job: 001
2026-09-10 18:47:50,691 INFO endpoints: 6cb00792-271b-4519-a852-102f875cb36a Received request: GET /jobs
2026-09-10 18:47:50,692 INFO endpoints: 95704a7e-3ed6-4adb-895b-7269806c53e9 Found job: 001
2026-09-10 18:47:50,692 WARNING dependencies: c0bd5f49-9464-4c55-9027-1752ad6075b1 Job not found: 1000
2026-09-10 18:47:50,693 INFO dependencies: adf01010-5371-427a-b30f-5ec931a7f22c Received request: GET /jobs/001
2026-09-10 18:47:50,694 INFO endpoints: 5cd2f66e-daf3-4f6f-9bb3-512047b94823 Found job: 001
2026-09-10 18:47:50,695 INFO job_service: 8b02aaa9-4e11-4e8d-8ae0-a89201dd858c Processing Job: 003
2026-09-10 18:47:50,695 ERROR job_service: 8b02aaa9-4e11-4e8d-8ae0-a89201dd858c Error for job: 003
2026-09-10 18:47:50,695 INFO endpoints: d8116e14-a24a-4151-a842-1ff50c1aeb50 Received request: GET /jobs
2026-09-10 18:47:50,695 INFO dependencies: e71bdf44-325b-42a7-8bec-ba8c2f5c8dca Received request: GET /jobs/1000
2026-09-10 18:47:50,696 WARNING dependencies: e71bdf44-325b-42a7-8bec-ba8c2f5c8dca Job not found: 1000
2026-09-10 18:47:50,695 INFO endpoints: 7df4878a-f1b5-4164-9638-d038deb40a97 Received request: GET /jobs
2026-09-10 18:47:50,697 INFO dependencies: 044aeb51-77d5-43e8-bb39-9dc7187e1bc7 Received request: POST /jobs/003/run
2026-09-10 18:47:50,697 INFO endpoints: f6d2481b-ffa1-41e1-8534-50c77c96478c Received request: GET /jobs
2026-09-10 18:47:50,697 INFO dependencies: b9344287-9ccc-4da8-bfbb-ad8f97e295da Received request: GET /jobs/1000
2026-09-10 18:47:50,699 WARNING dependencies: b9344287-9ccc-4da8-bfbb-ad8f97e295da Job not found: 1000
2026-09-10 18:47:50,698 INFO endpoints: e3b8478f-f275-4f29-8ab5-4ba99b9367e2 Scheduling job: 003
2026-09-10 18:47:50,699 INFO endpoints: 8394ee96-0832-490d-ba8e-ed0023c01e8a Found job: 001
2026-09-10 18:47:50,698 INFO endpoints: c6a617e5-1d30-4903-96ea-5b8e9530aa85 Found job: 001
2026-09-10 18:47:50,699 INFO endpoints: 20cd4aca-d06d-4579-8873-a59db2640e0d Found job: 001
2026-09-10 18:47:50,698 INFO endpoints: 0bd22672-b526-422f-91da-14c1c07e6d0a Found job: 001
2026-09-10 18:47:50,700 INFO endpoints: 56d7c8e8-a826-4e9f-a349-d209b971d0ca Scheduling job: 003
2026-09-10 18:47:50,700 INFO dependencies: 0d51310b-48b4-4551-aa68-8caf029a2453 Received request: POST /jobs/004/run
2026-09-10 18:47:50,700 INFO endpoints: a8c06413-6165-494c-8d62-70ef30b429ac Received request: GET /jobs
2026-09-10 18:47:50,700 INFO job_service: a146af2c-8695-492a-ad40-12f96d0091e4 Processing Job: 003
2026-09-10 18:47:50,700 INFO dependencies: 08a10a80-4553-41ba-8a0e-5976b2331680 Received request: POST /jobs/004/run
2026-09-10 18:47:50,701 INFO endpoints: adf01010-5371-427a-b30f-5ec931a7f22c Found job: 001
2026-09-10 18:47:50,702 INFO endpoints: f9dcdefa-6f94-4633-b9c3-366c9e5ae5b6 Received request: GET /jobs
2026-09-10 18:47:50,702 INFO endpoints: 9fca3f6c-f0c2-466b-a4f2-fc9d0a297fbd Received request: GET /jobs
2026-09-10 18:47:50,702 INFO endpoints: 5a1c3519-5b2d-41df-bd74-f1003cee278e Received request: GET /jobs
2026-09-10 18:47:50,702 WARNING dependencies: 0d51310b-48b4-4551-aa68-8caf029a2453 Job not found: 004
2026-09-10 18:47:50,703 ERROR job_service: a146af2c-8695-492a-ad40-12f96d0091e4 Error for job: 003
2026-09-10 18:47:50,703 WARNING dependencies: 08a10a80-4553-41ba-8a0e-5976b2331680 Job not found: 004
2026-09-10 18:47:50,705 INFO endpoints: 044aeb51-77d5-43e8-bb39-9dc7187e1bc7 Scheduling job: 003
2026-09-10 18:47:50,707 INFO endpoints: c2708378-6e8c-4cc6-bdf5-201e4af8041e Received request: GET /jobs
2026-09-10 18:47:50,707 INFO dependencies: 5c034b29-ceb4-4a2b-94d0-0217bc154f02 Received request: POST /jobs/004/run
2026-09-10 18:47:50,708 WARNING dependencies: 5c034b29-ceb4-4a2b-94d0-0217bc154f02 Job not found: 004
2026-09-10 18:47:50,707 INFO dependencies: 5b37673a-a953-4271-8eef-81c3a815c774 Received request: POST /jobs/004/run
2026-09-10 18:47:50,708 WARNING dependencies: 5b37673a-a953-4271-8eef-81c3a815c774 Job not found: 004
2026-09-10 18:47:50,707 INFO dependencies: 53748006-8a7b-4739-ab11-cb0665a56f9d Received request: GET /jobs/1000
2026-09-10 18:47:50,707 INFO dependencies: 8bcc2e82-cb60-44fd-9d2f-b3e8389b8c23 Received request: GET /jobs/001
2026-09-10 18:47:50,709 WARNING dependencies: 53748006-8a7b-4739-ab11-cb0665a56f9d Job not found: 1000
2026-09-10 18:47:50,716 INFO dependencies: 0e49315c-f71a-497f-b7a0-54529d69b3b9 Received request: GET /jobs/001
2026-09-10 18:47:50,717 INFO dependencies: 8667cc96-8dd9-4bc2-b93e-b28743e4bfc3 Received request: GET /jobs/1000
2026-09-10 18:47:50,717 WARNING dependencies: 8667cc96-8dd9-4bc2-b93e-b28743e4bfc3 Job not found: 1000
2026-09-10 18:47:50,716 INFO dependencies: b6b32211-ef1d-45e0-bb4b-8347f23e44f8 Received request: GET /jobs/001
2026-09-10 18:47:50,716 INFO endpoints: a3863ce4-f8e2-4474-bd53-ff2ac2cfebec Received request: GET /jobs
2026-09-10 18:47:50,717 INFO job_service: e3b8478f-f275-4f29-8ab5-4ba99b9367e2 Processing Job: 003
2026-09-10 18:47:50,716 INFO dependencies: 3ff4b8d3-484b-487b-b5b0-9960afc35794 Received request: GET /jobs/001
2026-09-10 18:47:50,717 INFO dependencies: dfbec004-38c8-4e9f-b4f7-affd5311d4ce Received request: GET /jobs/001
2026-09-10 18:47:50,719 ERROR job_service: e3b8478f-f275-4f29-8ab5-4ba99b9367e2 Error for job: 003
2026-09-10 18:47:50,720 INFO endpoints: 8bcc2e82-cb60-44fd-9d2f-b3e8389b8c23 Found job: 001
2026-09-10 18:47:50,720 INFO job_service: 56d7c8e8-a826-4e9f-a349-d209b971d0ca Processing Job: 003
2026-09-10 18:47:50,721 ERROR job_service: 56d7c8e8-a826-4e9f-a349-d209b971d0ca Error for job: 003
2026-09-10 18:47:50,721 INFO dependencies: f7385795-1e59-404e-9901-201f92370882 Received request: GET /jobs/001
2026-09-10 18:47:50,721 INFO dependencies: b47e905d-26b1-42b1-9ef4-c94e059de86e Received request: GET /jobs/001
2026-09-10 18:47:50,723 INFO endpoints: a70fce2e-a29f-4748-ab2a-3e1b70c61189 Received request: GET /jobs
2026-09-10 18:47:50,723 INFO endpoints: 0b4a710f-54be-457c-9590-0466ef4efe28 Received request: GET /jobs
2026-09-10 18:47:50,723 INFO dependencies: 40889d34-4a7f-486f-9f95-19122a5d489b Received request: GET /jobs/001
2026-09-10 18:47:50,723 INFO dependencies: 866e714e-a387-4209-8e16-aa9698f85661 Received request: POST /jobs/004/run
2026-09-10 18:47:50,724 WARNING dependencies: 866e714e-a387-4209-8e16-aa9698f85661 Job not found: 004
2026-09-10 18:47:50,724 INFO dependencies: ddf7c581-8ac8-4eef-bda9-ad01e31e0dd1 Received request: POST /jobs/003/run
2026-09-10 18:47:50,724 INFO dependencies: 689f1c75-24d0-47d3-be4d-266cf14b8a79 Received request: GET /jobs/001
2026-09-10 18:47:50,725 INFO job_service: 044aeb51-77d5-43e8-bb39-9dc7187e1bc7 Processing Job: 003
2026-09-10 18:47:50,726 ERROR job_service: 044aeb51-77d5-43e8-bb39-9dc7187e1bc7 Error for job: 003
2026-09-10 18:47:50,726 INFO endpoints: ac728e93-4a74-4b66-9a77-e61c73444922 Received request: GET /jobs
2026-09-10 18:47:50,725 INFO endpoints: 0e49315c-f71a-497f-b7a0-54529d69b3b9 Found job: 001
2026-09-10 18:47:50,727 INFO endpoints: b6b32211-ef1d-45e0-bb4b-8347f23e44f8 Found job: 001
2026-09-10 18:47:50,727 INFO endpoints: 2228337b-0eea-432d-b720-aef4c39c2780 Received request: GET /jobs
2026-09-10 18:47:50,727 INFO dependencies: 4b27eb32-7454-416d-9a2b-2eaf7b9df4dc Received request: POST /jobs/004/run
2026-09-10 18:47:50,727 INFO endpoints: 3ff4b8d3-484b-487b-b5b0-9960afc35794 Found job: 001
2026-09-10 18:47:50,727 INFO endpoints: dfbec004-38c8-4e9f-b4f7-affd5311d4ce Found job: 001
2026-09-10 18:47:50,728 INFO endpoints: f7385795-1e59-404e-9901-201f92370882 Found job: 001
2026-09-10 18:47:50,728 INFO dependencies: 858f88ad-5e3f-4bb7-9269-6d04a7c5c2a8 Received request: POST /jobs/004/run
2026-09-10 18:47:50,728 INFO dependencies: 2eeececb-c081-43bc-afda-1dd04fb8dad6 Received request: POST /jobs/004/run
2026-09-10 18:47:50,728 INFO endpoints: b47e905d-26b1-42b1-9ef4-c94e059de86e Found job: 001
2026-09-10 18:47:50,729 WARNING dependencies: 4b27eb32-7454-416d-9a2b-2eaf7b9df4dc Job not found: 004
2026-09-10 18:47:50,730 INFO dependencies: 735078e7-b475-4316-bd1f-5daedb1e4065 Received request: GET /jobs/1000
2026-09-10 18:47:50,730 INFO dependencies: 53e1be3a-8bb3-48a1-bac2-56ebdfc87a08 Received request: GET /jobs/1000
2026-09-10 18:47:50,731 INFO endpoints: 40889d34-4a7f-486f-9f95-19122a5d489b Found job: 001
2026-09-10 18:47:50,731 WARNING dependencies: 858f88ad-5e3f-4bb7-9269-6d04a7c5c2a8 Job not found: 004
2026-09-10 18:47:50,732 WARNING dependencies: 2eeececb-c081-43bc-afda-1dd04fb8dad6 Job not found: 004
2026-09-10 18:47:50,732 INFO endpoints: ddf7c581-8ac8-4eef-bda9-ad01e31e0dd1 Scheduling job: 003
2026-09-10 18:47:50,732 INFO endpoints: 0d857c4f-9abe-4427-9ac8-23c844c94843 Received request: GET /jobs
2026-09-10 18:47:50,732 INFO endpoints: 5895fcd7-14a0-4a2e-89f4-a0bf350db3c2 Received request: GET /jobs
2026-09-10 18:47:50,732 INFO endpoints: 689f1c75-24d0-47d3-be4d-266cf14b8a79 Found job: 001
2026-09-10 18:47:50,733 WARNING dependencies: 735078e7-b475-4316-bd1f-5daedb1e4065 Job not found: 1000
2026-09-10 18:47:50,733 WARNING dependencies: 53e1be3a-8bb3-48a1-bac2-56ebdfc87a08 Job not found: 1000
2026-09-10 18:47:50,734 INFO endpoints: 704a370e-a366-4e74-99d2-a4a36d4708be Received request: GET /jobs
2026-09-10 18:47:50,734 INFO dependencies: 4a7992a3-1241-4f5b-91f0-9762e85445eb Received request: GET /jobs/001
2026-09-10 18:47:50,734 INFO endpoints: 3e0fa03c-11ec-4699-bdee-3e092085e100 Received request: GET /jobs
2026-09-10 18:47:50,734 INFO dependencies: 1a546100-ee91-42e2-9464-006c92c809a2 Received request: GET /jobs/1000
2026-09-10 18:47:50,734 INFO dependencies: e7e95dc4-3478-4093-80c2-cf5545f142c3 Received request: GET /jobs/1000
2026-09-10 18:47:50,736 INFO dependencies: da1dbc9d-dfe2-4eba-9de5-574e2150d33e Received request: GET /jobs/001
2026-09-10 18:47:50,737 INFO dependencies: 952bcab8-15d8-40a5-be21-779026f2a137 Received request: GET /jobs/001
2026-09-10 18:47:50,738 INFO endpoints: 4e828663-6152-470d-a5d9-7bb1aa60427d Received request: GET /jobs
2026-09-10 18:47:50,740 WARNING dependencies: 1a546100-ee91-42e2-9464-006c92c809a2 Job not found: 1000
2026-09-10 18:47:50,740 INFO dependencies: 4f6cdbf0-d1b0-4bc2-b56f-43ca90ac8bec Received request: GET /jobs/1000
2026-09-10 18:47:50,741 WARNING dependencies: 4f6cdbf0-d1b0-4bc2-b56f-43ca90ac8bec Job not found: 1000
2026-09-10 18:47:50,741 INFO dependencies: 1a6ec867-c87e-4603-86f2-32060c813d74 Received request: POST /jobs/004/run
2026-09-10 18:47:50,740 WARNING dependencies: e7e95dc4-3478-4093-80c2-cf5545f142c3 Job not found: 1000
2026-09-10 18:47:50,742 WARNING dependencies: 1a6ec867-c87e-4603-86f2-32060c813d74 Job not found: 004
2026-09-10 18:47:50,745 INFO endpoints: 809ec996-8939-4506-a37d-15050f428543 Received request: GET /jobs
2026-09-10 18:47:50,745 INFO dependencies: 77e0e79a-14e3-4f90-83ac-99a28f01b24a Received request: GET /jobs/001
2026-09-10 18:47:50,746 INFO endpoints: 4a7992a3-1241-4f5b-91f0-9762e85445eb Found job: 001
2026-09-10 18:47:50,747 INFO endpoints: da1dbc9d-dfe2-4eba-9de5-574e2150d33e Found job: 001
2026-09-10 18:47:50,747 INFO endpoints: 952bcab8-15d8-40a5-be21-779026f2a137 Found job: 001
2026-09-10 18:47:50,747 INFO job_service: ddf7c581-8ac8-4eef-bda9-ad01e31e0dd1 Processing Job: 003
2026-09-10 18:47:50,747 ERROR job_service: ddf7c581-8ac8-4eef-bda9-ad01e31e0dd1 Error for job: 003
2026-09-10 18:47:50,748 INFO endpoints: f7c0184d-5a04-4e54-b9ce-905e16ccc6de Received request: GET /jobs
2026-09-10 18:47:50,751 INFO dependencies: 5debcc42-355c-4ba9-b0fe-8052c72a8934 Received request: GET /jobs/1000
2026-09-10 18:47:50,752 WARNING dependencies: 5debcc42-355c-4ba9-b0fe-8052c72a8934 Job not found: 1000
2026-09-10 18:47:50,751 INFO endpoints: 1658b7a0-c9d4-4e36-8d52-07f55df1a258 Received request: GET /jobs
2026-09-10 18:47:50,753 INFO endpoints: 77e0e79a-14e3-4f90-83ac-99a28f01b24a Found job: 001
2026-09-10 18:47:50,753 INFO endpoints: a6748e29-8d6b-4395-8347-97719ded7f78 Received request: GET /jobs
2026-09-10 18:47:50,754 INFO endpoints: 8cd81b20-779c-498d-b383-d2f0d3396670 Received request: GET /jobs
2026-09-10 18:47:50,754 INFO dependencies: 8722b5ce-97fc-4224-92c6-e943bbd2a122 Received request: GET /jobs/001
2026-09-10 18:47:50,754 INFO dependencies: fcc1c67c-3e26-42d1-ab06-f43fad31d2f0 Received request: GET /jobs/1000
2026-09-10 18:47:50,755 WARNING dependencies: fcc1c67c-3e26-42d1-ab06-f43fad31d2f0 Job not found: 1000
2026-09-10 18:47:50,757 INFO dependencies: 4e1a914d-8037-4c54-8148-a141194dba67 Received request: POST /jobs/004/run
2026-09-10 18:47:50,758 WARNING dependencies: 4e1a914d-8037-4c54-8148-a141194dba67 Job not found: 004
2026-09-10 18:47:50,757 INFO endpoints: c4e086c7-83e9-4427-93cf-94b58c99342c Received request: GET /jobs
2026-09-10 18:47:50,761 INFO endpoints: 8722b5ce-97fc-4224-92c6-e943bbd2a122 Found job: 001
2026-09-10 18:47:50,762 INFO dependencies: eedf2cf6-772e-4d33-95dd-ac9df0d3cdcb Received request: POST /jobs/004/run
2026-09-10 18:47:50,762 WARNING dependencies: eedf2cf6-772e-4d33-95dd-ac9df0d3cdcb Job not found: 004
2026-09-10 18:47:50,762 INFO dependencies: 5a886e9a-30ec-432b-8f69-40958b0baf29 Received request: GET /jobs/001
2026-09-10 18:47:50,762 INFO dependencies: 7c466c69-cf74-45e9-bd94-8bbbb43b82e0 Received request: GET /jobs/001
2026-09-10 18:47:50,764 INFO dependencies: 4dbb4c04-fa1f-4075-b510-4cd75e4bd840 Received request: GET /jobs/001
2026-09-10 18:47:50,764 INFO dependencies: e93be6b9-9237-4a3d-82a1-84e8dd38df18 Received request: GET /jobs/1000
2026-09-10 18:47:50,765 WARNING dependencies: e93be6b9-9237-4a3d-82a1-84e8dd38df18 Job not found: 1000
2026-09-10 18:47:50,765 INFO dependencies: c9f39327-cf6f-4a39-92aa-872a2ad15b8c Received request: GET /jobs/001
2026-09-10 18:47:50,765 INFO dependencies: e6fa5c2f-1b7c-4561-bb21-150b1239a492 Received request: GET /jobs/001
2026-09-10 18:47:50,765 INFO dependencies: 96e64420-c89a-4fb2-8cef-85bee7b3d6b8 Received request: POST /jobs/003/run
2026-09-10 18:47:50,766 INFO dependencies: be54ff96-5e4f-4589-9db9-8935be52cad6 Received request: GET /jobs/001
2026-09-10 18:47:50,767 INFO endpoints: 5a886e9a-30ec-432b-8f69-40958b0baf29 Found job: 001
2026-09-10 18:47:50,766 INFO endpoints: 1c94932e-694c-42ea-b292-1ae5f2e72acc Received request: GET /jobs
2026-09-10 18:47:50,767 INFO endpoints: 7c466c69-cf74-45e9-bd94-8bbbb43b82e0 Found job: 001
2026-09-10 18:47:50,767 INFO endpoints: ec635255-8f92-4d36-81e3-b2a078eb3d04 Received request: GET /jobs
2026-09-10 18:47:50,768 INFO endpoints: c9f39327-cf6f-4a39-92aa-872a2ad15b8c Found job: 001
2026-09-10 18:47:50,767 INFO endpoints: 4dbb4c04-fa1f-4075-b510-4cd75e4bd840 Found job: 001
2026-09-10 18:47:50,768 INFO endpoints: 96e64420-c89a-4fb2-8cef-85bee7b3d6b8 Scheduling job: 003
2026-09-10 18:47:50,768 INFO endpoints: e6fa5c2f-1b7c-4561-bb21-150b1239a492 Found job: 001
2026-09-10 18:47:50,769 INFO dependencies: d1088497-2049-4f2c-a595-3b3f521bd0b3 Received request: GET /jobs/001
2026-09-10 18:47:50,769 INFO endpoints: be54ff96-5e4f-4589-9db9-8935be52cad6 Found job: 001
2026-09-10 18:47:50,770 INFO dependencies: 1415b619-42c1-402d-97c1-da2b7e8c9c84 Received request: POST /jobs/003/run
2026-09-10 18:47:50,770 INFO endpoints: 1adaccd1-ce1f-4b03-90f4-cc4a09f6d670 Received request: GET /jobs
2026-09-10 18:47:50,772 INFO dependencies: d05517f2-4c6f-40eb-992e-43d8e913e237 Received request: GET /jobs/001
2026-09-10 18:47:50,773 INFO dependencies: 446192cb-fbf0-4b0b-a071-fa9e79aa4400 Received request: GET /jobs/001
2026-09-10 18:47:50,773 INFO endpoints: d1088497-2049-4f2c-a595-3b3f521bd0b3 Found job: 001
2026-09-10 18:47:50,774 INFO endpoints: 1415b619-42c1-402d-97c1-da2b7e8c9c84 Scheduling job: 003
2026-09-10 18:47:50,775 INFO dependencies: cd087111-c480-4746-87dc-9052abf5e0c2 Received request: GET /jobs/001
2026-09-10 18:47:50,775 INFO job_service: 96e64420-c89a-4fb2-8cef-85bee7b3d6b8 Processing Job: 003
2026-09-10 18:47:50,776 ERROR job_service: 96e64420-c89a-4fb2-8cef-85bee7b3d6b8 Error for job: 003
2026-09-10 18:47:50,775 INFO endpoints: d05517f2-4c6f-40eb-992e-43d8e913e237 Found job: 001
2026-09-10 18:47:50,776 INFO dependencies: 84057c93-478c-42cd-928e-ed1fc1a74d88 Received request: POST /jobs/003/run
2026-09-10 18:47:50,777 INFO endpoints: 446192cb-fbf0-4b0b-a071-fa9e79aa4400 Found job: 001
2026-09-10 18:47:50,778 INFO dependencies: a7f29e83-de78-49e4-9b42-375031c5d75d Received request: GET /jobs/001
2026-09-10 18:47:50,778 INFO endpoints: cd087111-c480-4746-87dc-9052abf5e0c2 Found job: 001
2026-09-10 18:47:50,779 INFO endpoints: 84057c93-478c-42cd-928e-ed1fc1a74d88 Scheduling job: 003
2026-09-10 18:47:50,780 INFO dependencies: 4c59c3ad-1c1f-42fd-af33-e4a2726c54f4 Received request: POST /jobs/004/run
2026-09-10 18:47:50,780 WARNING dependencies: 4c59c3ad-1c1f-42fd-af33-e4a2726c54f4 Job not found: 004
2026-09-10 18:47:50,780 INFO job_service: 1415b619-42c1-402d-97c1-da2b7e8c9c84 Processing Job: 003
2026-09-10 18:47:50,780 ERROR job_service: 1415b619-42c1-402d-97c1-da2b7e8c9c84 Error for job: 003
2026-09-10 18:47:50,780 INFO endpoints: a7f29e83-de78-49e4-9b42-375031c5d75d Found job: 001
2026-09-10 18:47:50,780 INFO endpoints: 8bdc1274-7bda-4ae4-8247-2e7271eb6f49 Received request: GET /jobs
2026-09-10 18:47:50,782 INFO endpoints: 266a9f56-cc34-46e8-9825-a9d33aaf6778 Received request: GET /jobs
2026-09-10 18:47:50,783 INFO job_service: 84057c93-478c-42cd-928e-ed1fc1a74d88 Processing Job: 003
2026-09-10 18:47:50,783 ERROR job_service: 84057c93-478c-42cd-928e-ed1fc1a74d88 Error for job: 003
2026-09-10 18:47:50,785 INFO endpoints: 4c96c052-23f7-49b2-b557-b2bd85b54cb7 Received request: GET /jobs
2026-09-10 18:47:50,786 INFO dependencies: af6318a0-0f46-4354-8dd9-ae247bf9ea08 Received request: POST /jobs/003/run
2026-09-10 18:47:50,787 INFO endpoints: af6318a0-0f46-4354-8dd9-ae247bf9ea08 Scheduling job: 003
2026-09-10 18:47:50,787 INFO dependencies: 0b3132a9-703f-44bf-b9fb-eead54a52965 Received request: POST /jobs/004/run
2026-09-10 18:47:50,787 WARNING dependencies: 0b3132a9-703f-44bf-b9fb-eead54a52965 Job not found: 004
2026-09-10 18:47:50,788 INFO job_service: af6318a0-0f46-4354-8dd9-ae247bf9ea08 Processing Job: 003
2026-09-10 18:47:50,788 ERROR job_service: af6318a0-0f46-4354-8dd9-ae247bf9ea08 Error for job: 003
2026-09-10 18:48:17,725 INFO endpoints: 9b7adfa6-9ecb-468c-9666-0ee3f6dc81c5 Received request: GET /jobs
2026-09-10 18:48:17,727 INFO endpoints: b06a0ecf-f8f8-4b68-998d-f60511f2cb56 Received request: GET /jobs
2026-09-10 18:48:17,730 INFO endpoints: e92f1b8c-9e09-4172-866b-343b0565f7ac Received request: GET /jobs
2026-09-10 18:48:17,731 INFO endpoints: 45469c90-5502-4968-ac99-0070af1c3528 Received request: GET /jobs
2026-09-10 18:48:17,731 INFO endpoints: b641e06e-fe83-4922-a800-38f4c91be1f2 Received request: GET /jobs
2026-09-10 18:48:17,731 INFO dependencies: f2590e07-25ad-46bc-aa06-6d8200b8a9dd Received request: GET /jobs/1000
2026-09-10 18:48:17,731 WARNING dependencies: f2590e07-25ad-46bc-aa06-6d8200b8a9dd Job not found: 1000
2026-09-10 18:48:17,732 INFO endpoints: 430159ec-e86e-405a-8c9a-cf9ee093df81 Received request: GET /jobs
2026-09-10 18:48:17,738 INFO endpoints: d4640b23-3cb8-4190-8741-ffd90fe841cb Received request: GET /jobs
2026-09-10 18:48:17,739 INFO endpoints: f3b27962-6318-497a-819f-b81b23634ac0 Received request: GET /jobs
2026-09-10 18:48:17,743 INFO endpoints: 95b5cbd7-f4c7-4584-ab82-dd770657b73f Received request: GET /jobs
2026-09-10 18:48:17,743 INFO dependencies: bc692bf5-e4df-4c0a-a768-09a7a615ed55 Received request: GET /jobs/1000
2026-09-10 18:48:17,744 WARNING dependencies: bc692bf5-e4df-4c0a-a768-09a7a615ed55 Job not found: 1000
2026-09-10 18:48:17,744 INFO endpoints: e11d241d-25e8-4dc6-b776-0942a20f5880 Received request: GET /jobs
2026-09-10 18:48:17,744 INFO endpoints: 0e20d4d8-6f10-480b-b84b-5cf63d712102 Received request: GET /jobs
2026-09-10 18:48:17,744 INFO dependencies: b54d0aba-1924-4b42-9a6a-e01be8845505 Received request: GET /jobs/1000
2026-09-10 18:48:17,744 INFO endpoints: d5c367d7-9429-47a8-9bc6-54117a29e022 Received request: GET /jobs
2026-09-10 18:48:17,744 INFO endpoints: d65ea8da-ffd7-4156-8f9e-fe78169a142d Received request: GET /jobs
2026-09-10 18:48:17,745 INFO endpoints: b813d96d-dc20-4a76-909c-d3acb6d5c184 Received request: GET /jobs
2026-09-10 18:48:17,745 INFO endpoints: b5fe7e04-942f-4089-bd12-60ac276e49fc Received request: GET /jobs
2026-09-10 18:48:17,745 WARNING dependencies: b54d0aba-1924-4b42-9a6a-e01be8845505 Job not found: 1000
2026-09-10 18:48:17,745 INFO endpoints: f5c89eee-666f-4159-b735-2608ba36ab6a Received request: GET /jobs
2026-09-10 18:48:17,745 INFO endpoints: c6067fc5-4c4f-4f35-8274-79aae42bbac3 Received request: GET /jobs
2026-09-10 18:48:17,746 INFO endpoints: e617a320-fb7a-4da0-a976-2b6a9847eb6d Received request: GET /jobs
2026-09-10 18:48:17,746 INFO dependencies: 1baf5f4b-bda5-45a9-8d07-ed08be7a1957 Received request: GET /jobs/1000
2026-09-10 18:48:17,747 WARNING dependencies: 1baf5f4b-bda5-45a9-8d07-ed08be7a1957 Job not found: 1000
2026-09-10 18:48:17,747 INFO endpoints: a3ae79e9-dde5-41b3-a264-c2882d213f1c Received request: GET /jobs
2026-09-10 18:48:17,746 INFO endpoints: b73bae2e-3c21-4325-a357-73e96358594b Received request: GET /jobs
2026-09-10 18:48:17,747 INFO endpoints: 850e4d14-83eb-42b6-8cee-071dd403b9e1 Received request: GET /jobs
2026-09-10 18:48:17,746 INFO endpoints: 15a23553-b8b6-437d-8cf1-24e93d3fc9ef Received request: GET /jobs
2026-09-10 18:48:17,747 INFO endpoints: 409fe689-5c01-449a-b46e-989e0acfb3e5 Received request: GET /jobs
2026-09-10 18:48:17,747 INFO endpoints: 8510988e-b257-4554-8849-9dfa18377180 Received request: GET /jobs
2026-09-10 18:48:17,748 INFO endpoints: 26df8ddf-8fbf-4e35-9159-abf6d58adf5a Received request: GET /jobs
2026-09-10 18:48:17,748 INFO dependencies: 2b0dae53-4c74-424d-8e5e-c9e3b6a32943 Received request: GET /jobs/1000
2026-09-10 18:48:17,748 WARNING dependencies: 2b0dae53-4c74-424d-8e5e-c9e3b6a32943 Job not found: 1000
2026-09-10 18:48:17,748 INFO endpoints: d3e20edb-2746-4b12-be54-26d73006931c Received request: GET /jobs
2026-09-10 18:48:17,749 INFO endpoints: 79a4d35b-b6b7-4b8d-aeb5-9b6f299b6d4a Received request: GET /jobs
2026-09-10 18:48:17,749 INFO endpoints: 53bf2e0b-6b91-4050-a339-dc2d6bd67d6e Received request: GET /jobs
2026-09-10 18:48:17,749 INFO endpoints: f485b753-dac6-479e-9fcd-3b30e1bc6be4 Received request: GET /jobs
2026-09-10 18:48:17,749 INFO endpoints: a0c5c9f2-88bc-483d-ba5a-1ea90158e12a Received request: GET /jobs
2026-09-10 18:48:17,750 INFO dependencies: d489b2ac-4ac7-40f2-a48e-993d123e5bcf Received request: GET /jobs/1000
2026-09-10 18:48:17,750 WARNING dependencies: d489b2ac-4ac7-40f2-a48e-993d123e5bcf Job not found: 1000
2026-09-10 18:48:17,750 INFO endpoints: 2f8b3a4d-9688-4143-99a9-e8aca13036ef Received request: GET /jobs
2026-09-10 18:48:17,750 INFO endpoints: 5af8144a-8d6e-4086-b9bc-60f5540b3b12 Received request: GET /jobs
2026-09-10 18:48:17,751 INFO dependencies: 38ea8435-6cd7-4a8d-9b5d-52135efca239 Received request: GET /jobs/1000
2026-09-10 18:48:17,751 WARNING dependencies: 38ea8435-6cd7-4a8d-9b5d-52135efca239 Job not found: 1000
2026-09-10 18:48:17,751 INFO endpoints: 4c093f4e-3bc2-454d-a252-517715e277fa Received request: GET /jobs
2026-09-10 18:48:17,751 INFO endpoints: 3c8e6f92-9a36-46ef-9caa-56e599409216 Received request: GET /jobs
2026-09-10 18:48:17,752 INFO endpoints: 820918cc-80dc-4f9f-8ce0-a49fe780476f Received request: GET /jobs
2026-09-10 18:48:17,754 INFO endpoints: f4f2e2a1-a034-45e1-ab58-6d3b4b31d8e5 Received request: GET /jobs
2026-09-10 18:48:17,754 INFO endpoints: aa3c3449-cc85-431c-ac45-d749835b7083 Received request: GET /jobs
2026-09-10 18:48:17,755 INFO endpoints: 17dc2c53-7c50-405a-8c30-0313f6f6da36 Received request: GET /jobs
2026-09-10 18:48:17,755 INFO endpoints: bbacb553-7ce9-4498-84ae-2ee0d014d6bc Received request: GET /jobs
2026-09-10 18:48:17,756 INFO endpoints: fb49f9ca-05cf-49d9-9287-adf395711745 Received request: GET /jobs
2026-09-10 18:48:17,756 INFO endpoints: fb2e4384-35b7-4d5f-9838-34edd948821f Received request: GET /jobs
2026-09-10 18:48:17,759 INFO dependencies: fd3bc3e8-a628-4c75-b4cd-e938883d6dfb Received request: GET /jobs/1000
2026-09-10 18:48:17,759 WARNING dependencies: fd3bc3e8-a628-4c75-b4cd-e938883d6dfb Job not found: 1000
2026-09-10 18:48:17,761 INFO endpoints: 774f24fe-f5fe-4503-8861-c2f3887acd97 Received request: GET /jobs
2026-09-10 18:48:17,761 INFO endpoints: 026353e1-a3b9-438e-b158-446cc021794b Received request: GET /jobs
2026-09-10 18:48:17,761 INFO endpoints: ab6f78e4-66fb-4253-957f-dfa1cb29062f Received request: GET /jobs
2026-09-10 18:48:17,761 INFO endpoints: e67ee059-e6ed-42ba-af33-b0a1bab8b053 Received request: GET /jobs
2026-09-10 18:48:17,761 INFO endpoints: 2c2235ff-055e-4020-9833-718791da5272 Received request: GET /jobs
2026-09-10 18:48:17,761 INFO endpoints: 0ddf8b8b-df07-4759-ad56-90b9309ff90f Received request: GET /jobs
2026-09-10 18:48:17,761 INFO endpoints: 1234ff41-3005-451f-9898-240859552269 Received request: GET /jobs
2026-09-10 18:48:17,761 INFO endpoints: 9dbbefa8-6462-4b12-a91b-1a5ebcfde1f7 Received request: GET /jobs
2026-09-10 18:48:17,761 INFO endpoints: 8bfdc5db-1c43-417c-a114-2649f81013ee Received request: GET /jobs
2026-09-10 18:48:17,762 INFO dependencies: 6e1ac054-6f6c-4f1a-8365-e01c2d693491 Received request: GET /jobs/1000
2026-09-10 18:48:17,762 INFO endpoints: 7f5f3dee-efc4-4ba1-a35f-a1698a9b4e75 Received request: GET /jobs
2026-09-10 18:48:17,762 INFO endpoints: b6295316-f1fc-45b7-a82a-401b891424da Received request: GET /jobs
2026-09-10 18:48:17,762 INFO dependencies: 4726e04f-c17d-4289-b6c2-da198cc27a34 Received request: GET /jobs/1000
2026-09-10 18:48:17,762 INFO endpoints: 257e453f-8663-4710-9da4-1d04f1869ddb Received request: GET /jobs
2026-09-10 18:48:17,762 INFO dependencies: 0320ad8d-4e97-43c4-9f64-53d736bd73a2 Received request: GET /jobs/1000
2026-09-10 18:48:17,762 INFO dependencies: 7085e4fa-ed30-43a7-b94b-14b805acbc2a Received request: GET /jobs/1000
2026-09-10 18:48:17,762 INFO endpoints: 1260a44e-9eda-45a6-a632-dd3fb32d6f5c Received request: GET /jobs
2026-09-10 18:48:17,762 INFO endpoints: 16da2a72-3006-445a-a873-fddbe4e3c359 Received request: GET /jobs
2026-09-10 18:48:17,762 INFO endpoints: ed99e87c-27f4-4038-8a1c-a18a559402be Received request: GET /jobs
2026-09-10 18:48:17,762 INFO endpoints: d9d054a0-d948-4638-8102-de150fb10b3d Received request: GET /jobs
2026-09-10 18:48:17,762 INFO endpoints: 50579638-e6ac-4cb0-906f-f56dfcb7feb7 Received request: GET /jobs
2026-09-10 18:48:17,762 INFO endpoints: 93c8d68c-b319-45cb-ab99-d633bb510c8a Received request: GET /jobs
2026-09-10 18:48:17,762 INFO endpoints: de6a2785-5978-4975-9bb0-7214e819d520 Received request: GET /jobs
2026-09-10 18:48:17,762 INFO endpoints: 0e77c402-863a-4b71-846f-caed3787cccd Received request: GET /jobs
2026-09-10 18:48:17,762 INFO endpoints: 242d3497-1f16-4f45-be3a-c7a66a9559e2 Received request: GET /jobs
2026-09-10 18:48:17,762 INFO endpoints: 6de419c5-8055-4408-9b5c-571e4c1fabf2 Received request: GET /jobs
2026-09-10 18:48:17,762 INFO dependencies: ef558fd8-17eb-4691-84d3-40dd6fc25965 Received request: GET /jobs/1000
2026-09-10 18:48:17,762 INFO endpoints: 0bf71168-0dd6-47a5-884a-e4fba9883969 Received request: GET /jobs
2026-09-10 18:48:17,763 INFO endpoints: 958a5748-d3f8-4873-98ab-2d0a9003dff5 Received request: GET /jobs
2026-09-10 18:48:17,763 INFO dependencies: 25be6973-de50-4f6f-a7e2-5bfd94f9676f Received request: GET /jobs/1000
2026-09-10 18:48:17,763 INFO dependencies: fc049e2a-fd96-48f3-9a3f-3bdab2f39206 Received request: GET /jobs/1000
2026-09-10 18:48:17,763 INFO endpoints: ccb3d966-9225-4cb8-acd8-f1a45b10cd10 Received request: GET /jobs
2026-09-10 18:48:17,763 INFO endpoints: 0abf9bda-a4bd-492b-9630-fcff1aeeb6f9 Received request: GET /jobs
2026-09-10 18:48:17,763 INFO endpoints: e2ba248e-3c74-4af0-adca-cbab9ef01c09 Received request: GET /jobs
2026-09-10 18:48:17,763 INFO endpoints: 41a715ec-aa7b-46ba-acd6-7ebad76591a3 Received request: GET /jobs
2026-09-10 18:48:17,763 INFO endpoints: 46f883fa-6b60-4f6d-a1fc-40674083e99f Received request: GET /jobs
2026-09-10 18:48:17,763 INFO endpoints: 8f15cf23-10ab-46fb-8527-e512e16d0c9f Received request: GET /jobs
2026-09-10 18:48:17,765 WARNING dependencies: 6e1ac054-6f6c-4f1a-8365-e01c2d693491 Job not found: 1000
2026-09-10 18:48:17,765 WARNING dependencies: 4726e04f-c17d-4289-b6c2-da198cc27a34 Job not found: 1000
2026-09-10 18:48:17,766 WARNING dependencies: 0320ad8d-4e97-43c4-9f64-53d736bd73a2 Job not found: 1000
2026-09-10 18:48:17,766 WARNING dependencies: 7085e4fa-ed30-43a7-b94b-14b805acbc2a Job not found: 1000
2026-09-10 18:48:17,767 WARNING dependencies: ef558fd8-17eb-4691-84d3-40dd6fc25965 Job not found: 1000
2026-09-10 18:48:17,768 WARNING dependencies: 25be6973-de50-4f6f-a7e2-5bfd94f9676f Job not found: 1000
2026-09-10 18:48:17,768 WARNING dependencies: fc049e2a-fd96-48f3-9a3f-3bdab2f39206 Job not found: 1000
2026-09-10 18:48:17,773 INFO endpoints: 1bc023a9-ffa2-409c-a1d9-b6432a306151 Received request: GET /jobs
2026-09-10 18:48:17,773 INFO endpoints: c41e8859-13f4-4ce2-b41e-b7b9f510cecd Received request: GET /jobs
2026-09-10 18:48:17,775 INFO endpoints: 836dcf8a-0b95-4db2-8c7a-508a7f663035 Received request: GET /jobs
2026-09-10 18:48:17,779 INFO endpoints: f58c52cb-5cb4-4f80-a9e8-e2d753db5873 Received request: GET /jobs
2026-09-10 18:48:17,779 INFO endpoints: 474acfa0-17aa-4db0-b27d-69a21d780a8c Received request: GET /jobs
2026-09-10 18:48:17,780 INFO endpoints: 2b2de155-8fd9-4379-9e71-839400af8323 Received request: GET /jobs
2026-09-10 18:48:17,781 INFO endpoints: 3cd61bd6-04eb-4e16-b0b3-49733e28272c Received request: GET /jobs
2026-09-10 18:48:17,781 INFO endpoints: 01c2991f-025a-49b0-8533-d28526e44aa5 Received request: GET /jobs
2026-09-10 18:48:17,781 INFO endpoints: 67c4588a-3ee4-49bf-861f-bbd624b72ebe Received request: GET /jobs
2026-09-10 18:48:17,781 INFO endpoints: c36e16b8-02dd-4454-9d54-50ebe96baaa9 Received request: GET /jobs
2026-09-10 18:48:17,781 INFO endpoints: df10c7a7-b578-40ab-9b30-9e99650ac59e Received request: GET /jobs
2026-09-10 18:48:17,781 INFO dependencies: bf24177e-18f9-4ddd-82aa-0e9f1ddfe0a9 Received request: GET /jobs/1000
2026-09-10 18:48:17,781 INFO dependencies: 59d738fb-118c-465a-8823-2e6bbf18055c Received request: GET /jobs/001
2026-09-10 18:48:17,781 INFO endpoints: 5a4267b8-c3eb-47d3-a790-a480d8e2c176 Received request: GET /jobs
2026-09-10 18:48:17,781 INFO endpoints: de0cbf8c-f654-44a3-8e3c-db8683dfc4b7 Received request: GET /jobs
2026-09-10 18:48:17,782 INFO dependencies: ae77348f-a954-4f6f-b43f-a4daa132f174 Received request: POST /jobs/004/run
2026-09-10 18:48:17,784 WARNING dependencies: ae77348f-a954-4f6f-b43f-a4daa132f174 Job not found: 004
2026-09-10 18:48:17,783 WARNING dependencies: bf24177e-18f9-4ddd-82aa-0e9f1ddfe0a9 Job not found: 1000
2026-09-10 18:48:17,791 INFO dependencies: 94acf1b0-46e9-4ce3-9045-a37178482a2c Received request: POST /jobs/004/run
2026-09-10 18:48:17,792 WARNING dependencies: 94acf1b0-46e9-4ce3-9045-a37178482a2c Job not found: 004
2026-09-10 18:48:17,791 INFO dependencies: 8ae5c747-ff92-4bd4-b8a3-7b522c0b83b1 Received request: POST /jobs/003/run
2026-09-10 18:48:17,791 INFO dependencies: 11fccc15-591a-4dbf-adae-b36ce07204d1 Received request: POST /jobs/004/run
2026-09-10 18:48:17,792 WARNING dependencies: 11fccc15-591a-4dbf-adae-b36ce07204d1 Job not found: 004
2026-09-10 18:48:17,791 INFO dependencies: 079fb691-8cf4-41c0-8d6d-b7327bc432c3 Received request: GET /jobs/001
2026-09-10 18:48:17,792 INFO dependencies: 567c4688-66d3-4b37-ad78-5788ba6fb3d8 Received request: POST /jobs/003/run
2026-09-10 18:48:17,791 INFO dependencies: 165829b1-dda4-4ef6-ac3b-e33c60359f77 Received request: POST /jobs/004/run
2026-09-10 18:48:17,793 WARNING dependencies: 165829b1-dda4-4ef6-ac3b-e33c60359f77 Job not found: 004
2026-09-10 18:48:17,795 INFO dependencies: 1279eca7-a05f-40d3-93cf-94025e0a34c9 Received request: POST /jobs/004/run
2026-09-10 18:48:17,795 WARNING dependencies: 1279eca7-a05f-40d3-93cf-94025e0a34c9 Job not found: 004
2026-09-10 18:48:17,798 INFO dependencies: 22ee27f1-a0b0-4926-b2c5-d3c175d51789 Received request: GET /jobs/001
2026-09-10 18:48:17,798 INFO dependencies: f4e1cfe4-151b-45c8-bd0e-1e55dcf35d62 Received request: GET /jobs/001
2026-09-10 18:48:17,803 INFO endpoints: 6aa5e749-84d0-4be3-a1a8-71c17f1616e1 Received request: GET /jobs
2026-09-10 18:48:17,807 INFO endpoints: 59d738fb-118c-465a-8823-2e6bbf18055c Found job: 001
2026-09-10 18:48:17,810 INFO endpoints: 8ae5c747-ff92-4bd4-b8a3-7b522c0b83b1 Scheduling job: 003
2026-09-10 18:48:17,810 INFO endpoints: 079fb691-8cf4-41c0-8d6d-b7327bc432c3 Found job: 001
2026-09-10 18:48:17,811 INFO endpoints: 567c4688-66d3-4b37-ad78-5788ba6fb3d8 Scheduling job: 003
2026-09-10 18:48:17,812 INFO dependencies: ac1410f5-a509-45a5-b5cb-3f4f62efefe8 Received request: GET /jobs/001
2026-09-10 18:48:17,812 INFO dependencies: 07084281-2246-4cb0-8e91-576caf6877bd Received request: POST /jobs/003/run
2026-09-10 18:48:17,813 INFO dependencies: 0a69a582-55d1-49fe-8ebc-ee507cdbe46c Received request: GET /jobs/001
2026-09-10 18:48:17,813 INFO dependencies: 70408276-0376-461a-8abe-102152707a6d Received request: POST /jobs/003/run
2026-09-10 18:48:17,813 INFO dependencies: 74a8182c-5503-41bb-9653-339fbf9ce97a Received request: POST /jobs/004/run
2026-09-10 18:48:17,813 INFO dependencies: e658aee0-2559-4076-85a4-f3f6e3aa4f86 Received request: GET /jobs/001
2026-09-10 18:48:17,813 INFO dependencies: 96557bae-77cd-4efa-b105-66e1214d0d21 Received request: GET /jobs/001
2026-09-10 18:48:17,813 INFO dependencies: c6154972-5c7d-42c6-a579-5acaac053fd3 Received request: POST /jobs/003/run
2026-09-10 18:48:17,813 INFO endpoints: 1a2b8534-a08c-4e4d-a499-1608cda6d906 Received request: GET /jobs
2026-09-10 18:48:17,813 INFO dependencies: d0f98235-8527-49f0-b7e2-550fa06c578c Received request: GET /jobs/001
2026-09-10 18:48:17,813 INFO endpoints: c54beb41-3952-4594-acb1-106676b91eac Received request: GET /jobs
2026-09-10 18:48:17,813 INFO dependencies: bb919891-f63a-4b7c-8120-4fe89a493a9f Received request: GET /jobs/001
2026-09-10 18:48:17,813 INFO dependencies: 38616955-d62e-468d-a0e3-c5362dd080fb Received request: POST /jobs/003/run
2026-09-10 18:48:17,813 INFO dependencies: be4a58c6-ff8e-417b-81e3-1eb49622a14a Received request: POST /jobs/004/run
2026-09-10 18:48:17,814 INFO dependencies: 80c9b766-4fd0-413e-984f-2c17f00737ec Received request: POST /jobs/004/run
2026-09-10 18:48:17,814 INFO dependencies: e666b82e-e0fe-4c72-956e-ebf54c5e5f7e Received request: POST /jobs/003/run
2026-09-10 18:48:17,814 INFO dependencies: d53e49a5-4411-47cc-b5ca-91a355713508 Received request: GET /jobs/001
2026-09-10 18:48:17,814 INFO endpoints: fe5c9b3d-2d94-4d56-a699-9c189063a3b6 Received request: GET /jobs
2026-09-10 18:48:17,814 INFO dependencies: 1b53f8a7-5979-4ab9-b6bb-072dfea44c51 Received request: POST /jobs/004/run
2026-09-10 18:48:17,814 INFO dependencies: 1399064f-f6d5-474a-8fc7-37308897b3fd Received request: GET /jobs/001
2026-09-10 18:48:17,814 INFO dependencies: dd088e0d-0b90-46c7-8668-5810dee4de99 Received request: GET /jobs/001
2026-09-10 18:48:17,814 INFO dependencies: b41131de-5889-4779-a45a-4ce13b6504c6 Received request: GET /jobs/001
2026-09-10 18:48:17,814 INFO dependencies: 5037d1fa-7efc-43e8-a2dc-a79ed32b264c Received request: GET /jobs/001
2026-09-10 18:48:17,814 INFO dependencies: 8c1e54b9-1078-487f-8df4-643cd00ea29c Received request: POST /jobs/004/run
2026-09-10 18:48:17,814 INFO dependencies: 2c4aadad-a069-455a-85ad-caf460909d97 Received request: POST /jobs/004/run
2026-09-10 18:48:17,814 INFO dependencies: 622c4668-957d-46ed-888c-7e71a06668bb Received request: POST /jobs/004/run
2026-09-10 18:48:17,814 INFO dependencies: 73b253d7-c502-4d98-8145-756613147681 Received request: GET /jobs/001
2026-09-10 18:48:17,814 INFO dependencies: 261b21c7-a6e9-4644-a828-828cc19aced5 Received request: GET /jobs/001
2026-09-10 18:48:17,815 WARNING dependencies: 74a8182c-5503-41bb-9653-339fbf9ce97a Job not found: 004
2026-09-10 18:48:17,816 INFO dependencies: 520643b7-af7d-4a31-83a5-87401cda4172 Received request: POST /jobs/004/run
2026-09-10 18:48:17,817 INFO endpoints: 22ee27f1-a0b0-4926-b2c5-d3c175d51789 Found job: 001
2026-09-10 18:48:17,817 INFO endpoints: f4e1cfe4-151b-45c8-bd0e-1e55dcf35d62 Found job: 001
2026-09-10 18:48:17,817 INFO dependencies: 1a26e265-9cc6-4534-a6dd-fefe40e8bd56 Received request: POST /jobs/004/run
2026-09-10 18:48:17,817 INFO dependencies: 45ebb871-0e6d-4a0a-b669-f366f2527274 Received request: POST /jobs/003/run
2026-09-10 18:48:17,818 INFO dependencies: 2d3e4c70-6382-4c99-9b68-0e8b91345521 Received request: POST /jobs/003/run
2026-09-10 18:48:17,818 INFO dependencies: eaa0ce03-c232-407e-8100-96bb1a793afc Received request: GET /jobs/001
2026-09-10 18:48:17,818 INFO dependencies: 335e0b0d-c062-4024-8e11-5c443eec532a Received request: POST /jobs/004/run
2026-09-10 18:48:17,818 INFO dependencies: c8f4d154-7c4c-4e65-9244-00a9660b7e49 Received request: GET /jobs/1000
2026-09-10 18:48:17,818 INFO dependencies: a47dd9f9-662e-4035-9685-9487a9141858 Received request: POST /jobs/004/run
2026-09-10 18:48:17,818 INFO endpoints: 537bdb0f-f3e0-4432-8706-21dd0fe2b931 Received request: GET /jobs
2026-09-10 18:48:17,820 INFO endpoints: ac1410f5-a509-45a5-b5cb-3f4f62efefe8 Found job: 001
2026-09-10 18:48:17,820 WARNING dependencies: be4a58c6-ff8e-417b-81e3-1eb49622a14a Job not found: 004
2026-09-10 18:48:17,820 INFO endpoints: 07084281-2246-4cb0-8e91-576caf6877bd Scheduling job: 003
2026-09-10 18:48:17,820 WARNING dependencies: 80c9b766-4fd0-413e-984f-2c17f00737ec Job not found: 004
2026-09-10 18:48:17,821 INFO endpoints: 0a69a582-55d1-49fe-8ebc-ee507cdbe46c Found job: 001
2026-09-10 18:48:17,821 INFO endpoints: 70408276-0376-461a-8abe-102152707a6d Scheduling job: 003
2026-09-10 18:48:17,821 INFO endpoints: e658aee0-2559-4076-85a4-f3f6e3aa4f86 Found job: 001
2026-09-10 18:48:17,824 INFO endpoints: 96557bae-77cd-4efa-b105-66e1214d0d21 Found job: 001
2026-09-10 18:48:17,824 INFO endpoints: c6154972-5c7d-42c6-a579-5acaac053fd3 Scheduling job: 003
2026-09-10 18:48:17,824 WARNING dependencies: 1b53f8a7-5979-4ab9-b6bb-072dfea44c51 Job not found: 004
2026-09-10 18:48:17,825 WARNING dependencies: 8c1e54b9-1078-487f-8df4-643cd00ea29c Job not found: 004
2026-09-10 18:48:17,825 WARNING dependencies: 2c4aadad-a069-455a-85ad-caf460909d97 Job not found: 004
2026-09-10 18:48:17,826 WARNING dependencies: 622c4668-957d-46ed-888c-7e71a06668bb Job not found: 004
2026-09-10 18:48:17,826 INFO endpoints: d0f98235-8527-49f0-b7e2-550fa06c578c Found job: 001
2026-09-10 18:48:17,829 WARNING dependencies: 520643b7-af7d-4a31-83a5-87401cda4172 Job not found: 004
2026-09-10 18:48:17,829 INFO endpoints: bb919891-f63a-4b7c-8120-4fe89a493a9f Found job: 001
2026-09-10 18:48:17,829 INFO job_service: 8ae5c747-ff92-4bd4-b8a3-7b522c0b83b1 Processing Job: 003
2026-09-10 18:48:17,829 INFO endpoints: 38616955-d62e-468d-a0e3-c5362dd080fb Scheduling job: 003
2026-09-10 18:48:17,829 INFO job_service: 567c4688-66d3-4b37-ad78-5788ba6fb3d8 Processing Job: 003
2026-09-10 18:48:17,832 INFO dependencies: 24385ebe-5cfc-488a-888b-889730c46c3e Received request: GET /jobs/001
2026-09-10 18:48:17,832 INFO dependencies: 59f4643c-dac9-409e-bf4a-d5090c8ea7c9 Received request: GET /jobs/001
2026-09-10 18:48:17,833 INFO dependencies: e8af50ac-4360-4149-b305-462b784d151b Received request: POST /jobs/004/run
2026-09-10 18:48:17,834 INFO endpoints: e666b82e-e0fe-4c72-956e-ebf54c5e5f7e Scheduling job: 003
2026-09-10 18:48:17,834 INFO dependencies: d0cfa44e-f756-4478-874b-9f1f8385d6af Received request: POST /jobs/004/run
2026-09-10 18:48:17,834 INFO dependencies: 0dc5ef0e-72eb-4044-82ce-192c26bb0be6 Received request: POST /jobs/003/run
2026-09-10 18:48:17,834 WARNING dependencies: 1a26e265-9cc6-4534-a6dd-fefe40e8bd56 Job not found: 004
2026-09-10 18:48:17,834 INFO dependencies: 76a086dc-f3bc-4b15-823c-e339f1748a61 Received request: GET /jobs/001
2026-09-10 18:48:17,835 INFO dependencies: b9ca3a27-8b2f-463e-ba87-0acbf57db9e9 Received request: POST /jobs/003/run
2026-09-10 18:48:17,835 INFO endpoints: ef4e5438-e170-4b38-bf11-3e3140c9b2c0 Received request: GET /jobs
2026-09-10 18:48:17,837 INFO dependencies: 46fcc115-34fa-4e8e-be1f-4fd2c32b858c Received request: POST /jobs/004/run
2026-09-10 18:48:17,837 INFO endpoints: c17c1693-9d62-4a0d-881a-fe82d0ade0ef Received request: GET /jobs
2026-09-10 18:48:17,837 WARNING dependencies: 335e0b0d-c062-4024-8e11-5c443eec532a Job not found: 004
2026-09-10 18:48:17,837 WARNING dependencies: c8f4d154-7c4c-4e65-9244-00a9660b7e49 Job not found: 1000
2026-09-10 18:48:17,837 INFO dependencies: b74b319b-1b6c-4d1f-851f-3244c1db198f Received request: GET /jobs/001
2026-09-10 18:48:17,837 WARNING dependencies: a47dd9f9-662e-4035-9685-9487a9141858 Job not found: 004
2026-09-10 18:48:17,839 INFO dependencies: a74dbd11-16ef-4455-a4a5-7a7703f26382 Received request: GET /jobs/001
2026-09-10 18:48:17,840 INFO dependencies: e75d5220-9791-4ea3-9cd5-502649c711f9 Received request: POST /jobs/003/run
2026-09-10 18:48:17,841 INFO dependencies: 1419c3d7-3208-4317-b103-035ca52550bf Received request: GET /jobs/001
2026-09-10 18:48:17,842 INFO dependencies: 2aeb9801-490a-4eb0-9c5b-1c8884bf83f3 Received request: GET /jobs/001
2026-09-10 18:48:17,842 INFO dependencies: 666a92a7-6518-4d87-a07f-cc6f8bcdce1c Received request: GET /jobs/001
2026-09-10 18:48:17,842 INFO dependencies: 73d5bcde-3333-429c-ba66-8ae5de2242ee Received request: GET /jobs/001
2026-09-10 18:48:17,843 INFO dependencies: 4d4fd96d-c48f-4179-89da-c166f5408c12 Received request: GET /jobs/001
2026-09-10 18:48:17,844 INFO dependencies: a46a4d19-5a33-486c-bbd0-37414005efbd Received request: GET /jobs/001
2026-09-10 18:48:17,844 INFO endpoints: d53e49a5-4411-47cc-b5ca-91a355713508 Found job: 001
2026-09-10 18:48:17,844 INFO dependencies: 39eb0535-4e21-4350-84f5-456d0ca45ee7 Received request: GET /jobs/001
2026-09-10 18:48:17,844 INFO dependencies: 59cc2c0d-9263-4456-bf60-94743fbd726c Received request: POST /jobs/003/run
2026-09-10 18:48:17,845 INFO endpoints: fa0a0191-96b4-4b39-b9b3-2f7194370494 Received request: GET /jobs
2026-09-10 18:48:17,845 ERROR job_service: 8ae5c747-ff92-4bd4-b8a3-7b522c0b83b1 Error for job: 003
2026-09-10 18:48:17,846 INFO dependencies: 621c5f54-b560-45a9-946d-0da302fb10d1 Received request: GET /jobs/001
2026-09-10 18:48:17,846 ERROR job_service: 567c4688-66d3-4b37-ad78-5788ba6fb3d8 Error for job: 003
2026-09-10 18:48:17,847 INFO dependencies: 5d51b87b-2919-4b34-9ac3-1a59c1e2bfaf Received request: POST /jobs/004/run
2026-09-10 18:48:17,847 INFO dependencies: 45f3c9cc-d58d-4048-8b09-34bf9f9fdeb9 Received request: GET /jobs/001
2026-09-10 18:48:17,847 INFO dependencies: 28fc5848-c2ca-4fa5-98b0-13302eab13ce Received request: GET /jobs/001
2026-09-10 18:48:17,848 WARNING dependencies: e8af50ac-4360-4149-b305-462b784d151b Job not found: 004
2026-09-10 18:48:17,848 INFO endpoints: 30f11e09-563a-494d-9e5d-93e1acb8f0d6 Received request: GET /jobs
2026-09-10 18:48:17,848 INFO dependencies: a0ad3df9-a3c6-42df-9c65-ddee9280bc25 Received request: POST /jobs/003/run
2026-09-10 18:48:17,848 WARNING dependencies: d0cfa44e-f756-4478-874b-9f1f8385d6af Job not found: 004
2026-09-10 18:48:17,849 INFO dependencies: 0130a1a2-ceb9-4190-977d-4c25f78e803f Received request: GET /jobs/1000
2026-09-10 18:48:17,849 INFO endpoints: b653a48f-74ee-4631-b01f-e4317c669ce9 Received request: GET /jobs
2026-09-10 18:48:17,850 INFO endpoints: 1399064f-f6d5-474a-8fc7-37308897b3fd Found job: 001
2026-09-10 18:48:17,850 INFO dependencies: 96e4436b-666d-43e2-9e3f-2bb5ae4b57c7 Received request: POST /jobs/004/run
2026-09-10 18:48:17,850 WARNING dependencies: 46fcc115-34fa-4e8e-be1f-4fd2c32b858c Job not found: 004
2026-09-10 18:48:17,853 INFO dependencies: 2c358b6c-f652-4747-80b3-c5a4479efd1e Received request: POST /jobs/004/run
2026-09-10 18:48:17,853 INFO dependencies: 5a3bf015-63db-4726-b4fb-00b3cf096a81 Received request: POST /jobs/003/run
2026-09-10 18:48:17,854 INFO endpoints: e73fecca-d89e-455c-9274-36b6c07b1177 Received request: GET /jobs
2026-09-10 18:48:17,854 INFO dependencies: c7fffda7-a637-4d7c-8e8c-a7fc41334f43 Received request: POST /jobs/004/run
2026-09-10 18:48:17,855 INFO endpoints: 5037d1fa-7efc-43e8-a2dc-a79ed32b264c Found job: 001
2026-09-10 18:48:17,855 INFO endpoints: dd088e0d-0b90-46c7-8668-5810dee4de99 Found job: 001
2026-09-10 18:48:17,856 INFO endpoints: b41131de-5889-4779-a45a-4ce13b6504c6 Found job: 001
2026-09-10 18:48:17,856 INFO endpoints: 73b253d7-c502-4d98-8145-756613147681 Found job: 001
2026-09-10 18:48:17,856 INFO endpoints: 261b21c7-a6e9-4644-a828-828cc19aced5 Found job: 001
2026-09-10 18:48:17,856 INFO endpoints: d089bbd1-a6b6-43f0-b8cd-ccc1def6eb35 Received request: GET /jobs
2026-09-10 18:48:17,857 INFO dependencies: 7dcb4e2d-784c-45b6-8766-58ef038df5d9 Received request: POST /jobs/004/run
2026-09-10 18:48:17,859 INFO dependencies: c4b273fd-5b56-46cb-9206-d76d1ffb6f0f Received request: POST /jobs/003/run
2026-09-10 18:48:17,860 INFO dependencies: 2af683fd-2ec7-4eb2-bdda-d184bf81ec26 Received request: POST /jobs/004/run
2026-09-10 18:48:17,860 WARNING dependencies: 5d51b87b-2919-4b34-9ac3-1a59c1e2bfaf Job not found: 004
2026-09-10 18:48:17,860 INFO endpoints: af2be42b-52e7-4077-9db7-906fbab36df8 Received request: GET /jobs
2026-09-10 18:48:17,861 INFO dependencies: 0ee25b0c-eff6-45ef-ac38-5a128dd4a48a Received request: GET /jobs/001
2026-09-10 18:48:17,862 INFO dependencies: 97fe31c7-7de7-4c9a-8067-2564486b01f9 Received request: POST /jobs/004/run
2026-09-10 18:48:17,862 INFO dependencies: ba7dc341-ed53-4728-98ff-9d2d4801f342 Received request: GET /jobs/001
2026-09-10 18:48:17,862 INFO dependencies: 9571d736-923e-446e-bd9a-02c66e24fd0a Received request: GET /jobs/001
2026-09-10 18:48:17,862 INFO endpoints: e9a63125-df97-4ebb-9a21-7281c3c9202f Received request: GET /jobs
2026-09-10 18:48:17,862 INFO endpoints: c80e1582-3dcf-4b91-9829-8d72b38f3b5f Received request: GET /jobs
2026-09-10 18:48:17,862 INFO endpoints: 3b747a13-5107-456e-a595-0bc67ca8ee6a Received request: GET /jobs
2026-09-10 18:48:17,863 INFO endpoints: a2580aa9-fd64-4976-b5e5-4e8ae398f011 Received request: GET /jobs
2026-09-10 18:48:17,863 INFO endpoints: 45ebb871-0e6d-4a0a-b669-f366f2527274 Scheduling job: 003
2026-09-10 18:48:17,863 INFO dependencies: 96e3749d-19a5-4503-b05e-0fb274ac8363 Received request: POST /jobs/004/run
2026-09-10 18:48:17,863 INFO dependencies: 41aa7db2-435b-48b5-84b7-a2919889f8ba Received request: GET /jobs/001
2026-09-10 18:48:17,863 INFO endpoints: 2d3e4c70-6382-4c99-9b68-0e8b91345521 Scheduling job: 003
2026-09-10 18:48:17,863 INFO endpoints: eaa0ce03-c232-407e-8100-96bb1a793afc Found job: 001
2026-09-10 18:48:17,864 INFO endpoints: 123a4f40-54d8-4cc2-a2da-c06cef64be18 Received request: GET /jobs
2026-09-10 18:48:17,864 WARNING dependencies: 0130a1a2-ceb9-4190-977d-4c25f78e803f Job not found: 1000
2026-09-10 18:48:17,864 INFO endpoints: 4a330960-0767-45a9-bb1f-34a58428daf6 Received request: GET /jobs
2026-09-10 18:48:17,865 WARNING dependencies: 96e4436b-666d-43e2-9e3f-2bb5ae4b57c7 Job not found: 004
2026-09-10 18:48:17,865 INFO dependencies: b2724b74-75dc-4cc7-b322-e6ae2cbe671f Received request: GET /jobs/001
2026-09-10 18:48:17,866 INFO endpoints: cba5f2e9-cbcb-41fc-89fe-13487a8d9382 Received request: GET /jobs
2026-09-10 18:48:17,866 WARNING dependencies: 2c358b6c-f652-4747-80b3-c5a4479efd1e Job not found: 004
2026-09-10 18:48:17,867 WARNING dependencies: c7fffda7-a637-4d7c-8e8c-a7fc41334f43 Job not found: 004
2026-09-10 18:48:17,868 INFO endpoints: e2e36463-f5ce-4231-90f5-9de678f90912 Received request: GET /jobs
2026-09-10 18:48:17,868 INFO job_service: 07084281-2246-4cb0-8e91-576caf6877bd Processing Job: 003
2026-09-10 18:48:17,869 WARNING dependencies: 7dcb4e2d-784c-45b6-8766-58ef038df5d9 Job not found: 004
2026-09-10 18:48:17,870 WARNING dependencies: 2af683fd-2ec7-4eb2-bdda-d184bf81ec26 Job not found: 004
2026-09-10 18:48:17,870 INFO job_service: 70408276-0376-461a-8abe-102152707a6d Processing Job: 003
2026-09-10 18:48:17,871 INFO endpoints: ebe2a21d-7141-421b-b08a-40e35b3b5770 Received request: GET /jobs
2026-09-10 18:48:17,871 INFO endpoints: 24385ebe-5cfc-488a-888b-889730c46c3e Found job: 001
2026-09-10 18:48:17,871 INFO endpoints: 59f4643c-dac9-409e-bf4a-d5090c8ea7c9 Found job: 001
2026-09-10 18:48:17,871 WARNING dependencies: 97fe31c7-7de7-4c9a-8067-2564486b01f9 Job not found: 004
2026-09-10 18:48:17,872 INFO job_service: c6154972-5c7d-42c6-a579-5acaac053fd3 Processing Job: 003
2026-09-10 18:48:17,872 INFO endpoints: 0dc5ef0e-72eb-4044-82ce-192c26bb0be6 Scheduling job: 003
2026-09-10 18:48:17,872 INFO endpoints: 76a086dc-f3bc-4b15-823c-e339f1748a61 Found job: 001
2026-09-10 18:48:17,873 INFO endpoints: b9ca3a27-8b2f-463e-ba87-0acbf57db9e9 Scheduling job: 003
2026-09-10 18:48:17,873 INFO dependencies: de43c97f-fce4-4203-9498-14af620a7d17 Received request: GET /jobs/1000
2026-09-10 18:48:17,873 INFO endpoints: b74b319b-1b6c-4d1f-851f-3244c1db198f Found job: 001
2026-09-10 18:48:17,874 INFO job_service: 38616955-d62e-468d-a0e3-c5362dd080fb Processing Job: 003
2026-09-10 18:48:17,875 WARNING dependencies: 96e3749d-19a5-4503-b05e-0fb274ac8363 Job not found: 004
2026-09-10 18:48:17,875 INFO endpoints: 701fb496-d374-412f-bd71-6aabe5abb4fd Received request: GET /jobs
2026-09-10 18:48:17,875 INFO endpoints: a74dbd11-16ef-4455-a4a5-7a7703f26382 Found job: 001
2026-09-10 18:48:17,876 INFO endpoints: e75d5220-9791-4ea3-9cd5-502649c711f9 Scheduling job: 003
2026-09-10 18:48:17,876 INFO endpoints: 6df9eaff-c111-4fc9-a1be-ebafa1d46786 Received request: GET /jobs
2026-09-10 18:48:17,876 INFO endpoints: 1419c3d7-3208-4317-b103-035ca52550bf Found job: 001
2026-09-10 18:48:17,877 INFO job_service: e666b82e-e0fe-4c72-956e-ebf54c5e5f7e Processing Job: 003
2026-09-10 18:48:17,878 INFO endpoints: 2aeb9801-490a-4eb0-9c5b-1c8884bf83f3 Found job: 001
2026-09-10 18:48:17,878 INFO endpoints: f30f927e-7a4a-47f0-925d-3faf46449bb7 Received request: GET /jobs
2026-09-10 18:48:17,878 INFO endpoints: 666a92a7-6518-4d87-a07f-cc6f8bcdce1c Found job: 001
2026-09-10 18:48:17,879 INFO endpoints: 519e698b-f5d3-46c1-b7ca-47dfe3ee51d8 Received request: GET /jobs
2026-09-10 18:48:17,879 INFO endpoints: 73d5bcde-3333-429c-ba66-8ae5de2242ee Found job: 001
2026-09-10 18:48:17,880 ERROR job_service: 07084281-2246-4cb0-8e91-576caf6877bd Error for job: 003
2026-09-10 18:48:17,880 INFO endpoints: 4d4fd96d-c48f-4179-89da-c166f5408c12 Found job: 001
2026-09-10 18:48:17,881 ERROR job_service: 70408276-0376-461a-8abe-102152707a6d Error for job: 003
2026-09-10 18:48:17,883 INFO endpoints: be5acd67-a49d-436a-9814-9f9ded262655 Received request: GET /jobs
2026-09-10 18:48:17,883 INFO endpoints: a46a4d19-5a33-486c-bbd0-37414005efbd Found job: 001
2026-09-10 18:48:17,883 ERROR job_service: c6154972-5c7d-42c6-a579-5acaac053fd3 Error for job: 003
2026-09-10 18:48:17,884 WARNING dependencies: de43c97f-fce4-4203-9498-14af620a7d17 Job not found: 1000
2026-09-10 18:48:17,884 INFO endpoints: 39eb0535-4e21-4350-84f5-456d0ca45ee7 Found job: 001
2026-09-10 18:48:17,885 ERROR job_service: 38616955-d62e-468d-a0e3-c5362dd080fb Error for job: 003
2026-09-10 18:48:17,885 INFO endpoints: 621c5f54-b560-45a9-946d-0da302fb10d1 Found job: 001
2026-09-10 18:48:17,885 INFO endpoints: 59cc2c0d-9263-4456-bf60-94743fbd726c Scheduling job: 003
2026-09-10 18:48:17,885 INFO endpoints: 53ddc619-4d2c-4d36-9a43-53401cbbde1e Received request: GET /jobs
2026-09-10 18:48:17,885 INFO endpoints: e023a75c-5bda-4cc9-bab6-58b179c905bf Received request: GET /jobs
2026-09-10 18:48:17,885 INFO endpoints: 45f3c9cc-d58d-4048-8b09-34bf9f9fdeb9 Found job: 001
2026-09-10 18:48:17,887 INFO dependencies: 05b54bb6-3908-4cd2-bc7d-ce37513bf04e Received request: GET /jobs/1000
2026-09-10 18:48:17,888 ERROR job_service: e666b82e-e0fe-4c72-956e-ebf54c5e5f7e Error for job: 003
2026-09-10 18:48:17,888 INFO endpoints: 28fc5848-c2ca-4fa5-98b0-13302eab13ce Found job: 001
2026-09-10 18:48:17,889 INFO dependencies: c50a3081-f739-459f-94fa-41e2ab523f0a Received request: POST /jobs/004/run
2026-09-10 18:48:17,889 INFO endpoints: a0ad3df9-a3c6-42df-9c65-ddee9280bc25 Scheduling job: 003
2026-09-10 18:48:17,889 INFO dependencies: d48102a1-bb50-4692-adb5-d073dcde4d97 Received request: GET /jobs/001
2026-09-10 18:48:17,889 INFO endpoints: 4cac34ac-7f21-4dda-8d64-98f873749abe Received request: GET /jobs
2026-09-10 18:48:17,891 INFO endpoints: 5a3bf015-63db-4726-b4fb-00b3cf096a81 Scheduling job: 003
2026-09-10 18:48:17,891 INFO endpoints: 3bd21f83-b3fc-4d53-8eff-c2f3a0ed01a1 Received request: GET /jobs
2026-09-10 18:48:17,891 INFO dependencies: 6190db21-5efe-452f-bb1f-cd6109c4f345 Received request: GET /jobs/001
2026-09-10 18:48:17,895 WARNING dependencies: 05b54bb6-3908-4cd2-bc7d-ce37513bf04e Job not found: 1000
2026-09-10 18:48:17,896 WARNING dependencies: c50a3081-f739-459f-94fa-41e2ab523f0a Job not found: 004
2026-09-10 18:48:17,896 INFO endpoints: c4b273fd-5b56-46cb-9206-d76d1ffb6f0f Scheduling job: 003
2026-09-10 18:48:17,896 INFO endpoints: 18bad0dd-d1ce-4339-99a4-54f2bf7f8d16 Received request: GET /jobs
2026-09-10 18:48:17,896 INFO endpoints: 0ee25b0c-eff6-45ef-ac38-5a128dd4a48a Found job: 001
2026-09-10 18:48:17,897 INFO endpoints: ba7dc341-ed53-4728-98ff-9d2d4801f342 Found job: 001
2026-09-10 18:48:17,897 INFO endpoints: 9571d736-923e-446e-bd9a-02c66e24fd0a Found job: 001
2026-09-10 18:48:17,898 INFO dependencies: 2ec4de20-997b-4890-8e59-689dc2eb8a31 Received request: GET /jobs/001
2026-09-10 18:48:17,898 INFO dependencies: 3f9c3ec3-4e00-4ef7-b216-53eeb3f9421c Received request: POST /jobs/003/run
2026-09-10 18:48:17,900 INFO endpoints: d7991a1c-1a3b-4bf5-b744-384641c23d4c Received request: GET /jobs
2026-09-10 18:48:17,901 INFO endpoints: 41aa7db2-435b-48b5-84b7-a2919889f8ba Found job: 001
2026-09-10 18:48:17,901 INFO endpoints: 135fc44e-d4df-41cb-9656-0c126073b458 Received request: GET /jobs
2026-09-10 18:48:17,902 INFO endpoints: 0e5619c4-198a-499d-8017-9247b97131f7 Received request: GET /jobs
2026-09-10 18:48:17,903 INFO endpoints: b2724b74-75dc-4cc7-b322-e6ae2cbe671f Found job: 001
2026-09-10 18:48:17,904 INFO dependencies: cf8b2e1d-f761-4b7a-a797-9fe3d1176ca2 Received request: POST /jobs/004/run
2026-09-10 18:48:17,904 WARNING dependencies: cf8b2e1d-f761-4b7a-a797-9fe3d1176ca2 Job not found: 004
2026-09-10 18:48:17,904 INFO endpoints: 9f6c97a8-cf48-4b57-8d07-ec099c385eaf Received request: GET /jobs
2026-09-10 18:48:17,905 INFO job_service: 45ebb871-0e6d-4a0a-b669-f366f2527274 Processing Job: 003
2026-09-10 18:48:17,905 ERROR job_service: 45ebb871-0e6d-4a0a-b669-f366f2527274 Error for job: 003
2026-09-10 18:48:17,904 INFO endpoints: 3cd8fe49-41f0-49bb-9244-b171713949cc Received request: GET /jobs
2026-09-10 18:48:17,904 INFO dependencies: fcd930e2-bc2e-4887-a790-463aff2614ef Received request: GET /jobs/001
2026-09-10 18:48:17,906 INFO job_service: 2d3e4c70-6382-4c99-9b68-0e8b91345521 Processing Job: 003
2026-09-10 18:48:17,906 ERROR job_service: 2d3e4c70-6382-4c99-9b68-0e8b91345521 Error for job: 003
2026-09-10 18:48:17,907 INFO dependencies: e4338a01-7a0d-4a72-8031-a041be7efd2d Received request: POST /jobs/004/run
2026-09-10 18:48:17,906 INFO dependencies: 3e32bf60-2a7a-434c-8e85-bde8b501146c Received request: GET /jobs/1000
2026-09-10 18:48:17,906 INFO endpoints: 0609cebb-8cea-46dc-a789-8f47323121ad Received request: GET /jobs
2026-09-10 18:48:17,906 INFO endpoints: d8b3365b-9c66-43af-97d6-1d2cb733b748 Received request: GET /jobs
2026-09-10 18:48:17,907 WARNING dependencies: e4338a01-7a0d-4a72-8031-a041be7efd2d Job not found: 004
2026-09-10 18:48:17,908 WARNING dependencies: 3e32bf60-2a7a-434c-8e85-bde8b501146c Job not found: 1000
2026-09-10 18:48:17,908 INFO dependencies: 46c4ff24-7df5-4c80-b895-99b1599d1870 Received request: GET /jobs/001
2026-09-10 18:48:17,910 INFO endpoints: 64fe3578-2045-4f25-aad2-5820fdb60e0f Received request: GET /jobs
2026-09-10 18:48:17,912 INFO dependencies: 02c7506f-214e-4bc6-a09a-7091b7c6d0d1 Received request: POST /jobs/004/run
2026-09-10 18:48:17,912 WARNING dependencies: 02c7506f-214e-4bc6-a09a-7091b7c6d0d1 Job not found: 004
2026-09-10 18:48:17,912 INFO dependencies: 6427f578-66fa-45dc-bacf-62e694e5357c Received request: POST /jobs/003/run
2026-09-10 18:48:17,913 INFO dependencies: 6e1f3d27-1d88-4e83-b9c5-3e85e3c02b64 Received request: POST /jobs/003/run
2026-09-10 18:48:17,914 INFO dependencies: e7a253de-94b1-4427-afdf-f08f74c0e7b0 Received request: POST /jobs/003/run
2026-09-10 18:48:17,914 INFO job_service: 0dc5ef0e-72eb-4044-82ce-192c26bb0be6 Processing Job: 003
2026-09-10 18:48:17,914 ERROR job_service: 0dc5ef0e-72eb-4044-82ce-192c26bb0be6 Error for job: 003
2026-09-10 18:48:17,914 INFO job_service: b9ca3a27-8b2f-463e-ba87-0acbf57db9e9 Processing Job: 003
2026-09-10 18:48:17,915 ERROR job_service: b9ca3a27-8b2f-463e-ba87-0acbf57db9e9 Error for job: 003
2026-09-10 18:48:17,915 INFO endpoints: d48102a1-bb50-4692-adb5-d073dcde4d97 Found job: 001
2026-09-10 18:48:17,916 INFO dependencies: 00c9a7f9-c897-418c-b7c9-3ddfaedb5030 Received request: GET /jobs/001
2026-09-10 18:48:17,916 INFO dependencies: 20c451ad-c354-4d04-a4ee-21087f9da87f Received request: GET /jobs/001
2026-09-10 18:48:17,917 INFO endpoints: 3cfc6410-5df6-4517-b71f-c84bb339fe53 Received request: GET /jobs
2026-09-10 18:48:17,918 INFO endpoints: 6190db21-5efe-452f-bb1f-cd6109c4f345 Found job: 001
2026-09-10 18:48:17,920 INFO job_service: e75d5220-9791-4ea3-9cd5-502649c711f9 Processing Job: 003
2026-09-10 18:48:17,920 ERROR job_service: e75d5220-9791-4ea3-9cd5-502649c711f9 Error for job: 003
2026-09-10 18:48:17,920 INFO endpoints: 2ec4de20-997b-4890-8e59-689dc2eb8a31 Found job: 001
2026-09-10 18:48:17,921 INFO endpoints: 3f9c3ec3-4e00-4ef7-b216-53eeb3f9421c Scheduling job: 003
2026-09-10 18:48:17,922 INFO endpoints: 29daec64-5594-45ae-84e2-a7c493850954 Received request: GET /jobs
2026-09-10 18:48:17,922 INFO endpoints: dd8c1f6d-80ce-40c1-9238-c58164b654b5 Received request: GET /jobs
2026-09-10 18:48:17,923 INFO endpoints: 46fa42f3-7800-4c1d-90e1-589de648a337 Received request: GET /jobs
2026-09-10 18:48:17,923 INFO endpoints: 94c33611-0a9f-4c4e-b87f-7a864ea4041e Received request: GET /jobs
2026-09-10 18:48:17,925 INFO endpoints: fcd930e2-bc2e-4887-a790-463aff2614ef Found job: 001
2026-09-10 18:48:17,926 INFO endpoints: 7efcca10-02e9-4b74-a191-81f974c9fa17 Received request: GET /jobs
2026-09-10 18:48:17,926 INFO dependencies: 78b52e49-272c-425b-8f5f-b1a385d53e64 Received request: POST /jobs/003/run
2026-09-10 18:48:17,926 INFO endpoints: b1734250-3d03-4752-b78a-ef5da55108b9 Received request: GET /jobs
2026-09-10 18:48:17,927 INFO endpoints: c9468137-e3b3-40d2-87b4-79fd256b7f20 Received request: GET /jobs
2026-09-10 18:48:17,927 INFO endpoints: 09b5d49e-ead3-409d-91ec-0e193fef8a56 Received request: GET /jobs
2026-09-10 18:48:17,927 INFO endpoints: 33667901-6428-499a-9c14-e4b20b899f86 Received request: GET /jobs
2026-09-10 18:48:17,929 INFO endpoints: 46c4ff24-7df5-4c80-b895-99b1599d1870 Found job: 001
2026-09-10 18:48:17,930 INFO job_service: 59cc2c0d-9263-4456-bf60-94743fbd726c Processing Job: 003
2026-09-10 18:48:17,930 ERROR job_service: 59cc2c0d-9263-4456-bf60-94743fbd726c Error for job: 003
2026-09-10 18:48:17,932 INFO dependencies: 9ba9d790-81c0-4126-b4ee-761c4e2280e8 Received request: POST /jobs/003/run
2026-09-10 18:48:17,932 INFO dependencies: 97467be8-c0b2-4014-b8e4-632a5f6f6d94 Received request: POST /jobs/003/run
2026-09-10 18:48:17,932 INFO endpoints: 097299b8-ae64-4451-83a1-685e4f57ea23 Received request: GET /jobs
2026-09-10 18:48:17,933 INFO endpoints: 6427f578-66fa-45dc-bacf-62e694e5357c Scheduling job: 003
2026-09-10 18:48:17,933 INFO endpoints: 6e1f3d27-1d88-4e83-b9c5-3e85e3c02b64 Scheduling job: 003
2026-09-10 18:48:17,934 INFO endpoints: e7a253de-94b1-4427-afdf-f08f74c0e7b0 Scheduling job: 003
2026-09-10 18:48:17,934 INFO job_service: a0ad3df9-a3c6-42df-9c65-ddee9280bc25 Processing Job: 003
2026-09-10 18:48:17,935 ERROR job_service: a0ad3df9-a3c6-42df-9c65-ddee9280bc25 Error for job: 003
2026-09-10 18:48:17,935 INFO job_service: 5a3bf015-63db-4726-b4fb-00b3cf096a81 Processing Job: 003
2026-09-10 18:48:17,935 INFO endpoints: 20c451ad-c354-4d04-a4ee-21087f9da87f Found job: 001
2026-09-10 18:48:17,937 INFO endpoints: fca97296-31e0-48dd-92f6-6a2bcec829c5 Received request: GET /jobs
2026-09-10 18:48:17,937 INFO dependencies: 01b9786a-1909-425d-ba4d-8eb05baa9d4a Received request: POST /jobs/003/run
2026-09-10 18:48:17,938 INFO job_service: c4b273fd-5b56-46cb-9206-d76d1ffb6f0f Processing Job: 003
2026-09-10 18:48:17,935 INFO endpoints: 00c9a7f9-c897-418c-b7c9-3ddfaedb5030 Found job: 001
2026-09-10 18:48:17,937 ERROR job_service: 5a3bf015-63db-4726-b4fb-00b3cf096a81 Error for job: 003
2026-09-10 18:48:17,938 ERROR job_service: c4b273fd-5b56-46cb-9206-d76d1ffb6f0f Error for job: 003
2026-09-10 18:48:17,940 INFO endpoints: a4b33f68-71de-425e-a964-3ffcf22b53e6 Received request: GET /jobs
2026-09-10 18:48:17,940 INFO dependencies: 60a2966d-c68c-46f2-96e6-49907528f16b Received request: GET /jobs/001
2026-09-10 18:48:17,940 INFO endpoints: 03c547d3-a680-4716-b0dd-34f9757415ff Received request: GET /jobs
2026-09-10 18:48:17,944 INFO endpoints: 78b52e49-272c-425b-8f5f-b1a385d53e64 Scheduling job: 003
2026-09-10 18:48:17,944 INFO dependencies: fb03fb1d-fc23-4dfa-983c-011c1f1cf679 Received request: POST /jobs/003/run
2026-09-10 18:48:17,944 INFO endpoints: 43a273b5-3caf-4fab-81d3-dcb91694bc57 Received request: GET /jobs
2026-09-10 18:48:17,945 INFO endpoints: f12bcd51-19e2-4a86-9df2-da78422cd84a Received request: GET /jobs
2026-09-10 18:48:17,945 INFO endpoints: acaa585f-438f-4e46-a3fd-e327faeb5a36 Received request: GET /jobs
2026-09-10 18:48:17,948 INFO endpoints: 9ba9d790-81c0-4126-b4ee-761c4e2280e8 Scheduling job: 003
2026-09-10 18:48:17,948 INFO endpoints: 97467be8-c0b2-4014-b8e4-632a5f6f6d94 Scheduling job: 003
2026-09-10 18:48:17,948 INFO dependencies: afcb4bb6-ba0f-413d-9fc6-104522131f0c Received request: GET /jobs/001
2026-09-10 18:48:17,948 INFO endpoints: 77e9af7f-3c40-4f9f-8e0e-da47d142063d Received request: GET /jobs
2026-09-10 18:48:17,953 INFO dependencies: ebe0be6a-404b-42a2-9d66-aeccb008de9c Received request: GET /jobs/001
2026-09-10 18:48:17,953 INFO endpoints: 53b8f508-472e-45c6-9db2-509bbc41cd1a Received request: GET /jobs
2026-09-10 18:48:17,953 INFO endpoints: 74f48f69-790b-425b-abc8-b4118738e17e Received request: GET /jobs
2026-09-10 18:48:17,953 INFO dependencies: fb847f41-99e4-42cc-9111-af63b53e425e Received request: GET /jobs/001
2026-09-10 18:48:17,953 INFO dependencies: cd154b13-c129-41e7-8412-a52c1322d169 Received request: GET /jobs/001
2026-09-10 18:48:17,953 INFO dependencies: 67b10413-01fb-407d-99b2-325fd5bb0cd5 Received request: GET /jobs/1000
2026-09-10 18:48:17,954 INFO dependencies: 7babfe2e-2f34-46a5-898f-93e6fcabeb62 Received request: POST /jobs/003/run
2026-09-10 18:48:17,954 INFO dependencies: c74de22f-7a47-4a85-a574-1ef3a99d3dd6 Received request: POST /jobs/004/run
2026-09-10 18:48:17,956 WARNING dependencies: c74de22f-7a47-4a85-a574-1ef3a99d3dd6 Job not found: 004
2026-09-10 18:48:17,955 INFO endpoints: 01b9786a-1909-425d-ba4d-8eb05baa9d4a Scheduling job: 003
2026-09-10 18:48:17,955 INFO job_service: 3f9c3ec3-4e00-4ef7-b216-53eeb3f9421c Processing Job: 003
2026-09-10 18:48:17,955 WARNING dependencies: 67b10413-01fb-407d-99b2-325fd5bb0cd5 Job not found: 1000
2026-09-10 18:48:17,956 INFO endpoints: 60a2966d-c68c-46f2-96e6-49907528f16b Found job: 001
2026-09-10 18:48:17,956 ERROR job_service: 3f9c3ec3-4e00-4ef7-b216-53eeb3f9421c Error for job: 003
2026-09-10 18:48:17,958 INFO dependencies: e8ac3185-fcea-4c0d-b988-6e7c272d0be3 Received request: GET /jobs/1000
2026-09-10 18:48:17,958 INFO endpoints: 84ae30a1-1d67-43b4-8a32-7fef7940d1a8 Received request: GET /jobs
2026-09-10 18:48:17,958 INFO endpoints: 3f5ceeea-4db9-4bb3-ab4a-5fdfcde52d46 Received request: GET /jobs
2026-09-10 18:48:17,959 WARNING dependencies: e8ac3185-fcea-4c0d-b988-6e7c272d0be3 Job not found: 1000
2026-09-10 18:48:17,960 INFO endpoints: fb03fb1d-fc23-4dfa-983c-011c1f1cf679 Scheduling job: 003
2026-09-10 18:48:17,960 INFO dependencies: 0b5e4f86-1d29-458a-8b52-6c0cd8a8a586 Received request: POST /jobs/003/run
2026-09-10 18:48:17,961 INFO dependencies: 92cbfa63-a52b-4a15-b204-cc1df81299fd Received request: GET /jobs/001
2026-09-10 18:48:17,961 INFO endpoints: aaf17bcf-0a7b-4e4f-a2e6-553ceb618912 Received request: GET /jobs
2026-09-10 18:48:17,961 INFO endpoints: dd405bf3-47eb-41d2-9ea4-f88a9d5630f3 Received request: GET /jobs
2026-09-10 18:48:17,963 INFO dependencies: 0112a30b-6b35-4f69-93b2-762d9b9d296c Received request: GET /jobs/001
2026-09-10 18:48:17,964 INFO dependencies: 0e66c4c9-26b2-41f9-91cc-a04349860540 Received request: POST /jobs/003/run
2026-09-10 18:48:17,964 INFO endpoints: 5bd44303-7742-41cd-9993-1e0e255bb2e9 Received request: GET /jobs
2026-09-10 18:48:17,964 INFO endpoints: afcb4bb6-ba0f-413d-9fc6-104522131f0c Found job: 001
2026-09-10 18:48:17,964 INFO endpoints: 89b1e0df-121b-44e6-899e-66ae9126de27 Received request: GET /jobs
2026-09-10 18:48:17,966 INFO job_service: 6427f578-66fa-45dc-bacf-62e694e5357c Processing Job: 003
2026-09-10 18:48:17,966 ERROR job_service: 6427f578-66fa-45dc-bacf-62e694e5357c Error for job: 003
2026-09-10 18:48:17,967 INFO dependencies: b4926528-9c0c-4285-8137-064df81006cc Received request: GET /jobs/001
2026-09-10 18:48:17,966 INFO job_service: e7a253de-94b1-4427-afdf-f08f74c0e7b0 Processing Job: 003
2026-09-10 18:48:17,968 ERROR job_service: e7a253de-94b1-4427-afdf-f08f74c0e7b0 Error for job: 003
2026-09-10 18:48:17,966 INFO job_service: 6e1f3d27-1d88-4e83-b9c5-3e85e3c02b64 Processing Job: 003
2026-09-10 18:48:17,968 ERROR job_service: 6e1f3d27-1d88-4e83-b9c5-3e85e3c02b64 Error for job: 003
2026-09-10 18:48:17,967 INFO dependencies: e0637112-7d5b-43d2-a8d8-713d975946bc Received request: GET /jobs/1000
2026-09-10 18:48:17,968 WARNING dependencies: e0637112-7d5b-43d2-a8d8-713d975946bc Job not found: 1000
2026-09-10 18:48:17,969 INFO endpoints: ebe0be6a-404b-42a2-9d66-aeccb008de9c Found job: 001
2026-09-10 18:48:17,969 INFO endpoints: cd154b13-c129-41e7-8412-a52c1322d169 Found job: 001
2026-09-10 18:48:17,970 INFO endpoints: 7babfe2e-2f34-46a5-898f-93e6fcabeb62 Scheduling job: 003
2026-09-10 18:48:17,970 INFO endpoints: fb847f41-99e4-42cc-9111-af63b53e425e Found job: 001
2026-09-10 18:48:17,971 INFO dependencies: 1340a640-b0f5-4fc4-b380-cb5ff9a61b9f Received request: GET /jobs/001
2026-09-10 18:48:17,971 INFO endpoints: f617d29c-30e6-450b-932c-d98eb2d285ac Received request: GET /jobs
2026-09-10 18:48:17,973 INFO job_service: 78b52e49-272c-425b-8f5f-b1a385d53e64 Processing Job: 003
2026-09-10 18:48:17,973 ERROR job_service: 78b52e49-272c-425b-8f5f-b1a385d53e64 Error for job: 003
2026-09-10 18:48:17,974 INFO endpoints: 0b5e4f86-1d29-458a-8b52-6c0cd8a8a586 Scheduling job: 003
2026-09-10 18:48:17,974 INFO endpoints: 55a88905-9a63-4dde-983f-783c0df5c179 Received request: GET /jobs
2026-09-10 18:48:17,974 INFO endpoints: bc70c7d1-4509-4659-b0bc-063a2616e577 Received request: GET /jobs
2026-09-10 18:48:17,974 INFO endpoints: d607d27e-49ae-4eb6-9cb1-15f6579b64fa Received request: GET /jobs
2026-09-10 18:48:17,974 INFO endpoints: 2038c41e-9d1f-4eca-8d2a-13daec916577 Received request: GET /jobs
2026-09-10 18:48:17,974 INFO endpoints: 11c2ff10-52be-465d-bed8-0a8d4bed93ed Received request: GET /jobs
2026-09-10 18:48:17,974 INFO endpoints: 92cbfa63-a52b-4a15-b204-cc1df81299fd Found job: 001
2026-09-10 18:48:17,974 INFO endpoints: a3ab2bb3-0c32-481c-950b-635101cfb044 Received request: GET /jobs
2026-09-10 18:48:17,974 INFO dependencies: 82497422-45f6-4139-ad66-ce9faaf8d77c Received request: GET /jobs/1000
2026-09-10 18:48:17,976 WARNING dependencies: 82497422-45f6-4139-ad66-ce9faaf8d77c Job not found: 1000
2026-09-10 18:48:17,976 INFO endpoints: 0112a30b-6b35-4f69-93b2-762d9b9d296c Found job: 001
2026-09-10 18:48:17,976 INFO endpoints: 0e66c4c9-26b2-41f9-91cc-a04349860540 Scheduling job: 003
2026-09-10 18:48:17,976 INFO job_service: 9ba9d790-81c0-4126-b4ee-761c4e2280e8 Processing Job: 003
2026-09-10 18:48:17,976 INFO job_service: 97467be8-c0b2-4014-b8e4-632a5f6f6d94 Processing Job: 003
2026-09-10 18:48:17,979 ERROR job_service: 97467be8-c0b2-4014-b8e4-632a5f6f6d94 Error for job: 003
2026-09-10 18:48:17,978 ERROR job_service: 9ba9d790-81c0-4126-b4ee-761c4e2280e8 Error for job: 003
2026-09-10 18:48:17,979 INFO endpoints: b4926528-9c0c-4285-8137-064df81006cc Found job: 001
2026-09-10 18:48:17,986 INFO job_service: 01b9786a-1909-425d-ba4d-8eb05baa9d4a Processing Job: 003
2026-09-10 18:48:17,986 ERROR job_service: 01b9786a-1909-425d-ba4d-8eb05baa9d4a Error for job: 003
2026-09-10 18:48:17,986 INFO endpoints: 1340a640-b0f5-4fc4-b380-cb5ff9a61b9f Found job: 001
2026-09-10 18:48:17,988 INFO job_service: fb03fb1d-fc23-4dfa-983c-011c1f1cf679 Processing Job: 003
2026-09-10 18:48:17,988 ERROR job_service: fb03fb1d-fc23-4dfa-983c-011c1f1cf679 Error for job: 003
2026-09-10 18:48:17,988 INFO endpoints: 050492ff-0d19-4a1a-a26b-ab8243271ee2 Received request: GET /jobs
2026-09-10 18:48:17,988 INFO dependencies: 8b8c4316-5af2-470b-b46e-f1345ae858c4 Received request: POST /jobs/003/run
2026-09-10 18:48:17,988 INFO endpoints: d55f8cb8-d5e7-4b9b-8ed6-13b148354870 Received request: GET /jobs
2026-09-10 18:48:17,988 INFO endpoints: f2570cee-4447-4f42-8467-6175812ea395 Received request: GET /jobs
2026-09-10 18:48:17,988 INFO dependencies: 6826f3fa-ef41-47eb-8be1-b246d4384acf Received request: GET /jobs/001
2026-09-10 18:48:17,988 INFO endpoints: 537786a7-5730-4044-99c0-d01cfb665b01 Received request: GET /jobs
2026-09-10 18:48:17,988 INFO dependencies: 44570984-c2a7-42ed-8fc6-693cc5f48a7c Received request: GET /jobs/001
2026-09-10 18:48:17,988 INFO dependencies: 72bfb006-3e84-49d5-9de0-9b066d04b70a Received request: POST /jobs/004/run
2026-09-10 18:48:17,988 INFO endpoints: d37fbb05-5229-4e16-91aa-680c5c9a8bbe Received request: GET /jobs
2026-09-10 18:48:17,988 INFO dependencies: 3f601401-166d-4b57-bcd0-b2c36684c112 Received request: POST /jobs/003/run
2026-09-10 18:48:17,988 INFO endpoints: 0ef4e04f-6120-41f2-a3ad-ae53dcc30fb7 Received request: GET /jobs
2026-09-10 18:48:17,988 INFO dependencies: 9beb59ae-674c-4457-8cb7-a82060a16bd5 Received request: POST /jobs/004/run
2026-09-10 18:48:17,988 INFO endpoints: 231bf17c-0ebe-4714-9a17-3bffacf8b15f Received request: GET /jobs
2026-09-10 18:48:17,988 INFO endpoints: 180e1783-e44b-4b48-883d-ea36c39091f3 Received request: GET /jobs
2026-09-10 18:48:17,990 WARNING dependencies: 72bfb006-3e84-49d5-9de0-9b066d04b70a Job not found: 004
2026-09-10 18:48:17,991 WARNING dependencies: 9beb59ae-674c-4457-8cb7-a82060a16bd5 Job not found: 004
2026-09-10 18:48:17,994 INFO endpoints: 11eb373c-d8d1-4249-9864-b62026c91e48 Received request: GET /jobs
2026-09-10 18:48:17,995 INFO dependencies: 75197d3a-2740-436a-8a74-ae2061a4b8ca Received request: POST /jobs/003/run
2026-09-10 18:48:17,995 INFO dependencies: ee121bad-2555-4739-a309-01ef4f963f01 Received request: GET /jobs/001
2026-09-10 18:48:17,995 INFO dependencies: e73ae9f9-f5e5-4b80-ac65-b05c2f0cb54f Received request: POST /jobs/003/run
2026-09-10 18:48:17,996 INFO job_service: 7babfe2e-2f34-46a5-898f-93e6fcabeb62 Processing Job: 003
2026-09-10 18:48:17,996 ERROR job_service: 7babfe2e-2f34-46a5-898f-93e6fcabeb62 Error for job: 003
2026-09-10 18:48:17,997 INFO endpoints: e070d3b1-87e0-4b4e-b96f-d9991cef05fe Received request: GET /jobs
2026-09-10 18:48:17,997 INFO dependencies: 07bec106-5eb5-499c-b125-1d13e5fa1295 Received request: GET /jobs/001
2026-09-10 18:48:17,997 INFO dependencies: fcb3fb14-cda7-445c-abe5-9d4dd16db8e4 Received request: POST /jobs/003/run
2026-09-10 18:48:17,997 INFO endpoints: 7ca5bf70-b048-472f-8e97-68579642f30a Received request: GET /jobs
2026-09-10 18:48:17,998 INFO job_service: 0b5e4f86-1d29-458a-8b52-6c0cd8a8a586 Processing Job: 003
2026-09-10 18:48:17,999 ERROR job_service: 0b5e4f86-1d29-458a-8b52-6c0cd8a8a586 Error for job: 003
2026-09-10 18:48:17,999 INFO endpoints: 8b8c4316-5af2-470b-b46e-f1345ae858c4 Scheduling job: 003
2026-09-10 18:48:18,000 INFO endpoints: 6826f3fa-ef41-47eb-8be1-b246d4384acf Found job: 001
2026-09-10 18:48:18,000 INFO endpoints: 44570984-c2a7-42ed-8fc6-693cc5f48a7c Found job: 001
2026-09-10 18:48:18,001 INFO endpoints: 3f601401-166d-4b57-bcd0-b2c36684c112 Scheduling job: 003
2026-09-10 18:48:18,002 INFO job_service: 0e66c4c9-26b2-41f9-91cc-a04349860540 Processing Job: 003
2026-09-10 18:48:18,002 INFO endpoints: 865dd68f-0ae3-4593-bb66-2a27b066c03f Received request: GET /jobs
2026-09-10 18:48:18,003 INFO endpoints: 0c2c5c80-1f3b-4551-bfed-039921803658 Received request: GET /jobs
2026-09-10 18:48:18,003 INFO endpoints: 9ede392d-ca35-46b7-a38a-36ab636ed210 Received request: GET /jobs
2026-09-10 18:48:18,003 INFO dependencies: 1e26f4cb-371c-4743-9972-1fb8540d9380 Received request: POST /jobs/003/run
2026-09-10 18:48:18,003 INFO dependencies: 29a49b14-c099-4425-87e5-4320304641ec Received request: POST /jobs/003/run
2026-09-10 18:48:18,003 INFO endpoints: 15b806f8-e88d-4701-a8c7-9f3894ebae12 Received request: GET /jobs
2026-09-10 18:48:18,003 INFO endpoints: 2bf877a2-94c4-4401-98d4-e7b055fc201d Received request: GET /jobs
2026-09-10 18:48:18,004 ERROR job_service: 0e66c4c9-26b2-41f9-91cc-a04349860540 Error for job: 003
2026-09-10 18:48:18,008 INFO endpoints: 75197d3a-2740-436a-8a74-ae2061a4b8ca Scheduling job: 003
2026-09-10 18:48:18,008 INFO endpoints: e73ae9f9-f5e5-4b80-ac65-b05c2f0cb54f Scheduling job: 003
2026-09-10 18:48:18,008 INFO dependencies: a3cac20e-804c-4515-a73f-a004d2f071e6 Received request: GET /jobs/001
2026-09-10 18:48:18,008 INFO endpoints: c007aa47-d027-4b8f-b37e-0850b7c4ac72 Received request: GET /jobs
2026-09-10 18:48:18,008 INFO dependencies: b015f68d-6589-4faf-84bc-334f59052e1c Received request: POST /jobs/003/run
2026-09-10 18:48:18,008 INFO dependencies: ccab3875-ca3d-440b-a74d-fd0cfa79059a Received request: POST /jobs/004/run
2026-09-10 18:48:18,008 INFO dependencies: ae84b0ef-44c5-4431-88d1-957ce0d86777 Received request: POST /jobs/003/run
2026-09-10 18:48:18,009 INFO dependencies: 85972c24-3d52-4ef9-8062-0ebc2d7b69bf Received request: GET /jobs/001
2026-09-10 18:48:18,009 INFO endpoints: c59dea4c-6199-424a-bbc1-9c5c643e478a Received request: GET /jobs
2026-09-10 18:48:18,009 INFO endpoints: 4c115f47-42da-49d4-8a42-0cf80ecab32e Received request: GET /jobs
2026-09-10 18:48:18,008 INFO endpoints: ee121bad-2555-4739-a309-01ef4f963f01 Found job: 001
2026-09-10 18:48:18,009 INFO dependencies: a1adae8d-1a3b-4303-bd98-02f31f0987b5 Received request: POST /jobs/003/run
2026-09-10 18:48:18,010 INFO endpoints: 07bec106-5eb5-499c-b125-1d13e5fa1295 Found job: 001
2026-09-10 18:48:18,010 INFO endpoints: fcb3fb14-cda7-445c-abe5-9d4dd16db8e4 Scheduling job: 003
2026-09-10 18:48:18,010 WARNING dependencies: ccab3875-ca3d-440b-a74d-fd0cfa79059a Job not found: 004
2026-09-10 18:48:18,010 INFO dependencies: 23d40c35-abdd-4dca-b3e2-6aa23bcd0854 Received request: GET /jobs/001
2026-09-10 18:48:18,010 INFO dependencies: 137383c5-61bb-4b6a-8dd6-74b2d80dd92f Received request: GET /jobs/001
2026-09-10 18:48:18,012 INFO dependencies: df91f240-3245-4a49-b02f-6ad47e7383b0 Received request: GET /jobs/001
2026-09-10 18:48:18,012 INFO endpoints: 0c0df765-43a2-4826-92b6-948cf352cd92 Received request: GET /jobs
2026-09-10 18:48:18,015 INFO endpoints: 1e26f4cb-371c-4743-9972-1fb8540d9380 Scheduling job: 003
2026-09-10 18:48:18,015 INFO endpoints: 29a49b14-c099-4425-87e5-4320304641ec Scheduling job: 003
2026-09-10 18:48:18,018 INFO endpoints: a3cac20e-804c-4515-a73f-a004d2f071e6 Found job: 001
2026-09-10 18:48:18,020 INFO endpoints: b015f68d-6589-4faf-84bc-334f59052e1c Scheduling job: 003
2026-09-10 18:48:18,020 INFO endpoints: 634786bb-9375-4c4e-b1bf-69b21f1f5d68 Received request: GET /jobs
2026-09-10 18:48:18,020 INFO endpoints: e82a396b-c363-45c2-a3b7-49407efe25c4 Received request: GET /jobs
2026-09-10 18:48:18,021 INFO dependencies: 462aa62b-3f9a-4e3b-977d-c99de2de6f22 Received request: POST /jobs/004/run
2026-09-10 18:48:18,021 INFO dependencies: 5beb17ab-c248-4f7c-8417-bd2cfe78835d Received request: GET /jobs/001
2026-09-10 18:48:18,021 INFO dependencies: 7c9258e5-5c5b-4adb-b8f7-c2069a87fe33 Received request: GET /jobs/001
2026-09-10 18:48:18,021 INFO endpoints: 6f0564cb-1dbe-496c-94d7-a1c9cfbc5ee3 Received request: GET /jobs
2026-09-10 18:48:18,021 INFO endpoints: 1e413013-db5e-49b3-857a-1eacd03693c0 Received request: GET /jobs
2026-09-10 18:48:18,021 INFO dependencies: e269d300-c038-4063-84ec-7610fbc0343e Received request: GET /jobs/1000
2026-09-10 18:48:18,021 INFO endpoints: 8ae1567d-d3cc-4908-b38c-93b88c0d60a5 Received request: GET /jobs
2026-09-10 18:48:18,021 INFO dependencies: 57558491-dc3e-489d-b292-bec5611d653c Received request: POST /jobs/004/run
2026-09-10 18:48:18,021 INFO endpoints: ae84b0ef-44c5-4431-88d1-957ce0d86777 Scheduling job: 003
2026-09-10 18:48:18,021 INFO endpoints: 6acaf219-3532-48bb-8279-998be09c8f9e Received request: GET /jobs
2026-09-10 18:48:18,021 INFO endpoints: 85972c24-3d52-4ef9-8062-0ebc2d7b69bf Found job: 001
2026-09-10 18:48:18,022 INFO job_service: 8b8c4316-5af2-470b-b46e-f1345ae858c4 Processing Job: 003
2026-09-10 18:48:18,022 WARNING dependencies: 462aa62b-3f9a-4e3b-977d-c99de2de6f22 Job not found: 004
2026-09-10 18:48:18,022 INFO job_service: 3f601401-166d-4b57-bcd0-b2c36684c112 Processing Job: 003
2026-09-10 18:48:18,023 INFO endpoints: a1adae8d-1a3b-4303-bd98-02f31f0987b5 Scheduling job: 003
2026-09-10 18:48:18,023 WARNING dependencies: e269d300-c038-4063-84ec-7610fbc0343e Job not found: 1000
2026-09-10 18:48:18,023 INFO dependencies: a76172ef-7f82-46cb-a3ac-819f4e835a90 Received request: GET /jobs/1000
2026-09-10 18:48:18,023 WARNING dependencies: 57558491-dc3e-489d-b292-bec5611d653c Job not found: 004
2026-09-10 18:48:18,024 INFO endpoints: 23d40c35-abdd-4dca-b3e2-6aa23bcd0854 Found job: 001
2026-09-10 18:48:18,024 INFO endpoints: 137383c5-61bb-4b6a-8dd6-74b2d80dd92f Found job: 001
2026-09-10 18:48:18,024 INFO endpoints: df91f240-3245-4a49-b02f-6ad47e7383b0 Found job: 001
2026-09-10 18:48:18,024 ERROR job_service: 8b8c4316-5af2-470b-b46e-f1345ae858c4 Error for job: 003
2026-09-10 18:48:18,025 ERROR job_service: 3f601401-166d-4b57-bcd0-b2c36684c112 Error for job: 003
2026-09-10 18:48:18,025 INFO dependencies: ef2163e1-3a59-490a-9fca-ebcd61a21bdb Received request: GET /jobs/001
2026-09-10 18:48:18,025 INFO endpoints: 087e8bcd-11ca-4123-8514-a8805e4b40fb Received request: GET /jobs
2026-09-10 18:48:18,026 WARNING dependencies: a76172ef-7f82-46cb-a3ac-819f4e835a90 Job not found: 1000
2026-09-10 18:48:18,027 INFO job_service: 75197d3a-2740-436a-8a74-ae2061a4b8ca Processing Job: 003
2026-09-10 18:48:18,027 INFO job_service: e73ae9f9-f5e5-4b80-ac65-b05c2f0cb54f Processing Job: 003
2026-09-10 18:48:18,033 ERROR job_service: e73ae9f9-f5e5-4b80-ac65-b05c2f0cb54f Error for job: 003
2026-09-10 18:48:18,033 INFO endpoints: 7c9258e5-5c5b-4adb-b8f7-c2069a87fe33 Found job: 001
2026-09-10 18:48:18,032 ERROR job_service: 75197d3a-2740-436a-8a74-ae2061a4b8ca Error for job: 003
2026-09-10 18:48:18,033 INFO endpoints: 5beb17ab-c248-4f7c-8417-bd2cfe78835d Found job: 001
2026-09-10 18:48:18,035 INFO job_service: fcb3fb14-cda7-445c-abe5-9d4dd16db8e4 Processing Job: 003
2026-09-10 18:48:18,035 ERROR job_service: fcb3fb14-cda7-445c-abe5-9d4dd16db8e4 Error for job: 003
2026-09-10 18:48:18,035 INFO dependencies: 6e02d5a4-cfef-4d61-bf0f-bc1a3bb5d662 Received request: POST /jobs/004/run
2026-09-10 18:48:18,036 WARNING dependencies: 6e02d5a4-cfef-4d61-bf0f-bc1a3bb5d662 Job not found: 004
2026-09-10 18:48:18,038 INFO job_service: 1e26f4cb-371c-4743-9972-1fb8540d9380 Processing Job: 003
2026-09-10 18:48:18,038 ERROR job_service: 1e26f4cb-371c-4743-9972-1fb8540d9380 Error for job: 003
2026-09-10 18:48:18,038 INFO job_service: 29a49b14-c099-4425-87e5-4320304641ec Processing Job: 003
2026-09-10 18:48:18,038 ERROR job_service: 29a49b14-c099-4425-87e5-4320304641ec Error for job: 003
2026-09-10 18:48:18,039 INFO dependencies: 34de4cea-8b0b-4cbe-beec-b91cd39bdff5 Received request: POST /jobs/004/run
2026-09-10 18:48:18,040 WARNING dependencies: 34de4cea-8b0b-4cbe-beec-b91cd39bdff5 Job not found: 004
2026-09-10 18:48:18,039 INFO endpoints: baf79e0e-84fb-41f8-9583-759002645f34 Received request: GET /jobs
2026-09-10 18:48:18,039 INFO dependencies: c9e23885-1750-4440-b55b-e4f41ed3ec9d Received request: GET /jobs/1000
2026-09-10 18:48:18,039 INFO dependencies: 92881fbd-8b45-4994-b2bb-29368d45dcc4 Received request: GET /jobs/1000
2026-09-10 18:48:18,039 INFO endpoints: 2caef416-423e-4665-94d5-c2a9bffde236 Received request: GET /jobs
2026-09-10 18:48:18,039 INFO dependencies: 94fc0c08-c1ae-4bda-b2be-ae7b5011350b Received request: POST /jobs/004/run
2026-09-10 18:48:18,039 INFO dependencies: 55b34ea8-99ac-44b5-aebd-c2a25c3ec068 Received request: POST /jobs/003/run
2026-09-10 18:48:18,039 INFO dependencies: 8ffa389d-1f60-46cc-9a64-59faf856c181 Received request: POST /jobs/004/run
2026-09-10 18:48:18,041 WARNING dependencies: c9e23885-1750-4440-b55b-e4f41ed3ec9d Job not found: 1000
2026-09-10 18:48:18,041 WARNING dependencies: 92881fbd-8b45-4994-b2bb-29368d45dcc4 Job not found: 1000
2026-09-10 18:48:18,044 INFO dependencies: a5bcf965-f8cd-4f67-b9cc-a260227deac3 Received request: GET /jobs/1000
2026-09-10 18:48:18,042 WARNING dependencies: 8ffa389d-1f60-46cc-9a64-59faf856c181 Job not found: 004
2026-09-10 18:48:18,044 WARNING dependencies: a5bcf965-f8cd-4f67-b9cc-a260227deac3 Job not found: 1000
2026-09-10 18:48:18,044 INFO dependencies: de86c3f2-b332-4f6a-ad27-b4d96a5c0d8e Received request: GET /jobs/001
2026-09-10 18:48:18,044 INFO endpoints: fd7b077f-cc72-4533-93ab-34c623112ad9 Received request: GET /jobs
2026-09-10 18:48:18,041 WARNING dependencies: 94fc0c08-c1ae-4bda-b2be-ae7b5011350b Job not found: 004
2026-09-10 18:48:18,049 INFO endpoints: ef2163e1-3a59-490a-9fca-ebcd61a21bdb Found job: 001
2026-09-10 18:48:18,052 INFO endpoints: 854f3e81-838b-4ecf-81fc-107ebf8b526d Received request: GET /jobs
2026-09-10 18:48:18,053 INFO job_service: b015f68d-6589-4faf-84bc-334f59052e1c Processing Job: 003
2026-09-10 18:48:18,056 ERROR job_service: b015f68d-6589-4faf-84bc-334f59052e1c Error for job: 003
2026-09-10 18:48:18,056 INFO dependencies: 0ab8f4d0-7d1a-443d-8359-07a8cc567aca Received request: POST /jobs/004/run
2026-09-10 18:48:18,059 WARNING dependencies: 0ab8f4d0-7d1a-443d-8359-07a8cc567aca Job not found: 004
2026-09-10 18:48:18,059 INFO dependencies: 17971926-38c3-4fcb-83c1-1724a225aa34 Received request: POST /jobs/004/run
2026-09-10 18:48:18,059 INFO dependencies: 7f5b6d16-595e-4114-be61-d64e1a9967ab Received request: GET /jobs/001
2026-09-10 18:48:18,059 INFO dependencies: 8c8856be-1d35-4ba9-b244-529ca3f54879 Received request: POST /jobs/003/run
2026-09-10 18:48:18,059 INFO endpoints: f25f8782-5baa-4d14-820d-b0003c448fc9 Received request: GET /jobs
2026-09-10 18:48:18,058 INFO dependencies: d88e693e-0c14-46b1-ae9b-817b716820b5 Received request: GET /jobs/1000
2026-09-10 18:48:18,060 WARNING dependencies: 17971926-38c3-4fcb-83c1-1724a225aa34 Job not found: 004
2026-09-10 18:48:18,060 INFO job_service: ae84b0ef-44c5-4431-88d1-957ce0d86777 Processing Job: 003
2026-09-10 18:48:18,061 INFO job_service: a1adae8d-1a3b-4303-bd98-02f31f0987b5 Processing Job: 003
2026-09-10 18:48:18,064 ERROR job_service: a1adae8d-1a3b-4303-bd98-02f31f0987b5 Error for job: 003
2026-09-10 18:48:18,063 ERROR job_service: ae84b0ef-44c5-4431-88d1-957ce0d86777 Error for job: 003
2026-09-10 18:48:18,063 WARNING dependencies: d88e693e-0c14-46b1-ae9b-817b716820b5 Job not found: 1000
2026-09-10 18:48:18,065 INFO endpoints: 55b34ea8-99ac-44b5-aebd-c2a25c3ec068 Scheduling job: 003
2026-09-10 18:48:18,066 INFO dependencies: f281b5ee-1796-4604-a2d2-1c4982dd485f Received request: POST /jobs/004/run
2026-09-10 18:48:18,067 WARNING dependencies: f281b5ee-1796-4604-a2d2-1c4982dd485f Job not found: 004
2026-09-10 18:48:18,066 INFO endpoints: 67872146-670e-4ff4-891c-c3366f003853 Received request: GET /jobs
2026-09-10 18:48:18,066 INFO endpoints: f2414c70-a293-428c-af6c-7771b68e7dee Received request: GET /jobs
2026-09-10 18:48:18,066 INFO endpoints: 36bdcec6-8488-487f-b9cb-7020d3b3d1cd Received request: GET /jobs
2026-09-10 18:48:18,066 INFO endpoints: b38f68a0-fb22-481c-8867-12fc2bcaa70f Received request: GET /jobs
2026-09-10 18:48:18,066 INFO dependencies: aec0dab4-901c-4b53-8792-2d6c72d4c3c4 Received request: POST /jobs/004/run
2026-09-10 18:48:18,066 INFO dependencies: 1389ce74-2e84-4043-8c44-317392e61924 Received request: GET /jobs/001
2026-09-10 18:48:18,067 INFO endpoints: 2ae5847b-5323-4504-b75b-f19600c58fab Received request: GET /jobs
2026-09-10 18:48:18,066 INFO endpoints: 1f363948-ce2a-4471-8029-78cd094d02f5 Received request: GET /jobs
2026-09-10 18:48:18,068 INFO endpoints: de86c3f2-b332-4f6a-ad27-b4d96a5c0d8e Found job: 001
2026-09-10 18:48:18,069 WARNING dependencies: aec0dab4-901c-4b53-8792-2d6c72d4c3c4 Job not found: 004
2026-09-10 18:48:18,071 INFO endpoints: d43c628d-128e-471e-a70a-e744bdfb706d Received request: GET /jobs
2026-09-10 18:48:18,072 INFO endpoints: cc1eb2db-56dc-463e-ba8a-0baf3d8ee2a0 Received request: GET /jobs
2026-09-10 18:48:18,077 INFO endpoints: 7f5b6d16-595e-4114-be61-d64e1a9967ab Found job: 001
2026-09-10 18:48:18,078 INFO endpoints: b539bffd-306c-403d-bd98-fcbbba8c1382 Received request: GET /jobs
2026-09-10 18:48:18,078 INFO endpoints: 8c8856be-1d35-4ba9-b244-529ca3f54879 Scheduling job: 003
2026-09-10 18:48:18,078 INFO dependencies: 6dbca173-ce0e-4e7f-b784-3144b722f478 Received request: POST /jobs/003/run
2026-09-10 18:48:18,084 INFO endpoints: 1389ce74-2e84-4043-8c44-317392e61924 Found job: 001
2026-09-10 18:48:18,087 INFO dependencies: 8e54bc05-e539-42d0-aee9-de81b3c5325a Received request: GET /jobs/1000
2026-09-10 18:48:18,087 WARNING dependencies: 8e54bc05-e539-42d0-aee9-de81b3c5325a Job not found: 1000
2026-09-10 18:48:18,087 INFO endpoints: 7677a02b-96a1-4781-9c9f-b407be92644a Received request: GET /jobs
2026-09-10 18:48:18,087 INFO dependencies: 417f72db-3b60-4a4c-9ae8-b11462451c56 Received request: GET /jobs/1000
2026-09-10 18:48:18,087 INFO dependencies: fee307c2-5238-4d05-a04b-e80106ceec58 Received request: POST /jobs/004/run
2026-09-10 18:48:18,087 INFO dependencies: 0b706b24-01e4-41fd-8119-87e03383912d Received request: POST /jobs/004/run
2026-09-10 18:48:18,087 INFO dependencies: 27135ca3-4424-4537-ae85-5ffa466650be Received request: POST /jobs/004/run
2026-09-10 18:48:18,087 INFO dependencies: da842c6d-8cae-4bce-8b6e-348f43576e2a Received request: POST /jobs/004/run
2026-09-10 18:48:18,087 INFO endpoints: e0b1d075-b57f-41c8-a884-36e8352df2a8 Received request: GET /jobs
2026-09-10 18:48:18,089 WARNING dependencies: 417f72db-3b60-4a4c-9ae8-b11462451c56 Job not found: 1000
2026-09-10 18:48:18,089 WARNING dependencies: fee307c2-5238-4d05-a04b-e80106ceec58 Job not found: 004
2026-09-10 18:48:18,090 INFO dependencies: 9bf5366f-f8c8-446e-b687-02cbb21bcbbc Received request: GET /jobs/001
2026-09-10 18:48:18,090 INFO endpoints: 6dbca173-ce0e-4e7f-b784-3144b722f478 Scheduling job: 003
2026-09-10 18:48:18,090 WARNING dependencies: 0b706b24-01e4-41fd-8119-87e03383912d Job not found: 004
2026-09-10 18:48:18,090 INFO job_service: 55b34ea8-99ac-44b5-aebd-c2a25c3ec068 Processing Job: 003
2026-09-10 18:48:18,091 WARNING dependencies: 27135ca3-4424-4537-ae85-5ffa466650be Job not found: 004
2026-09-10 18:48:18,091 WARNING dependencies: da842c6d-8cae-4bce-8b6e-348f43576e2a Job not found: 004
2026-09-10 18:48:18,095 ERROR job_service: 55b34ea8-99ac-44b5-aebd-c2a25c3ec068 Error for job: 003
2026-09-10 18:48:18,103 INFO job_service: 8c8856be-1d35-4ba9-b244-529ca3f54879 Processing Job: 003
2026-09-10 18:48:18,103 ERROR job_service: 8c8856be-1d35-4ba9-b244-529ca3f54879 Error for job: 003
2026-09-10 18:48:18,103 INFO dependencies: 5d8f59eb-1e8f-4bcf-968f-cb3be1eee5b3 Received request: GET /jobs/001
2026-09-10 18:48:18,103 INFO endpoints: 26b7a2cd-aff5-47eb-9354-34ede5c3bdc6 Received request: GET /jobs
2026-09-10 18:48:18,103 INFO dependencies: 4e2adb11-44b1-40d6-8c1a-52120f0b2a96 Received request: GET /jobs/1000
2026-09-10 18:48:18,104 WARNING dependencies: 4e2adb11-44b1-40d6-8c1a-52120f0b2a96 Job not found: 1000
2026-09-10 18:48:18,103 INFO dependencies: d8fdf8a1-8ea3-4bd2-a8ee-a09da82f2af5 Received request: GET /jobs/001
2026-09-10 18:48:18,105 INFO dependencies: ceed5a21-d75e-4e11-ba82-bcddc4f5b596 Received request: GET /jobs/001
2026-09-10 18:48:18,105 INFO dependencies: 70788fbf-39b2-48c9-a9d7-72177e6c4d24 Received request: POST /jobs/003/run
2026-09-10 18:48:18,105 INFO endpoints: c1ae5d95-6779-44f4-9384-800cfb6ab444 Received request: GET /jobs
2026-09-10 18:48:18,106 INFO endpoints: 9bf5366f-f8c8-446e-b687-02cbb21bcbbc Found job: 001
2026-09-10 18:48:18,105 INFO dependencies: 3bc160e8-78fc-403b-b816-1194fe3272cf Received request: GET /jobs/001
2026-09-10 18:48:18,105 INFO dependencies: c0828df0-1c5b-40d5-b035-e288428ea401 Received request: GET /jobs/1000
2026-09-10 18:48:18,106 WARNING dependencies: c0828df0-1c5b-40d5-b035-e288428ea401 Job not found: 1000
2026-09-10 18:48:18,105 INFO dependencies: 9195c8b6-a668-4fe2-ab1d-b721134d0ac2 Received request: GET /jobs/001
2026-09-10 18:48:18,105 INFO endpoints: adbdd39a-0515-49ee-9962-6ccac77e0537 Received request: GET /jobs
2026-09-10 18:48:18,105 INFO dependencies: b788284e-2a27-41f8-88ad-366bde596f84 Received request: GET /jobs/001
2026-09-10 18:48:18,105 INFO dependencies: 3d802746-3574-4f09-8e00-d731429028ff Received request: GET /jobs/001
2026-09-10 18:48:18,111 INFO dependencies: e6ecbf42-c601-4d42-9988-99fe873ee7e1 Received request: GET /jobs/1000
2026-09-10 18:48:18,111 WARNING dependencies: e6ecbf42-c601-4d42-9988-99fe873ee7e1 Job not found: 1000
2026-09-10 18:48:18,111 INFO endpoints: 5d8f59eb-1e8f-4bcf-968f-cb3be1eee5b3 Found job: 001
2026-09-10 18:48:18,111 INFO endpoints: 7ec8bcc9-3e28-45f9-b87a-8a74f94010a8 Received request: GET /jobs
2026-09-10 18:48:18,111 INFO endpoints: c447c3fb-739a-4133-8bf1-3c508a3d04c7 Received request: GET /jobs
2026-09-10 18:48:18,112 INFO dependencies: e5ee0fa5-c203-4354-a9c6-6aa62d052652 Received request: POST /jobs/003/run
2026-09-10 18:48:18,112 INFO endpoints: d8fdf8a1-8ea3-4bd2-a8ee-a09da82f2af5 Found job: 001
2026-09-10 18:48:18,112 INFO endpoints: ceed5a21-d75e-4e11-ba82-bcddc4f5b596 Found job: 001
2026-09-10 18:48:18,112 INFO endpoints: 70788fbf-39b2-48c9-a9d7-72177e6c4d24 Scheduling job: 003
2026-09-10 18:48:18,113 INFO endpoints: 3bc160e8-78fc-403b-b816-1194fe3272cf Found job: 001
2026-09-10 18:48:18,113 INFO endpoints: 9195c8b6-a668-4fe2-ab1d-b721134d0ac2 Found job: 001
2026-09-10 18:48:18,114 INFO endpoints: 3d802746-3574-4f09-8e00-d731429028ff Found job: 001
2026-09-10 18:48:18,114 INFO endpoints: b788284e-2a27-41f8-88ad-366bde596f84 Found job: 001
2026-09-10 18:48:18,114 INFO job_service: 6dbca173-ce0e-4e7f-b784-3144b722f478 Processing Job: 003
2026-09-10 18:48:18,117 INFO endpoints: 06833561-8ad5-4aca-a3d2-f54af48451b9 Received request: GET /jobs
2026-09-10 18:48:18,117 INFO endpoints: 50506bc9-d023-4321-aa77-236a6892e86f Received request: GET /jobs
2026-09-10 18:48:18,118 INFO endpoints: ae394fd3-d625-4de5-9ccb-da2dda5b2ea4 Received request: GET /jobs
2026-09-10 18:48:18,119 INFO endpoints: 915ee753-68ed-451a-8037-445180ed3033 Received request: GET /jobs
2026-09-10 18:48:18,119 INFO dependencies: 1a435853-6be3-4ca8-8ad3-e61b472e4885 Received request: POST /jobs/004/run
2026-09-10 18:48:18,119 INFO endpoints: a8a40a7c-a32c-4c54-a951-186563398e96 Received request: GET /jobs
2026-09-10 18:48:18,119 INFO dependencies: 26ec51be-e999-4ec2-b990-09a2c7ac96fa Received request: POST /jobs/003/run
2026-09-10 18:48:18,119 INFO dependencies: 1094829c-8a2c-4436-a098-07ad4bef45d2 Received request: POST /jobs/004/run
2026-09-10 18:48:18,119 INFO dependencies: 530365dd-635e-4538-abc6-9ae1bcb50822 Received request: POST /jobs/004/run
2026-09-10 18:48:18,119 INFO dependencies: 8fb5f493-a375-4424-94b5-6745cc305646 Received request: POST /jobs/004/run
2026-09-10 18:48:18,119 INFO dependencies: 13b5c67e-64fb-4853-9adf-b75c7d2e8e1b Received request: GET /jobs/1000
2026-09-10 18:48:18,119 INFO dependencies: 4e3e3b3c-16d1-4cb9-abd6-41f8fc5ae065 Received request: GET /jobs/001
2026-09-10 18:48:18,119 INFO dependencies: c02bea05-802a-403d-b3e1-c142369aaa1d Received request: GET /jobs/001
2026-09-10 18:48:18,120 INFO dependencies: fcdc9488-ab71-4955-aa0d-6032fa55619e Received request: GET /jobs/1000
2026-09-10 18:48:18,121 INFO endpoints: 9d6b21e5-b9bb-4deb-b3e7-d72033db04cd Received request: GET /jobs
2026-09-10 18:48:18,121 INFO dependencies: 9bc8bab4-d7eb-45b8-b275-13646d420968 Received request: GET /jobs/001
2026-09-10 18:48:18,122 ERROR job_service: 6dbca173-ce0e-4e7f-b784-3144b722f478 Error for job: 003
2026-09-10 18:48:18,123 INFO dependencies: d7bba755-0b5f-405e-a025-5351dea6a2aa Received request: GET /jobs/001
2026-09-10 18:48:18,123 INFO endpoints: b9c3272c-66f5-4765-bdac-5f2a7a96fe67 Received request: GET /jobs
2026-09-10 18:48:18,123 INFO dependencies: 47fd4c9a-83d9-48aa-9b22-07b21e66e533 Received request: GET /jobs/001
2026-09-10 18:48:18,123 INFO endpoints: e5ee0fa5-c203-4354-a9c6-6aa62d052652 Scheduling job: 003
2026-09-10 18:48:18,124 WARNING dependencies: 1a435853-6be3-4ca8-8ad3-e61b472e4885 Job not found: 004
2026-09-10 18:48:18,125 INFO endpoints: 881e73b5-b430-418b-ae17-e4357830d98a Received request: GET /jobs
2026-09-10 18:48:18,125 INFO dependencies: 36477c16-1902-473f-8c23-918711c102bd Received request: GET /jobs/001
2026-09-10 18:48:18,125 WARNING dependencies: 1094829c-8a2c-4436-a098-07ad4bef45d2 Job not found: 004
2026-09-10 18:48:18,127 WARNING dependencies: 530365dd-635e-4538-abc6-9ae1bcb50822 Job not found: 004
2026-09-10 18:48:18,128 INFO dependencies: b1d39fe9-edb3-4cce-b0e5-1dd4d3abd6ff Received request: GET /jobs/001
2026-09-10 18:48:18,128 WARNING dependencies: 8fb5f493-a375-4424-94b5-6745cc305646 Job not found: 004
2026-09-10 18:48:18,128 WARNING dependencies: 13b5c67e-64fb-4853-9adf-b75c7d2e8e1b Job not found: 1000
2026-09-10 18:48:18,129 INFO dependencies: 681a1bdf-0b14-4ad3-b857-84c85e5b36b3 Received request: POST /jobs/003/run
2026-09-10 18:48:18,129 WARNING dependencies: fcdc9488-ab71-4955-aa0d-6032fa55619e Job not found: 1000
2026-09-10 18:48:18,129 INFO dependencies: efb87d00-aedb-4b1b-a669-eaff6263ca22 Received request: GET /jobs/001
2026-09-10 18:48:18,130 INFO dependencies: dbbc01ad-95ef-4cbe-964b-b42992c208d4 Received request: GET /jobs/001
2026-09-10 18:48:18,131 INFO job_service: 70788fbf-39b2-48c9-a9d7-72177e6c4d24 Processing Job: 003
2026-09-10 18:48:18,132 INFO endpoints: 97f3f1e9-2de7-43fc-a0ca-8a8369bfd6fd Received request: GET /jobs
2026-09-10 18:48:18,133 INFO endpoints: 26ec51be-e999-4ec2-b990-09a2c7ac96fa Scheduling job: 003
2026-09-10 18:48:18,134 INFO dependencies: b5e137f1-ab3e-4de4-a16e-b508473c8554 Received request: POST /jobs/004/run
2026-09-10 18:48:18,134 INFO dependencies: 51adc3b0-1e60-45ce-bfac-a462bc47f5af Received request: POST /jobs/004/run
2026-09-10 18:48:18,134 INFO dependencies: 9df14e03-f9fc-4aab-8002-82d9cb3d82e2 Received request: GET /jobs/001
2026-09-10 18:48:18,136 INFO dependencies: bde5535f-81cd-4785-a99e-4344780866b5 Received request: GET /jobs/1000
2026-09-10 18:48:18,136 ERROR job_service: 70788fbf-39b2-48c9-a9d7-72177e6c4d24 Error for job: 003
2026-09-10 18:48:18,137 INFO endpoints: 4e3e3b3c-16d1-4cb9-abd6-41f8fc5ae065 Found job: 001
2026-09-10 18:48:18,137 INFO endpoints: c02bea05-802a-403d-b3e1-c142369aaa1d Found job: 001
2026-09-10 18:48:18,138 WARNING dependencies: b5e137f1-ab3e-4de4-a16e-b508473c8554 Job not found: 004
2026-09-10 18:48:18,138 INFO endpoints: 9bc8bab4-d7eb-45b8-b275-13646d420968 Found job: 001
2026-09-10 18:48:18,138 WARNING dependencies: 51adc3b0-1e60-45ce-bfac-a462bc47f5af Job not found: 004
2026-09-10 18:48:18,138 INFO dependencies: ab5a68ff-1608-4a65-80cb-2a04a1358bf8 Received request: GET /jobs/1000
2026-09-10 18:48:18,139 INFO endpoints: d7bba755-0b5f-405e-a025-5351dea6a2aa Found job: 001
2026-09-10 18:48:18,139 WARNING dependencies: bde5535f-81cd-4785-a99e-4344780866b5 Job not found: 1000
2026-09-10 18:48:18,139 INFO endpoints: 47fd4c9a-83d9-48aa-9b22-07b21e66e533 Found job: 001
2026-09-10 18:48:18,140 INFO endpoints: 36477c16-1902-473f-8c23-918711c102bd Found job: 001
2026-09-10 18:48:18,141 WARNING dependencies: ab5a68ff-1608-4a65-80cb-2a04a1358bf8 Job not found: 1000
2026-09-10 18:48:18,141 INFO endpoints: b1d39fe9-edb3-4cce-b0e5-1dd4d3abd6ff Found job: 001
2026-09-10 18:48:18,142 INFO endpoints: 681a1bdf-0b14-4ad3-b857-84c85e5b36b3 Scheduling job: 003
2026-09-10 18:48:18,143 INFO dependencies: 7f736b63-b9ee-4038-bfb9-f700355dcc8a Received request: POST /jobs/004/run
2026-09-10 18:48:18,143 WARNING dependencies: 7f736b63-b9ee-4038-bfb9-f700355dcc8a Job not found: 004
2026-09-10 18:48:18,144 INFO endpoints: efb87d00-aedb-4b1b-a669-eaff6263ca22 Found job: 001
2026-09-10 18:48:18,145 INFO dependencies: a0172a05-f956-45ff-8e96-3355c0ccd784 Received request: POST /jobs/004/run
2026-09-10 18:48:18,145 WARNING dependencies: a0172a05-f956-45ff-8e96-3355c0ccd784 Job not found: 004
2026-09-10 18:48:18,145 INFO endpoints: dbbc01ad-95ef-4cbe-964b-b42992c208d4 Found job: 001
2026-09-10 18:48:18,146 INFO endpoints: 697cd954-85ca-43dc-b4db-83d14dda1647 Received request: GET /jobs
2026-09-10 18:48:18,146 INFO endpoints: d8777f13-6e32-47fb-abbf-d6e47d8f834d Received request: GET /jobs
2026-09-10 18:48:18,147 INFO endpoints: 9df14e03-f9fc-4aab-8002-82d9cb3d82e2 Found job: 001
2026-09-10 18:48:18,147 INFO job_service: e5ee0fa5-c203-4354-a9c6-6aa62d052652 Processing Job: 003
2026-09-10 18:48:18,147 ERROR job_service: e5ee0fa5-c203-4354-a9c6-6aa62d052652 Error for job: 003
2026-09-10 18:48:18,148 INFO dependencies: ed23f5b7-ba36-4acc-a3ed-b6d690de8cbf Received request: GET /jobs/001
2026-09-10 18:48:18,148 INFO dependencies: cf994649-4fbf-4b6c-9e79-14af2165c5b9 Received request: GET /jobs/1000
2026-09-10 18:48:18,149 WARNING dependencies: cf994649-4fbf-4b6c-9e79-14af2165c5b9 Job not found: 1000
2026-09-10 18:48:18,150 INFO endpoints: efcbc17c-f38e-4ef2-9967-241f554d6c09 Received request: GET /jobs
2026-09-10 18:48:18,150 INFO dependencies: 44e8317f-14f4-4821-b0a3-3b0fb78d05c6 Received request: GET /jobs/1000
2026-09-10 18:48:18,151 WARNING dependencies: 44e8317f-14f4-4821-b0a3-3b0fb78d05c6 Job not found: 1000
2026-09-10 18:48:18,153 INFO job_service: 26ec51be-e999-4ec2-b990-09a2c7ac96fa Processing Job: 003
2026-09-10 18:48:18,153 ERROR job_service: 26ec51be-e999-4ec2-b990-09a2c7ac96fa Error for job: 003
2026-09-10 18:48:18,154 INFO endpoints: 719720ca-a0c1-4d78-a4fb-9dcf7e86e347 Received request: GET /jobs
2026-09-10 18:48:18,154 INFO dependencies: d57547e1-6e02-4baa-8369-fb47aa0ac6d9 Received request: POST /jobs/004/run
2026-09-10 18:48:18,155 WARNING dependencies: d57547e1-6e02-4baa-8369-fb47aa0ac6d9 Job not found: 004
2026-09-10 18:48:18,155 INFO endpoints: 52ab2a78-4f19-47bc-9e19-04e48fd1cfc9 Received request: GET /jobs
2026-09-10 18:48:18,157 INFO dependencies: 246ce44e-41e2-40a8-9446-e150c97b928b Received request: GET /jobs/1000
2026-09-10 18:48:18,157 WARNING dependencies: 246ce44e-41e2-40a8-9446-e150c97b928b Job not found: 1000
2026-09-10 18:48:18,157 INFO endpoints: ed23f5b7-ba36-4acc-a3ed-b6d690de8cbf Found job: 001
2026-09-10 18:48:18,159 INFO job_service: 681a1bdf-0b14-4ad3-b857-84c85e5b36b3 Processing Job: 003
2026-09-10 18:48:18,159 ERROR job_service: 681a1bdf-0b14-4ad3-b857-84c85e5b36b3 Error for job: 003
2026-09-10 18:48:18,160 INFO dependencies: a19e56c8-8fb2-4e5b-8564-ea30b4b2787b Received request: GET /jobs/001
2026-09-10 18:48:18,160 INFO dependencies: 7c594afe-4134-4e72-9d81-8cf442b39344 Received request: GET /jobs/001
2026-09-10 18:48:18,160 INFO dependencies: 39c6d47a-a657-4be0-835b-ebee25b50ca9 Received request: GET /jobs/001
2026-09-10 18:48:18,165 INFO dependencies: 4255fdbf-6224-4be6-8735-04ba73e5d557 Received request: GET /jobs/001
2026-09-10 18:48:18,165 INFO dependencies: 6b92d5a6-4f57-4987-be67-c41a8d490aca Received request: GET /jobs/001
2026-09-10 18:48:18,165 INFO endpoints: 7c0b3e69-09ae-4188-8680-b7499894d80f Received request: GET /jobs
2026-09-10 18:48:18,166 INFO endpoints: a19e56c8-8fb2-4e5b-8564-ea30b4b2787b Found job: 001
2026-09-10 18:48:18,166 INFO endpoints: 9b6e3f07-1bc7-490b-b8e5-3a057a9676ba Received request: GET /jobs
2026-09-10 18:48:18,166 INFO endpoints: 7c594afe-4134-4e72-9d81-8cf442b39344 Found job: 001
2026-09-10 18:48:18,167 INFO endpoints: 39c6d47a-a657-4be0-835b-ebee25b50ca9 Found job: 001
2026-09-10 18:48:18,167 INFO dependencies: 4190998e-2200-4057-9f99-fb55b2851656 Received request: POST /jobs/004/run
2026-09-10 18:48:18,167 INFO dependencies: 12a68332-6524-4a56-b7fc-1f61ede2f61e Received request: GET /jobs/001
2026-09-10 18:48:18,169 INFO endpoints: 6b92d5a6-4f57-4987-be67-c41a8d490aca Found job: 001
2026-09-10 18:48:18,169 INFO endpoints: 4255fdbf-6224-4be6-8735-04ba73e5d557 Found job: 001
2026-09-10 18:48:18,169 WARNING dependencies: 4190998e-2200-4057-9f99-fb55b2851656 Job not found: 004
2026-09-10 18:48:18,169 INFO endpoints: abe8b68b-3725-40ca-b01a-5675556d075b Received request: GET /jobs
2026-09-10 18:48:18,170 INFO dependencies: 5297c9ed-d509-4594-9e13-50aa8f57616d Received request: GET /jobs/1000
2026-09-10 18:48:18,171 WARNING dependencies: 5297c9ed-d509-4594-9e13-50aa8f57616d Job not found: 1000
2026-09-10 18:48:18,171 INFO dependencies: f2aded45-b2e7-432d-95d6-2b870bd17cb5 Received request: GET /jobs/001
2026-09-10 18:48:18,171 INFO endpoints: e952601c-6ec2-4dfe-a99a-05fa820892fb Received request: GET /jobs
2026-09-10 18:48:18,170 INFO dependencies: de619441-d954-4a27-b0c2-f1722f4e15b0 Received request: GET /jobs/001
2026-09-10 18:48:18,173 INFO dependencies: 934ccccc-81a2-424e-ba90-06e064332998 Received request: GET /jobs/001
2026-09-10 18:48:18,174 INFO endpoints: ba979942-dc9b-4301-9e45-848e48a7660a Received request: GET /jobs
2026-09-10 18:48:18,175 INFO endpoints: 12a68332-6524-4a56-b7fc-1f61ede2f61e Found job: 001
2026-09-10 18:48:18,175 INFO dependencies: 9ffd9402-3971-4f47-b5b5-fd0741512581 Received request: POST /jobs/003/run
2026-09-10 18:48:18,176 INFO endpoints: f2aded45-b2e7-432d-95d6-2b870bd17cb5 Found job: 001
2026-09-10 18:48:18,176 INFO endpoints: de619441-d954-4a27-b0c2-f1722f4e15b0 Found job: 001
2026-09-10 18:48:18,177 INFO endpoints: 934ccccc-81a2-424e-ba90-06e064332998 Found job: 001
2026-09-10 18:48:18,177 INFO dependencies: 792dc5e7-adec-4bd5-b8d5-86c5f0a310e8 Received request: GET /jobs/001
2026-09-10 18:48:18,177 INFO dependencies: dcce8a58-41a2-4fba-9095-8147fc300e69 Received request: POST /jobs/004/run
2026-09-10 18:48:18,178 WARNING dependencies: dcce8a58-41a2-4fba-9095-8147fc300e69 Job not found: 004
2026-09-10 18:48:18,177 INFO dependencies: 08d796f2-122c-43a2-aa25-3fc02f2e4afc Received request: GET /jobs/1000
2026-09-10 18:48:18,177 INFO endpoints: 5111cf28-4a96-4640-b341-781c86cbd635 Received request: GET /jobs
2026-09-10 18:48:18,179 WARNING dependencies: 08d796f2-122c-43a2-aa25-3fc02f2e4afc Job not found: 1000
2026-09-10 18:48:18,180 INFO endpoints: 9ffd9402-3971-4f47-b5b5-fd0741512581 Scheduling job: 003
2026-09-10 18:48:18,181 INFO endpoints: 792dc5e7-adec-4bd5-b8d5-86c5f0a310e8 Found job: 001
2026-09-10 18:48:18,181 INFO dependencies: 83bb952a-ee7f-4353-b81e-e65042e67273 Received request: GET /jobs/1000
2026-09-10 18:48:18,181 WARNING dependencies: 83bb952a-ee7f-4353-b81e-e65042e67273 Job not found: 1000
2026-09-10 18:48:18,184 INFO endpoints: 7163a6b6-695d-493f-a9b0-7e8b7ffa330c Received request: GET /jobs
2026-09-10 18:48:18,184 INFO dependencies: cb840602-cff9-4fc1-98ce-7ce1fe782541 Received request: GET /jobs/001
2026-09-10 18:48:18,184 INFO dependencies: 7cb67c4b-1109-4388-9c9f-9c0187415192 Received request: POST /jobs/003/run
2026-09-10 18:48:18,186 INFO job_service: 9ffd9402-3971-4f47-b5b5-fd0741512581 Processing Job: 003
2026-09-10 18:48:18,186 ERROR job_service: 9ffd9402-3971-4f47-b5b5-fd0741512581 Error for job: 003
2026-09-10 18:48:18,186 INFO endpoints: aba400e2-0c5d-4fba-bf72-e48643e16867 Received request: GET /jobs
2026-09-10 18:48:18,187 INFO endpoints: cb840602-cff9-4fc1-98ce-7ce1fe782541 Found job: 001
2026-09-10 18:48:18,188 INFO endpoints: 7cb67c4b-1109-4388-9c9f-9c0187415192 Scheduling job: 003
2026-09-10 18:48:18,188 INFO dependencies: 589932eb-c0a7-4e56-bbc4-de539c26ab68 Received request: GET /jobs/001
2026-09-10 18:48:18,188 INFO dependencies: c83f718e-bc62-4f91-af1d-a76fb474537f Received request: GET /jobs/001
2026-09-10 18:48:18,190 INFO endpoints: 3b88142e-0d37-485e-9f5a-e92c3bdde7b1 Received request: GET /jobs
2026-09-10 18:48:18,191 INFO endpoints: 2f5f2816-7fec-40b5-8b16-5b69a49a60be Received request: GET /jobs
2026-09-10 18:48:18,191 INFO endpoints: 589932eb-c0a7-4e56-bbc4-de539c26ab68 Found job: 001
2026-09-10 18:48:18,191 INFO endpoints: c83f718e-bc62-4f91-af1d-a76fb474537f Found job: 001
2026-09-10 18:48:18,191 INFO job_service: 7cb67c4b-1109-4388-9c9f-9c0187415192 Processing Job: 003
2026-09-10 18:48:18,191 ERROR job_service: 7cb67c4b-1109-4388-9c9f-9c0187415192 Error for job: 003
2026-09-10 18:48:18,192 INFO endpoints: dbdcf1ac-4de9-43dc-ba8d-0727d1f6556b Received request: GET /jobs
2026-09-10 18:48:18,193 INFO dependencies: 82f8e852-fabd-46d3-871c-ba572ba54b22 Received request: GET /jobs/001
2026-09-10 18:48:18,194 INFO dependencies: 3385a452-2252-470b-bdeb-d8b277b30ef6 Received request: GET /jobs/001
2026-09-10 18:48:18,195 INFO dependencies: 247553c9-ca51-487c-91a9-f0cddeac7992 Received request: POST /jobs/003/run
2026-09-10 18:48:18,196 INFO endpoints: 472db00a-f513-499b-aace-84d361450046 Received request: GET /jobs
2026-09-10 18:48:18,196 INFO endpoints: 82f8e852-fabd-46d3-871c-ba572ba54b22 Found job: 001
2026-09-10 18:48:18,196 INFO endpoints: 3385a452-2252-470b-bdeb-d8b277b30ef6 Found job: 001
2026-09-10 18:48:18,197 INFO dependencies: 6ef5c362-b1d4-4c77-bd99-ecdbea5e7e17 Received request: POST /jobs/004/run
2026-09-10 18:48:18,197 WARNING dependencies: 6ef5c362-b1d4-4c77-bd99-ecdbea5e7e17 Job not found: 004
2026-09-10 18:48:18,198 INFO endpoints: 247553c9-ca51-487c-91a9-f0cddeac7992 Scheduling job: 003
2026-09-10 18:48:18,197 INFO dependencies: a6ddb2d8-589b-451d-b5a1-019720b3adb6 Received request: POST /jobs/003/run
2026-09-10 18:48:18,198 INFO dependencies: f71bcdb7-60f0-422f-a51d-33928eb1563e Received request: POST /jobs/004/run
2026-09-10 18:48:18,198 WARNING dependencies: f71bcdb7-60f0-422f-a51d-33928eb1563e Job not found: 004
2026-09-10 18:48:18,199 INFO endpoints: a6ddb2d8-589b-451d-b5a1-019720b3adb6 Scheduling job: 003
2026-09-10 18:48:18,201 INFO job_service: 247553c9-ca51-487c-91a9-f0cddeac7992 Processing Job: 003
2026-09-10 18:48:18,201 ERROR job_service: 247553c9-ca51-487c-91a9-f0cddeac7992 Error for job: 003
2026-09-10 18:48:18,202 INFO job_service: a6ddb2d8-589b-451d-b5a1-019720b3adb6 Processing Job: 003
2026-09-10 18:48:18,202 ERROR job_service: a6ddb2d8-589b-451d-b5a1-019720b3adb6 Error for job: 003
2026-09-10T18:49:46-0400 INFO endpoints: ff01ad11-d770-45fc-89ee-bf612dbc28b9 Received request: GET /jobs
2026-09-10T18:49:46-0400 INFO endpoints: 6ae9b758-8c35-45a0-8354-f67ef72b7d1a Received request: GET /jobs
2026-09-10T18:49:46-0400 INFO endpoints: 5a7fd78d-3f96-4d91-a1f0-08f803b1e27f Received request: GET /jobs
2026-09-10T18:49:46-0400 INFO endpoints: ac56b6dc-4ae7-4bc9-843d-61636a1468ec Received request: GET /jobs
2026-09-10T18:49:46-0400 INFO endpoints: 3d2a0e7c-3838-4103-82e4-37b65e8f1fc2 Received request: GET /jobs
2026-09-10T18:49:46-0400 INFO endpoints: b2f4c676-137a-4df3-a64a-d1d90063e01b Received request: GET /jobs
2026-09-10T18:49:46-0400 INFO endpoints: 6aa7d845-35c7-49b0-b998-bbb3d3b704f8 Received request: GET /jobs
2026-09-10T18:49:46-0400 INFO dependencies: 2ae854cb-258c-4bce-b07e-1847e6f2e58e Received request: GET /jobs/1000
2026-09-10T18:49:46-0400 WARNING dependencies: 2ae854cb-258c-4bce-b07e-1847e6f2e58e Job not found: 1000
2026-09-10T18:49:46-0400 INFO endpoints: 70182617-0e64-4de7-9a0b-0d97b6074e38 Received request: GET /jobs
2026-09-10T18:49:46-0400 INFO endpoints: 974ae581-d769-4a39-9d72-bacd65a7f796 Received request: GET /jobs
2026-09-10T18:49:46-0400 INFO endpoints: ae3bc0ef-cd0d-400a-9117-f8500a790fd3 Received request: GET /jobs
2026-09-10T18:49:46-0400 INFO dependencies: 868f4cad-797a-47fe-80f9-f19a91402d13 Received request: GET /jobs/1000
2026-09-10T18:49:46-0400 WARNING dependencies: 868f4cad-797a-47fe-80f9-f19a91402d13 Job not found: 1000
2026-09-10T18:49:46-0400 INFO endpoints: 74581f89-00cd-40b7-b77c-af151f36f3c6 Received request: GET /jobs
2026-09-10T18:49:46-0400 INFO endpoints: b01821d4-bc1d-4bf8-bf41-28ce0ea03e88 Received request: GET /jobs
2026-09-10T18:49:46-0400 INFO endpoints: 827eb0d7-67d6-4023-ace6-f3066e03dced Received request: GET /jobs
2026-09-10T18:49:46-0400 INFO endpoints: d129c98e-ed19-444d-a622-9818a212992c Received request: GET /jobs
2026-09-10T18:49:46-0400 INFO endpoints: d32ba1bf-dde3-41bf-b6f0-6b02774ce789 Received request: GET /jobs
2026-09-10T18:49:46-0400 INFO endpoints: d2dde3ef-f2cc-4b9f-ba64-f196678c239e Received request: GET /jobs
2026-09-10T18:49:46-0400 INFO endpoints: 75672982-4aec-4e79-851a-440c800bee6a Received request: GET /jobs
2026-09-10T18:49:46-0400 INFO endpoints: 16478bd7-fd57-4a06-ac7a-87ee510b2a7e Received request: GET /jobs
2026-09-10T18:49:46-0400 INFO endpoints: de50700d-3dc4-4a5d-a1b9-567cb7b99f79 Received request: GET /jobs
2026-09-10T18:49:46-0400 INFO endpoints: 7b02dfa1-42e2-4421-98b5-c8a22e1e2b61 Received request: GET /jobs
2026-09-10T18:49:46-0400 INFO endpoints: 6c3eb26e-e616-4205-888e-e4c34defbe06 Received request: GET /jobs
2026-09-10T18:49:46-0400 INFO endpoints: 66f680d4-f282-4cb2-95d2-d64655985405 Received request: GET /jobs
2026-09-10T18:49:46-0400 INFO dependencies: 66966aac-281f-4c8f-9453-ad93add85ac0 Received request: GET /jobs/1000
2026-09-10T18:49:46-0400 WARNING dependencies: 66966aac-281f-4c8f-9453-ad93add85ac0 Job not found: 1000
2026-09-10T18:49:46-0400 INFO endpoints: d7e8999c-07b0-4bb6-98fc-ff358bf190a1 Received request: GET /jobs
2026-09-10T18:49:46-0400 INFO endpoints: 42baf756-40c6-4da3-bd5a-c004fd105a4e Received request: GET /jobs
2026-09-10T18:49:46-0400 INFO dependencies: 3ca18ce0-142f-4330-8895-a71cef80bbbf Received request: GET /jobs/1000
2026-09-10T18:49:46-0400 WARNING dependencies: 3ca18ce0-142f-4330-8895-a71cef80bbbf Job not found: 1000
2026-09-10T18:49:46-0400 INFO endpoints: caedc2cb-a944-419d-ac77-c970d7af52e4 Received request: GET /jobs
2026-09-10T18:49:46-0400 INFO endpoints: c0fbec0a-09bc-4125-a7ae-3a273a3a4cd2 Received request: GET /jobs
2026-09-10T18:49:46-0400 INFO endpoints: 0134c108-f36d-4cf4-9215-30d7c050ba58 Received request: GET /jobs
2026-09-10T18:49:46-0400 INFO dependencies: 8bc1599f-2809-4c24-ab1a-337fe9d2cb1e Received request: GET /jobs/1000
2026-09-10T18:49:46-0400 WARNING dependencies: 8bc1599f-2809-4c24-ab1a-337fe9d2cb1e Job not found: 1000
2026-09-10T18:49:46-0400 INFO endpoints: a95c0cc2-b41f-400d-9d54-5146769a0b96 Received request: GET /jobs
2026-09-10T18:49:46-0400 INFO endpoints: 0f990e7a-ece5-4c5a-b06b-21b411bc6c9e Received request: GET /jobs
2026-09-10T18:49:46-0400 INFO endpoints: 2bc8aaae-29e5-45aa-ba0b-3602de3f0f76 Received request: GET /jobs
2026-09-10T18:49:46-0400 INFO endpoints: 73e5c1b4-8a60-4e91-9991-72839f786b39 Received request: GET /jobs
2026-09-10T18:49:46-0400 INFO endpoints: 0ed8ea47-6ba0-4863-b27c-e3c4b0281e04 Received request: GET /jobs
2026-09-10T18:49:46-0400 INFO endpoints: 80b19c66-9834-4dd4-a2f8-f7d420197cac Received request: GET /jobs
2026-09-10T18:49:46-0400 INFO endpoints: 4afc7bae-b3df-476c-bbbd-e6f51d439c7e Received request: GET /jobs
2026-09-10T18:49:46-0400 INFO endpoints: cfe3b5b6-35dc-4742-b738-de0976029c44 Received request: GET /jobs
2026-09-10T18:49:46-0400 INFO endpoints: 000198db-c95d-4880-bfb7-3d801143cda8 Received request: GET /jobs
2026-09-10T18:49:46-0400 INFO endpoints: 871f2a20-8aea-42e2-a8c5-0f7e58f43168 Received request: GET /jobs
2026-09-10T18:49:46-0400 INFO endpoints: ec274a6a-f1ef-4acf-b476-96e866699f43 Received request: GET /jobs
2026-09-10T18:49:46-0400 INFO endpoints: e2f776b1-6c75-4780-a889-727f5da72e62 Received request: GET /jobs
2026-09-10T18:49:46-0400 INFO dependencies: e3b03907-3d0d-447f-8d1f-8ab9768faf46 Received request: GET /jobs/1000
2026-09-10T18:49:46-0400 INFO endpoints: 30e9772d-ffba-4c0b-98a3-275ed4a57268 Received request: GET /jobs
2026-09-10T18:49:46-0400 INFO endpoints: 806bafff-372a-49c8-8641-a8ad9fc772da Received request: GET /jobs
2026-09-10T18:49:46-0400 INFO endpoints: a8090fb3-c5e0-466e-b870-caff6c6fc894 Received request: GET /jobs
2026-09-10T18:49:46-0400 INFO dependencies: d305896a-cb79-43bf-b2e1-f97d2e91985e Received request: GET /jobs/1000
2026-09-10T18:49:46-0400 INFO endpoints: fc434d2d-ace9-47e1-b33c-c7287badf135 Received request: GET /jobs
2026-09-10T18:49:46-0400 INFO endpoints: 7b83d44b-6bde-4109-8c26-cfc6e6e180ea Received request: GET /jobs
2026-09-10T18:49:46-0400 INFO endpoints: f0613b73-36d9-47e5-899d-e5d80ab5119b Received request: GET /jobs
2026-09-10T18:49:46-0400 INFO endpoints: 23bd775a-8b5d-4d1c-ad7c-1cb20b9290d3 Received request: GET /jobs
2026-09-10T18:49:46-0400 INFO endpoints: ab474269-f5f1-42d3-8442-fd807f88aeaa Received request: GET /jobs
2026-09-10T18:49:46-0400 INFO endpoints: 05e88430-679e-4b44-ab77-648fcd5b6f4d Received request: GET /jobs
2026-09-10T18:49:46-0400 INFO endpoints: 0826d2e1-dcdf-4f14-aeab-448b446eaf2e Received request: GET /jobs
2026-09-10T18:49:46-0400 INFO dependencies: 572fc7b6-7ccc-4c94-b7fb-75b3c52131b0 Received request: GET /jobs/1000
2026-09-10T18:49:46-0400 INFO endpoints: 0a9c844d-c418-4750-9f89-9b1de8b2ce79 Received request: GET /jobs
2026-09-10T18:49:46-0400 INFO endpoints: efb8476f-67d7-4baa-a133-a48bcd5707f2 Received request: GET /jobs
2026-09-10T18:49:46-0400 INFO endpoints: 3bccf436-edb2-46d6-af72-b3eb41b4bc2e Received request: GET /jobs
2026-09-10T18:49:46-0400 INFO endpoints: ab3ea129-0999-4f41-be77-908343c5b43a Received request: GET /jobs
2026-09-10T18:49:46-0400 INFO endpoints: 503d5ecc-33fe-46d3-819a-97a8960a7ea2 Received request: GET /jobs
2026-09-10T18:49:46-0400 INFO endpoints: 434c67da-8530-4553-9210-dd626f2c12d1 Received request: GET /jobs
2026-09-10T18:49:46-0400 INFO dependencies: 4a15e29b-dc9d-47cf-99cc-af065759eb34 Received request: GET /jobs/1000
2026-09-10T18:49:46-0400 INFO endpoints: f0e6b36e-b13e-4f7a-b96f-3978c8282768 Received request: GET /jobs
2026-09-10T18:49:46-0400 INFO endpoints: 1740824e-cdf4-49b1-a6a5-57c26e3b0e6b Received request: GET /jobs
2026-09-10T18:49:46-0400 INFO endpoints: 1bf7ba86-0bac-436f-89b6-665fd65bfe79 Received request: GET /jobs
2026-09-10T18:49:46-0400 INFO endpoints: 5e64a668-f7fe-447e-b665-34f5576c7ef1 Received request: GET /jobs
2026-09-10T18:49:46-0400 INFO endpoints: 76760518-109b-4517-9bea-2bdeea2b2673 Received request: GET /jobs
2026-09-10T18:49:46-0400 INFO endpoints: ab9825a0-d0b6-48ee-affd-f4d6de0136ee Received request: GET /jobs
2026-09-10T18:49:46-0400 INFO dependencies: 715625c0-1944-4464-aee3-bb41fe425d41 Received request: GET /jobs/1000
2026-09-10T18:49:46-0400 INFO endpoints: 406c2f40-b820-4bfe-a440-c42f8d4a78af Received request: GET /jobs
2026-09-10T18:49:46-0400 INFO dependencies: 267c0038-b704-4dc3-a854-51128f3c802c Received request: GET /jobs/1000
2026-09-10T18:49:46-0400 INFO endpoints: 3d0cec24-820a-4a61-b2e8-2433627ab2a9 Received request: GET /jobs
2026-09-10T18:49:46-0400 INFO dependencies: d47b7074-a17e-45ae-b987-39e4b23232ce Received request: GET /jobs/1000
2026-09-10T18:49:46-0400 INFO endpoints: b0a53eb2-0b27-4196-8b9e-f514c67b04da Received request: GET /jobs
2026-09-10T18:49:46-0400 INFO endpoints: ce46127b-1f43-439a-921d-933bddadfc22 Received request: GET /jobs
2026-09-10T18:49:46-0400 INFO endpoints: fce4d421-3784-43a3-b96f-5fae41622a81 Received request: GET /jobs
2026-09-10T18:49:46-0400 INFO endpoints: a0d3dfd3-ebf5-424d-be3e-c3f5c5e8b543 Received request: GET /jobs
2026-09-10T18:49:46-0400 WARNING dependencies: e3b03907-3d0d-447f-8d1f-8ab9768faf46 Job not found: 1000
2026-09-10T18:49:46-0400 WARNING dependencies: d305896a-cb79-43bf-b2e1-f97d2e91985e Job not found: 1000
2026-09-10T18:49:46-0400 WARNING dependencies: 572fc7b6-7ccc-4c94-b7fb-75b3c52131b0 Job not found: 1000
2026-09-10T18:49:46-0400 WARNING dependencies: 4a15e29b-dc9d-47cf-99cc-af065759eb34 Job not found: 1000
2026-09-10T18:49:46-0400 WARNING dependencies: 715625c0-1944-4464-aee3-bb41fe425d41 Job not found: 1000
2026-09-10T18:49:46-0400 WARNING dependencies: 267c0038-b704-4dc3-a854-51128f3c802c Job not found: 1000
2026-09-10T18:49:46-0400 WARNING dependencies: d47b7074-a17e-45ae-b987-39e4b23232ce Job not found: 1000
2026-09-10T18:49:46-0400 INFO endpoints: a52c5952-2680-4b80-8d03-7a426a3a96aa Received request: GET /jobs
2026-09-10T18:49:46-0400 INFO dependencies: a6865925-2e7f-4d95-bd26-f5112e107965 Received request: GET /jobs/1000
2026-09-10T18:49:46-0400 WARNING dependencies: a6865925-2e7f-4d95-bd26-f5112e107965 Job not found: 1000
2026-09-10T18:49:46-0400 INFO endpoints: 9fb12dfe-a7d4-4687-916a-efa246962c9c Received request: GET /jobs
2026-09-10T18:49:46-0400 INFO dependencies: 0933b233-4b13-49e1-983c-4b6d48beb65e Received request: GET /jobs/1000
2026-09-10T18:49:46-0400 WARNING dependencies: 0933b233-4b13-49e1-983c-4b6d48beb65e Job not found: 1000
2026-09-10T18:49:46-0400 INFO endpoints: ddd21025-e879-4714-8d14-f06f52d322fb Received request: GET /jobs
2026-09-10T18:49:46-0400 INFO endpoints: 7660fa30-9aa7-49dd-b870-30e5e6dc3fa1 Received request: GET /jobs
2026-09-10T18:49:46-0400 INFO endpoints: b3c2d64d-691c-45c7-bddd-b72ef6862f24 Received request: GET /jobs
2026-09-10T18:49:46-0400 INFO endpoints: 7a7a189d-ca4a-4de4-97b3-caf332eb7cc0 Received request: GET /jobs
2026-09-10T18:49:46-0400 INFO endpoints: f3cc65b5-2a8d-4ab6-adbf-33e223d2a16b Received request: GET /jobs
2026-09-10T18:49:46-0400 INFO endpoints: 3dd49039-82cf-4d9f-a498-1e24b5561ff3 Received request: GET /jobs
2026-09-10T18:49:46-0400 INFO endpoints: fd6c8498-b860-4273-b53d-48e9fa26e2ae Received request: GET /jobs
2026-09-10T18:49:46-0400 INFO endpoints: a9398589-1d20-44a2-8cf9-ed8fe0404cd5 Received request: GET /jobs
2026-09-10T18:49:46-0400 INFO endpoints: 3cf856cb-36d5-495e-8416-58db93555a41 Received request: GET /jobs
2026-09-10T18:49:46-0400 INFO endpoints: 7e9cfb74-8284-4df9-8567-9aa3107f5164 Received request: GET /jobs
2026-09-10T18:49:46-0400 INFO endpoints: 13a64b4f-cc30-4932-a45a-1c800dc9c6b5 Received request: GET /jobs
2026-09-10T18:49:46-0400 INFO dependencies: 623d3ec7-df42-4bb0-92be-ad11a6e0ef88 Received request: GET /jobs/1000
2026-09-10T18:49:46-0400 INFO endpoints: 96aa81ee-ea7c-4cb3-8f5a-ad21cfb468c2 Received request: GET /jobs
2026-09-10T18:49:46-0400 INFO dependencies: c2be647a-ac06-4d07-9f78-67d0f1ae27c3 Received request: GET /jobs/1000
2026-09-10T18:49:46-0400 INFO endpoints: 19994e1d-bb5a-4dd8-9367-7a5dddd678a3 Received request: GET /jobs
2026-09-10T18:49:46-0400 INFO endpoints: 87264ce2-963d-4a56-99e6-fbfd2acb59a9 Received request: GET /jobs
2026-09-10T18:49:46-0400 INFO endpoints: 111a7516-b475-4807-9ef3-54b80a9a4835 Received request: GET /jobs
2026-09-10T18:49:46-0400 WARNING dependencies: 623d3ec7-df42-4bb0-92be-ad11a6e0ef88 Job not found: 1000
2026-09-10T18:49:46-0400 WARNING dependencies: c2be647a-ac06-4d07-9f78-67d0f1ae27c3 Job not found: 1000
2026-09-10T18:49:46-0400 INFO dependencies: 1c6f4b3b-ff04-4625-a6e8-bf8e9f1f3583 Received request: GET /jobs/001
2026-09-10T18:49:46-0400 INFO dependencies: 4433cdbd-9962-4d49-9d7d-5ec91042d56b Received request: POST /jobs/004/run
2026-09-10T18:49:46-0400 WARNING dependencies: 4433cdbd-9962-4d49-9d7d-5ec91042d56b Job not found: 004
2026-09-10T18:49:46-0400 INFO dependencies: 3c5aa30d-926e-4e84-8a70-564c5b7db9c7 Received request: GET /jobs/001
2026-09-10T18:49:46-0400 INFO dependencies: 77680e84-7a7b-4edf-8005-9f2e6812f0e0 Received request: GET /jobs/001
2026-09-10T18:49:46-0400 INFO dependencies: 21429344-c305-48b9-a3e5-422ac1b9ea23 Received request: GET /jobs/001
2026-09-10T18:49:46-0400 INFO endpoints: 1c6f4b3b-ff04-4625-a6e8-bf8e9f1f3583 Found job: 001
2026-09-10T18:49:46-0400 INFO dependencies: 8021966a-7561-4434-9103-c7c65c169f13 Received request: GET /jobs/001
2026-09-10T18:49:46-0400 INFO dependencies: eeb92d1e-3672-4943-ac55-69ed4f3676d2 Received request: GET /jobs/001
2026-09-10T18:49:46-0400 INFO dependencies: b9acfba2-6d15-45ce-93c7-e9f880829620 Received request: POST /jobs/003/run
2026-09-10T18:49:46-0400 INFO dependencies: 05da7164-8224-4d69-a00f-d0b3485a4ad3 Received request: POST /jobs/003/run
2026-09-10T18:49:46-0400 INFO dependencies: 001cd890-4fa0-4c46-b2a5-3559e74b45a6 Received request: GET /jobs/001
2026-09-10T18:49:46-0400 INFO dependencies: dccb61f1-c828-4a0a-a986-e1eebcb4eef1 Received request: POST /jobs/004/run
2026-09-10T18:49:46-0400 INFO dependencies: d0f287a2-a22d-4cb3-a349-9a2980892b78 Received request: POST /jobs/003/run
2026-09-10T18:49:46-0400 INFO dependencies: 8518f04a-62f6-4e61-9293-29b48404cf2e Received request: POST /jobs/004/run
2026-09-10T18:49:46-0400 INFO dependencies: 75bdd05c-4483-4f87-a52d-c8b046752720 Received request: POST /jobs/003/run
2026-09-10T18:49:46-0400 INFO dependencies: badcff40-a22f-4115-9b41-6099dcee7971 Received request: POST /jobs/003/run
2026-09-10T18:49:46-0400 INFO dependencies: d1683bfb-fc4e-480d-96b9-b618ec91c10f Received request: POST /jobs/004/run
2026-09-10T18:49:46-0400 INFO dependencies: 62444445-fbb6-4427-9685-e3f3da04e5ab Received request: POST /jobs/003/run
2026-09-10T18:49:46-0400 INFO dependencies: 416d845a-4e2f-4ff4-9aef-6667f37e3255 Received request: POST /jobs/004/run
2026-09-10T18:49:46-0400 INFO endpoints: eb0674f8-d1b3-4e51-9f9c-b7120dd73873 Received request: GET /jobs
2026-09-10T18:49:46-0400 INFO endpoints: c44a2076-032b-48b7-9315-30b43ead9182 Received request: GET /jobs
2026-09-10T18:49:46-0400 INFO dependencies: 969b8e9a-bdb7-41b7-b94d-4bfe8615df49 Received request: GET /jobs/001
2026-09-10T18:49:46-0400 INFO dependencies: acb46ce6-f5f4-44a6-866b-8d76d4241380 Received request: GET /jobs/001
2026-09-10T18:49:46-0400 INFO endpoints: 2d9cf5b8-2f0b-4670-a8f7-61d58e0fd304 Received request: GET /jobs
2026-09-10T18:49:46-0400 INFO dependencies: 806f873c-3c68-4da0-9b15-7181e3cd2e3d Received request: POST /jobs/004/run
2026-09-10T18:49:46-0400 INFO endpoints: 7af9d663-71e7-462f-8b24-530412432d4f Received request: GET /jobs
2026-09-10T18:49:46-0400 INFO dependencies: 5ed04e1f-e2e3-4017-9a3e-d7ca6750dc28 Received request: GET /jobs/001
2026-09-10T18:49:46-0400 INFO endpoints: 08d84f0d-a908-496e-9670-c00aa736e61a Received request: GET /jobs
2026-09-10T18:49:46-0400 WARNING dependencies: dccb61f1-c828-4a0a-a986-e1eebcb4eef1 Job not found: 004
2026-09-10T18:49:46-0400 WARNING dependencies: 8518f04a-62f6-4e61-9293-29b48404cf2e Job not found: 004
2026-09-10T18:49:46-0400 INFO dependencies: 98153494-ddd3-4eaf-bf15-09de73971b40 Received request: POST /jobs/004/run
2026-09-10T18:49:46-0400 INFO endpoints: 3c5aa30d-926e-4e84-8a70-564c5b7db9c7 Found job: 001
2026-09-10T18:49:46-0400 INFO dependencies: 98801278-cbcc-48fc-9948-05871eb6fd38 Received request: POST /jobs/004/run
2026-09-10T18:49:46-0400 INFO dependencies: f0112b98-a596-4453-b904-e749428c6058 Received request: GET /jobs/001
2026-09-10T18:49:46-0400 INFO dependencies: 6c346a98-85da-4f00-8426-628bf4025095 Received request: GET /jobs/001
2026-09-10T18:49:46-0400 INFO dependencies: 891d4217-fa01-4489-8cb3-041f257e8ad4 Received request: POST /jobs/004/run
2026-09-10T18:49:46-0400 INFO dependencies: 5886ff78-0b03-4a41-9aa1-60804ee7c539 Received request: POST /jobs/004/run
2026-09-10T18:49:46-0400 INFO dependencies: 7a3efebb-f5e0-4d59-9777-9fefb1e64f24 Received request: GET /jobs/001
2026-09-10T18:49:46-0400 INFO dependencies: dfff3948-8abd-42f5-8be2-a3b5e55e55a8 Received request: POST /jobs/003/run
2026-09-10T18:49:46-0400 INFO dependencies: 46063106-7e8c-4651-abc0-964c2f6def87 Received request: GET /jobs/1000
2026-09-10T18:49:46-0400 INFO dependencies: df89fea3-2215-491e-b34c-cceeaa06bde4 Received request: POST /jobs/004/run
2026-09-10T18:49:46-0400 INFO dependencies: 2955bf85-3bc1-4926-bbca-592276f8eb81 Received request: GET /jobs/001
2026-09-10T18:49:46-0400 WARNING dependencies: d1683bfb-fc4e-480d-96b9-b618ec91c10f Job not found: 004
2026-09-10T18:49:46-0400 INFO endpoints: 1991cbc3-a563-45dc-86ba-d5257735be41 Received request: GET /jobs
2026-09-10T18:49:46-0400 INFO dependencies: bdab9115-9530-4d88-b2cb-dfcc5faf1c73 Received request: POST /jobs/004/run
2026-09-10T18:49:46-0400 WARNING dependencies: 416d845a-4e2f-4ff4-9aef-6667f37e3255 Job not found: 004
2026-09-10T18:49:46-0400 INFO dependencies: 0bbd4e05-a8bf-46c3-8cf0-7e2fb8a1b662 Received request: GET /jobs/001
2026-09-10T18:49:46-0400 INFO endpoints: 8021966a-7561-4434-9103-c7c65c169f13 Found job: 001
2026-09-10T18:49:46-0400 INFO endpoints: eeb92d1e-3672-4943-ac55-69ed4f3676d2 Found job: 001
2026-09-10T18:49:46-0400 INFO endpoints: b9acfba2-6d15-45ce-93c7-e9f880829620 Scheduling job: 003
2026-09-10T18:49:46-0400 INFO endpoints: 05da7164-8224-4d69-a00f-d0b3485a4ad3 Scheduling job: 003
2026-09-10T18:49:46-0400 INFO endpoints: 001cd890-4fa0-4c46-b2a5-3559e74b45a6 Found job: 001
2026-09-10T18:49:46-0400 INFO endpoints: 77680e84-7a7b-4edf-8005-9f2e6812f0e0 Found job: 001
2026-09-10T18:49:46-0400 INFO endpoints: 21429344-c305-48b9-a3e5-422ac1b9ea23 Found job: 001
2026-09-10T18:49:46-0400 INFO dependencies: 695316ae-0ca0-4cc4-9a1c-64f258bf0cf1 Received request: GET /jobs/001
2026-09-10T18:49:46-0400 INFO dependencies: ecda075b-27db-4122-a871-42aeaf71c926 Received request: GET /jobs/001
2026-09-10T18:49:46-0400 INFO dependencies: 13f556da-3679-46d8-9b04-ba94bb7b4500 Received request: GET /jobs/001
2026-09-10T18:49:46-0400 INFO endpoints: d0f287a2-a22d-4cb3-a349-9a2980892b78 Scheduling job: 003
2026-09-10T18:49:46-0400 INFO dependencies: a06355c0-1676-4595-9d3b-ecbf71ce1b4a Received request: POST /jobs/004/run
2026-09-10T18:49:46-0400 INFO dependencies: 0878bce1-7caf-44d4-902a-01f4b1b3e0a9 Received request: POST /jobs/004/run
2026-09-10T18:49:46-0400 INFO dependencies: 0ad74ca8-a8d2-449b-88f6-ddab7703ee98 Received request: POST /jobs/004/run
2026-09-10T18:49:46-0400 WARNING dependencies: 806f873c-3c68-4da0-9b15-7181e3cd2e3d Job not found: 004
2026-09-10T18:49:46-0400 INFO dependencies: bd4a81ac-2dd4-4b89-ad75-a59725e3a046 Received request: POST /jobs/003/run
2026-09-10T18:49:46-0400 INFO endpoints: 75bdd05c-4483-4f87-a52d-c8b046752720 Scheduling job: 003
2026-09-10T18:49:46-0400 INFO dependencies: 5ddb51d9-56d7-4584-b79c-b7a95680e84f Received request: POST /jobs/003/run
2026-09-10T18:49:46-0400 INFO endpoints: 616eae67-0886-43cd-bf26-6a0966572026 Received request: GET /jobs
2026-09-10T18:49:46-0400 WARNING dependencies: 98153494-ddd3-4eaf-bf15-09de73971b40 Job not found: 004
2026-09-10T18:49:46-0400 INFO endpoints: badcff40-a22f-4115-9b41-6099dcee7971 Scheduling job: 003
2026-09-10T18:49:46-0400 WARNING dependencies: 98801278-cbcc-48fc-9948-05871eb6fd38 Job not found: 004
2026-09-10T18:49:46-0400 INFO dependencies: 0df0f3c7-51c6-4f9d-864d-c8d1b07a04b9 Received request: POST /jobs/004/run
2026-09-10T18:49:46-0400 INFO dependencies: ef558928-6c91-4867-8f40-92064e7aa620 Received request: POST /jobs/003/run
2026-09-10T18:49:46-0400 WARNING dependencies: 891d4217-fa01-4489-8cb3-041f257e8ad4 Job not found: 004
2026-09-10T18:49:46-0400 INFO dependencies: 65bbc5f0-7f04-4366-997b-183a0f2fcae5 Received request: GET /jobs/001
2026-09-10T18:49:46-0400 WARNING dependencies: 5886ff78-0b03-4a41-9aa1-60804ee7c539 Job not found: 004
2026-09-10T18:49:46-0400 INFO dependencies: 929bec66-ee23-490b-89f1-6a4df8eb71cf Received request: GET /jobs/001
2026-09-10T18:49:46-0400 WARNING dependencies: 46063106-7e8c-4651-abc0-964c2f6def87 Job not found: 1000
2026-09-10T18:49:46-0400 WARNING dependencies: df89fea3-2215-491e-b34c-cceeaa06bde4 Job not found: 004
2026-09-10T18:49:46-0400 INFO dependencies: 60d9d1a5-f203-4042-94fc-a77d5cada2d2 Received request: GET /jobs/001
2026-09-10T18:49:46-0400 INFO dependencies: a3192730-f3f3-4f66-b957-f833d1f6c124 Received request: POST /jobs/004/run
2026-09-10T18:49:46-0400 INFO endpoints: 34bf6f26-3af2-45c7-afc4-82f598c050b6 Received request: GET /jobs
2026-09-10T18:49:46-0400 INFO dependencies: c16bdcc6-746d-4293-acc4-9b427448c0a1 Received request: POST /jobs/004/run
2026-09-10T18:49:46-0400 INFO dependencies: 16435502-a280-46f3-a159-0653ba458f21 Received request: POST /jobs/003/run
2026-09-10T18:49:46-0400 WARNING dependencies: bdab9115-9530-4d88-b2cb-dfcc5faf1c73 Job not found: 004
2026-09-10T18:49:46-0400 INFO dependencies: 71bba69b-3cb3-4fb1-8809-57ab25ed5a76 Received request: POST /jobs/004/run
2026-09-10T18:49:46-0400 INFO endpoints: 62444445-fbb6-4427-9685-e3f3da04e5ab Scheduling job: 003
2026-09-10T18:49:46-0400 INFO dependencies: 39ea5f47-b240-4b97-a2a8-1fdcbd615b6e Received request: GET /jobs/1000
2026-09-10T18:49:46-0400 INFO dependencies: 08de1c70-da1f-49aa-915c-950d52212532 Received request: POST /jobs/004/run
2026-09-10T18:49:46-0400 INFO endpoints: 6ce96a32-4904-4539-a70b-80d371b13f67 Received request: GET /jobs
2026-09-10T18:49:46-0400 INFO dependencies: dbba8921-8908-4c03-9256-3600430e1d5c Received request: GET /jobs/001
2026-09-10T18:49:46-0400 INFO dependencies: 7664f615-7253-4a5c-9253-f5ca2f21c2d4 Received request: POST /jobs/003/run
2026-09-10T18:49:46-0400 INFO dependencies: 96f0468b-28bb-473e-bcf0-4d7e4191a62c Received request: GET /jobs/001
2026-09-10T18:49:46-0400 WARNING dependencies: a06355c0-1676-4595-9d3b-ecbf71ce1b4a Job not found: 004
2026-09-10T18:49:46-0400 WARNING dependencies: 0878bce1-7caf-44d4-902a-01f4b1b3e0a9 Job not found: 004
2026-09-10T18:49:46-0400 INFO dependencies: 5922d1ee-e45a-4681-80b3-e7768237bd78 Received request: GET /jobs/001
2026-09-10T18:49:46-0400 WARNING dependencies: 0ad74ca8-a8d2-449b-88f6-ddab7703ee98 Job not found: 004
2026-09-10T18:49:46-0400 INFO dependencies: 332c2345-df75-4176-a92b-be9748e639e6 Received request: GET /jobs/001
2026-09-10T18:49:46-0400 INFO dependencies: 55365bfd-f29b-4b9d-a4dc-845bb6982538 Received request: GET /jobs/001
2026-09-10T18:49:46-0400 INFO endpoints: 7ce2b1fa-675f-405c-8c25-7970de8db380 Received request: GET /jobs
2026-09-10T18:49:46-0400 INFO dependencies: 1eb70884-fffd-4f52-9848-48d5c3b31bdc Received request: GET /jobs/001
2026-09-10T18:49:46-0400 INFO dependencies: c91974c8-2e12-4f0b-9eff-c5410127d946 Received request: POST /jobs/004/run
2026-09-10T18:49:46-0400 INFO dependencies: ed096bf4-4468-4ae9-958f-e9489608dee3 Received request: POST /jobs/004/run
2026-09-10T18:49:46-0400 INFO dependencies: dfb26386-2a18-4e61-b9a3-d96e70187d51 Received request: GET /jobs/001
2026-09-10T18:49:46-0400 INFO dependencies: 9c406d43-c04c-46f2-9ecd-ddd9d6d7db3c Received request: POST /jobs/003/run
2026-09-10T18:49:46-0400 INFO dependencies: abedee48-e9d7-4e3f-9330-2cb841f586ff Received request: GET /jobs/001
2026-09-10T18:49:46-0400 INFO endpoints: 1c59e289-9bb2-4605-8d39-91e798407856 Received request: GET /jobs
2026-09-10T18:49:46-0400 INFO endpoints: ed458edb-3391-4d9e-9f11-742cb3bdbe47 Received request: GET /jobs
2026-09-10T18:49:46-0400 WARNING dependencies: 0df0f3c7-51c6-4f9d-864d-c8d1b07a04b9 Job not found: 004
2026-09-10T18:49:46-0400 INFO endpoints: acb46ce6-f5f4-44a6-866b-8d76d4241380 Found job: 001
2026-09-10T18:49:46-0400 INFO endpoints: 969b8e9a-bdb7-41b7-b94d-4bfe8615df49 Found job: 001
2026-09-10T18:49:46-0400 INFO dependencies: ed71c6f2-f83b-43a8-8ed0-71bd23edce28 Received request: POST /jobs/003/run
2026-09-10T18:49:46-0400 INFO endpoints: 5ed04e1f-e2e3-4017-9a3e-d7ca6750dc28 Found job: 001
2026-09-10T18:49:46-0400 WARNING dependencies: a3192730-f3f3-4f66-b957-f833d1f6c124 Job not found: 004
2026-09-10T18:49:46-0400 INFO endpoints: f0112b98-a596-4453-b904-e749428c6058 Found job: 001
2026-09-10T18:49:46-0400 INFO endpoints: 6c346a98-85da-4f00-8426-628bf4025095 Found job: 001
2026-09-10T18:49:46-0400 INFO endpoints: 7a3efebb-f5e0-4d59-9777-9fefb1e64f24 Found job: 001
2026-09-10T18:49:46-0400 WARNING dependencies: c16bdcc6-746d-4293-acc4-9b427448c0a1 Job not found: 004
2026-09-10T18:49:46-0400 INFO endpoints: dfff3948-8abd-42f5-8be2-a3b5e55e55a8 Scheduling job: 003
2026-09-10T18:49:46-0400 WARNING dependencies: 71bba69b-3cb3-4fb1-8809-57ab25ed5a76 Job not found: 004
2026-09-10T18:49:46-0400 WARNING dependencies: 39ea5f47-b240-4b97-a2a8-1fdcbd615b6e Job not found: 1000
2026-09-10T18:49:46-0400 WARNING dependencies: 08de1c70-da1f-49aa-915c-950d52212532 Job not found: 004
2026-09-10T18:49:46-0400 INFO dependencies: 0c200342-e60d-4bc4-a4b2-4c8aab6c748e Received request: GET /jobs/001
2026-09-10T18:49:46-0400 INFO dependencies: 70e419ae-d91c-4a2e-95c1-d273896ef94a Received request: GET /jobs/001
2026-09-10T18:49:46-0400 INFO endpoints: 2955bf85-3bc1-4926-bbca-592276f8eb81 Found job: 001
2026-09-10T18:49:46-0400 INFO dependencies: 5a7be5f7-bad5-46b7-98d6-edf7db349567 Received request: GET /jobs/001
2026-09-10T18:49:46-0400 INFO dependencies: 3b39a530-815d-45a2-8aed-338888a47a0a Received request: POST /jobs/004/run
2026-09-10T18:49:46-0400 INFO endpoints: a74a8789-e8b4-4c2d-be9f-4071141177bd Received request: GET /jobs
2026-09-10T18:49:46-0400 INFO dependencies: d4c77b44-25d9-47fd-9602-b0e4c1cf4845 Received request: GET /jobs/001
2026-09-10T18:49:46-0400 WARNING dependencies: c91974c8-2e12-4f0b-9eff-c5410127d946 Job not found: 004
2026-09-10T18:49:46-0400 WARNING dependencies: ed096bf4-4468-4ae9-958f-e9489608dee3 Job not found: 004
2026-09-10T18:49:46-0400 INFO dependencies: fda34f01-7ed3-4c4a-92f3-3d9642d5bba0 Received request: POST /jobs/004/run
2026-09-10T18:49:46-0400 INFO dependencies: 64bc8fa4-723d-4f9b-83ac-d952b37acbdf Received request: POST /jobs/003/run
2026-09-10T18:49:46-0400 INFO dependencies: 4b0ea0d7-6b6b-46c9-8910-896296c3aa87 Received request: POST /jobs/004/run
2026-09-10T18:49:46-0400 INFO dependencies: 8b207e3d-25e8-44a2-93cd-5895d73741b2 Received request: POST /jobs/003/run
2026-09-10T18:49:46-0400 INFO dependencies: 9ea170c0-e31a-44df-86f9-d84ce47b307e Received request: GET /jobs/001
2026-09-10T18:49:46-0400 INFO dependencies: 779b61c7-cfaa-4d6e-a4fe-e1a2344a6503 Received request: POST /jobs/004/run
2026-09-10T18:49:46-0400 INFO dependencies: 39c6b321-8adc-4ee9-b3e6-ff165459aced Received request: GET /jobs/001
2026-09-10T18:49:46-0400 INFO endpoints: 2ee22a44-69ea-4cd0-9472-649ce43ed8cd Received request: GET /jobs
2026-09-10T18:49:46-0400 INFO endpoints: a257caab-f9d6-4965-820a-f298d915b30f Received request: GET /jobs
2026-09-10T18:49:46-0400 INFO dependencies: f92e5cd9-60e5-4dfb-b60b-70c2236048f7 Received request: POST /jobs/004/run
2026-09-10T18:49:46-0400 INFO dependencies: 891727ec-09b7-4738-b34b-0eaa5ba10e16 Received request: GET /jobs/001
2026-09-10T18:49:46-0400 INFO dependencies: d9f66a3b-94b3-4a3b-a0c8-2d7f642efe7e Received request: GET /jobs/001
2026-09-10T18:49:46-0400 INFO endpoints: 0bbd4e05-a8bf-46c3-8cf0-7e2fb8a1b662 Found job: 001
2026-09-10T18:49:46-0400 INFO dependencies: abb3e57b-ede6-4e57-a06a-c5d788ead3f1 Received request: GET /jobs/001
2026-09-10T18:49:46-0400 INFO endpoints: f8b89fb8-c385-4d96-a0d7-a748b661ff80 Received request: GET /jobs
2026-09-10T18:49:46-0400 INFO endpoints: 769fd544-2fd0-4a49-9772-35273e859b68 Received request: GET /jobs
2026-09-10T18:49:46-0400 INFO endpoints: 9819ce2a-0e37-4d21-bc9b-2344361a235e Received request: GET /jobs
2026-09-10T18:49:46-0400 INFO endpoints: e9d7f14e-50f7-48e3-8dec-8e970df3969f Received request: GET /jobs
2026-09-10T18:49:46-0400 INFO endpoints: c01aab59-4afb-4279-a08c-025cb44d3216 Received request: GET /jobs
2026-09-10T18:49:46-0400 INFO endpoints: cfb8f94a-287c-4b30-ac46-fa42657dd69b Received request: GET /jobs
2026-09-10T18:49:46-0400 INFO endpoints: 695316ae-0ca0-4cc4-9a1c-64f258bf0cf1 Found job: 001
2026-09-10T18:49:46-0400 WARNING dependencies: 3b39a530-815d-45a2-8aed-338888a47a0a Job not found: 004
2026-09-10T18:49:46-0400 INFO job_service: b9acfba2-6d15-45ce-93c7-e9f880829620 Processing Job: 003
2026-09-10T18:49:46-0400 INFO endpoints: ecda075b-27db-4122-a871-42aeaf71c926 Found job: 001
2026-09-10T18:49:46-0400 INFO endpoints: 13f556da-3679-46d8-9b04-ba94bb7b4500 Found job: 001
2026-09-10T18:49:46-0400 INFO job_service: 05da7164-8224-4d69-a00f-d0b3485a4ad3 Processing Job: 003
2026-09-10T18:49:46-0400 INFO endpoints: bd4a81ac-2dd4-4b89-ad75-a59725e3a046 Scheduling job: 003
2026-09-10T18:49:46-0400 INFO endpoints: 0bce6dbe-11ac-4ea2-9aa4-86bfe53f1230 Received request: GET /jobs
2026-09-10T18:49:46-0400 WARNING dependencies: fda34f01-7ed3-4c4a-92f3-3d9642d5bba0 Job not found: 004
2026-09-10T18:49:46-0400 WARNING dependencies: 4b0ea0d7-6b6b-46c9-8910-896296c3aa87 Job not found: 004
2026-09-10T18:49:46-0400 INFO job_service: d0f287a2-a22d-4cb3-a349-9a2980892b78 Processing Job: 003
2026-09-10T18:49:46-0400 INFO job_service: 75bdd05c-4483-4f87-a52d-c8b046752720 Processing Job: 003
2026-09-10T18:49:46-0400 INFO endpoints: ef558928-6c91-4867-8f40-92064e7aa620 Scheduling job: 003
2026-09-10T18:49:46-0400 INFO endpoints: 5ddb51d9-56d7-4584-b79c-b7a95680e84f Scheduling job: 003
2026-09-10T18:49:46-0400 WARNING dependencies: 779b61c7-cfaa-4d6e-a4fe-e1a2344a6503 Job not found: 004
2026-09-10T18:49:46-0400 INFO endpoints: 65bbc5f0-7f04-4366-997b-183a0f2fcae5 Found job: 001
2026-09-10T18:49:46-0400 INFO job_service: badcff40-a22f-4115-9b41-6099dcee7971 Processing Job: 003
2026-09-10T18:49:46-0400 INFO endpoints: 929bec66-ee23-490b-89f1-6a4df8eb71cf Found job: 001
2026-09-10T18:49:46-0400 INFO dependencies: 655d07af-af7e-4702-bdc5-ea4048c79341 Received request: GET /jobs/1000
2026-09-10T18:49:46-0400 WARNING dependencies: f92e5cd9-60e5-4dfb-b60b-70c2236048f7 Job not found: 004
2026-09-10T18:49:46-0400 INFO endpoints: 60d9d1a5-f203-4042-94fc-a77d5cada2d2 Found job: 001
2026-09-10T18:49:46-0400 INFO endpoints: 814fea99-afae-4030-9c9f-ffbe7edcd9fb Received request: GET /jobs
2026-09-10T18:49:46-0400 INFO endpoints: 16435502-a280-46f3-a159-0653ba458f21 Scheduling job: 003
2026-09-10T18:49:46-0400 ERROR job_service: b9acfba2-6d15-45ce-93c7-e9f880829620 Error for job: 003
2026-09-10T18:49:46-0400 INFO endpoints: dee817d5-5536-4954-a650-335b05651fe7 Received request: GET /jobs
2026-09-10T18:49:46-0400 ERROR job_service: 05da7164-8224-4d69-a00f-d0b3485a4ad3 Error for job: 003
2026-09-10T18:49:46-0400 INFO endpoints: d945bfbb-ca0c-449d-b107-851e43321c37 Received request: GET /jobs
2026-09-10T18:49:46-0400 INFO dependencies: 7e68eed6-2899-4297-9f86-65b43672bc94 Received request: GET /jobs/001
2026-09-10T18:49:46-0400 INFO endpoints: dbba8921-8908-4c03-9256-3600430e1d5c Found job: 001
2026-09-10T18:49:46-0400 INFO endpoints: fb5343ee-7973-41fb-ae06-34dcca03d0e9 Received request: GET /jobs
2026-09-10T18:49:46-0400 INFO endpoints: 7664f615-7253-4a5c-9253-f5ca2f21c2d4 Scheduling job: 003
2026-09-10T18:49:46-0400 INFO endpoints: 5922d1ee-e45a-4681-80b3-e7768237bd78 Found job: 001
2026-09-10T18:49:46-0400 INFO endpoints: 9ead114b-b22f-4b49-8c6d-07203e702fe0 Received request: GET /jobs
2026-09-10T18:49:46-0400 INFO endpoints: 332c2345-df75-4176-a92b-be9748e639e6 Found job: 001
2026-09-10T18:49:46-0400 INFO endpoints: 55365bfd-f29b-4b9d-a4dc-845bb6982538 Found job: 001
2026-09-10T18:49:46-0400 INFO endpoints: 1b20f1b1-ddd6-4f31-a07c-3020aa46119d Received request: GET /jobs
2026-09-10T18:49:46-0400 INFO endpoints: 96f0468b-28bb-473e-bcf0-4d7e4191a62c Found job: 001
2026-09-10T18:49:46-0400 ERROR job_service: d0f287a2-a22d-4cb3-a349-9a2980892b78 Error for job: 003
2026-09-10T18:49:46-0400 INFO endpoints: 1eb70884-fffd-4f52-9848-48d5c3b31bdc Found job: 001
2026-09-10T18:49:46-0400 ERROR job_service: 75bdd05c-4483-4f87-a52d-c8b046752720 Error for job: 003
2026-09-10T18:49:46-0400 INFO dependencies: 1c049c27-1a3a-409c-9deb-8267dd103a2b Received request: GET /jobs/001
2026-09-10T18:49:46-0400 INFO endpoints: dfb26386-2a18-4e61-b9a3-d96e70187d51 Found job: 001
2026-09-10T18:49:46-0400 INFO job_service: 62444445-fbb6-4427-9685-e3f3da04e5ab Processing Job: 003
2026-09-10T18:49:46-0400 INFO endpoints: 10438284-4ae1-4dca-b6f8-6e2ebb55c4d3 Received request: GET /jobs
2026-09-10T18:49:46-0400 INFO endpoints: 9c406d43-c04c-46f2-9ecd-ddd9d6d7db3c Scheduling job: 003
2026-09-10T18:49:46-0400 INFO endpoints: abedee48-e9d7-4e3f-9330-2cb841f586ff Found job: 001
2026-09-10T18:49:46-0400 ERROR job_service: badcff40-a22f-4115-9b41-6099dcee7971 Error for job: 003
2026-09-10T18:49:46-0400 WARNING dependencies: 655d07af-af7e-4702-bdc5-ea4048c79341 Job not found: 1000
2026-09-10T18:49:46-0400 INFO dependencies: a7b448c7-9eed-41dd-835b-18a12a7aa3b2 Received request: POST /jobs/004/run
2026-09-10T18:49:46-0400 INFO endpoints: ed71c6f2-f83b-43a8-8ed0-71bd23edce28 Scheduling job: 003
2026-09-10T18:49:46-0400 INFO dependencies: 03993d1f-6701-4911-b4f7-54c9b9e103e8 Received request: GET /jobs/1000
2026-09-10T18:49:46-0400 INFO dependencies: 18ab011a-5bf3-4acd-b554-7816bcd2a918 Received request: POST /jobs/004/run
2026-09-10T18:49:46-0400 INFO endpoints: 39a3101e-623d-4c1f-86d2-a268c2e3c23f Received request: GET /jobs
2026-09-10T18:49:46-0400 ERROR job_service: 62444445-fbb6-4427-9685-e3f3da04e5ab Error for job: 003
2026-09-10T18:49:46-0400 INFO endpoints: 0c200342-e60d-4bc4-a4b2-4c8aab6c748e Found job: 001
2026-09-10T18:49:46-0400 INFO endpoints: 70e419ae-d91c-4a2e-95c1-d273896ef94a Found job: 001
2026-09-10T18:49:46-0400 INFO endpoints: 5a7be5f7-bad5-46b7-98d6-edf7db349567 Found job: 001
2026-09-10T18:49:46-0400 INFO endpoints: efe7fe4e-c836-4416-a30e-ef506ac0453d Received request: GET /jobs
2026-09-10T18:49:46-0400 INFO dependencies: 323acf87-bf8d-4dae-a2f8-3220ebe90025 Received request: POST /jobs/003/run
2026-09-10T18:49:46-0400 INFO endpoints: d4c77b44-25d9-47fd-9602-b0e4c1cf4845 Found job: 001
2026-09-10T18:49:46-0400 INFO dependencies: b6e8f99c-3ee5-47d4-8a21-6e3d08760d7e Received request: GET /jobs/001
2026-09-10T18:49:46-0400 INFO dependencies: 5c404b38-b8bc-4867-b8c3-d3ac95290aa1 Received request: GET /jobs/001
2026-09-10T18:49:46-0400 INFO endpoints: 64bc8fa4-723d-4f9b-83ac-d952b37acbdf Scheduling job: 003
2026-09-10T18:49:46-0400 INFO endpoints: 8b207e3d-25e8-44a2-93cd-5895d73741b2 Scheduling job: 003
2026-09-10T18:49:46-0400 INFO job_service: dfff3948-8abd-42f5-8be2-a3b5e55e55a8 Processing Job: 003
2026-09-10T18:49:46-0400 WARNING dependencies: a7b448c7-9eed-41dd-835b-18a12a7aa3b2 Job not found: 004
2026-09-10T18:49:46-0400 WARNING dependencies: 03993d1f-6701-4911-b4f7-54c9b9e103e8 Job not found: 1000
2026-09-10T18:49:46-0400 INFO endpoints: 402cfa8f-4514-41bd-aadc-3ee7365b5f31 Received request: GET /jobs
2026-09-10T18:49:46-0400 INFO endpoints: 9ea170c0-e31a-44df-86f9-d84ce47b307e Found job: 001
2026-09-10T18:49:46-0400 WARNING dependencies: 18ab011a-5bf3-4acd-b554-7816bcd2a918 Job not found: 004
2026-09-10T18:49:46-0400 INFO endpoints: 39c6b321-8adc-4ee9-b3e6-ff165459aced Found job: 001
2026-09-10T18:49:46-0400 INFO endpoints: 891727ec-09b7-4738-b34b-0eaa5ba10e16 Found job: 001
2026-09-10T18:49:46-0400 INFO endpoints: d9f66a3b-94b3-4a3b-a0c8-2d7f642efe7e Found job: 001
2026-09-10T18:49:46-0400 INFO endpoints: abb3e57b-ede6-4e57-a06a-c5d788ead3f1 Found job: 001
2026-09-10T18:49:46-0400 INFO endpoints: f9f6e8c7-4871-4461-a953-ca7bddfddf36 Received request: GET /jobs
2026-09-10T18:49:46-0400 INFO endpoints: e61ddc08-84ac-4cd8-a04a-60402f59ce3c Received request: GET /jobs
2026-09-10T18:49:46-0400 ERROR job_service: dfff3948-8abd-42f5-8be2-a3b5e55e55a8 Error for job: 003
2026-09-10T18:49:46-0400 INFO endpoints: 2a3e7cf2-e718-4cc1-b9e3-1f74b53a92d1 Received request: GET /jobs
2026-09-10T18:49:46-0400 INFO endpoints: d2812ca7-1e05-4a9d-9d9f-bf59a9a9be90 Received request: GET /jobs
2026-09-10T18:49:46-0400 INFO endpoints: d39480a9-7d3b-4d74-81ef-0aa9193855c9 Received request: GET /jobs
2026-09-10T18:49:46-0400 INFO endpoints: e494fe42-3e2f-440c-9a9b-b0d3c5495ce1 Received request: GET /jobs
2026-09-10T18:49:46-0400 INFO dependencies: 2895045b-92de-4f8a-9712-e8c6add37cea Received request: GET /jobs/001
2026-09-10T18:49:46-0400 INFO dependencies: 1df8e264-ca70-4b3d-9736-72da70499f86 Received request: POST /jobs/004/run
2026-09-10T18:49:46-0400 INFO dependencies: 4e66641d-ea04-4130-9f47-8e1324aa6c07 Received request: GET /jobs/1000
2026-09-10T18:49:46-0400 INFO endpoints: 93f6c5d4-bded-46fb-abf9-6a68e1341544 Received request: GET /jobs
2026-09-10T18:49:46-0400 WARNING dependencies: 1df8e264-ca70-4b3d-9736-72da70499f86 Job not found: 004
2026-09-10T18:49:46-0400 WARNING dependencies: 4e66641d-ea04-4130-9f47-8e1324aa6c07 Job not found: 1000
2026-09-10T18:49:46-0400 INFO endpoints: 7e68eed6-2899-4297-9f86-65b43672bc94 Found job: 001
2026-09-10T18:49:46-0400 INFO endpoints: 1d98500f-8a68-4843-b8a3-8b795465c202 Received request: GET /jobs
2026-09-10T18:49:46-0400 INFO job_service: bd4a81ac-2dd4-4b89-ad75-a59725e3a046 Processing Job: 003
2026-09-10T18:49:46-0400 ERROR job_service: bd4a81ac-2dd4-4b89-ad75-a59725e3a046 Error for job: 003
2026-09-10T18:49:46-0400 INFO dependencies: ca837133-e7b6-4742-a4de-9869208c05f5 Received request: POST /jobs/003/run
2026-09-10T18:49:46-0400 INFO dependencies: 598b3491-2bee-4b2c-af88-1799d5cb3449 Received request: POST /jobs/004/run
2026-09-10T18:49:46-0400 INFO endpoints: 41a2da41-bb57-477a-bfa9-479bce31fa40 Received request: GET /jobs
2026-09-10T18:49:46-0400 INFO dependencies: 06ce14bb-8b2f-4943-9ca8-666c2a51692c Received request: POST /jobs/003/run
2026-09-10T18:49:46-0400 INFO dependencies: b6180e58-0648-4b25-a006-8b729a88838e Received request: POST /jobs/003/run
2026-09-10T18:49:46-0400 WARNING dependencies: 598b3491-2bee-4b2c-af88-1799d5cb3449 Job not found: 004
2026-09-10T18:49:46-0400 INFO endpoints: 1c049c27-1a3a-409c-9deb-8267dd103a2b Found job: 001
2026-09-10T18:49:46-0400 INFO dependencies: bfcb545f-8f95-4aa0-bb8e-327ab60b0528 Received request: GET /jobs/001
2026-09-10T18:49:46-0400 INFO endpoints: 6e8a05ff-1856-4f83-961c-3952ebe827b5 Received request: GET /jobs
2026-09-10T18:49:46-0400 INFO job_service: ef558928-6c91-4867-8f40-92064e7aa620 Processing Job: 003
2026-09-10T18:49:46-0400 ERROR job_service: ef558928-6c91-4867-8f40-92064e7aa620 Error for job: 003
2026-09-10T18:49:46-0400 INFO dependencies: 7564d6db-74c2-40ac-80e7-abbf7838c312 Received request: GET /jobs/001
2026-09-10T18:49:46-0400 INFO job_service: 5ddb51d9-56d7-4584-b79c-b7a95680e84f Processing Job: 003
2026-09-10T18:49:46-0400 INFO endpoints: db878f9a-c5ba-446a-ade4-fb4ba5b3149e Received request: GET /jobs
2026-09-10T18:49:46-0400 INFO endpoints: 56457cb5-6b6c-4b38-a0cc-ac311b6f1453 Received request: GET /jobs
2026-09-10T18:49:46-0400 ERROR job_service: 5ddb51d9-56d7-4584-b79c-b7a95680e84f Error for job: 003
2026-09-10T18:49:46-0400 INFO job_service: 16435502-a280-46f3-a159-0653ba458f21 Processing Job: 003
2026-09-10T18:49:46-0400 ERROR job_service: 16435502-a280-46f3-a159-0653ba458f21 Error for job: 003
2026-09-10T18:49:46-0400 INFO endpoints: 323acf87-bf8d-4dae-a2f8-3220ebe90025 Scheduling job: 003
2026-09-10T18:49:46-0400 INFO endpoints: b6e8f99c-3ee5-47d4-8a21-6e3d08760d7e Found job: 001
2026-09-10T18:49:46-0400 INFO dependencies: 8f065ede-838b-4715-962b-c10c2bfbf4ba Received request: POST /jobs/003/run
2026-09-10T18:49:46-0400 INFO endpoints: cd0f08e4-8e55-4c9d-a610-ef536d8038e7 Received request: GET /jobs
2026-09-10T18:49:46-0400 INFO endpoints: 5c404b38-b8bc-4867-b8c3-d3ac95290aa1 Found job: 001
2026-09-10T18:49:46-0400 INFO endpoints: 1faa12e6-ad7d-4cb7-aa08-c9b1ffdf50d9 Received request: GET /jobs
2026-09-10T18:49:46-0400 INFO job_service: 7664f615-7253-4a5c-9253-f5ca2f21c2d4 Processing Job: 003
2026-09-10T18:49:46-0400 ERROR job_service: 7664f615-7253-4a5c-9253-f5ca2f21c2d4 Error for job: 003
2026-09-10T18:49:46-0400 INFO endpoints: 2182eb23-9cae-4060-b946-8dbb5b505ab6 Received request: GET /jobs
2026-09-10T18:49:46-0400 INFO endpoints: 01af6d7a-951a-43e8-ad3e-2c7465fbf1f8 Received request: GET /jobs
2026-09-10T18:49:46-0400 INFO endpoints: f833f741-0f06-4563-8c37-47d9fa337188 Received request: GET /jobs
2026-09-10T18:49:46-0400 INFO endpoints: 2895045b-92de-4f8a-9712-e8c6add37cea Found job: 001
2026-09-10T18:49:46-0400 INFO dependencies: f9c49c6e-cd0e-4936-a702-6b3fd2ca22dd Received request: POST /jobs/003/run
2026-09-10T18:49:46-0400 INFO endpoints: 28f4a32f-a740-4fa6-8e30-ac8160498d4a Received request: GET /jobs
2026-09-10T18:49:46-0400 INFO job_service: 9c406d43-c04c-46f2-9ecd-ddd9d6d7db3c Processing Job: 003
2026-09-10T18:49:46-0400 ERROR job_service: 9c406d43-c04c-46f2-9ecd-ddd9d6d7db3c Error for job: 003
2026-09-10T18:49:46-0400 INFO endpoints: 7d78e276-e852-45e0-80c9-3fee0530b993 Received request: GET /jobs
2026-09-10T18:49:46-0400 INFO endpoints: ca837133-e7b6-4742-a4de-9869208c05f5 Scheduling job: 003
2026-09-10T18:49:46-0400 INFO endpoints: 06ce14bb-8b2f-4943-9ca8-666c2a51692c Scheduling job: 003
2026-09-10T18:49:46-0400 INFO job_service: ed71c6f2-f83b-43a8-8ed0-71bd23edce28 Processing Job: 003
2026-09-10T18:49:46-0400 ERROR job_service: ed71c6f2-f83b-43a8-8ed0-71bd23edce28 Error for job: 003
2026-09-10T18:49:46-0400 INFO endpoints: b6180e58-0648-4b25-a006-8b729a88838e Scheduling job: 003
2026-09-10T18:49:46-0400 INFO endpoints: bfcb545f-8f95-4aa0-bb8e-327ab60b0528 Found job: 001
2026-09-10T18:49:46-0400 INFO endpoints: 80a74839-0b4c-4285-b123-fe4545a6d1ed Received request: GET /jobs
2026-09-10T18:49:46-0400 INFO dependencies: 0a4ed47a-b79d-4c05-84a0-60a547097440 Received request: POST /jobs/003/run
2026-09-10T18:49:46-0400 INFO endpoints: 54067bd1-66ba-40f7-81be-23ebe04f8eb9 Received request: GET /jobs
2026-09-10T18:49:46-0400 INFO dependencies: 7bdcc504-203c-4dbc-b3ce-962424baaef3 Received request: POST /jobs/003/run
2026-09-10T18:49:46-0400 INFO endpoints: cc79290c-d243-4786-a718-395907224474 Received request: GET /jobs
2026-09-10T18:49:46-0400 INFO endpoints: 9933f853-6e0a-4fdd-aabe-9e5ede1a7346 Received request: GET /jobs
2026-09-10T18:49:46-0400 INFO endpoints: 7564d6db-74c2-40ac-80e7-abbf7838c312 Found job: 001
2026-09-10T18:49:46-0400 INFO job_service: 64bc8fa4-723d-4f9b-83ac-d952b37acbdf Processing Job: 003
2026-09-10T18:49:46-0400 ERROR job_service: 64bc8fa4-723d-4f9b-83ac-d952b37acbdf Error for job: 003
2026-09-10T18:49:46-0400 INFO job_service: 8b207e3d-25e8-44a2-93cd-5895d73741b2 Processing Job: 003
2026-09-10T18:49:46-0400 ERROR job_service: 8b207e3d-25e8-44a2-93cd-5895d73741b2 Error for job: 003
2026-09-10T18:49:46-0400 INFO endpoints: 8f065ede-838b-4715-962b-c10c2bfbf4ba Scheduling job: 003
2026-09-10T18:49:46-0400 INFO dependencies: 3941a987-c822-4c5c-abab-8829fb68663e Received request: POST /jobs/003/run
2026-09-10T18:49:46-0400 INFO endpoints: 5bdaaa40-9325-461e-b421-5fd51b96adb3 Received request: GET /jobs
2026-09-10T18:49:46-0400 INFO endpoints: 93c90fe4-19f5-4fb7-bf0c-bc71464692d0 Received request: GET /jobs
2026-09-10T18:49:46-0400 INFO endpoints: 17b29e21-4feb-434a-8b08-0ed24fbb00ad Received request: GET /jobs
2026-09-10T18:49:46-0400 INFO endpoints: f9c49c6e-cd0e-4936-a702-6b3fd2ca22dd Scheduling job: 003
2026-09-10T18:49:46-0400 INFO dependencies: ecd51ccc-8671-417b-801b-6b9000d8748b Received request: GET /jobs/001
2026-09-10T18:49:46-0400 INFO endpoints: 0e3d914b-42d5-48fc-a4aa-3c1fd432b0b4 Received request: GET /jobs
2026-09-10T18:49:46-0400 INFO endpoints: 4cd45211-5539-414a-9092-5379e2ad8c34 Received request: GET /jobs
2026-09-10T18:49:46-0400 INFO dependencies: a4ae9bbc-b6c6-4194-b082-e9a5f6ce7837 Received request: GET /jobs/001
2026-09-10T18:49:46-0400 INFO dependencies: 7f4d3bcf-12c4-48ba-8af1-83486f83cd87 Received request: GET /jobs/001
2026-09-10T18:49:46-0400 INFO dependencies: 4942df8e-a9ca-49cd-b85c-283ff11aee74 Received request: GET /jobs/001
2026-09-10T18:49:46-0400 INFO dependencies: b469ad9d-0c17-446f-b722-353579c86874 Received request: GET /jobs/1000
2026-09-10T18:49:46-0400 WARNING dependencies: b469ad9d-0c17-446f-b722-353579c86874 Job not found: 1000
2026-09-10T18:49:46-0400 INFO endpoints: cd99e92e-d1ed-42e0-b9c3-5894182a4caf Received request: GET /jobs
2026-09-10T18:49:46-0400 INFO dependencies: 884cd62c-a4d6-4f40-bb5f-75d94519bfae Received request: GET /jobs/1000
2026-09-10T18:49:46-0400 WARNING dependencies: 884cd62c-a4d6-4f40-bb5f-75d94519bfae Job not found: 1000
2026-09-10T18:49:46-0400 INFO endpoints: 0a4ed47a-b79d-4c05-84a0-60a547097440 Scheduling job: 003
2026-09-10T18:49:46-0400 INFO endpoints: 7bdcc504-203c-4dbc-b3ce-962424baaef3 Scheduling job: 003
2026-09-10T18:49:46-0400 INFO dependencies: 56d958b0-2347-4410-b993-5a04e265f160 Received request: POST /jobs/004/run
2026-09-10T18:49:46-0400 WARNING dependencies: 56d958b0-2347-4410-b993-5a04e265f160 Job not found: 004
2026-09-10T18:49:46-0400 INFO endpoints: 30ccda6f-5938-4758-bb85-12ae37f59c71 Received request: GET /jobs
2026-09-10T18:49:46-0400 INFO endpoints: dafd587a-1a39-4ce8-92dd-98e8d8636aca Received request: GET /jobs
2026-09-10T18:49:46-0400 INFO dependencies: bf2ce873-334c-4afe-b483-94239e4f80d8 Received request: GET /jobs/001
2026-09-10T18:49:46-0400 INFO job_service: 323acf87-bf8d-4dae-a2f8-3220ebe90025 Processing Job: 003
2026-09-10T18:49:46-0400 INFO endpoints: 03561219-006f-45b3-addf-4996fd2931ea Received request: GET /jobs
2026-09-10T18:49:46-0400 ERROR job_service: 323acf87-bf8d-4dae-a2f8-3220ebe90025 Error for job: 003
2026-09-10T18:49:46-0400 INFO endpoints: 3941a987-c822-4c5c-abab-8829fb68663e Scheduling job: 003
2026-09-10T18:49:46-0400 INFO endpoints: 989bcd72-d6a0-4437-9c91-b78626e9c9da Received request: GET /jobs
2026-09-10T18:49:46-0400 INFO dependencies: fa2db317-eb94-42e1-821a-43d270a59cab Received request: POST /jobs/003/run
2026-09-10T18:49:46-0400 INFO dependencies: f26f993b-a0c5-4022-a5b9-f705dae59e75 Received request: POST /jobs/003/run
2026-09-10T18:49:46-0400 INFO dependencies: 9d3e6e9a-36dd-4299-b1cf-c9bca09c2968 Received request: POST /jobs/003/run
2026-09-10T18:49:46-0400 INFO dependencies: a5b86fc5-affa-4ac2-83d2-3d595d675090 Received request: GET /jobs/001
2026-09-10T18:49:46-0400 INFO dependencies: 3441d407-106e-42da-a066-47319e28eb46 Received request: GET /jobs/001
2026-09-10T18:49:46-0400 INFO endpoints: fdcfa305-6aef-40fa-9db5-0f4e87d1628c Received request: GET /jobs
2026-09-10T18:49:46-0400 INFO endpoints: ecd51ccc-8671-417b-801b-6b9000d8748b Found job: 001
2026-09-10T18:49:46-0400 INFO endpoints: a4ae9bbc-b6c6-4194-b082-e9a5f6ce7837 Found job: 001
2026-09-10T18:49:46-0400 INFO dependencies: 9b0b74e1-1109-44df-9c66-815fd09ed821 Received request: GET /jobs/1000
2026-09-10T18:49:46-0400 WARNING dependencies: 9b0b74e1-1109-44df-9c66-815fd09ed821 Job not found: 1000
2026-09-10T18:49:46-0400 INFO dependencies: 4fe6be65-7886-4944-a098-072762a74a39 Received request: GET /jobs/001
2026-09-10T18:49:46-0400 INFO endpoints: 4866bb6e-d82f-406d-a4d3-f722617992b6 Received request: GET /jobs
2026-09-10T18:49:46-0400 INFO dependencies: e6de5efc-a2d8-44b8-b5b5-cf7854ad73a7 Received request: GET /jobs/001
2026-09-10T18:49:46-0400 INFO endpoints: e1b7b991-2b4e-4ab6-8672-5955e514aaf1 Received request: GET /jobs
2026-09-10T18:49:46-0400 INFO job_service: 06ce14bb-8b2f-4943-9ca8-666c2a51692c Processing Job: 003
2026-09-10T18:49:46-0400 INFO endpoints: 7f4d3bcf-12c4-48ba-8af1-83486f83cd87 Found job: 001
2026-09-10T18:49:46-0400 INFO endpoints: 4942df8e-a9ca-49cd-b85c-283ff11aee74 Found job: 001
2026-09-10T18:49:46-0400 INFO endpoints: 261c9bce-8271-4fc1-a4f5-cde22610bde7 Received request: GET /jobs
2026-09-10T18:49:46-0400 INFO job_service: ca837133-e7b6-4742-a4de-9869208c05f5 Processing Job: 003
2026-09-10T18:49:46-0400 INFO endpoints: d6247864-f722-44c2-b1a1-5ee841a6188c Received request: GET /jobs
2026-09-10T18:49:46-0400 ERROR job_service: 06ce14bb-8b2f-4943-9ca8-666c2a51692c Error for job: 003
2026-09-10T18:49:46-0400 INFO job_service: b6180e58-0648-4b25-a006-8b729a88838e Processing Job: 003
2026-09-10T18:49:46-0400 ERROR job_service: b6180e58-0648-4b25-a006-8b729a88838e Error for job: 003
2026-09-10T18:49:46-0400 ERROR job_service: ca837133-e7b6-4742-a4de-9869208c05f5 Error for job: 003
2026-09-10T18:49:46-0400 INFO endpoints: bf2ce873-334c-4afe-b483-94239e4f80d8 Found job: 001
2026-09-10T18:49:46-0400 INFO job_service: 8f065ede-838b-4715-962b-c10c2bfbf4ba Processing Job: 003
2026-09-10T18:49:46-0400 ERROR job_service: 8f065ede-838b-4715-962b-c10c2bfbf4ba Error for job: 003
2026-09-10T18:49:46-0400 INFO endpoints: f26f993b-a0c5-4022-a5b9-f705dae59e75 Scheduling job: 003
2026-09-10T18:49:46-0400 INFO dependencies: 3eb9e3b7-8c74-4a04-8331-6d55ef62e2b2 Received request: GET /jobs/1000
2026-09-10T18:49:46-0400 WARNING dependencies: 3eb9e3b7-8c74-4a04-8331-6d55ef62e2b2 Job not found: 1000
2026-09-10T18:49:46-0400 INFO endpoints: 9d3e6e9a-36dd-4299-b1cf-c9bca09c2968 Scheduling job: 003
2026-09-10T18:49:46-0400 INFO dependencies: ea503ba0-cf79-4755-a64a-df649c41d9ed Received request: POST /jobs/003/run
2026-09-10T18:49:46-0400 INFO endpoints: a5b86fc5-affa-4ac2-83d2-3d595d675090 Found job: 001
2026-09-10T18:49:46-0400 INFO endpoints: fa2db317-eb94-42e1-821a-43d270a59cab Scheduling job: 003
2026-09-10T18:49:46-0400 INFO endpoints: b5cb7acc-81b1-44e0-860e-211e2d8ab02f Received request: GET /jobs
2026-09-10T18:49:46-0400 INFO endpoints: 0bac7ec6-0db3-43b2-aba8-12f0ed963960 Received request: GET /jobs
2026-09-10T18:49:46-0400 INFO endpoints: 3f60fc12-f933-4956-a01d-d033376ac7fe Received request: GET /jobs
2026-09-10T18:49:46-0400 INFO endpoints: 3441d407-106e-42da-a066-47319e28eb46 Found job: 001
2026-09-10T18:49:46-0400 INFO job_service: f9c49c6e-cd0e-4936-a702-6b3fd2ca22dd Processing Job: 003
2026-09-10T18:49:46-0400 INFO dependencies: b49ce240-1803-4469-b3cb-b4b3511ef5d5 Received request: POST /jobs/004/run
2026-09-10T18:49:46-0400 INFO endpoints: a26eed18-e22e-4333-8b0e-fd6f2d3d8fc1 Received request: GET /jobs
2026-09-10T18:49:46-0400 ERROR job_service: f9c49c6e-cd0e-4936-a702-6b3fd2ca22dd Error for job: 003
2026-09-10T18:49:46-0400 WARNING dependencies: b49ce240-1803-4469-b3cb-b4b3511ef5d5 Job not found: 004
2026-09-10T18:49:46-0400 INFO job_service: 0a4ed47a-b79d-4c05-84a0-60a547097440 Processing Job: 003
2026-09-10T18:49:46-0400 ERROR job_service: 0a4ed47a-b79d-4c05-84a0-60a547097440 Error for job: 003
2026-09-10T18:49:46-0400 INFO endpoints: 4fe6be65-7886-4944-a098-072762a74a39 Found job: 001
2026-09-10T18:49:46-0400 INFO job_service: 7bdcc504-203c-4dbc-b3ce-962424baaef3 Processing Job: 003
2026-09-10T18:49:46-0400 INFO endpoints: e6de5efc-a2d8-44b8-b5b5-cf7854ad73a7 Found job: 001
2026-09-10T18:49:46-0400 INFO dependencies: c3e2a3e5-ade7-46ca-a24e-fc07551a3298 Received request: POST /jobs/004/run
2026-09-10T18:49:46-0400 INFO endpoints: f237430a-d172-48f9-b80f-0de7436638b7 Received request: GET /jobs
2026-09-10T18:49:46-0400 INFO dependencies: 81921745-fbf6-4475-8c34-85d2f1cd6f73 Received request: GET /jobs/001
2026-09-10T18:49:46-0400 INFO endpoints: 7687d368-7c0a-4053-8347-09115a472ee0 Received request: GET /jobs
2026-09-10T18:49:46-0400 INFO endpoints: ecea917a-bd92-4999-8486-ceb1983bdbac Received request: GET /jobs
2026-09-10T18:49:46-0400 INFO endpoints: c38a5c53-4504-4cf5-8154-70d6f463bf43 Received request: GET /jobs
2026-09-10T18:49:46-0400 INFO endpoints: 3ff99470-bbd3-4353-a13c-62f7a33a8aa1 Received request: GET /jobs
2026-09-10T18:49:46-0400 INFO endpoints: 75a65dc1-2e7a-4466-abc0-3c575e921bc1 Received request: GET /jobs
2026-09-10T18:49:46-0400 INFO endpoints: 2fdaed02-7334-4ebd-875a-04efd0cd89b9 Received request: GET /jobs
2026-09-10T18:49:46-0400 INFO endpoints: 2e514a14-4a32-4823-80e3-27100c02f76f Received request: GET /jobs
2026-09-10T18:49:46-0400 INFO endpoints: 27fec478-de11-4207-afcc-a0facebd86d6 Received request: GET /jobs
2026-09-10T18:49:46-0400 INFO endpoints: 1b60aac6-35d4-413f-94ab-203a283397bc Received request: GET /jobs
2026-09-10T18:49:46-0400 ERROR job_service: 7bdcc504-203c-4dbc-b3ce-962424baaef3 Error for job: 003
2026-09-10T18:49:46-0400 WARNING dependencies: c3e2a3e5-ade7-46ca-a24e-fc07551a3298 Job not found: 004
2026-09-10T18:49:46-0400 INFO job_service: 3941a987-c822-4c5c-abab-8829fb68663e Processing Job: 003
2026-09-10T18:49:46-0400 INFO dependencies: c2ad5bf4-2b75-43d7-bb52-db09a1472fc3 Received request: POST /jobs/003/run
2026-09-10T18:49:46-0400 INFO dependencies: f6e95750-e47d-4b9a-a5e3-d2153c969322 Received request: GET /jobs/001
2026-09-10T18:49:46-0400 INFO dependencies: 063e5943-f23a-4080-aa51-b2678313af09 Received request: POST /jobs/003/run
2026-09-10T18:49:46-0400 INFO endpoints: ea503ba0-cf79-4755-a64a-df649c41d9ed Scheduling job: 003
2026-09-10T18:49:46-0400 INFO endpoints: b8b781a9-bb62-4ae8-886a-7b1b9a676537 Received request: GET /jobs
2026-09-10T18:49:46-0400 INFO dependencies: f5442467-f49b-42a6-9958-eda2ed0c9bb7 Received request: GET /jobs/001
2026-09-10T18:49:46-0400 INFO dependencies: 69e4480e-b821-4ec4-9526-a15562db7a2b Received request: POST /jobs/003/run
2026-09-10T18:49:46-0400 INFO dependencies: d28f7d47-3e36-4d60-81f5-260eaafa2b84 Received request: POST /jobs/003/run
2026-09-10T18:49:46-0400 ERROR job_service: 3941a987-c822-4c5c-abab-8829fb68663e Error for job: 003
2026-09-10T18:49:46-0400 INFO endpoints: 81921745-fbf6-4475-8c34-85d2f1cd6f73 Found job: 001
2026-09-10T18:49:46-0400 INFO endpoints: 6612acfd-8445-4e7a-b8e7-b4e35b7f7cdd Received request: GET /jobs
2026-09-10T18:49:46-0400 INFO endpoints: 0ad724fa-54da-41c5-9a2d-b9ec34bdfb73 Received request: GET /jobs
2026-09-10T18:49:46-0400 INFO dependencies: b45fdeb8-a1a1-4965-a15e-e6c60f5de526 Received request: GET /jobs/001
2026-09-10T18:49:46-0400 INFO endpoints: 25e3608b-44cd-42c7-9963-0d6795f8e4f1 Received request: GET /jobs
2026-09-10T18:49:46-0400 INFO dependencies: 1f755239-7e39-4be3-beac-680cec69bec8 Received request: POST /jobs/003/run
2026-09-10T18:49:46-0400 INFO dependencies: 34d96598-0db1-473d-b4e1-d5cd51a148c3 Received request: POST /jobs/003/run
2026-09-10T18:49:46-0400 INFO dependencies: 85c10b3e-5bbc-47ce-9a38-4b741ddc4d06 Received request: POST /jobs/003/run
2026-09-10T18:49:46-0400 INFO endpoints: 46e2b490-0432-4427-ab49-fca0af13009e Received request: GET /jobs
2026-09-10T18:49:46-0400 INFO endpoints: 3e169e1b-5aba-41ea-9c76-44ce6c6d944f Received request: GET /jobs
2026-09-10T18:49:46-0400 INFO dependencies: 0f999589-8e70-47cc-8419-1fd54bcbb41c Received request: GET /jobs/001
2026-09-10T18:49:46-0400 INFO job_service: f26f993b-a0c5-4022-a5b9-f705dae59e75 Processing Job: 003
2026-09-10T18:49:46-0400 ERROR job_service: f26f993b-a0c5-4022-a5b9-f705dae59e75 Error for job: 003
2026-09-10T18:49:46-0400 INFO job_service: 9d3e6e9a-36dd-4299-b1cf-c9bca09c2968 Processing Job: 003
2026-09-10T18:49:46-0400 ERROR job_service: 9d3e6e9a-36dd-4299-b1cf-c9bca09c2968 Error for job: 003
2026-09-10T18:49:46-0400 INFO job_service: fa2db317-eb94-42e1-821a-43d270a59cab Processing Job: 003
2026-09-10T18:49:46-0400 ERROR job_service: fa2db317-eb94-42e1-821a-43d270a59cab Error for job: 003
2026-09-10T18:49:46-0400 INFO endpoints: f6e95750-e47d-4b9a-a5e3-d2153c969322 Found job: 001
2026-09-10T18:49:46-0400 INFO endpoints: c2ad5bf4-2b75-43d7-bb52-db09a1472fc3 Scheduling job: 003
2026-09-10T18:49:46-0400 INFO endpoints: 063e5943-f23a-4080-aa51-b2678313af09 Scheduling job: 003
2026-09-10T18:49:46-0400 INFO endpoints: f5442467-f49b-42a6-9958-eda2ed0c9bb7 Found job: 001
2026-09-10T18:49:46-0400 INFO endpoints: d28f7d47-3e36-4d60-81f5-260eaafa2b84 Scheduling job: 003
2026-09-10T18:49:46-0400 INFO endpoints: 69e4480e-b821-4ec4-9526-a15562db7a2b Scheduling job: 003
2026-09-10T18:49:46-0400 INFO endpoints: 4408ea19-400a-48f8-882a-46c77c3193b3 Received request: GET /jobs
2026-09-10T18:49:46-0400 INFO dependencies: 4a40762c-b181-45d1-bdbe-f8914ddb497d Received request: POST /jobs/003/run
2026-09-10T18:49:46-0400 INFO dependencies: f16b6242-d630-4c1b-94ed-9407bbc456b6 Received request: GET /jobs/001
2026-09-10T18:49:46-0400 INFO endpoints: d56a729d-58c3-495f-aa42-52e0b8348ea1 Received request: GET /jobs
2026-09-10T18:49:46-0400 INFO dependencies: f3f73dfa-2270-4f94-a912-af247efacad1 Received request: POST /jobs/004/run
2026-09-10T18:49:46-0400 INFO dependencies: e20e2d7f-016d-448a-8933-c3a35eacf7ed Received request: GET /jobs/001
2026-09-10T18:49:46-0400 INFO dependencies: cc6cac1f-4fcf-466d-8b19-425cbc2675a5 Received request: GET /jobs/001
2026-09-10T18:49:46-0400 INFO endpoints: ea122ce9-243f-4657-af12-ec32b06e88b2 Received request: GET /jobs
2026-09-10T18:49:46-0400 INFO endpoints: ec08e980-360e-410d-b111-e350d46198b2 Received request: GET /jobs
2026-09-10T18:49:46-0400 INFO dependencies: 4d8983ae-cf2e-4714-a068-c39eb1000bc1 Received request: POST /jobs/003/run
2026-09-10T18:49:46-0400 INFO endpoints: 4e5cca5e-ff09-4445-b3ec-79985ef4ff8d Received request: GET /jobs
2026-09-10T18:49:46-0400 INFO dependencies: 41ccbce4-f918-4b87-b8fd-7ab65e36ceee Received request: GET /jobs/001
2026-09-10T18:49:46-0400 WARNING dependencies: f3f73dfa-2270-4f94-a912-af247efacad1 Job not found: 004
2026-09-10T18:49:46-0400 INFO dependencies: daa2ae62-01a9-42a8-bf98-ac2efdd229ef Received request: POST /jobs/004/run
2026-09-10T18:49:46-0400 INFO dependencies: ab7342cb-929f-49a5-9d79-06dfec31df3c Received request: GET /jobs/001
2026-09-10T18:49:46-0400 INFO dependencies: 9f9489c5-e4aa-4a34-818d-83943b279057 Received request: GET /jobs/001
2026-09-10T18:49:46-0400 INFO dependencies: 9bcf509d-eab3-4588-b42b-8daa7c7c7f5c Received request: POST /jobs/004/run
2026-09-10T18:49:46-0400 INFO endpoints: 13c3b1db-64cb-44c4-bdcc-ca556e5e26c8 Received request: GET /jobs
2026-09-10T18:49:46-0400 INFO endpoints: b45fdeb8-a1a1-4965-a15e-e6c60f5de526 Found job: 001
2026-09-10T18:49:46-0400 INFO endpoints: 34d96598-0db1-473d-b4e1-d5cd51a148c3 Scheduling job: 003
2026-09-10T18:49:46-0400 INFO endpoints: 85c10b3e-5bbc-47ce-9a38-4b741ddc4d06 Scheduling job: 003
2026-09-10T18:49:46-0400 INFO endpoints: 1f755239-7e39-4be3-beac-680cec69bec8 Scheduling job: 003
2026-09-10T18:49:46-0400 WARNING dependencies: daa2ae62-01a9-42a8-bf98-ac2efdd229ef Job not found: 004
2026-09-10T18:49:46-0400 INFO endpoints: 0f999589-8e70-47cc-8419-1fd54bcbb41c Found job: 001
2026-09-10T18:49:46-0400 WARNING dependencies: 9bcf509d-eab3-4588-b42b-8daa7c7c7f5c Job not found: 004
2026-09-10T18:49:46-0400 INFO endpoints: e88bf7e6-2ed3-4e2b-aafc-a6a7b7660878 Received request: GET /jobs
2026-09-10T18:49:46-0400 INFO endpoints: 95c8061d-a850-4b03-a206-92a483954595 Received request: GET /jobs
2026-09-10T18:49:46-0400 INFO dependencies: 12c775da-aa41-4aa0-8594-b3cc72e9e38e Received request: GET /jobs/1000
2026-09-10T18:49:46-0400 INFO dependencies: 81fbd8f8-3a77-4abf-b65c-a26127b620c2 Received request: POST /jobs/004/run
2026-09-10T18:49:46-0400 INFO endpoints: 2d558335-8c47-4e8e-b417-e3493ab36b51 Received request: GET /jobs
2026-09-10T18:49:46-0400 INFO job_service: ea503ba0-cf79-4755-a64a-df649c41d9ed Processing Job: 003
2026-09-10T18:49:46-0400 INFO endpoints: 4a40762c-b181-45d1-bdbe-f8914ddb497d Scheduling job: 003
2026-09-10T18:49:46-0400 INFO endpoints: f16b6242-d630-4c1b-94ed-9407bbc456b6 Found job: 001
2026-09-10T18:49:46-0400 INFO endpoints: c7174e3a-7674-4719-806d-cc51274d1a56 Received request: GET /jobs
2026-09-10T18:49:46-0400 INFO dependencies: 3a92dc71-2ea3-468b-933d-5adfe0976c04 Received request: POST /jobs/003/run
2026-09-10T18:49:46-0400 INFO dependencies: 45eca35f-0f13-416a-8392-aaba727cf92c Received request: GET /jobs/001
2026-09-10T18:49:46-0400 INFO dependencies: 452b18f4-4c79-4529-825b-d7a9387a59a5 Received request: GET /jobs/1000
2026-09-10T18:49:46-0400 WARNING dependencies: 12c775da-aa41-4aa0-8594-b3cc72e9e38e Job not found: 1000
2026-09-10T18:49:46-0400 WARNING dependencies: 81fbd8f8-3a77-4abf-b65c-a26127b620c2 Job not found: 004
2026-09-10T18:49:46-0400 INFO endpoints: e20e2d7f-016d-448a-8933-c3a35eacf7ed Found job: 001
2026-09-10T18:49:46-0400 INFO endpoints: cc6cac1f-4fcf-466d-8b19-425cbc2675a5 Found job: 001
2026-09-10T18:49:46-0400 ERROR job_service: ea503ba0-cf79-4755-a64a-df649c41d9ed Error for job: 003
2026-09-10T18:49:46-0400 INFO endpoints: 4d8983ae-cf2e-4714-a068-c39eb1000bc1 Scheduling job: 003
2026-09-10T18:49:46-0400 WARNING dependencies: 452b18f4-4c79-4529-825b-d7a9387a59a5 Job not found: 1000
2026-09-10T18:49:46-0400 INFO dependencies: 29bc70ce-7706-4a5e-8c0f-eb18575e28b0 Received request: POST /jobs/004/run
2026-09-10T18:49:46-0400 INFO dependencies: 233a8137-7e32-48f6-a32c-3b63d97fae89 Received request: POST /jobs/004/run
2026-09-10T18:49:46-0400 INFO dependencies: aeef394a-c53d-4a1b-b71a-8c90e470fef8 Received request: GET /jobs/1000
2026-09-10T18:49:46-0400 INFO dependencies: 426159ad-bd75-46aa-9c4d-15e55a4510de Received request: POST /jobs/004/run
2026-09-10T18:49:46-0400 INFO endpoints: 41ccbce4-f918-4b87-b8fd-7ab65e36ceee Found job: 001
2026-09-10T18:49:46-0400 INFO endpoints: ab7342cb-929f-49a5-9d79-06dfec31df3c Found job: 001
2026-09-10T18:49:46-0400 INFO endpoints: ff5f1185-8443-4495-88d4-bd4c12151b77 Received request: GET /jobs
2026-09-10T18:49:46-0400 INFO endpoints: 9f9489c5-e4aa-4a34-818d-83943b279057 Found job: 001
2026-09-10T18:49:46-0400 WARNING dependencies: 29bc70ce-7706-4a5e-8c0f-eb18575e28b0 Job not found: 004
2026-09-10T18:49:46-0400 WARNING dependencies: 233a8137-7e32-48f6-a32c-3b63d97fae89 Job not found: 004
2026-09-10T18:49:46-0400 WARNING dependencies: aeef394a-c53d-4a1b-b71a-8c90e470fef8 Job not found: 1000
2026-09-10T18:49:46-0400 WARNING dependencies: 426159ad-bd75-46aa-9c4d-15e55a4510de Job not found: 004
2026-09-10T18:49:46-0400 INFO job_service: c2ad5bf4-2b75-43d7-bb52-db09a1472fc3 Processing Job: 003
2026-09-10T18:49:46-0400 INFO job_service: 063e5943-f23a-4080-aa51-b2678313af09 Processing Job: 003
2026-09-10T18:49:46-0400 INFO dependencies: 2fa016a0-c292-461f-bab8-6dcfa21d1f6f Received request: GET /jobs/001
2026-09-10T18:49:46-0400 INFO dependencies: 16ce2b87-d23e-494a-9bab-d7659ad1b9ce Received request: GET /jobs/1000
2026-09-10T18:49:46-0400 INFO dependencies: 47186e15-6831-4a31-ad21-fc83ad3bfd02 Received request: POST /jobs/004/run
2026-09-10T18:49:47-0400 INFO job_service: d28f7d47-3e36-4d60-81f5-260eaafa2b84 Processing Job: 003
2026-09-10T18:49:47-0400 INFO job_service: 69e4480e-b821-4ec4-9526-a15562db7a2b Processing Job: 003
2026-09-10T18:49:47-0400 ERROR job_service: c2ad5bf4-2b75-43d7-bb52-db09a1472fc3 Error for job: 003
2026-09-10T18:49:47-0400 ERROR job_service: 063e5943-f23a-4080-aa51-b2678313af09 Error for job: 003
2026-09-10T18:49:47-0400 WARNING dependencies: 16ce2b87-d23e-494a-9bab-d7659ad1b9ce Job not found: 1000
2026-09-10T18:49:47-0400 WARNING dependencies: 47186e15-6831-4a31-ad21-fc83ad3bfd02 Job not found: 004
2026-09-10T18:49:47-0400 ERROR job_service: d28f7d47-3e36-4d60-81f5-260eaafa2b84 Error for job: 003
2026-09-10T18:49:47-0400 ERROR job_service: 69e4480e-b821-4ec4-9526-a15562db7a2b Error for job: 003
2026-09-10T18:49:47-0400 INFO endpoints: 2917d83e-cc0e-49ae-a40d-24e404ad9c59 Received request: GET /jobs
2026-09-10T18:49:47-0400 INFO endpoints: 58bdafc0-8a79-4323-8385-e9c4faab06d2 Received request: GET /jobs
2026-09-10T18:49:47-0400 INFO dependencies: 8f2455ce-d948-41c2-a3c1-30ea637a262f Received request: GET /jobs/1000
2026-09-10T18:49:47-0400 INFO endpoints: 3a92dc71-2ea3-468b-933d-5adfe0976c04 Scheduling job: 003
2026-09-10T18:49:47-0400 INFO endpoints: 45eca35f-0f13-416a-8392-aaba727cf92c Found job: 001
2026-09-10T18:49:47-0400 INFO endpoints: cc9aaab7-e809-493d-bce3-9cbef86ae793 Received request: GET /jobs
2026-09-10T18:49:47-0400 INFO dependencies: 0be5da2a-c95c-4475-a72e-26e5d34122d5 Received request: GET /jobs/001
2026-09-10T18:49:47-0400 INFO dependencies: 6a2fef32-ec32-44a1-b17f-c640077fecab Received request: POST /jobs/003/run
2026-09-10T18:49:47-0400 INFO dependencies: ef82ff09-9050-49f4-abe6-0ce52fef1a84 Received request: GET /jobs/001
2026-09-10T18:49:47-0400 INFO dependencies: 6e495e7f-140e-418d-a222-b367abad4be8 Received request: POST /jobs/004/run
2026-09-10T18:49:47-0400 WARNING dependencies: 8f2455ce-d948-41c2-a3c1-30ea637a262f Job not found: 1000
2026-09-10T18:49:47-0400 WARNING dependencies: 6e495e7f-140e-418d-a222-b367abad4be8 Job not found: 004
2026-09-10T18:49:47-0400 INFO job_service: 34d96598-0db1-473d-b4e1-d5cd51a148c3 Processing Job: 003
2026-09-10T18:49:47-0400 ERROR job_service: 34d96598-0db1-473d-b4e1-d5cd51a148c3 Error for job: 003
2026-09-10T18:49:47-0400 INFO job_service: 85c10b3e-5bbc-47ce-9a38-4b741ddc4d06 Processing Job: 003
2026-09-10T18:49:47-0400 ERROR job_service: 85c10b3e-5bbc-47ce-9a38-4b741ddc4d06 Error for job: 003
2026-09-10T18:49:47-0400 INFO endpoints: fd821392-368b-4882-bea5-632573d0808c Received request: GET /jobs
2026-09-10T18:49:47-0400 INFO endpoints: 90026df7-cb74-4cfd-a539-8aeebb35ce65 Received request: GET /jobs
2026-09-10T18:49:47-0400 INFO dependencies: 50b942d4-14c0-4fcb-a82c-1d14cdee6b89 Received request: GET /jobs/1000
2026-09-10T18:49:47-0400 WARNING dependencies: 50b942d4-14c0-4fcb-a82c-1d14cdee6b89 Job not found: 1000
2026-09-10T18:49:47-0400 INFO job_service: 1f755239-7e39-4be3-beac-680cec69bec8 Processing Job: 003
2026-09-10T18:49:47-0400 ERROR job_service: 1f755239-7e39-4be3-beac-680cec69bec8 Error for job: 003
2026-09-10T18:49:47-0400 INFO endpoints: 2fa016a0-c292-461f-bab8-6dcfa21d1f6f Found job: 001
2026-09-10T18:49:47-0400 INFO dependencies: a86cbed0-35ba-4aa1-976b-e0f4370ec8d6 Received request: POST /jobs/004/run
2026-09-10T18:49:47-0400 WARNING dependencies: a86cbed0-35ba-4aa1-976b-e0f4370ec8d6 Job not found: 004
2026-09-10T18:49:47-0400 INFO dependencies: 50d40794-c977-408d-aad1-14bc5a1a6415 Received request: POST /jobs/004/run
2026-09-10T18:49:47-0400 WARNING dependencies: 50d40794-c977-408d-aad1-14bc5a1a6415 Job not found: 004
2026-09-10T18:49:47-0400 INFO dependencies: 21997e00-9b2a-44db-bd05-fc3a533fd116 Received request: POST /jobs/004/run
2026-09-10T18:49:47-0400 INFO endpoints: 706cf328-a1c1-4583-9b8f-e123efcd6132 Received request: GET /jobs
2026-09-10T18:49:47-0400 INFO job_service: 4a40762c-b181-45d1-bdbe-f8914ddb497d Processing Job: 003
2026-09-10T18:49:47-0400 ERROR job_service: 4a40762c-b181-45d1-bdbe-f8914ddb497d Error for job: 003
2026-09-10T18:49:47-0400 WARNING dependencies: 21997e00-9b2a-44db-bd05-fc3a533fd116 Job not found: 004
2026-09-10T18:49:47-0400 INFO endpoints: 5145209f-c78a-4cbb-ab94-a95cbd7a4b93 Received request: GET /jobs
2026-09-10T18:49:47-0400 INFO endpoints: 129438f3-fa3c-4d4c-98cd-2653f6fab3af Received request: GET /jobs
2026-09-10T18:49:47-0400 INFO endpoints: 0be5da2a-c95c-4475-a72e-26e5d34122d5 Found job: 001
2026-09-10T18:49:47-0400 INFO endpoints: 6a2fef32-ec32-44a1-b17f-c640077fecab Scheduling job: 003
2026-09-10T18:49:47-0400 INFO endpoints: dd7d8f5e-ba3e-4783-880e-e350311bcaa3 Received request: GET /jobs
2026-09-10T18:49:47-0400 INFO job_service: 4d8983ae-cf2e-4714-a068-c39eb1000bc1 Processing Job: 003
2026-09-10T18:49:47-0400 ERROR job_service: 4d8983ae-cf2e-4714-a068-c39eb1000bc1 Error for job: 003
2026-09-10T18:49:47-0400 INFO endpoints: 503e51e4-8f0a-4005-b8c4-87f336a0c9cb Received request: GET /jobs
2026-09-10T18:49:47-0400 INFO endpoints: ae692468-7b1c-4270-a31b-c4869589fbfe Received request: GET /jobs
2026-09-10T18:49:47-0400 INFO endpoints: 5c862892-dedd-42cc-a64d-e20e9e0d9536 Received request: GET /jobs
2026-09-10T18:49:47-0400 INFO endpoints: cd82aa69-2ef3-4888-9ed7-c4bed0da3cca Received request: GET /jobs
2026-09-10T18:49:47-0400 INFO endpoints: ef82ff09-9050-49f4-abe6-0ce52fef1a84 Found job: 001
2026-09-10T18:49:47-0400 INFO dependencies: a03dcb19-773f-410c-86b7-8edf69747ca9 Received request: POST /jobs/003/run
2026-09-10T18:49:47-0400 INFO dependencies: b4887c79-ff81-497a-9e6d-f239274616ce Received request: POST /jobs/004/run
2026-09-10T18:49:47-0400 WARNING dependencies: b4887c79-ff81-497a-9e6d-f239274616ce Job not found: 004
2026-09-10T18:49:47-0400 INFO endpoints: 4cb555ee-9151-4993-b7ec-52025b78a8a5 Received request: GET /jobs
2026-09-10T18:49:47-0400 INFO dependencies: cff34e9d-606b-48c5-a012-e0c34dc21649 Received request: GET /jobs/1000
2026-09-10T18:49:47-0400 INFO dependencies: b3d4a109-2f61-4620-87e2-08c0a9be12d0 Received request: POST /jobs/004/run
2026-09-10T18:49:47-0400 WARNING dependencies: b3d4a109-2f61-4620-87e2-08c0a9be12d0 Job not found: 004
2026-09-10T18:49:47-0400 WARNING dependencies: cff34e9d-606b-48c5-a012-e0c34dc21649 Job not found: 1000
2026-09-10T18:49:47-0400 INFO dependencies: c4865c5a-3d65-4f44-ac69-98cede249abc Received request: GET /jobs/001
2026-09-10T18:49:47-0400 INFO dependencies: 6ed95e1f-9e22-4412-9a64-cca55944cc4c Received request: GET /jobs/1000
2026-09-10T18:49:47-0400 WARNING dependencies: 6ed95e1f-9e22-4412-9a64-cca55944cc4c Job not found: 1000
2026-09-10T18:49:47-0400 INFO dependencies: e43396c5-6345-438c-a26f-6b5b04ea8da6 Received request: POST /jobs/004/run
2026-09-10T18:49:47-0400 WARNING dependencies: e43396c5-6345-438c-a26f-6b5b04ea8da6 Job not found: 004
2026-09-10T18:49:47-0400 INFO endpoints: ba6cc39c-b96e-461c-a579-a1525ccf81b6 Received request: GET /jobs
2026-09-10T18:49:47-0400 INFO dependencies: 469e8e36-c387-471b-aee3-4e808eed3e95 Received request: GET /jobs/001
2026-09-10T18:49:47-0400 INFO endpoints: c78ced5c-3d9e-4770-ad4f-775b34505f4b Received request: GET /jobs
2026-09-10T18:49:47-0400 INFO dependencies: 7b1b7172-21dc-48dd-8739-c4271c1e5745 Received request: GET /jobs/001
2026-09-10T18:49:47-0400 INFO job_service: 3a92dc71-2ea3-468b-933d-5adfe0976c04 Processing Job: 003
2026-09-10T18:49:47-0400 ERROR job_service: 3a92dc71-2ea3-468b-933d-5adfe0976c04 Error for job: 003
2026-09-10T18:49:47-0400 INFO dependencies: fffdf326-870a-4030-bf57-8be296fa5fbe Received request: GET /jobs/001
2026-09-10T18:49:47-0400 INFO endpoints: a03dcb19-773f-410c-86b7-8edf69747ca9 Scheduling job: 003
2026-09-10T18:49:47-0400 INFO dependencies: 01c7f838-edc5-4261-880a-5be770674d4f Received request: GET /jobs/1000
2026-09-10T18:49:47-0400 WARNING dependencies: 01c7f838-edc5-4261-880a-5be770674d4f Job not found: 1000
2026-09-10T18:49:47-0400 INFO endpoints: 0871f363-06fc-4091-9d55-f528ac4b134c Received request: GET /jobs
2026-09-10T18:49:47-0400 INFO dependencies: 43e0114f-0bc8-4cbb-8ad4-48725ff7b884 Received request: GET /jobs/1000
2026-09-10T18:49:47-0400 INFO dependencies: d4d286ba-dcad-48d0-b726-f567711508f2 Received request: GET /jobs/001
2026-09-10T18:49:47-0400 WARNING dependencies: 43e0114f-0bc8-4cbb-8ad4-48725ff7b884 Job not found: 1000
2026-09-10T18:49:47-0400 INFO endpoints: c4865c5a-3d65-4f44-ac69-98cede249abc Found job: 001
2026-09-10T18:49:47-0400 INFO dependencies: 3c9aa205-80f4-4d7f-af5a-46fab8096937 Received request: GET /jobs/001
2026-09-10T18:49:47-0400 INFO endpoints: 469e8e36-c387-471b-aee3-4e808eed3e95 Found job: 001
2026-09-10T18:49:47-0400 INFO dependencies: a7df4113-6e66-43a6-8934-d6c296b78a06 Received request: GET /jobs/001
2026-09-10T18:49:47-0400 INFO dependencies: d740b1be-3629-401c-a345-fc49606be586 Received request: POST /jobs/003/run
2026-09-10T18:49:47-0400 INFO endpoints: ff47ebc7-7cbb-4ac3-9704-e5bfa10c759f Received request: GET /jobs
2026-09-10T18:49:47-0400 INFO endpoints: 7b1b7172-21dc-48dd-8739-c4271c1e5745 Found job: 001
2026-09-10T18:49:47-0400 INFO job_service: 6a2fef32-ec32-44a1-b17f-c640077fecab Processing Job: 003
2026-09-10T18:49:47-0400 ERROR job_service: 6a2fef32-ec32-44a1-b17f-c640077fecab Error for job: 003
2026-09-10T18:49:47-0400 INFO endpoints: fffdf326-870a-4030-bf57-8be296fa5fbe Found job: 001
2026-09-10T18:49:47-0400 INFO dependencies: 8927a112-bf39-4457-92df-29fdfbf6b79a Received request: POST /jobs/003/run
2026-09-10T18:49:47-0400 INFO dependencies: bef09b81-56a4-4f2d-a25c-cb52ee6e4b99 Received request: GET /jobs/1000
2026-09-10T18:49:47-0400 WARNING dependencies: bef09b81-56a4-4f2d-a25c-cb52ee6e4b99 Job not found: 1000
2026-09-10T18:49:47-0400 INFO endpoints: 015dd209-8b0d-42d0-9cff-bd36aabd6ac4 Received request: GET /jobs
2026-09-10T18:49:47-0400 INFO dependencies: 1c0b0a56-9a7c-4742-b0f4-ca16a65456b2 Received request: GET /jobs/001
2026-09-10T18:49:47-0400 INFO endpoints: 010b0dd9-b673-4cc5-bbae-47752bf6ccac Received request: GET /jobs
2026-09-10T18:49:47-0400 INFO endpoints: 8c17cf6a-1cfe-4005-9e6b-29cefaaa302a Received request: GET /jobs
2026-09-10T18:49:47-0400 INFO endpoints: 6858998f-872d-49d1-973a-f60f9d3951d2 Received request: GET /jobs
2026-09-10T18:49:47-0400 INFO endpoints: d4d286ba-dcad-48d0-b726-f567711508f2 Found job: 001
2026-09-10T18:49:47-0400 INFO endpoints: ba88bafc-40d2-4eb8-89fc-43061638a1b5 Received request: GET /jobs
2026-09-10T18:49:47-0400 INFO endpoints: 3c9aa205-80f4-4d7f-af5a-46fab8096937 Found job: 001
2026-09-10T18:49:47-0400 INFO endpoints: d740b1be-3629-401c-a345-fc49606be586 Scheduling job: 003
2026-09-10T18:49:47-0400 INFO endpoints: a7df4113-6e66-43a6-8934-d6c296b78a06 Found job: 001
2026-09-10T18:49:47-0400 INFO dependencies: 732954cc-7ed1-4b5d-826c-0ddee7fbb11a Received request: GET /jobs/1000
2026-09-10T18:49:47-0400 WARNING dependencies: 732954cc-7ed1-4b5d-826c-0ddee7fbb11a Job not found: 1000
2026-09-10T18:49:47-0400 INFO dependencies: 03adaf25-7a09-44f8-bfbd-ba0f98472ea6 Received request: POST /jobs/004/run
2026-09-10T18:49:47-0400 WARNING dependencies: 03adaf25-7a09-44f8-bfbd-ba0f98472ea6 Job not found: 004
2026-09-10T18:49:47-0400 INFO endpoints: 8927a112-bf39-4457-92df-29fdfbf6b79a Scheduling job: 003
2026-09-10T18:49:47-0400 INFO job_service: a03dcb19-773f-410c-86b7-8edf69747ca9 Processing Job: 003
2026-09-10T18:49:47-0400 INFO endpoints: a3a71619-8634-4f1f-ab06-1844d72d2e81 Received request: GET /jobs
2026-09-10T18:49:47-0400 INFO dependencies: b0632ae4-4a21-4c40-81c9-97ec4207504b Received request: POST /jobs/003/run
2026-09-10T18:49:47-0400 INFO dependencies: c0d9e1a9-fec2-4390-a343-10d36c852476 Received request: GET /jobs/001
2026-09-10T18:49:47-0400 ERROR job_service: a03dcb19-773f-410c-86b7-8edf69747ca9 Error for job: 003
2026-09-10T18:49:47-0400 INFO dependencies: 4025e476-e691-4a28-8c64-f515cac8106c Received request: POST /jobs/004/run
2026-09-10T18:49:47-0400 INFO endpoints: 1c0b0a56-9a7c-4742-b0f4-ca16a65456b2 Found job: 001
2026-09-10T18:49:47-0400 INFO dependencies: d1dca411-726b-487d-b55a-b41f2b1aad56 Received request: POST /jobs/004/run
2026-09-10T18:49:47-0400 WARNING dependencies: d1dca411-726b-487d-b55a-b41f2b1aad56 Job not found: 004
2026-09-10T18:49:47-0400 WARNING dependencies: 4025e476-e691-4a28-8c64-f515cac8106c Job not found: 004
2026-09-10T18:49:47-0400 INFO dependencies: d41c3737-99bb-461d-9c6e-c21e3e5a9477 Received request: GET /jobs/001
2026-09-10T18:49:47-0400 INFO endpoints: b0632ae4-4a21-4c40-81c9-97ec4207504b Scheduling job: 003
2026-09-10T18:49:47-0400 INFO dependencies: 2af967ad-6a52-4416-8202-52744d7d2308 Received request: GET /jobs/001
2026-09-10T18:49:47-0400 INFO endpoints: 191dbfa1-33e2-4897-8b3d-96e8c20904e5 Received request: GET /jobs
2026-09-10T18:49:47-0400 INFO dependencies: 46ec6fe8-84ec-4340-9d1e-ad037176f6d3 Received request: POST /jobs/004/run
2026-09-10T18:49:47-0400 INFO dependencies: de37f479-e4b5-449e-8ace-d4d2fb6caa9e Received request: GET /jobs/1000
2026-09-10T18:49:47-0400 INFO endpoints: c0d9e1a9-fec2-4390-a343-10d36c852476 Found job: 001
2026-09-10T18:49:47-0400 INFO endpoints: a873d3d0-0a2d-454b-be3a-4a64a5767a2c Received request: GET /jobs
2026-09-10T18:49:47-0400 INFO dependencies: d5d4ccc1-3cd8-4944-9f71-aaf58b2aaf94 Received request: GET /jobs/001
2026-09-10T18:49:47-0400 INFO endpoints: be2474b1-e40a-4039-9ccd-c6d4d6397b88 Received request: GET /jobs
2026-09-10T18:49:47-0400 WARNING dependencies: 46ec6fe8-84ec-4340-9d1e-ad037176f6d3 Job not found: 004
2026-09-10T18:49:47-0400 WARNING dependencies: de37f479-e4b5-449e-8ace-d4d2fb6caa9e Job not found: 1000
2026-09-10T18:49:47-0400 INFO dependencies: 32dc2fc0-03e5-4c19-8aa0-64f6c5b97d41 Received request: GET /jobs/001
2026-09-10T18:49:47-0400 INFO endpoints: bcfcbce9-946f-4166-9b28-b999e190b933 Received request: GET /jobs
2026-09-10T18:49:47-0400 INFO dependencies: 7bf3fdfc-7fc1-4bf1-ad80-9a9f2642ae77 Received request: GET /jobs/001
2026-09-10T18:49:47-0400 INFO job_service: d740b1be-3629-401c-a345-fc49606be586 Processing Job: 003
2026-09-10T18:49:47-0400 INFO endpoints: 6c51ec8d-2991-46a4-bda7-fc0c88aee8fc Received request: GET /jobs
2026-09-10T18:49:47-0400 INFO dependencies: a066bb3e-7887-4d6f-b2cf-0e1a553e707d Received request: GET /jobs/1000
2026-09-10T18:49:47-0400 INFO endpoints: d41c3737-99bb-461d-9c6e-c21e3e5a9477 Found job: 001
2026-09-10T18:49:47-0400 INFO job_service: 8927a112-bf39-4457-92df-29fdfbf6b79a Processing Job: 003
2026-09-10T18:49:47-0400 INFO dependencies: 172d26a3-fcd8-4c8a-99be-7e49e585c246 Received request: GET /jobs/001
2026-09-10T18:49:47-0400 INFO dependencies: 30515f01-bfcd-4c23-b0aa-9cf858292216 Received request: GET /jobs/001
2026-09-10T18:49:47-0400 INFO dependencies: 5a1ba725-ccd8-482b-a12d-5477c4e3c118 Received request: GET /jobs/001
2026-09-10T18:49:47-0400 INFO dependencies: 4187504c-e214-46e4-a22c-f7bbb9eaacd6 Received request: POST /jobs/003/run
2026-09-10T18:49:47-0400 ERROR job_service: d740b1be-3629-401c-a345-fc49606be586 Error for job: 003
2026-09-10T18:49:47-0400 WARNING dependencies: a066bb3e-7887-4d6f-b2cf-0e1a553e707d Job not found: 1000
2026-09-10T18:49:47-0400 ERROR job_service: 8927a112-bf39-4457-92df-29fdfbf6b79a Error for job: 003
2026-09-10T18:49:47-0400 INFO endpoints: 2af967ad-6a52-4416-8202-52744d7d2308 Found job: 001
2026-09-10T18:49:47-0400 INFO dependencies: 0c03212b-cf36-401b-a78f-c5020548ba80 Received request: POST /jobs/004/run
2026-09-10T18:49:47-0400 WARNING dependencies: 0c03212b-cf36-401b-a78f-c5020548ba80 Job not found: 004
2026-09-10T18:49:47-0400 INFO endpoints: d5d4ccc1-3cd8-4944-9f71-aaf58b2aaf94 Found job: 001
2026-09-10T18:49:47-0400 INFO dependencies: aaf689b9-860e-4360-9e71-d679e2df242f Received request: GET /jobs/001
2026-09-10T18:49:47-0400 INFO endpoints: 32dc2fc0-03e5-4c19-8aa0-64f6c5b97d41 Found job: 001
2026-09-10T18:49:47-0400 INFO dependencies: e1bf4e29-0032-4a36-8756-e1d130e67e59 Received request: GET /jobs/1000
2026-09-10T18:49:47-0400 INFO dependencies: 90ad85d2-310a-4e48-9b35-67692827ac1a Received request: POST /jobs/004/run
2026-09-10T18:49:47-0400 INFO dependencies: d59ed846-255d-425f-be08-c56866174659 Received request: POST /jobs/004/run
2026-09-10T18:49:47-0400 INFO dependencies: 30a05dcf-0a22-43cc-882c-86dbb6b454fb Received request: POST /jobs/004/run
2026-09-10T18:49:47-0400 WARNING dependencies: 30a05dcf-0a22-43cc-882c-86dbb6b454fb Job not found: 004
2026-09-10T18:49:47-0400 WARNING dependencies: e1bf4e29-0032-4a36-8756-e1d130e67e59 Job not found: 1000
2026-09-10T18:49:47-0400 WARNING dependencies: 90ad85d2-310a-4e48-9b35-67692827ac1a Job not found: 004
2026-09-10T18:49:47-0400 WARNING dependencies: d59ed846-255d-425f-be08-c56866174659 Job not found: 004
2026-09-10T18:49:47-0400 INFO endpoints: 7bf3fdfc-7fc1-4bf1-ad80-9a9f2642ae77 Found job: 001
2026-09-10T18:49:47-0400 INFO endpoints: ff4a7457-79f2-495a-b22c-73386e956325 Received request: GET /jobs
2026-09-10T18:49:47-0400 INFO job_service: b0632ae4-4a21-4c40-81c9-97ec4207504b Processing Job: 003
2026-09-10T18:49:47-0400 ERROR job_service: b0632ae4-4a21-4c40-81c9-97ec4207504b Error for job: 003
2026-09-10T18:49:47-0400 INFO dependencies: bb8edac4-f1e1-4aea-b246-a215dc664098 Received request: GET /jobs/1000
2026-09-10T18:49:47-0400 WARNING dependencies: bb8edac4-f1e1-4aea-b246-a215dc664098 Job not found: 1000
2026-09-10T18:49:47-0400 INFO dependencies: 19c3b867-84dc-4094-85d5-7a8ec91bec12 Received request: GET /jobs/001
2026-09-10T18:49:47-0400 INFO endpoints: 172d26a3-fcd8-4c8a-99be-7e49e585c246 Found job: 001
2026-09-10T18:49:47-0400 INFO endpoints: 30515f01-bfcd-4c23-b0aa-9cf858292216 Found job: 001
2026-09-10T18:49:47-0400 INFO endpoints: 175c08fc-6bbc-4b12-b790-ac9589ef936f Received request: GET /jobs
2026-09-10T18:49:47-0400 INFO endpoints: 5a1ba725-ccd8-482b-a12d-5477c4e3c118 Found job: 001
2026-09-10T18:49:47-0400 INFO endpoints: 4187504c-e214-46e4-a22c-f7bbb9eaacd6 Scheduling job: 003
2026-09-10T18:49:47-0400 INFO endpoints: 4b033bd6-8745-481b-ad36-3d4f567045cd Received request: GET /jobs
2026-09-10T18:49:47-0400 INFO endpoints: aaf689b9-860e-4360-9e71-d679e2df242f Found job: 001
2026-09-10T18:49:47-0400 INFO dependencies: 8c3666ad-1f7c-4ed7-9212-6b7f61231d63 Received request: GET /jobs/001
2026-09-10T18:49:47-0400 INFO endpoints: 19c3b867-84dc-4094-85d5-7a8ec91bec12 Found job: 001
2026-09-10T18:49:47-0400 INFO dependencies: a0a693b8-b093-4cc0-9f71-5b9e71995985 Received request: GET /jobs/001
2026-09-10T18:49:47-0400 INFO dependencies: 22d669ff-69d7-45f4-9fce-5b28d13a24d8 Received request: GET /jobs/1000
2026-09-10T18:49:47-0400 WARNING dependencies: 22d669ff-69d7-45f4-9fce-5b28d13a24d8 Job not found: 1000
2026-09-10T18:49:47-0400 INFO dependencies: f0a6466e-ac11-48e4-a6a0-fec6968f8ab4 Received request: POST /jobs/004/run
2026-09-10T18:49:47-0400 WARNING dependencies: f0a6466e-ac11-48e4-a6a0-fec6968f8ab4 Job not found: 004
2026-09-10T18:49:47-0400 INFO dependencies: c0120beb-fb3a-4e13-9064-ff1f48b6c769 Received request: GET /jobs/001
2026-09-10T18:49:47-0400 INFO endpoints: 8c3666ad-1f7c-4ed7-9212-6b7f61231d63 Found job: 001
2026-09-10T18:49:47-0400 INFO endpoints: 8f972d60-f05a-4118-bd0a-bf3874af4a75 Received request: GET /jobs
2026-09-10T18:49:47-0400 INFO dependencies: 9439bd73-e2f2-43de-9511-43dbe214d179 Received request: GET /jobs/001
2026-09-10T18:49:47-0400 INFO endpoints: 5b52dd01-4a37-4b8f-94fa-c46814b66e3f Received request: GET /jobs
2026-09-10T18:49:47-0400 INFO dependencies: ae8c26c4-225a-459f-b992-d0f6e9faf682 Received request: GET /jobs/001
2026-09-10T18:49:47-0400 INFO endpoints: a0a693b8-b093-4cc0-9f71-5b9e71995985 Found job: 001
2026-09-10T18:49:47-0400 INFO job_service: 4187504c-e214-46e4-a22c-f7bbb9eaacd6 Processing Job: 003
2026-09-10T18:49:47-0400 ERROR job_service: 4187504c-e214-46e4-a22c-f7bbb9eaacd6 Error for job: 003
2026-09-10T18:49:47-0400 INFO dependencies: 10849b44-2159-4530-ab17-d28df3c6c0c3 Received request: GET /jobs/1000
2026-09-10T18:49:47-0400 WARNING dependencies: 10849b44-2159-4530-ab17-d28df3c6c0c3 Job not found: 1000
2026-09-10T18:49:47-0400 INFO endpoints: c0120beb-fb3a-4e13-9064-ff1f48b6c769 Found job: 001
2026-09-10T18:49:47-0400 INFO dependencies: 54df2b5e-27b1-4706-9edc-9e18a966bd64 Received request: GET /jobs/001
2026-09-10T18:49:47-0400 INFO dependencies: a1c4408e-8ec8-4cb6-bdb0-c552c9600bda Received request: POST /jobs/004/run
2026-09-10T18:49:47-0400 WARNING dependencies: a1c4408e-8ec8-4cb6-bdb0-c552c9600bda Job not found: 004
2026-09-10T18:49:47-0400 INFO endpoints: 9439bd73-e2f2-43de-9511-43dbe214d179 Found job: 001
2026-09-10T18:49:47-0400 INFO dependencies: a3ca8322-2cb4-4cb7-8f65-047b1cfe0b50 Received request: GET /jobs/001
2026-09-10T18:49:47-0400 INFO endpoints: ae8c26c4-225a-459f-b992-d0f6e9faf682 Found job: 001
2026-09-10T18:49:47-0400 INFO endpoints: 5b6f4548-7aed-432d-a4f8-db46bdc0cc4a Received request: GET /jobs
2026-09-10T18:49:47-0400 INFO endpoints: 54df2b5e-27b1-4706-9edc-9e18a966bd64 Found job: 001
2026-09-10T18:49:47-0400 INFO endpoints: 198e18c1-f722-4b92-baeb-1bed6693b278 Received request: GET /jobs
2026-09-10T18:49:47-0400 INFO endpoints: b12fdb6a-6446-46eb-8cd4-c02a1d7c087f Received request: GET /jobs
2026-09-10T18:49:47-0400 INFO dependencies: eb950e3e-2b24-4af3-980c-1126a00a7635 Received request: GET /jobs/001
2026-09-10T18:49:47-0400 INFO dependencies: 859360eb-5188-40cd-8087-0869f9a15646 Received request: GET /jobs/1000
2026-09-10T18:49:47-0400 WARNING dependencies: 859360eb-5188-40cd-8087-0869f9a15646 Job not found: 1000
2026-09-10T18:49:47-0400 INFO endpoints: a3ca8322-2cb4-4cb7-8f65-047b1cfe0b50 Found job: 001
2026-09-10T18:49:47-0400 INFO dependencies: 63eb5cdc-9e79-4d22-9e5b-3773937b4589 Received request: GET /jobs/001
2026-09-10T18:49:47-0400 INFO dependencies: dbd645a4-adc5-4b0b-ab30-9d7450a34f6b Received request: POST /jobs/004/run
2026-09-10T18:49:47-0400 WARNING dependencies: dbd645a4-adc5-4b0b-ab30-9d7450a34f6b Job not found: 004
2026-09-10T18:49:47-0400 INFO endpoints: eb950e3e-2b24-4af3-980c-1126a00a7635 Found job: 001
2026-09-10T18:49:47-0400 INFO dependencies: 18b15047-a4f0-47ac-9727-e9b823202232 Received request: POST /jobs/003/run
2026-09-10T18:49:47-0400 INFO dependencies: 4a56d76b-b9ea-4028-9eb0-fd02a38cf335 Received request: GET /jobs/001
2026-09-10T18:49:47-0400 INFO endpoints: 5b7a46f2-e04e-4b23-94d5-bbb1241c40f2 Received request: GET /jobs
2026-09-10T18:49:47-0400 INFO endpoints: 63eb5cdc-9e79-4d22-9e5b-3773937b4589 Found job: 001
2026-09-10T18:49:47-0400 INFO endpoints: db5ce3dc-8d97-4ada-8e13-8d68f97f0c19 Received request: GET /jobs
2026-09-10T18:49:47-0400 INFO endpoints: 18b15047-a4f0-47ac-9727-e9b823202232 Scheduling job: 003
2026-09-10T18:49:47-0400 INFO dependencies: cfd79846-612a-44f9-b6f5-7f693c89afc0 Received request: GET /jobs/1000
2026-09-10T18:49:47-0400 WARNING dependencies: cfd79846-612a-44f9-b6f5-7f693c89afc0 Job not found: 1000
2026-09-10T18:49:47-0400 INFO endpoints: 4a56d76b-b9ea-4028-9eb0-fd02a38cf335 Found job: 001
2026-09-10T18:49:47-0400 INFO endpoints: ae05eba3-d83e-48a5-8013-d0f10b634429 Received request: GET /jobs
2026-09-10T18:49:47-0400 INFO dependencies: fb94a58b-d8eb-4943-b664-24c3f3771bc0 Received request: POST /jobs/003/run
2026-09-10T18:49:47-0400 INFO dependencies: b73f41d9-df09-486c-9f9f-01de9d641a0e Received request: GET /jobs/1000
2026-09-10T18:49:47-0400 WARNING dependencies: b73f41d9-df09-486c-9f9f-01de9d641a0e Job not found: 1000
2026-09-10T18:49:47-0400 INFO dependencies: ed96e0be-31a0-40ff-ae17-17b307b9f0fe Received request: GET /jobs/001
2026-09-10T18:49:47-0400 INFO endpoints: 3c9ce23b-2085-4dfc-9877-e069ffb47f9a Received request: GET /jobs
2026-09-10T18:49:47-0400 INFO endpoints: fb94a58b-d8eb-4943-b664-24c3f3771bc0 Scheduling job: 003
2026-09-10T18:49:47-0400 INFO endpoints: 5a7a8728-df13-481c-8eb0-21478e621242 Received request: GET /jobs
2026-09-10T18:49:47-0400 INFO job_service: 18b15047-a4f0-47ac-9727-e9b823202232 Processing Job: 003
2026-09-10T18:49:47-0400 ERROR job_service: 18b15047-a4f0-47ac-9727-e9b823202232 Error for job: 003
2026-09-10T18:49:47-0400 INFO endpoints: baedcf2f-34eb-4b00-bfcd-a083802c4c92 Received request: GET /jobs
2026-09-10T18:49:47-0400 INFO endpoints: ed96e0be-31a0-40ff-ae17-17b307b9f0fe Found job: 001
2026-09-10T18:49:47-0400 INFO dependencies: 6f8dc78a-5394-47b8-9a07-48bd05c9b89b Received request: GET /jobs/001
2026-09-10T18:49:47-0400 INFO job_service: fb94a58b-d8eb-4943-b664-24c3f3771bc0 Processing Job: 003
2026-09-10T18:49:47-0400 ERROR job_service: fb94a58b-d8eb-4943-b664-24c3f3771bc0 Error for job: 003
2026-09-10T18:49:47-0400 INFO dependencies: 7dd9a5a7-4b72-458c-8e46-28b715ac3a28 Received request: GET /jobs/001
2026-09-10T18:49:47-0400 INFO endpoints: 69d301f1-855c-4af5-b4ab-bd41ba5906d1 Received request: GET /jobs
2026-09-10T18:49:47-0400 INFO endpoints: 30f1335b-f09e-4254-8e6d-3e426ac905ad Received request: GET /jobs
2026-09-10T18:49:47-0400 INFO endpoints: 6f8dc78a-5394-47b8-9a07-48bd05c9b89b Found job: 001
2026-09-10T18:49:47-0400 INFO endpoints: 7dd9a5a7-4b72-458c-8e46-28b715ac3a28 Found job: 001
2026-09-10T18:49:47-0400 INFO endpoints: 32bba375-bcf7-4184-9220-f4566bedf310 Received request: GET /jobs
2026-09-10T18:49:47-0400 INFO dependencies: c3b33948-0291-4c8c-a32f-a9179a20ce15 Received request: GET /jobs/001
2026-09-10T18:49:47-0400 INFO dependencies: ff197571-f82b-480e-a77b-b8e00e45c946 Received request: GET /jobs/001
2026-09-10T18:49:47-0400 INFO dependencies: 3062b6ed-52f9-4beb-be85-39f7245ba128 Received request: POST /jobs/003/run
2026-09-10T18:49:47-0400 INFO dependencies: 5b3851ed-6543-4ea3-a0d6-cf35485654e4 Received request: POST /jobs/004/run
2026-09-10T18:49:47-0400 WARNING dependencies: 5b3851ed-6543-4ea3-a0d6-cf35485654e4 Job not found: 004
2026-09-10T18:49:47-0400 INFO endpoints: c3b33948-0291-4c8c-a32f-a9179a20ce15 Found job: 001
2026-09-10T18:49:47-0400 INFO endpoints: ff197571-f82b-480e-a77b-b8e00e45c946 Found job: 001
2026-09-10T18:49:47-0400 INFO endpoints: 3062b6ed-52f9-4beb-be85-39f7245ba128 Scheduling job: 003
2026-09-10T18:49:47-0400 INFO dependencies: 7ac8b3d7-e31b-4192-b2c1-a79b09483aa4 Received request: POST /jobs/004/run
2026-09-10T18:49:47-0400 WARNING dependencies: 7ac8b3d7-e31b-4192-b2c1-a79b09483aa4 Job not found: 004
2026-09-10T18:49:47-0400 INFO dependencies: bb010ed0-8213-4b20-b280-e209c975e35b Received request: POST /jobs/003/run
2026-09-10T18:49:47-0400 INFO endpoints: bb010ed0-8213-4b20-b280-e209c975e35b Scheduling job: 003
2026-09-10T18:49:47-0400 INFO job_service: 3062b6ed-52f9-4beb-be85-39f7245ba128 Processing Job: 003
2026-09-10T18:49:47-0400 ERROR job_service: 3062b6ed-52f9-4beb-be85-39f7245ba128 Error for job: 003
2026-09-10T18:49:47-0400 INFO job_service: bb010ed0-8213-4b20-b280-e209c975e35b Processing Job: 003
2026-09-10T18:49:47-0400 ERROR job_service: bb010ed0-8213-4b20-b280-e209c975e35b Error for job: 003
