run_id,timestamp,users,user_id,method,path,status_code,process_time_ms
1,2026-09-08T00:09:44.202529,30,1,GET,/jobs,200,16.973600024357438
1,2026-09-08T00:09:44.202529,30,2,GET,/jobs,200,18.213900038972497
1,2026-09-08T00:09:44.202529,30,3,POST,/jobs,201,28.722699964419007
1,2026-09-08T00:09:44.202529,30,4,GET,/jobs/001,200,27.072500088252127
1,2026-09-08T00:09:44.202529,30,5,GET,/jobs,200,18.98980000987649
1,2026-09-08T00:09:44.202529,30,6,DELETE,/jobs/002,404,18.735500052571297
1,2026-09-08T00:09:44.202529,30,7,DELETE,/jobs/1000,404,19.492399995215237
1,2026-09-08T00:09:44.202529,30,8,GET,/jobs,200,20.005299942567945
1,2026-09-08T00:09:44.202529,30,9,GET,/jobs,200,20.44310001656413
1,2026-09-08T00:09:44.202529,30,10,GET,/jobs,200,20.850099972449243
1,2026-09-08T00:09:44.202529,30,11,GET,/jobs/001,200,27.312500053085387
1,2026-09-08T00:09:44.202529,30,12,DELETE,/jobs/002,404,21.130400011315942
1,2026-09-08T00:09:44.202529,30,13,DELETE,/jobs/002,200,18.438300001434982
1,2026-09-08T00:09:44.202529,30,14,DELETE,/jobs/1000,404,19.22809996176511
1,2026-09-08T00:09:44.202529,30,15,GET,/jobs/002,404,20.445100031793118
1,2026-09-08T00:09:44.202529,30,16,DELETE,/jobs/1000,404,19.725500023923814
1,2026-09-08T00:09:44.202529,30,17,GET,/jobs,200,20.70230001118034
1,2026-09-08T00:09:44.202529,30,18,GET,/jobs/1000,404,20.588999963365495
1,2026-09-08T00:09:44.202529,30,19,PUT,/jobs/002,404,26.648500002920628
1,2026-09-08T00:09:44.202529,30,20,POST,/jobs,201,26.370700099505484
1,2026-09-08T00:09:44.202529,30,21,GET,/jobs/002,404,22.69070001784712
1,2026-09-08T00:09:44.202529,30,22,GET,/jobs,200,20.206000073812902
1,2026-09-08T00:09:44.202529,30,23,GET,/jobs,200,22.032200009562075
1,2026-09-08T00:09:44.202529,30,24,PUT,/jobs/001,200,25.29989997856319
1,2026-09-08T00:09:44.202529,30,25,POST,/jobs,201,26.94729994982481
1,2026-09-08T00:09:44.202529,30,26,POST,/jobs,201,25.359699968248606
1,2026-09-08T00:09:44.202529,30,27,POST,/jobs,201,26.52509999461472
1,2026-09-08T00:09:44.202529,30,28,GET,/jobs,200,21.808799938298762
1,2026-09-08T00:09:44.202529,30,29,PUT,/jobs/1000,404,25.167400017380714
1,2026-09-08T00:09:44.202529,30,30,GET,/jobs,200,19.74949997384101
2,2026-09-08T00:09:44.263735,30,1,GET,/jobs,200,9.90030006505549
2,2026-09-08T00:09:44.263735,30,2,GET,/jobs,200,11.867100023664534
2,2026-09-08T00:09:44.263735,30,3,POST,/jobs,201,28.288900037296116
2,2026-09-08T00:09:44.263735,30,4,GET,/jobs/001,200,21.701799938455224
2,2026-09-08T00:09:44.263735,30,5,GET,/jobs,200,14.25610005389899
2,2026-09-08T00:09:44.263735,30,6,DELETE,/jobs/002,200,14.921499998308718
2,2026-09-08T00:09:44.263735,30,7,DELETE,/jobs/1000,404,13.938099960796535
2,2026-09-08T00:09:44.263735,30,8,GET,/jobs,200,14.564399956725538
2,2026-09-08T00:09:44.263735,30,9,GET,/jobs,200,15.006400062702596
2,2026-09-08T00:09:44.263735,30,10,GET,/jobs,200,13.608700013719499
2,2026-09-08T00:09:44.263735,30,11,GET,/jobs/001,200,29.046399984508753
2,2026-09-08T00:09:44.263735,30,12,DELETE,/jobs/002,404,23.087300010956824
2,2026-09-08T00:09:44.263735,30,13,DELETE,/jobs/002,404,23.89079995919019
2,2026-09-08T00:09:44.263735,30,14,DELETE,/jobs/1000,404,16.831999993883073
2,2026-09-08T00:09:44.263735,30,15,GET,/jobs/002,404,22.427599993534386
2,2026-09-08T00:09:44.263735,30,16,DELETE,/jobs/1000,404,19.897200050763786
2,2026-09-08T00:09:44.263735,30,17,GET,/jobs,200,14.997799997217953
2,2026-09-08T00:09:44.263735,30,18,GET,/jobs/1000,404,21.507999976165593
2,2026-09-08T00:09:44.263735,30,19,PUT,/jobs/002,404,25.41679993737489
2,2026-09-08T00:09:44.263735,30,20,POST,/jobs,201,25.90849995613098
2,2026-09-08T00:09:44.263735,30,21,GET,/jobs/002,404,22.008800064213574
2,2026-09-08T00:09:44.263735,30,22,GET,/jobs,200,17.569300020113587
2,2026-09-08T00:09:44.263735,30,23,GET,/jobs,200,17.363199964165688
2,2026-09-08T00:09:44.263735,30,24,PUT,/jobs/001,200,23.798100068233907
2,2026-09-08T00:09:44.263735,30,25,POST,/jobs,201,22.990999976173043
2,2026-09-08T00:09:44.263735,30,26,POST,/jobs,201,23.86860002297908
2,2026-09-08T00:09:44.263735,30,27,POST,/jobs,201,22.76650001294911
2,2026-09-08T00:09:44.263735,30,28,GET,/jobs,200,17.818300053477287
2,2026-09-08T00:09:44.263735,30,29,PUT,/jobs/1000,404,23.614300065673888
2,2026-09-08T00:09:44.263735,30,30,GET,/jobs,200,17.769700032658875
3,2026-09-08T00:09:44.326110,30,1,GET,/jobs,200,10.052500059828162
3,2026-09-08T00:09:44.326110,30,2,GET,/jobs,200,14.503799960948527
3,2026-09-08T00:09:44.326110,30,3,POST,/jobs,201,33.003600081428885
3,2026-09-08T00:09:44.326110,30,4,GET,/jobs/001,200,23.340099956840277
3,2026-09-08T00:09:44.326110,30,5,GET,/jobs,200,15.165899996645749
3,2026-09-08T00:09:44.326110,30,6,DELETE,/jobs/002,200,16.42540004104376
3,2026-09-08T00:09:44.326110,30,7,DELETE,/jobs/1000,404,20.783300045877695
3,2026-09-08T00:09:44.326110,30,8,GET,/jobs,200,15.943299978971481
3,2026-09-08T00:09:44.326110,30,9,GET,/jobs,200,16.568700084462762
3,2026-09-08T00:09:44.326110,30,10,GET,/jobs,200,15.32570004928857
3,2026-09-08T00:09:44.326110,30,11,GET,/jobs/001,200,27.89379993919283
3,2026-09-08T00:09:44.326110,30,12,DELETE,/jobs/002,404,25.711199967190623
3,2026-09-08T00:09:44.326110,30,13,DELETE,/jobs/002,404,25.575999985449016
3,2026-09-08T00:09:44.326110,30,14,DELETE,/jobs/1000,404,26.22620004694909
3,2026-09-08T00:09:44.326110,30,15,GET,/jobs/002,404,27.33710000757128
3,2026-09-08T00:09:44.326110,30,16,DELETE,/jobs/1000,404,25.396700017154217
3,2026-09-08T00:09:44.326110,30,17,GET,/jobs,200,20.68030007649213
3,2026-09-08T00:09:44.326110,30,18,GET,/jobs/1000,404,25.018800050020218
3,2026-09-08T00:09:44.326110,30,19,PUT,/jobs/002,404,29.552799998782575
3,2026-09-08T00:09:44.326110,30,20,POST,/jobs,201,29.936299892142415
3,2026-09-08T00:09:44.326110,30,21,GET,/jobs/002,404,28.09709997382015
3,2026-09-08T00:09:44.326110,30,22,GET,/jobs,200,21.455800044350326
3,2026-09-08T00:09:44.326110,30,23,GET,/jobs,200,18.86959990952164
3,2026-09-08T00:09:44.326110,30,24,PUT,/jobs/001,200,26.23780001886189
3,2026-09-08T00:09:44.326110,30,25,POST,/jobs,201,26.813699980266392
3,2026-09-08T00:09:44.326110,30,26,POST,/jobs,201,27.01419999357313
3,2026-09-08T00:09:44.326110,30,27,POST,/jobs,201,26.6020999988541
3,2026-09-08T00:09:44.326110,30,28,GET,/jobs,200,19.218400004319847
3,2026-09-08T00:09:44.326110,30,29,PUT,/jobs/1000,404,27.06290001515299
3,2026-09-08T00:09:44.326110,30,30,GET,/jobs,200,20.13509999960661
4,2026-09-08T00:09:44.397122,30,1,GET,/jobs,200,15.129399951547384
4,2026-09-08T00:09:44.397122,30,2,GET,/jobs,200,16.195599921047688
4,2026-09-08T00:09:44.397122,30,3,POST,/jobs,201,34.67140009161085
4,2026-09-08T00:09:44.397122,30,4,GET,/jobs/001,200,29.10050004720688
4,2026-09-08T00:09:44.397122,30,5,GET,/jobs,200,18.12320004682988
4,2026-09-08T00:09:44.397122,30,6,DELETE,/jobs/002,200,18.97330000065267
4,2026-09-08T00:09:44.397122,30,7,DELETE,/jobs/1000,404,25.420199963264167
4,2026-09-08T00:09:44.397122,30,8,GET,/jobs,200,17.411499982699752
4,2026-09-08T00:09:44.397122,30,9,GET,/jobs,200,19.010100048035383
4,2026-09-08T00:09:44.397122,30,10,GET,/jobs,200,18.628499936312437
4,2026-09-08T00:09:44.397122,30,11,GET,/jobs/001,200,30.74319998268038
4,2026-09-08T00:09:44.397122,30,12,DELETE,/jobs/002,404,27.342099929228425
4,2026-09-08T00:09:44.397122,30,13,DELETE,/jobs/002,404,25.626500020734966
4,2026-09-08T00:09:44.397122,30,14,DELETE,/jobs/1000,404,26.414899970404804
4,2026-09-08T00:09:44.397122,30,15,GET,/jobs/002,404,28.18180003669113
4,2026-09-08T00:09:44.397122,30,16,DELETE,/jobs/1000,404,28.859200072474778
4,2026-09-08T00:09:44.397122,30,17,GET,/jobs,200,19.907300011254847
4,2026-09-08T00:09:44.397122,30,18,GET,/jobs/1000,404,27.905300026759505
4,2026-09-08T00:09:44.397122,30,19,PUT,/jobs/002,404,27.97150006517768
4,2026-09-08T00:09:44.397122,30,20,POST,/jobs,201,28.272399911656976
4,2026-09-08T00:09:44.397122,30,21,GET,/jobs/002,404,25.764100020751357
4,2026-09-08T00:09:44.397122,30,22,GET,/jobs,200,17.448600032366812
4,2026-09-08T00:09:44.397122,30,23,GET,/jobs,200,17.111800028942525
4,2026-09-08T00:09:44.397122,30,24,PUT,/jobs/001,200,27.248900034464896
4,2026-09-08T00:09:44.397122,30,25,POST,/jobs,201,27.18009997624904
4,2026-09-08T00:09:44.397122,30,26,POST,/jobs,201,28.428499936126173
4,2026-09-08T00:09:44.397122,30,27,POST,/jobs,201,26.94140002131462
4,2026-09-08T00:09:44.397122,30,28,GET,/jobs,200,16.787100001238286
4,2026-09-08T00:09:44.397122,30,29,PUT,/jobs/1000,404,27.062600012868643
4,2026-09-08T00:09:44.397122,30,30,GET,/jobs,200,17.12859992403537
5,2026-09-08T00:09:44.471542,30,1,GET,/jobs,200,17.65449997037649
5,2026-09-08T00:09:44.471542,30,2,GET,/jobs,200,18.629099940881133
5,2026-09-08T00:09:44.471542,30,3,POST,/jobs,201,32.47710003051907
5,2026-09-08T00:09:44.471542,30,4,GET,/jobs/001,200,25.066200061701238
5,2026-09-08T00:09:44.471542,30,5,GET,/jobs,200,19.08330002333969
5,2026-09-08T00:09:44.471542,30,6,DELETE,/jobs/002,200,24.197099963203073
5,2026-09-08T00:09:44.471542,30,7,DELETE,/jobs/1000,404,18.983100075274706
5,2026-09-08T00:09:44.471542,30,8,GET,/jobs,200,15.50510001834482
5,2026-09-08T00:09:44.471542,30,9,GET,/jobs,200,14.927499927580357
5,2026-09-08T00:09:44.471542,30,10,GET,/jobs,200,14.592000050470233
5,2026-09-08T00:09:44.471542,30,11,GET,/jobs/001,200,23.46590009983629
5,2026-09-08T00:09:44.471542,30,12,DELETE,/jobs/002,404,20.94570000190288
5,2026-09-08T00:09:44.471542,30,13,DELETE,/jobs/002,404,21.679500001482666
5,2026-09-08T00:09:44.471542,30,14,DELETE,/jobs/1000,404,21.384999970905483
5,2026-09-08T00:09:44.471542,30,15,GET,/jobs/002,404,22.673400002531707
5,2026-09-08T00:09:44.471542,30,16,DELETE,/jobs/1000,404,22.814300027675927
5,2026-09-08T00:09:44.471542,30,17,GET,/jobs,200,10.435799951665103
5,2026-09-08T00:09:44.471542,30,18,GET,/jobs/1000,404,21.57219999935478
5,2026-09-08T00:09:44.471542,30,19,PUT,/jobs/002,404,22.999800043180585
5,2026-09-08T00:09:44.471542,30,20,POST,/jobs,201,22.353199892677367
5,2026-09-08T00:09:44.471542,30,21,GET,/jobs/002,404,20.98859997931868
5,2026-09-08T00:09:44.471542,30,22,GET,/jobs,200,15.911900089122355
5,2026-09-08T00:09:44.471542,30,23,GET,/jobs,200,16.86809991952032
5,2026-09-08T00:09:44.471542,30,24,PUT,/jobs/001,200,23.8109000492841
5,2026-09-08T00:09:44.471542,30,25,POST,/jobs,201,22.555700037628412
5,2026-09-08T00:09:44.471542,30,26,POST,/jobs,201,23.561700014397502
5,2026-09-08T00:09:44.471542,30,27,POST,/jobs,201,23.18100002594292
5,2026-09-08T00:09:44.471542,30,28,GET,/jobs,200,15.659500029869378
5,2026-09-08T00:09:44.471542,30,29,PUT,/jobs/1000,404,23.437800002284348
5,2026-09-08T00:09:44.471542,30,30,GET,/jobs,200,16.280999989248812
6,2026-09-08T00:09:44.539463,30,1,GET,/jobs,200,12.634099926799536
6,2026-09-08T00:09:44.539463,30,2,GET,/jobs,200,12.837099959142506
6,2026-09-08T00:09:44.539463,30,3,POST,/jobs,201,28.680099989287555
6,2026-09-08T00:09:44.539463,30,4,GET,/jobs/001,200,30.022399965673685
6,2026-09-08T00:09:44.539463,30,5,GET,/jobs,200,13.003200059756637
6,2026-09-08T00:09:44.539463,30,6,DELETE,/jobs/002,200,16.087900032289326
6,2026-09-08T00:09:44.539463,30,7,DELETE,/jobs/1000,404,17.011000076308846
6,2026-09-08T00:09:44.539463,30,8,GET,/jobs,200,12.989499955438077
6,2026-09-08T00:09:44.539463,30,9,GET,/jobs,200,15.729500097222626
6,2026-09-08T00:09:44.539463,30,10,GET,/jobs,200,12.673099990934134
6,2026-09-08T00:09:44.539463,30,11,GET,/jobs/001,200,21.780299954116344
6,2026-09-08T00:09:44.539463,30,12,DELETE,/jobs/002,404,21.294399979524314
6,2026-09-08T00:09:44.539463,30,13,DELETE,/jobs/002,404,22.144500049762428
6,2026-09-08T00:09:44.539463,30,14,DELETE,/jobs/1000,404,21.878400002606213
6,2026-09-08T00:09:44.539463,30,15,GET,/jobs/002,404,22.809899994172156
6,2026-09-08T00:09:44.539463,30,16,DELETE,/jobs/1000,404,23.33090000320226
6,2026-09-08T00:09:44.539463,30,17,GET,/jobs,200,16.251199995167553
6,2026-09-08T00:09:44.539463,30,18,GET,/jobs/1000,404,23.12799997162074
6,2026-09-08T00:09:44.539463,30,19,PUT,/jobs/002,404,24.245799984782934
6,2026-09-08T00:09:44.539463,30,20,POST,/jobs,201,23.856600048020482
6,2026-09-08T00:09:44.539463,30,21,GET,/jobs/002,404,21.823300048708916
6,2026-09-08T00:09:44.539463,30,22,GET,/jobs,200,15.279200044460595
6,2026-09-08T00:09:44.539463,30,23,GET,/jobs,200,16.14960003644228
6,2026-09-08T00:09:44.539463,30,24,PUT,/jobs/001,200,25.981899932958186
6,2026-09-08T00:09:44.539463,30,25,POST,/jobs,201,23.974300012923777
6,2026-09-08T00:09:44.539463,30,26,POST,/jobs,201,24.676600005477667
6,2026-09-08T00:09:44.539463,30,27,POST,/jobs,201,24.86130001489073
6,2026-09-08T00:09:44.539463,30,28,GET,/jobs,200,17.43250002618879
6,2026-09-08T00:09:44.539463,30,29,PUT,/jobs/1000,404,25.838900008238852
6,2026-09-08T00:09:44.539463,30,30,GET,/jobs,200,14.913800056092441
7,2026-09-08T00:09:44.601802,30,1,GET,/jobs,200,14.421099913306534
7,2026-09-08T00:09:44.601802,30,2,GET,/jobs,200,16.929200035519898
7,2026-09-08T00:09:44.601802,30,3,POST,/jobs,201,39.32049998547882
7,2026-09-08T00:09:44.601802,30,4,GET,/jobs/001,200,34.47950002737343
7,2026-09-08T00:09:44.601802,30,5,GET,/jobs,200,18.774600001052022
7,2026-09-08T00:09:44.601802,30,6,DELETE,/jobs/002,200,18.112099962309003
7,2026-09-08T00:09:44.601802,30,7,DELETE,/jobs/1000,404,20.712199970148504
7,2026-09-08T00:09:44.601802,30,8,GET,/jobs,200,19.578099949285388
7,2026-09-08T00:09:44.601802,30,9,GET,/jobs,200,20.501799997873604
7,2026-09-08T00:09:44.601802,30,10,GET,/jobs,200,21.61690010689199
7,2026-09-08T00:09:44.601802,30,11,GET,/jobs/001,200,39.7821000078693
7,2026-09-08T00:09:44.601802,30,12,DELETE,/jobs/002,404,32.01850003097206
7,2026-09-08T00:09:44.601802,30,13,DELETE,/jobs/002,404,27.76809991337359
7,2026-09-08T00:09:44.601802,30,14,DELETE,/jobs/1000,404,30.413400032557547
7,2026-09-08T00:09:44.601802,30,15,GET,/jobs/002,404,31.237300019711256
7,2026-09-08T00:09:44.601802,30,16,DELETE,/jobs/1000,404,30.043100006878376
7,2026-09-08T00:09:44.601802,30,17,GET,/jobs,200,20.116199972108006
7,2026-09-08T00:09:44.601802,30,18,GET,/jobs/1000,404,30.120100011117756
7,2026-09-08T00:09:44.601802,30,19,PUT,/jobs/002,404,34.50950002297759
7,2026-09-08T00:09:44.601802,30,20,POST,/jobs,201,35.36480001639575
7,2026-09-08T00:09:44.601802,30,21,GET,/jobs/002,404,32.20450005028397
7,2026-09-08T00:09:44.601802,30,22,GET,/jobs,200,23.357099969871342
7,2026-09-08T00:09:44.601802,30,23,GET,/jobs,200,21.503199939616024
7,2026-09-08T00:09:44.601802,30,24,PUT,/jobs/001,200,34.335499978624284
7,2026-09-08T00:09:44.601802,30,25,POST,/jobs,201,34.70459999516606
7,2026-09-08T00:09:44.601802,30,26,POST,/jobs,201,34.27359997294843
7,2026-09-08T00:09:44.601802,30,27,POST,/jobs,201,34.918999997898936
7,2026-09-08T00:09:44.601802,30,28,GET,/jobs,200,23.802699986845255
7,2026-09-08T00:09:44.601802,30,29,PUT,/jobs/1000,404,34.65739998500794
7,2026-09-08T00:09:44.601802,30,30,GET,/jobs,200,21.161400014534593
8,2026-09-08T00:09:44.681706,30,1,GET,/jobs,200,14.339899993501604
8,2026-09-08T00:09:44.681706,30,2,GET,/jobs,200,15.779299894347787
8,2026-09-08T00:09:44.681706,30,3,POST,/jobs,201,34.41740002017468
8,2026-09-08T00:09:44.681706,30,4,GET,/jobs/001,200,24.915099958889186
8,2026-09-08T00:09:44.681706,30,5,GET,/jobs,200,17.737200018018484
8,2026-09-08T00:09:44.681706,30,6,DELETE,/jobs/002,200,16.912200022488832
8,2026-09-08T00:09:44.681706,30,7,DELETE,/jobs/1000,404,20.3930001007393
8,2026-09-08T00:09:44.681706,30,8,GET,/jobs,200,17.03840005211532
8,2026-09-08T00:09:44.681706,30,9,GET,/jobs,200,19.352600094862282
8,2026-09-08T00:09:44.681706,30,10,GET,/jobs,200,18.953399965539575
8,2026-09-08T00:09:44.681706,30,11,GET,/jobs/001,200,31.310300109907985
8,2026-09-08T00:09:44.681706,30,12,DELETE,/jobs/002,404,26.350000058300793
8,2026-09-08T00:09:44.681706,30,13,DELETE,/jobs/002,404,28.232800075784326
8,2026-09-08T00:09:44.681706,30,14,DELETE,/jobs/1000,404,27.076800004579127
8,2026-09-08T00:09:44.681706,30,15,GET,/jobs/002,404,27.951000025495887
8,2026-09-08T00:09:44.681706,30,16,DELETE,/jobs/1000,404,28.958799899555743
8,2026-09-08T00:09:44.681706,30,17,GET,/jobs,200,21.94399992004037
8,2026-09-08T00:09:44.681706,30,18,GET,/jobs/1000,404,29.459899989888072
8,2026-09-08T00:09:44.681706,30,19,PUT,/jobs/002,404,31.34009998757392
8,2026-09-08T00:09:44.681706,30,20,POST,/jobs,201,30.987299978733063
8,2026-09-08T00:09:44.681706,30,21,GET,/jobs/002,404,25.5163999972865
8,2026-09-08T00:09:44.681706,30,22,GET,/jobs,200,19.231899990700185
8,2026-09-08T00:09:44.681706,30,23,GET,/jobs,200,18.70949997100979
8,2026-09-08T00:09:44.681706,30,24,PUT,/jobs/001,200,27.54889999050647
8,2026-09-08T00:09:44.681706,30,25,POST,/jobs,201,26.930299936793745
8,2026-09-08T00:09:44.681706,30,26,POST,/jobs,201,27.176700066775084
8,2026-09-08T00:09:44.681706,30,27,POST,/jobs,201,27.06160000525415
8,2026-09-08T00:09:44.681706,30,28,GET,/jobs,200,19.876000005751848
8,2026-09-08T00:09:44.681706,30,29,PUT,/jobs/1000,404,27.575999964028597
8,2026-09-08T00:09:44.681706,30,30,GET,/jobs,200,19.64900002349168
9,2026-09-08T00:09:44.761456,30,1,GET,/jobs,200,13.511999975889921
9,2026-09-08T00:09:44.761456,30,2,GET,/jobs,200,16.42240001820028
9,2026-09-08T00:09:44.761456,30,3,POST,/jobs,201,31.14330000244081
9,2026-09-08T00:09:44.761456,30,4,GET,/jobs/001,200,24.61059996858239
9,2026-09-08T00:09:44.761456,30,5,GET,/jobs,200,16.25029998831451
9,2026-09-08T00:09:44.761456,30,6,DELETE,/jobs/002,200,18.47229991108179
9,2026-09-08T00:09:44.761456,30,7,DELETE,/jobs/1000,404,17.87709991913289
9,2026-09-08T00:09:44.761456,30,8,GET,/jobs,200,16.930599929764867
9,2026-09-08T00:09:44.761456,30,9,GET,/jobs,200,16.966600087471306
9,2026-09-08T00:09:44.761456,30,10,GET,/jobs,200,17.901899991557002
9,2026-09-08T00:09:44.761456,30,11,GET,/jobs/001,200,30.938400072045624
9,2026-09-08T00:09:44.761456,30,12,DELETE,/jobs/002,404,19.717799965292215
9,2026-09-08T00:09:44.761456,30,13,DELETE,/jobs/002,404,25.745399994775653
9,2026-09-08T00:09:44.761456,30,14,DELETE,/jobs/1000,404,17.762299976311624
9,2026-09-08T00:09:44.761456,30,15,GET,/jobs/002,404,25.037999963387847
9,2026-09-08T00:09:44.761456,30,16,DELETE,/jobs/1000,404,24.778699968010187
9,2026-09-08T00:09:44.761456,30,17,GET,/jobs,200,21.267700009047985
9,2026-09-08T00:09:44.761456,30,18,GET,/jobs/1000,404,26.23060008045286
9,2026-09-08T00:09:44.761456,30,19,PUT,/jobs/002,404,27.42910000961274
9,2026-09-08T00:09:44.761456,30,20,POST,/jobs,201,27.28809998370707
9,2026-09-08T00:09:44.761456,30,21,GET,/jobs/002,404,22.122700000181794
9,2026-09-08T00:09:44.761456,30,22,GET,/jobs,200,19.66220000758767
9,2026-09-08T00:09:44.761456,30,23,GET,/jobs,200,19.024199922569096
9,2026-09-08T00:09:44.761456,30,24,PUT,/jobs/001,200,24.168399977497756
9,2026-09-08T00:09:44.761456,30,25,POST,/jobs,201,25.446300045587122
9,2026-09-08T00:09:44.761456,30,26,POST,/jobs,201,25.353699922561646
9,2026-09-08T00:09:44.761456,30,27,POST,/jobs,201,26.02440002374351
9,2026-09-08T00:09:44.761456,30,28,GET,/jobs,200,19.237900036387146
9,2026-09-08T00:09:44.761456,30,29,PUT,/jobs/1000,404,24.217600002884865
9,2026-09-08T00:09:44.761456,30,30,GET,/jobs,200,18.53759994264692
10,2026-09-08T00:09:44.830674,30,1,GET,/jobs,200,13.59980006236583
10,2026-09-08T00:09:44.830674,30,2,GET,/jobs,200,13.52539996150881
10,2026-09-08T00:09:44.830674,30,3,POST,/jobs,201,32.08069992251694
10,2026-09-08T00:09:44.830674,30,4,GET,/jobs/001,200,23.042900022119284
10,2026-09-08T00:09:44.830674,30,5,GET,/jobs,200,15.108900028280914
10,2026-09-08T00:09:44.830674,30,6,DELETE,/jobs/002,200,19.156499998643994
10,2026-09-08T00:09:44.830674,30,7,DELETE,/jobs/1000,404,19.74420004989952
10,2026-09-08T00:09:44.830674,30,8,GET,/jobs,200,16.265499987639487
10,2026-09-08T00:09:44.830674,30,9,GET,/jobs,200,15.778300003148615
10,2026-09-08T00:09:44.830674,30,10,GET,/jobs,200,14.450600021518767
10,2026-09-08T00:09:44.830674,30,11,GET,/jobs/001,200,25.824800017289817
10,2026-09-08T00:09:44.830674,30,12,DELETE,/jobs/002,404,24.995299987494946
10,2026-09-08T00:09:44.830674,30,13,DELETE,/jobs/002,404,25.327199953608215
10,2026-09-08T00:09:44.830674,30,14,DELETE,/jobs/1000,404,25.808900012634695
10,2026-09-08T00:09:44.830674,30,15,GET,/jobs/002,404,23.4106999123469
10,2026-09-08T00:09:44.830674,30,16,DELETE,/jobs/1000,404,24.171600001864135
10,2026-09-08T00:09:44.830674,30,17,GET,/jobs,200,20.760499988682568
10,2026-09-08T00:09:44.830674,30,18,GET,/jobs/1000,404,23.235099972225726
10,2026-09-08T00:09:44.830674,30,19,PUT,/jobs/002,404,25.6954999640584
10,2026-09-08T00:09:44.830674,30,20,POST,/jobs,201,26.0144000640139
10,2026-09-08T00:09:44.830674,30,21,GET,/jobs/002,404,24.194899946451187
10,2026-09-08T00:09:44.830674,30,22,GET,/jobs,200,18.911799998022616
10,2026-09-08T00:09:44.830674,30,23,GET,/jobs,200,19.422800047323108
10,2026-09-08T00:09:44.830674,30,24,PUT,/jobs/001,200,26.245499961078167
10,2026-09-08T00:09:44.830674,30,25,POST,/jobs,201,27.447800035588443
10,2026-09-08T00:09:44.830674,30,26,POST,/jobs,201,26.487900060601532
10,2026-09-08T00:09:44.830674,30,27,POST,/jobs,201,26.28840005490929
10,2026-09-08T00:09:44.830674,30,28,GET,/jobs,200,19.455399946309626
10,2026-09-08T00:09:44.830674,30,29,PUT,/jobs/1000,404,25.557200075127184
10,2026-09-08T00:09:44.830674,30,30,GET,/jobs,200,19.193400046788156
11,2026-09-08T00:09:44.899271,100,1,GET,/jobs,200,19.591000047512352
11,2026-09-08T00:09:44.899271,100,2,GET,/jobs,200,31.493699993006885
11,2026-09-08T00:09:44.899271,100,3,POST,/jobs,201,111.79939995054156
11,2026-09-08T00:09:44.899271,100,4,GET,/jobs/001,200,70.00639999751002
11,2026-09-08T00:09:44.899271,100,5,GET,/jobs,200,40.44019989669323
11,2026-09-08T00:09:44.899271,100,6,DELETE,/jobs/002,200,51.883299951441586
11,2026-09-08T00:09:44.899271,100,7,DELETE,/jobs/1000,404,53.864600020460784
11,2026-09-08T00:09:44.899271,100,8,GET,/jobs,200,44.21069996897131
11,2026-09-08T00:09:44.899271,100,9,GET,/jobs,200,50.37620000075549
11,2026-09-08T00:09:44.899271,100,10,GET,/jobs,200,44.740800047293305
11,2026-09-08T00:09:44.899271,100,11,GET,/jobs/001,200,108.1327999709174
11,2026-09-08T00:09:44.899271,100,12,DELETE,/jobs/002,404,53.82819997612387
11,2026-09-08T00:09:44.899271,100,13,DELETE,/jobs/002,404,53.62870008684695
11,2026-09-08T00:09:44.899271,100,14,DELETE,/jobs/1000,404,57.24930006545037
11,2026-09-08T00:09:44.899271,100,15,GET,/jobs/002,404,55.94390002079308
11,2026-09-08T00:09:44.899271,100,16,DELETE,/jobs/1000,404,53.30379994120449
11,2026-09-08T00:09:44.899271,100,17,GET,/jobs,200,51.311500021256506
11,2026-09-08T00:09:44.899271,100,18,GET,/jobs/1000,404,52.969599957577884
11,2026-09-08T00:09:44.899271,100,19,PUT,/jobs/002,404,106.61810007877648
11,2026-09-08T00:09:44.899271,100,20,POST,/jobs,201,104.52290007378906
11,2026-09-08T00:09:44.899271,100,21,GET,/jobs/002,404,67.90580006781965
11,2026-09-08T00:09:44.899271,100,22,GET,/jobs,200,60.903700068593025
11,2026-09-08T00:09:44.899271,100,23,GET,/jobs,200,59.48779999744147
11,2026-09-08T00:09:44.899271,100,24,PUT,/jobs/001,200,108.37669996544719
11,2026-09-08T00:09:44.899271,100,25,POST,/jobs,201,110.34630006179214
11,2026-09-08T00:09:44.899271,100,26,POST,/jobs,201,105.97159992903471
11,2026-09-08T00:09:44.899271,100,27,POST,/jobs,201,103.2248999690637
11,2026-09-08T00:09:44.899271,100,28,GET,/jobs,200,54.884200100786984
11,2026-09-08T00:09:44.899271,100,29,PUT,/jobs/1000,404,108.92189992591739
11,2026-09-08T00:09:44.899271,100,30,GET,/jobs,200,55.94210000708699
11,2026-09-08T00:09:44.899271,100,31,PUT,/jobs/001,200,101.42780002206564
11,2026-09-08T00:09:44.899271,100,32,DELETE,/jobs/1000,404,63.85409994982183
11,2026-09-08T00:09:44.899271,100,33,DELETE,/jobs/1000,404,54.692699923180044
11,2026-09-08T00:09:44.899271,100,34,DELETE,/jobs/002,404,67.38849997054785
11,2026-09-08T00:09:44.899271,100,35,GET,/jobs,200,54.99860004056245
11,2026-09-08T00:09:44.899271,100,36,GET,/jobs,200,59.53070009127259
11,2026-09-08T00:09:44.899271,100,37,GET,/jobs/002,404,70.2232999028638
11,2026-09-08T00:09:44.899271,100,38,GET,/jobs,200,56.27000005915761
11,2026-09-08T00:09:44.899271,100,39,GET,/jobs/001,200,109.93390006478876
11,2026-09-08T00:09:44.899271,100,40,PUT,/jobs/002,404,107.86949994508177
11,2026-09-08T00:09:44.899271,100,41,PUT,/jobs/1000,404,107.63059998862445
11,2026-09-08T00:09:44.899271,100,42,POST,/jobs,201,102.1808999357745
11,2026-09-08T00:09:44.899271,100,43,POST,/jobs,201,108.53159998077899
11,2026-09-08T00:09:44.899271,100,44,GET,/jobs/1000,404,74.08540009055287
11,2026-09-08T00:09:44.899271,100,45,POST,/jobs,201,103.77020004671067
11,2026-09-08T00:09:44.899271,100,46,GET,/jobs,200,64.86739998217672
11,2026-09-08T00:09:44.899271,100,47,DELETE,/jobs/002,404,75.7029999513179
11,2026-09-08T00:09:44.899271,100,48,DELETE,/jobs/002,404,76.13509998191148
11,2026-09-08T00:09:44.899271,100,49,GET,/jobs/002,404,69.63709997944534
11,2026-09-08T00:09:44.899271,100,50,PUT,/jobs/002,404,104.51129998546094
11,2026-09-08T00:09:44.899271,100,51,DELETE,/jobs/002,404,70.50040003377944
11,2026-09-08T00:09:44.899271,100,52,POST,/jobs,201,104.86149997450411
11,2026-09-08T00:09:44.899271,100,53,GET,/jobs,200,62.43499997071922
11,2026-09-08T00:09:44.899271,100,54,GET,/jobs/001,200,103.55780005920678
11,2026-09-08T00:09:44.899271,100,55,POST,/jobs,201,105.08030001074076
11,2026-09-08T00:09:44.899271,100,56,POST,/jobs,201,105.50110007170588
11,2026-09-08T00:09:44.899271,100,57,GET,/jobs/1000,404,73.05759994778782
11,2026-09-08T00:09:44.899271,100,58,POST,/jobs,201,107.05410002265126
11,2026-09-08T00:09:44.899271,100,59,PUT,/jobs/002,404,105.72630004025996
11,2026-09-08T00:09:44.899271,100,60,PUT,/jobs/001,200,106.07899993192405
11,2026-09-08T00:09:44.899271,100,61,POST,/jobs,201,106.34980001486838
11,2026-09-08T00:09:44.899271,100,62,GET,/jobs/1000,404,75.22679993417114
11,2026-09-08T00:09:44.899271,100,63,DELETE,/jobs/1000,404,77.10180000867695
11,2026-09-08T00:09:44.899271,100,64,DELETE,/jobs/1000,404,77.39899994339794
11,2026-09-08T00:09:44.899271,100,65,DELETE,/jobs/1000,404,77.78399996459484
11,2026-09-08T00:09:44.899271,100,66,POST,/jobs,201,106.98889999184757
11,2026-09-08T00:09:44.899271,100,67,GET,/jobs/1000,404,78.044299967587
11,2026-09-08T00:09:44.899271,100,68,PUT,/jobs/001,200,107.140599982813
11,2026-09-08T00:09:44.899271,100,69,GET,/jobs,200,65.88540005031973
11,2026-09-08T00:09:44.899271,100,70,GET,/jobs,200,67.35150003805757
11,2026-09-08T00:09:44.899271,100,71,GET,/jobs/1000,404,79.37459996901453
11,2026-09-08T00:09:44.899271,100,72,GET,/jobs/1000,404,80.28329990338534
11,2026-09-08T00:09:44.899271,100,73,PUT,/jobs/1000,404,104.70590007025748
11,2026-09-08T00:09:44.899271,100,74,GET,/jobs,200,63.11910005751997
11,2026-09-08T00:09:44.899271,100,75,PUT,/jobs/002,404,103.40250004082918
11,2026-09-08T00:09:44.899271,100,76,DELETE,/jobs/1000,404,72.477399953641
11,2026-09-08T00:09:44.899271,100,77,DELETE,/jobs/1000,404,75.2411000430584
11,2026-09-08T00:09:44.899271,100,78,DELETE,/jobs/002,404,73.72889993712306
11,2026-09-08T00:09:44.899271,100,79,GET,/jobs,200,58.15930000972003
11,2026-09-08T00:09:44.899271,100,80,DELETE,/jobs/1000,404,76.97030005510896
11,2026-09-08T00:09:44.899271,100,81,POST,/jobs,201,95.11710004881024
11,2026-09-08T00:09:44.899271,100,82,POST,/jobs,201,95.29029997065663
11,2026-09-08T00:09:44.899271,100,83,GET,/jobs/002,404,70.9082999965176
11,2026-09-08T00:09:44.899271,100,84,GET,/jobs,200,62.71139997988939
11,2026-09-08T00:09:44.899271,100,85,POST,/jobs,201,97.22260001581162
11,2026-09-08T00:09:44.899271,100,86,GET,/jobs/1000,404,71.25819998327643
11,2026-09-08T00:09:44.899271,100,87,GET,/jobs,200,59.26530004944652
11,2026-09-08T00:09:44.899271,100,88,POST,/jobs,201,97.23439998924732
11,2026-09-08T00:09:44.899271,100,89,DELETE,/jobs/002,404,74.70290001947433
11,2026-09-08T00:09:44.899271,100,90,GET,/jobs/002,404,74.23560007009655
11,2026-09-08T00:09:44.899271,100,91,GET,/jobs/1000,404,72.57379998918623
11,2026-09-08T00:09:44.899271,100,92,DELETE,/jobs/002,404,73.25989997480065
11,2026-09-08T00:09:44.899271,100,93,DELETE,/jobs/1000,404,73.36399995256215
11,2026-09-08T00:09:44.899271,100,94,PUT,/jobs/001,200,96.30900004412979
11,2026-09-08T00:09:44.899271,100,95,GET,/jobs,200,63.536600093357265
11,2026-09-08T00:09:44.899271,100,96,POST,/jobs,201,96.07460000552237
11,2026-09-08T00:09:44.899271,100,97,POST,/jobs,201,96.29350004252046
11,2026-09-08T00:09:44.899271,100,98,GET,/jobs,200,66.18329999037087
11,2026-09-08T00:09:44.899271,100,99,GET,/jobs/1000,404,74.00270004291087
11,2026-09-08T00:09:44.899271,100,100,GET,/jobs,200,72.82100000884384
12,2026-09-08T00:09:45.157308,100,1,GET,/jobs,200,26.783299981616437
12,2026-09-08T00:09:45.157308,100,2,GET,/jobs,200,27.32530003413558
12,2026-09-08T00:09:45.157308,100,3,POST,/jobs,201,92.64940000139177
12,2026-09-08T00:09:45.157308,100,4,GET,/jobs/001,200,56.24589999206364
12,2026-09-08T00:09:45.157308,100,5,GET,/jobs,200,37.90500003378838
12,2026-09-08T00:09:45.157308,100,6,DELETE,/jobs/002,200,38.50689996033907
12,2026-09-08T00:09:45.157308,100,7,DELETE,/jobs/1000,404,42.15610004030168
12,2026-09-08T00:09:45.157308,100,8,GET,/jobs,200,42.58750006556511
12,2026-09-08T00:09:45.157308,100,9,GET,/jobs,200,43.20069996174425
12,2026-09-08T00:09:45.157308,100,10,GET,/jobs,200,43.79649995826185
12,2026-09-08T00:09:45.157308,100,11,GET,/jobs/001,200,80.49149997532368
12,2026-09-08T00:09:45.157308,100,12,DELETE,/jobs/002,404,46.52430000714958
12,2026-09-08T00:09:45.157308,100,13,DELETE,/jobs/002,404,47.20529995393008
12,2026-09-08T00:09:45.157308,100,14,DELETE,/jobs/1000,404,47.877600067295134
12,2026-09-08T00:09:45.157308,100,15,GET,/jobs/002,404,47.94489999767393
12,2026-09-08T00:09:45.157308,100,16,DELETE,/jobs/1000,404,46.994099975563586
12,2026-09-08T00:09:45.157308,100,17,GET,/jobs,200,48.357399995438755
12,2026-09-08T00:09:45.157308,100,18,GET,/jobs/1000,404,49.942699959501624
12,2026-09-08T00:09:45.157308,100,19,PUT,/jobs/002,404,86.71140007209033
12,2026-09-08T00:09:45.157308,100,20,POST,/jobs,201,84.75429995451123
12,2026-09-08T00:09:45.157308,100,21,GET,/jobs/002,404,51.665799925103784
12,2026-09-08T00:09:45.157308,100,22,GET,/jobs,200,48.785399994812906
12,2026-09-08T00:09:45.157308,100,23,GET,/jobs,200,50.07669993210584
12,2026-09-08T00:09:45.157308,100,24,PUT,/jobs/001,200,86.9185000192374
12,2026-09-08T00:09:45.157308,100,25,POST,/jobs,201,87.11379999294877
12,2026-09-08T00:09:45.157308,100,26,POST,/jobs,201,84.27560003474355
12,2026-09-08T00:09:45.157308,100,27,POST,/jobs,201,83.97969999350607
12,2026-09-08T00:09:45.157308,100,28,GET,/jobs,200,48.119100043550134
12,2026-09-08T00:09:45.157308,100,29,PUT,/jobs/1000,404,84.52889998443425
12,2026-09-08T00:09:45.157308,100,30,GET,/jobs,200,47.446200042031705
12,2026-09-08T00:09:45.157308,100,31,PUT,/jobs/001,200,83.56520009692758
12,2026-09-08T00:09:45.157308,100,32,DELETE,/jobs/1000,404,52.905900054611266
12,2026-09-08T00:09:45.157308,100,33,DELETE,/jobs/1000,404,51.517499960027635
12,2026-09-08T00:09:45.157308,100,34,DELETE,/jobs/002,404,50.727699999697506
12,2026-09-08T00:09:45.157308,100,35,GET,/jobs,200,50.5229999544099
12,2026-09-08T00:09:45.157308,100,36,GET,/jobs,200,49.70719991251826
12,2026-09-08T00:09:45.157308,100,37,GET,/jobs/002,404,57.77349998243153
12,2026-09-08T00:09:45.157308,100,38,GET,/jobs,200,47.79510002117604
12,2026-09-08T00:09:45.157308,100,39,GET,/jobs/001,200,88.46730005461723
12,2026-09-08T00:09:45.157308,100,40,PUT,/jobs/002,404,83.06900004390627
12,2026-09-08T00:09:45.157308,100,41,PUT,/jobs/1000,404,84.15959996636957
12,2026-09-08T00:09:45.157308,100,42,POST,/jobs,201,83.5549000184983
12,2026-09-08T00:09:45.157308,100,43,POST,/jobs,201,82.55719998851418
12,2026-09-08T00:09:45.157308,100,44,GET,/jobs/1000,404,54.78130001574755
12,2026-09-08T00:09:45.157308,100,45,POST,/jobs,201,80.14299999922514
12,2026-09-08T00:09:45.157308,100,46,GET,/jobs,200,49.518799991346896
12,2026-09-08T00:09:45.157308,100,47,DELETE,/jobs/002,404,59.97280008159578
12,2026-09-08T00:09:45.157308,100,48,DELETE,/jobs/002,404,58.97679994814098
12,2026-09-08T00:09:45.157308,100,49,GET,/jobs/002,404,56.55139998998493
12,2026-09-08T00:09:45.157308,100,50,PUT,/jobs/002,404,80.33439994323999
12,2026-09-08T00:09:45.157308,100,51,DELETE,/jobs/002,404,52.787299966439605
12,2026-09-08T00:09:45.157308,100,52,POST,/jobs,201,83.21700000669807
12,2026-09-08T00:09:45.157308,100,53,GET,/jobs,200,47.32100002001971
12,2026-09-08T00:09:45.157308,100,54,GET,/jobs/001,200,89.07029998954386
12,2026-09-08T00:09:45.157308,100,55,POST,/jobs,201,81.13089995458722
12,2026-09-08T00:09:45.157308,100,56,POST,/jobs,201,80.87820000946522
12,2026-09-08T00:09:45.157308,100,57,GET,/jobs/1000,404,55.02430000342429
12,2026-09-08T00:09:45.157308,100,58,POST,/jobs,201,79.79350001551211
12,2026-09-08T00:09:45.157308,100,59,PUT,/jobs/002,404,82.35119993332773
12,2026-09-08T00:09:45.157308,100,60,PUT,/jobs/001,200,81.70390001032501
12,2026-09-08T00:09:45.157308,100,61,POST,/jobs,201,81.49030001368374
12,2026-09-08T00:09:45.157308,100,62,GET,/jobs/1000,404,53.0871000373736
12,2026-09-08T00:09:45.157308,100,63,DELETE,/jobs/1000,404,62.14769999496639
12,2026-09-08T00:09:45.157308,100,64,DELETE,/jobs/1000,404,62.46879999525845
12,2026-09-08T00:09:45.157308,100,65,DELETE,/jobs/1000,404,59.57789998501539
12,2026-09-08T00:09:45.157308,100,66,POST,/jobs,201,75.77090000268072
12,2026-09-08T00:09:45.157308,100,67,GET,/jobs/1000,404,60.8071000315249
12,2026-09-08T00:09:45.157308,100,68,PUT,/jobs/001,200,76.37849997263402
12,2026-09-08T00:09:45.157308,100,69,GET,/jobs,200,44.55320001579821
12,2026-09-08T00:09:45.157308,100,70,GET,/jobs,200,44.98269991017878
12,2026-09-08T00:09:45.157308,100,71,GET,/jobs/1000,404,61.481399927288294
12,2026-09-08T00:09:45.157308,100,72,GET,/jobs/1000,404,54.351800004951656
12,2026-09-08T00:09:45.157308,100,73,PUT,/jobs/1000,404,76.42389996908605
12,2026-09-08T00:09:45.157308,100,74,GET,/jobs,200,53.800599998794496
12,2026-09-08T00:09:45.157308,100,75,PUT,/jobs/002,404,77.10929994937032
12,2026-09-08T00:09:45.157308,100,76,DELETE,/jobs/1000,404,61.07469997368753
12,2026-09-08T00:09:45.157308,100,77,DELETE,/jobs/1000,404,62.13929993100464
12,2026-09-08T00:09:45.157308,100,78,DELETE,/jobs/002,404,60.5648000491783
12,2026-09-08T00:09:45.157308,100,79,GET,/jobs,200,47.23200004082173
12,2026-09-08T00:09:45.157308,100,80,DELETE,/jobs/1000,404,57.51419998705387
12,2026-09-08T00:09:45.157308,100,81,POST,/jobs,201,76.45900000352412
12,2026-09-08T00:09:45.157308,100,82,POST,/jobs,201,76.30839990451932
12,2026-09-08T00:09:45.157308,100,83,GET,/jobs/002,404,56.33699998725206
12,2026-09-08T00:09:45.157308,100,84,GET,/jobs,200,48.91639994457364
12,2026-09-08T00:09:45.157308,100,85,POST,/jobs,201,75.91580005828291
12,2026-09-08T00:09:45.157308,100,86,GET,/jobs/1000,404,53.98229998536408
12,2026-09-08T00:09:45.157308,100,87,GET,/jobs,200,44.30299997329712
12,2026-09-08T00:09:45.157308,100,88,POST,/jobs,201,76.7671000212431
12,2026-09-08T00:09:45.157308,100,89,DELETE,/jobs/002,404,57.301900000311434
12,2026-09-08T00:09:45.157308,100,90,GET,/jobs/002,404,53.53390006348491
12,2026-09-08T00:09:45.157308,100,91,GET,/jobs/1000,404,62.62720003724098
12,2026-09-08T00:09:45.157308,100,92,DELETE,/jobs/002,404,62.31190008111298
12,2026-09-08T00:09:45.157308,100,93,DELETE,/jobs/1000,404,61.884399969130754
12,2026-09-08T00:09:45.157308,100,94,PUT,/jobs/001,200,76.3816999970004
12,2026-09-08T00:09:45.157308,100,95,GET,/jobs,200,47.59959992952645
12,2026-09-08T00:09:45.157308,100,96,POST,/jobs,201,75.86320000700653
12,2026-09-08T00:09:45.157308,100,97,POST,/jobs,201,75.78179996926337
12,2026-09-08T00:09:45.157308,100,98,GET,/jobs,200,49.05629996210337
12,2026-09-08T00:09:45.157308,100,99,GET,/jobs/1000,404,60.80239999573678
12,2026-09-08T00:09:45.157308,100,100,GET,/jobs,200,46.79219995159656
13,2026-09-08T00:09:45.364628,100,1,GET,/jobs,200,13.68700002785772
13,2026-09-08T00:09:45.364628,100,2,GET,/jobs,200,24.842999991960824
13,2026-09-08T00:09:45.364628,100,3,POST,/jobs,201,91.47750004194677
13,2026-09-08T00:09:45.364628,100,4,GET,/jobs/001,200,53.570999996736646
13,2026-09-08T00:09:45.364628,100,5,GET,/jobs,200,31.26770001836121
13,2026-09-08T00:09:45.364628,100,6,DELETE,/jobs/002,200,35.360799985937774
13,2026-09-08T00:09:45.364628,100,7,DELETE,/jobs/1000,404,37.71409997716546
13,2026-09-08T00:09:45.364628,100,8,GET,/jobs,200,36.61390009801835
13,2026-09-08T00:09:45.364628,100,9,GET,/jobs,200,35.67280003335327
13,2026-09-08T00:09:45.364628,100,10,GET,/jobs,200,36.24759998638183
13,2026-09-08T00:09:45.364628,100,11,GET,/jobs/001,200,54.61220000870526
13,2026-09-08T00:09:45.364628,100,12,DELETE,/jobs/002,404,36.19220003020018
13,2026-09-08T00:09:45.364628,100,13,DELETE,/jobs/002,404,39.53660000115633
13,2026-09-08T00:09:45.364628,100,14,DELETE,/jobs/1000,404,39.21519999857992
13,2026-09-08T00:09:45.364628,100,15,GET,/jobs/002,404,38.993800058960915
13,2026-09-08T00:09:45.364628,100,16,DELETE,/jobs/1000,404,37.984499940648675
13,2026-09-08T00:09:45.364628,100,17,GET,/jobs,200,36.60660004243255
13,2026-09-08T00:09:45.364628,100,18,GET,/jobs/1000,404,39.62509997654706
13,2026-09-08T00:09:45.364628,100,19,PUT,/jobs/002,404,81.61250001285225
13,2026-09-08T00:09:45.364628,100,20,POST,/jobs,201,80.82899998407811
13,2026-09-08T00:09:45.364628,100,21,GET,/jobs/002,404,38.59790007118136
13,2026-09-08T00:09:45.364628,100,22,GET,/jobs,200,47.064200043678284
13,2026-09-08T00:09:45.364628,100,23,GET,/jobs,200,42.959799990057945
13,2026-09-08T00:09:45.364628,100,24,PUT,/jobs/001,200,88.25799997430295
13,2026-09-08T00:09:45.364628,100,25,POST,/jobs,201,80.67880000453442
13,2026-09-08T00:09:45.364628,100,26,POST,/jobs,201,81.90140000078827
13,2026-09-08T00:09:45.364628,100,27,POST,/jobs,201,87.88410003762692
13,2026-09-08T00:09:45.364628,100,28,GET,/jobs,200,40.048800059594214
13,2026-09-08T00:09:45.364628,100,29,PUT,/jobs/1000,404,87.05860003829002
13,2026-09-08T00:09:45.364628,100,30,GET,/jobs,200,44.841499999165535
13,2026-09-08T00:09:45.364628,100,31,PUT,/jobs/001,200,80.06190008018166
13,2026-09-08T00:09:45.364628,100,32,DELETE,/jobs/1000,404,39.5294000627473
13,2026-09-08T00:09:45.364628,100,33,DELETE,/jobs/1000,404,47.52389993518591
13,2026-09-08T00:09:45.364628,100,34,DELETE,/jobs/002,404,47.90510004386306
13,2026-09-08T00:09:45.364628,100,35,GET,/jobs,200,43.21160004474223
13,2026-09-08T00:09:45.364628,100,36,GET,/jobs,200,41.27160005737096
13,2026-09-08T00:09:45.364628,100,37,GET,/jobs/002,404,52.6470000622794
13,2026-09-08T00:09:45.364628,100,38,GET,/jobs,200,44.71759998705238
13,2026-09-08T00:09:45.364628,100,39,GET,/jobs/001,200,99.12000002805144
13,2026-09-08T00:09:45.364628,100,40,PUT,/jobs/002,404,96.70220001135021
13,2026-09-08T00:09:45.364628,100,41,PUT,/jobs/1000,404,97.98009996302426
13,2026-09-08T00:09:45.364628,100,42,POST,/jobs,201,93.05239992681891
13,2026-09-08T00:09:45.364628,100,43,POST,/jobs,201,85.1900998968631
13,2026-09-08T00:09:45.364628,100,44,GET,/jobs/1000,404,63.699399936012924
13,2026-09-08T00:09:45.364628,100,45,POST,/jobs,201,88.5485999751836
13,2026-09-08T00:09:45.364628,100,46,GET,/jobs,200,45.44720007106662
13,2026-09-08T00:09:45.364628,100,47,DELETE,/jobs/002,404,55.60900003183633
13,2026-09-08T00:09:45.364628,100,48,DELETE,/jobs/002,404,52.4764999281615
13,2026-09-08T00:09:45.364628,100,49,GET,/jobs/002,404,62.06449994351715
13,2026-09-08T00:09:45.364628,100,50,PUT,/jobs/002,404,87.12180005386472
13,2026-09-08T00:09:45.364628,100,51,DELETE,/jobs/002,404,58.71190002653748
13,2026-09-08T00:09:45.364628,100,52,POST,/jobs,201,90.49570001661777
13,2026-09-08T00:09:45.364628,100,53,GET,/jobs,200,46.38590000104159
13,2026-09-08T00:09:45.364628,100,54,GET,/jobs/001,200,91.88490000087768
13,2026-09-08T00:09:45.364628,100,55,POST,/jobs,201,92.59889996610582
13,2026-09-08T00:09:45.364628,100,56,POST,/jobs,201,89.49080004822463
13,2026-09-08T00:09:45.364628,100,57,GET,/jobs/1000,404,57.10949993226677
13,2026-09-08T00:09:45.364628,100,58,POST,/jobs,201,90.09640000294894
13,2026-09-08T00:09:45.364628,100,59,PUT,/jobs/002,404,87.86819991655648
13,2026-09-08T00:09:45.364628,100,60,PUT,/jobs/001,200,92.66610001213849
13,2026-09-08T00:09:45.364628,100,61,POST,/jobs,201,91.6824999731034
13,2026-09-08T00:09:45.364628,100,62,GET,/jobs/1000,404,59.05079992953688
13,2026-09-08T00:09:45.364628,100,63,DELETE,/jobs/1000,404,59.44470001850277
13,2026-09-08T00:09:45.364628,100,64,DELETE,/jobs/1000,404,59.62920002639294
13,2026-09-08T00:09:45.364628,100,65,DELETE,/jobs/1000,404,62.96249991282821
13,2026-09-08T00:09:45.364628,100,66,POST,/jobs,201,88.70010008104146
13,2026-09-08T00:09:45.364628,100,67,GET,/jobs/1000,404,63.02170001436025
13,2026-09-08T00:09:45.364628,100,68,PUT,/jobs/001,200,93.17389992065728
13,2026-09-08T00:09:45.364628,100,69,GET,/jobs,200,47.85159998573363
13,2026-09-08T00:09:45.364628,100,70,GET,/jobs,200,49.27820002194494
13,2026-09-08T00:09:45.364628,100,71,GET,/jobs/1000,404,60.76680007390678
13,2026-09-08T00:09:45.364628,100,72,GET,/jobs/1000,404,61.68639997486025
13,2026-09-08T00:09:45.364628,100,73,PUT,/jobs/1000,404,94.03849998489022
13,2026-09-08T00:09:45.364628,100,74,GET,/jobs,200,46.105600078590214
13,2026-09-08T00:09:45.364628,100,75,PUT,/jobs/002,404,94.06909998506308
13,2026-09-08T00:09:45.364628,100,76,DELETE,/jobs/1000,404,61.285599949769676
13,2026-09-08T00:09:45.364628,100,77,DELETE,/jobs/1000,404,62.71709990687668
13,2026-09-08T00:09:45.364628,100,78,DELETE,/jobs/002,404,57.11710010655224
13,2026-09-08T00:09:45.364628,100,79,GET,/jobs,200,40.87190004065633
13,2026-09-08T00:09:45.364628,100,80,DELETE,/jobs/1000,404,60.094599961303174
13,2026-09-08T00:09:45.364628,100,81,POST,/jobs,201,88.02919997833669
13,2026-09-08T00:09:45.364628,100,82,POST,/jobs,201,87.81589998397976
13,2026-09-08T00:09:45.364628,100,83,GET,/jobs/002,404,60.60550000984222
13,2026-09-08T00:09:45.364628,100,84,GET,/jobs,200,39.85959989950061
13,2026-09-08T00:09:45.364628,100,85,POST,/jobs,201,87.64589997008443
13,2026-09-08T00:09:45.364628,100,86,GET,/jobs/1000,404,54.12330001126975
13,2026-09-08T00:09:45.364628,100,87,GET,/jobs,200,42.76169999502599
13,2026-09-08T00:09:45.364628,100,88,POST,/jobs,201,88.11040001455694
13,2026-09-08T00:09:45.364628,100,89,DELETE,/jobs/002,404,54.141500033438206
13,2026-09-08T00:09:45.364628,100,90,GET,/jobs/002,404,57.80599999707192
13,2026-09-08T00:09:45.364628,100,91,GET,/jobs/1000,404,59.17120003141463
13,2026-09-08T00:09:45.364628,100,92,DELETE,/jobs/002,404,60.310699976980686
13,2026-09-08T00:09:45.364628,100,93,DELETE,/jobs/1000,404,60.67600008100271
13,2026-09-08T00:09:45.364628,100,94,PUT,/jobs/001,200,87.59409992489964
13,2026-09-08T00:09:45.364628,100,95,GET,/jobs,200,53.5700999898836
13,2026-09-08T00:09:45.364628,100,96,POST,/jobs,201,88.74740009196103
13,2026-09-08T00:09:45.364628,100,97,POST,/jobs,201,88.25520006939769
13,2026-09-08T00:09:45.364628,100,98,GET,/jobs,200,54.187199915759265
13,2026-09-08T00:09:45.364628,100,99,GET,/jobs/1000,404,59.84210001770407
13,2026-09-08T00:09:45.364628,100,100,GET,/jobs,200,55.224700015969574
14,2026-09-08T00:09:45.562857,100,1,GET,/jobs,200,32.975199981592596
14,2026-09-08T00:09:45.562857,100,2,GET,/jobs,200,43.76929998397827
14,2026-09-08T00:09:45.562857,100,3,POST,/jobs,201,108.10760001186281
14,2026-09-08T00:09:45.562857,100,4,GET,/jobs/001,200,68.7596999341622
14,2026-09-08T00:09:45.562857,100,5,GET,/jobs,200,47.7746999822557
14,2026-09-08T00:09:45.562857,100,6,DELETE,/jobs/002,200,48.49179997108877
14,2026-09-08T00:09:45.562857,100,7,DELETE,/jobs/1000,404,58.02830005995929
14,2026-09-08T00:09:45.562857,100,8,GET,/jobs,200,54.7578000696376
14,2026-09-08T00:09:45.562857,100,9,GET,/jobs,200,55.17059995327145
14,2026-09-08T00:09:45.562857,100,10,GET,/jobs,200,52.0636000437662
14,2026-09-08T00:09:45.562857,100,11,GET,/jobs/001,200,85.8326000161469
14,2026-09-08T00:09:45.562857,100,12,DELETE,/jobs/002,404,56.96899991016835
14,2026-09-08T00:09:45.562857,100,13,DELETE,/jobs/002,404,56.0154999839142
14,2026-09-08T00:09:45.562857,100,14,DELETE,/jobs/1000,404,56.44159996882081
14,2026-09-08T00:09:45.562857,100,15,GET,/jobs/002,404,56.430399999953806
14,2026-09-08T00:09:45.562857,100,16,DELETE,/jobs/1000,404,57.11399996653199
14,2026-09-08T00:09:45.562857,100,17,GET,/jobs,200,55.46089995186776
14,2026-09-08T00:09:45.562857,100,18,GET,/jobs/1000,404,56.35099997743964
14,2026-09-08T00:09:45.562857,100,19,PUT,/jobs/002,404,103.16389997024089
14,2026-09-08T00:09:45.562857,100,20,POST,/jobs,201,103.70099998544902
14,2026-09-08T00:09:45.562857,100,21,GET,/jobs/002,404,56.381799979135394
14,2026-09-08T00:09:45.562857,100,22,GET,/jobs,200,55.73080002795905
14,2026-09-08T00:09:45.562857,100,23,GET,/jobs,200,61.33569998200983
14,2026-09-08T00:09:45.562857,100,24,PUT,/jobs/001,200,108.79500000737607
14,2026-09-08T00:09:45.562857,100,25,POST,/jobs,201,99.78539997246116
14,2026-09-08T00:09:45.562857,100,26,POST,/jobs,201,108.2925999071449
14,2026-09-08T00:09:45.562857,100,27,POST,/jobs,201,107.14199999347329
14,2026-09-08T00:09:45.562857,100,28,GET,/jobs,200,57.21819994505495
14,2026-09-08T00:09:45.562857,100,29,PUT,/jobs/1000,404,105.33910000231117
14,2026-09-08T00:09:45.562857,100,30,GET,/jobs,200,60.82999997306615
14,2026-09-08T00:09:45.562857,100,31,PUT,/jobs/001,200,105.92709993943572
14,2026-09-08T00:09:45.562857,100,32,DELETE,/jobs/1000,404,67.25670001469553
14,2026-09-08T00:09:45.562857,100,33,DELETE,/jobs/1000,404,66.68050005100667
14,2026-09-08T00:09:45.562857,100,34,DELETE,/jobs/002,404,65.39410003460944
14,2026-09-08T00:09:45.562857,100,35,GET,/jobs,200,57.67010001000017
14,2026-09-08T00:09:45.562857,100,36,GET,/jobs,200,59.94250008370727
14,2026-09-08T00:09:45.562857,100,37,GET,/jobs/002,404,78.09279998764396
14,2026-09-08T00:09:45.562857,100,38,GET,/jobs,200,59.68329997267574
14,2026-09-08T00:09:45.562857,100,39,GET,/jobs/001,200,105.57989997323602
14,2026-09-08T00:09:45.562857,100,40,PUT,/jobs/002,404,103.86859998106956
14,2026-09-08T00:09:45.562857,100,41,PUT,/jobs/1000,404,105.41999991983175
14,2026-09-08T00:09:45.562857,100,42,POST,/jobs,201,102.89429989643395
14,2026-09-08T00:09:45.562857,100,43,POST,/jobs,201,101.27269988879561
14,2026-09-08T00:09:45.562857,100,44,GET,/jobs/1000,404,75.76749997679144
14,2026-09-08T00:09:45.562857,100,45,POST,/jobs,201,100.6166998995468
14,2026-09-08T00:09:45.562857,100,46,GET,/jobs,200,64.04719990678132
14,2026-09-08T00:09:45.562857,100,47,DELETE,/jobs/002,404,65.11450000107288
14,2026-09-08T00:09:45.562857,100,48,DELETE,/jobs/002,404,66.35099998675287
14,2026-09-08T00:09:45.562857,100,49,GET,/jobs/002,404,68.93770000897348
14,2026-09-08T00:09:45.562857,100,50,PUT,/jobs/002,404,104.94319989811629
14,2026-09-08T00:09:45.562857,100,51,DELETE,/jobs/002,404,81.78200002294034
14,2026-09-08T00:09:45.562857,100,52,POST,/jobs,201,98.70700002647936
14,2026-09-08T00:09:45.562857,100,53,GET,/jobs,200,60.36470003891736
14,2026-09-08T00:09:45.562857,100,54,GET,/jobs/001,200,104.10929995123297
14,2026-09-08T00:09:45.562857,100,55,POST,/jobs,201,107.55029995925725
14,2026-09-08T00:09:45.562857,100,56,POST,/jobs,201,106.59550002310425
14,2026-09-08T00:09:45.562857,100,57,GET,/jobs/1000,404,64.47510002180934
14,2026-09-08T00:09:45.562857,100,58,POST,/jobs,201,99.52849999535829
14,2026-09-08T00:09:45.562857,100,59,PUT,/jobs/002,404,102.68909996375442
14,2026-09-08T00:09:45.562857,100,60,PUT,/jobs/001,200,108.46910008694977
14,2026-09-08T00:09:45.562857,100,61,POST,/jobs,201,100.33049993216991
14,2026-09-08T00:09:45.562857,100,62,GET,/jobs/1000,404,78.7779000820592
14,2026-09-08T00:09:45.562857,100,63,DELETE,/jobs/1000,404,77.69259996712208
14,2026-09-08T00:09:45.562857,100,64,DELETE,/jobs/1000,404,72.10979994852096
14,2026-09-08T00:09:45.562857,100,65,DELETE,/jobs/1000,404,78.20780004840344
14,2026-09-08T00:09:45.562857,100,66,POST,/jobs,201,91.65710001252592
14,2026-09-08T00:09:45.562857,100,67,GET,/jobs/1000,404,65.47749997116625
14,2026-09-08T00:09:45.562857,100,68,PUT,/jobs/001,200,91.14420006517321
14,2026-09-08T00:09:45.562857,100,69,GET,/jobs,200,48.83629991672933
14,2026-09-08T00:09:45.562857,100,70,GET,/jobs,200,50.31510000117123
14,2026-09-08T00:09:45.562857,100,71,GET,/jobs/1000,404,68.3624999364838
14,2026-09-08T00:09:45.562857,100,72,GET,/jobs/1000,404,69.15760005358607
14,2026-09-08T00:09:45.562857,100,73,PUT,/jobs/1000,404,90.9702000208199
14,2026-09-08T00:09:45.562857,100,74,GET,/jobs,200,71.02489995304495
14,2026-09-08T00:09:45.562857,100,75,PUT,/jobs/002,404,91.55989997088909
14,2026-09-08T00:09:45.562857,100,76,DELETE,/jobs/1000,404,66.25769997481257
14,2026-09-08T00:09:45.562857,100,77,DELETE,/jobs/1000,404,67.48859991785139
14,2026-09-08T00:09:45.562857,100,78,DELETE,/jobs/002,404,66.3351999828592
14,2026-09-08T00:09:45.562857,100,79,GET,/jobs,200,69.3886000663042
14,2026-09-08T00:09:45.562857,100,80,DELETE,/jobs/1000,404,76.7421000637114
14,2026-09-08T00:09:45.562857,100,81,POST,/jobs,201,91.76089998800308
14,2026-09-08T00:09:45.562857,100,82,POST,/jobs,201,91.07110009063035
14,2026-09-08T00:09:45.562857,100,83,GET,/jobs/002,404,73.90319998376071
14,2026-09-08T00:09:45.562857,100,84,GET,/jobs,200,65.61789999250323
14,2026-09-08T00:09:45.562857,100,85,POST,/jobs,201,91.1688000196591
14,2026-09-08T00:09:45.562857,100,86,GET,/jobs/1000,404,67.12320004589856
14,2026-09-08T00:09:45.562857,100,87,GET,/jobs,200,45.78180005773902
14,2026-09-08T00:09:45.562857,100,88,POST,/jobs,201,91.03530005086213
14,2026-09-08T00:09:45.562857,100,89,DELETE,/jobs/002,404,77.11939990986139
14,2026-09-08T00:09:45.562857,100,90,GET,/jobs/002,404,67.71500001195818
14,2026-09-08T00:09:45.562857,100,91,GET,/jobs/1000,404,65.37910003680736
14,2026-09-08T00:09:45.562857,100,92,DELETE,/jobs/002,404,71.52250001672655
14,2026-09-08T00:09:45.562857,100,93,DELETE,/jobs/1000,404,73.81890004035085
14,2026-09-08T00:09:45.562857,100,94,PUT,/jobs/001,200,91.17970010265708
14,2026-09-08T00:09:45.562857,100,95,GET,/jobs,200,58.85389994364232
14,2026-09-08T00:09:45.562857,100,96,POST,/jobs,201,91.91369998734444
14,2026-09-08T00:09:45.562857,100,97,POST,/jobs,201,91.5785999968648
14,2026-09-08T00:09:45.562857,100,98,GET,/jobs,200,70.00519998837262
14,2026-09-08T00:09:45.562857,100,99,GET,/jobs/1000,404,75.4578000633046
14,2026-09-08T00:09:45.562857,100,100,GET,/jobs,200,68.595000077039
15,2026-09-08T00:09:45.789641,100,1,GET,/jobs,200,14.958599931560457
15,2026-09-08T00:09:45.789641,100,2,GET,/jobs,200,34.88880000077188
15,2026-09-08T00:09:45.789641,100,3,POST,/jobs,201,99.19919993262738
15,2026-09-08T00:09:45.789641,100,4,GET,/jobs/001,200,56.959800072945654
15,2026-09-08T00:09:45.789641,100,5,GET,/jobs,200,36.000699969008565
15,2026-09-08T00:09:45.789641,100,6,DELETE,/jobs/002,200,43.04439993575215
15,2026-09-08T00:09:45.789641,100,7,DELETE,/jobs/1000,404,40.97850003745407
15,2026-09-08T00:09:45.789641,100,8,GET,/jobs,200,39.175499929115176
15,2026-09-08T00:09:45.789641,100,9,GET,/jobs,200,40.006899973377585
15,2026-09-08T00:09:45.789641,100,10,GET,/jobs,200,41.68640007264912
15,2026-09-08T00:09:45.789641,100,11,GET,/jobs/001,200,78.17550003528595
15,2026-09-08T00:09:45.789641,100,12,DELETE,/jobs/002,404,49.26040000282228
15,2026-09-08T00:09:45.789641,100,13,DELETE,/jobs/002,404,47.777900006622076
15,2026-09-08T00:09:45.789641,100,14,DELETE,/jobs/1000,404,48.570699989795685
15,2026-09-08T00:09:45.789641,100,15,GET,/jobs/002,404,47.14599996805191
15,2026-09-08T00:09:45.789641,100,16,DELETE,/jobs/1000,404,45.693399966694415
15,2026-09-08T00:09:45.789641,100,17,GET,/jobs,200,44.995800009928644
15,2026-09-08T00:09:45.789641,100,18,GET,/jobs/1000,404,46.64850002154708
15,2026-09-08T00:09:45.789641,100,19,PUT,/jobs/002,404,96.0456000175327
15,2026-09-08T00:09:45.789641,100,20,POST,/jobs,201,96.10660001635551
15,2026-09-08T00:09:45.789641,100,21,GET,/jobs/002,404,55.165200028568506
15,2026-09-08T00:09:45.789641,100,22,GET,/jobs,200,49.487299984321
15,2026-09-08T00:09:45.789641,100,23,GET,/jobs,200,48.53490006644279
15,2026-09-08T00:09:45.789641,100,24,PUT,/jobs/001,200,94.2203999729827
15,2026-09-08T00:09:45.789641,100,25,POST,/jobs,201,92.80430001672357
15,2026-09-08T00:09:45.789641,100,26,POST,/jobs,201,94.12040002644062
15,2026-09-08T00:09:45.789641,100,27,POST,/jobs,201,95.67810001317412
15,2026-09-08T00:09:45.789641,100,28,GET,/jobs,200,47.29989997576922
15,2026-09-08T00:09:45.789641,100,29,PUT,/jobs/1000,404,96.57459997106344
15,2026-09-08T00:09:45.789641,100,30,GET,/jobs,200,50.19790004007518
15,2026-09-08T00:09:45.789641,100,31,PUT,/jobs/001,200,94.32799997739494
15,2026-09-08T00:09:45.789641,100,32,DELETE,/jobs/1000,404,53.86089999228716
15,2026-09-08T00:09:45.789641,100,33,DELETE,/jobs/1000,404,51.57859995961189
15,2026-09-08T00:09:45.789641,100,34,DELETE,/jobs/002,404,53.60839993227273
15,2026-09-08T00:09:45.789641,100,35,GET,/jobs,200,48.914400045759976
15,2026-09-08T00:09:45.789641,100,36,GET,/jobs,200,48.003300093114376
15,2026-09-08T00:09:45.789641,100,37,GET,/jobs/002,404,60.504999943077564
15,2026-09-08T00:09:45.789641,100,38,GET,/jobs,200,52.19049996230751
15,2026-09-08T00:09:45.789641,100,39,GET,/jobs/001,200,101.04320000391454
15,2026-09-08T00:09:45.789641,100,40,PUT,/jobs/002,404,94.90669996012002
15,2026-09-08T00:09:45.789641,100,41,PUT,/jobs/1000,404,94.64120003394783
15,2026-09-08T00:09:45.789641,100,42,POST,/jobs,201,94.95230007451028
15,2026-09-08T00:09:45.789641,100,43,POST,/jobs,201,94.9649999383837
15,2026-09-08T00:09:45.789641,100,44,GET,/jobs/1000,404,60.645800083875656
15,2026-09-08T00:09:45.789641,100,45,POST,/jobs,201,95.13009991496801
15,2026-09-08T00:09:45.789641,100,46,GET,/jobs,200,52.91450000368059
15,2026-09-08T00:09:45.789641,100,47,DELETE,/jobs/002,404,65.31350000295788
15,2026-09-08T00:09:45.789641,100,48,DELETE,/jobs/002,404,56.707900017499924
15,2026-09-08T00:09:45.789641,100,49,GET,/jobs/002,404,64.31239994708449
15,2026-09-08T00:09:45.789641,100,50,PUT,/jobs/002,404,94.5445999968797
15,2026-09-08T00:09:45.789641,100,51,DELETE,/jobs/002,404,61.02569994982332
15,2026-09-08T00:09:45.789641,100,52,POST,/jobs,201,92.35109994187951
15,2026-09-08T00:09:45.789641,100,53,GET,/jobs,200,51.89759994391352
15,2026-09-08T00:09:45.789641,100,54,GET,/jobs/001,200,99.28059997037053
15,2026-09-08T00:09:45.789641,100,55,POST,/jobs,201,92.8277000784874
15,2026-09-08T00:09:45.789641,100,56,POST,/jobs,201,92.77109999675304
15,2026-09-08T00:09:45.789641,100,57,GET,/jobs/1000,404,60.00769999809563
15,2026-09-08T00:09:45.789641,100,58,POST,/jobs,201,94.36379990074784
15,2026-09-08T00:09:45.789641,100,59,PUT,/jobs/002,404,93.79330009687692
15,2026-09-08T00:09:45.789641,100,60,PUT,/jobs/001,200,92.58469997439533
15,2026-09-08T00:09:45.789641,100,61,POST,/jobs,201,93.1623000651598
15,2026-09-08T00:09:45.789641,100,62,GET,/jobs/1000,404,67.7438999991864
15,2026-09-08T00:09:45.789641,100,63,DELETE,/jobs/1000,404,63.93709999974817
15,2026-09-08T00:09:45.789641,100,64,DELETE,/jobs/1000,404,66.72609993256629
15,2026-09-08T00:09:45.789641,100,65,DELETE,/jobs/1000,404,66.86060002539307
15,2026-09-08T00:09:45.789641,100,66,POST,/jobs,201,87.30320003814995
15,2026-09-08T00:09:45.789641,100,67,GET,/jobs/1000,404,73.43830005265772
15,2026-09-08T00:09:45.789641,100,68,PUT,/jobs/001,200,87.94029999990016
15,2026-09-08T00:09:45.789641,100,69,GET,/jobs,200,56.407600059174
15,2026-09-08T00:09:45.789641,100,70,GET,/jobs,200,51.611200091429055
15,2026-09-08T00:09:45.789641,100,71,GET,/jobs/1000,404,64.47719992138445
15,2026-09-08T00:09:45.789641,100,72,GET,/jobs/1000,404,65.53829996846616
15,2026-09-08T00:09:45.789641,100,73,PUT,/jobs/1000,404,87.36540004611015
15,2026-09-08T00:09:45.789641,100,74,GET,/jobs,200,55.79519993625581
15,2026-09-08T00:09:45.789641,100,75,PUT,/jobs/002,404,88.05509994272143
15,2026-09-08T00:09:45.789641,100,76,DELETE,/jobs/1000,404,70.44299994595349
15,2026-09-08T00:09:45.789641,100,77,DELETE,/jobs/1000,404,70.95590000972152
15,2026-09-08T00:09:45.789641,100,78,DELETE,/jobs/002,404,70.09589998051524
15,2026-09-08T00:09:45.789641,100,79,GET,/jobs,200,67.75909999851137
15,2026-09-08T00:09:45.789641,100,80,DELETE,/jobs/1000,404,64.29629994090647
15,2026-09-08T00:09:45.789641,100,81,POST,/jobs,201,87.60349999647588
15,2026-09-08T00:09:45.789641,100,82,POST,/jobs,201,87.21610007341951
15,2026-09-08T00:09:45.789641,100,83,GET,/jobs/002,404,67.84689996857196
15,2026-09-08T00:09:45.789641,100,84,GET,/jobs,200,47.39789990708232
15,2026-09-08T00:09:45.789641,100,85,POST,/jobs,201,87.05850003752857
15,2026-09-08T00:09:45.789641,100,86,GET,/jobs/1000,404,69.62309998925775
15,2026-09-08T00:09:45.789641,100,87,GET,/jobs,200,54.58759993780404
15,2026-09-08T00:09:45.789641,100,88,POST,/jobs,201,87.61759998742491
15,2026-09-08T00:09:45.789641,100,89,DELETE,/jobs/002,404,71.67129998560995
15,2026-09-08T00:09:45.789641,100,90,GET,/jobs/002,404,70.8497999003157
15,2026-09-08T00:09:45.789641,100,91,GET,/jobs/1000,404,60.68909994792193
15,2026-09-08T00:09:45.789641,100,92,DELETE,/jobs/002,404,72.60220008902252
15,2026-09-08T00:09:45.789641,100,93,DELETE,/jobs/1000,404,65.25129999499768
15,2026-09-08T00:09:45.789641,100,94,PUT,/jobs/001,200,88.07699999306351
15,2026-09-08T00:09:45.789641,100,95,GET,/jobs,200,59.405699954368174
15,2026-09-08T00:09:45.789641,100,96,POST,/jobs,201,87.07430004142225
15,2026-09-08T00:09:45.789641,100,97,POST,/jobs,201,87.94470003340393
15,2026-09-08T00:09:45.789641,100,98,GET,/jobs,200,49.40910008735955
15,2026-09-08T00:09:45.789641,100,99,GET,/jobs/1000,404,70.90960000641644
15,2026-09-08T00:09:45.789641,100,100,GET,/jobs,200,49.12999994121492
16,2026-09-08T00:09:45.987728,100,1,GET,/jobs,200,15.825700014829636
16,2026-09-08T00:09:45.987728,100,2,GET,/jobs,200,15.85760002490133
16,2026-09-08T00:09:45.987728,100,3,POST,/jobs,201,92.63169998303056
16,2026-09-08T00:09:45.987728,100,4,GET,/jobs/001,200,55.938799981959164
16,2026-09-08T00:09:45.987728,100,5,GET,/jobs,200,40.89319997001439
16,2026-09-08T00:09:45.987728,100,6,DELETE,/jobs/002,200,41.14109999500215
16,2026-09-08T00:09:45.987728,100,7,DELETE,/jobs/1000,404,41.22539993841201
16,2026-09-08T00:09:45.987728,100,8,GET,/jobs,200,38.21679996326566
16,2026-09-08T00:09:45.987728,100,9,GET,/jobs,200,39.024800062179565
16,2026-09-08T00:09:45.987728,100,10,GET,/jobs,200,40.46849999576807
16,2026-09-08T00:09:45.987728,100,11,GET,/jobs/001,200,75.1016999129206
16,2026-09-08T00:09:45.987728,100,12,DELETE,/jobs/002,404,36.794999963603914
16,2026-09-08T00:09:45.987728,100,13,DELETE,/jobs/002,404,42.19720000401139
16,2026-09-08T00:09:45.987728,100,14,DELETE,/jobs/1000,404,41.80510004516691
16,2026-09-08T00:09:45.987728,100,15,GET,/jobs/002,404,41.58010007813573
16,2026-09-08T00:09:45.987728,100,16,DELETE,/jobs/1000,404,41.03679989930242
16,2026-09-08T00:09:45.987728,100,17,GET,/jobs,200,38.46990002784878
16,2026-09-08T00:09:45.987728,100,18,GET,/jobs/1000,404,41.023300029337406
16,2026-09-08T00:09:45.987728,100,19,PUT,/jobs/002,404,85.47559997532517
16,2026-09-08T00:09:45.987728,100,20,POST,/jobs,201,84.0582000091672
16,2026-09-08T00:09:45.987728,100,21,GET,/jobs/002,404,41.44229996018112
16,2026-09-08T00:09:45.987728,100,22,GET,/jobs,200,38.910700008273125
16,2026-09-08T00:09:45.987728,100,23,GET,/jobs,200,44.41730002872646
16,2026-09-08T00:09:45.987728,100,24,PUT,/jobs/001,200,81.48589998017997
16,2026-09-08T00:09:45.987728,100,25,POST,/jobs,201,84.66490008868277
16,2026-09-08T00:09:45.987728,100,26,POST,/jobs,201,81.88779989723116
16,2026-09-08T00:09:45.987728,100,27,POST,/jobs,201,86.3532000221312
16,2026-09-08T00:09:45.987728,100,28,GET,/jobs,200,52.05440009012818
16,2026-09-08T00:09:45.987728,100,29,PUT,/jobs/1000,404,81.81760006118566
16,2026-09-08T00:09:45.987728,100,30,GET,/jobs,200,49.0205999230966
16,2026-09-08T00:09:45.987728,100,31,PUT,/jobs/001,200,83.21519999299198
16,2026-09-08T00:09:45.987728,100,32,DELETE,/jobs/1000,404,54.97479997575283
16,2026-09-08T00:09:45.987728,100,33,DELETE,/jobs/1000,404,52.01019998639822
16,2026-09-08T00:09:45.987728,100,34,DELETE,/jobs/002,404,59.63439994957298
16,2026-09-08T00:09:45.987728,100,35,GET,/jobs,200,44.897599960677326
16,2026-09-08T00:09:45.987728,100,36,GET,/jobs,200,43.54669991880655
16,2026-09-08T00:09:45.987728,100,37,GET,/jobs/002,404,57.161100092343986
16,2026-09-08T00:09:45.987728,100,38,GET,/jobs,200,49.9652000144124
16,2026-09-08T00:09:45.987728,100,39,GET,/jobs/001,200,90.58630000799894
16,2026-09-08T00:09:45.987728,100,40,PUT,/jobs/002,404,82.68450002651662
16,2026-09-08T00:09:45.987728,100,41,PUT,/jobs/1000,404,84.33800004422665
16,2026-09-08T00:09:45.987728,100,42,POST,/jobs,201,85.43860004283488
16,2026-09-08T00:09:45.987728,100,43,POST,/jobs,201,86.70200000051409
16,2026-09-08T00:09:45.987728,100,44,GET,/jobs/1000,404,57.77539999689907
16,2026-09-08T00:09:45.987728,100,45,POST,/jobs,201,85.6075999327004
16,2026-09-08T00:09:45.987728,100,46,GET,/jobs,200,42.78610006440431
16,2026-09-08T00:09:45.987728,100,47,DELETE,/jobs/002,404,51.799100008793175
16,2026-09-08T00:09:45.987728,100,48,DELETE,/jobs/002,404,42.59289999026805
16,2026-09-08T00:09:45.987728,100,49,GET,/jobs/002,404,59.171800035983324
16,2026-09-08T00:09:45.987728,100,50,PUT,/jobs/002,404,86.39009995386004
16,2026-09-08T00:09:45.987728,100,51,DELETE,/jobs/002,404,62.97900003846735
16,2026-09-08T00:09:45.987728,100,52,POST,/jobs,201,85.34520003013313
16,2026-09-08T00:09:45.987728,100,53,GET,/jobs,200,47.69579996354878
16,2026-09-08T00:09:45.987728,100,54,GET,/jobs/001,200,84.80569999665022
16,2026-09-08T00:09:45.987728,100,55,POST,/jobs,201,85.90349997393787
16,2026-09-08T00:09:45.987728,100,56,POST,/jobs,201,85.39600006770343
16,2026-09-08T00:09:45.987728,100,57,GET,/jobs/1000,404,55.66229997202754
16,2026-09-08T00:09:45.987728,100,58,POST,/jobs,201,86.13069995772094
16,2026-09-08T00:09:45.987728,100,59,PUT,/jobs/002,404,84.27680004388094
16,2026-09-08T00:09:45.987728,100,60,PUT,/jobs/001,200,82.91709993500262
16,2026-09-08T00:09:45.987728,100,61,POST,/jobs,201,81.96740003768355
16,2026-09-08T00:09:45.987728,100,62,GET,/jobs/1000,404,63.88250004965812
16,2026-09-08T00:09:45.987728,100,63,DELETE,/jobs/1000,404,56.072400067932904
16,2026-09-08T00:09:45.987728,100,64,DELETE,/jobs/1000,404,55.67909998353571
16,2026-09-08T00:09:45.987728,100,65,DELETE,/jobs/1000,404,54.910299950279295
16,2026-09-08T00:09:45.987728,100,66,POST,/jobs,201,86.15450002253056
16,2026-09-08T00:09:45.987728,100,67,GET,/jobs/1000,404,62.59809993207455
16,2026-09-08T00:09:45.987728,100,68,PUT,/jobs/001,200,82.50000001862645
16,2026-09-08T00:09:45.987728,100,69,GET,/jobs,200,48.181100049987435
16,2026-09-08T00:09:45.987728,100,70,GET,/jobs,200,47.65260010026395
16,2026-09-08T00:09:45.987728,100,71,GET,/jobs/1000,404,64.43159992340952
16,2026-09-08T00:09:45.987728,100,72,GET,/jobs/1000,404,53.51499991957098
16,2026-09-08T00:09:45.987728,100,73,PUT,/jobs/1000,404,83.14440003596246
16,2026-09-08T00:09:45.987728,100,74,GET,/jobs,200,48.77330001909286
16,2026-09-08T00:09:45.987728,100,75,PUT,/jobs/002,404,82.67739997245371
16,2026-09-08T00:09:45.987728,100,76,DELETE,/jobs/1000,404,59.632099932059646
16,2026-09-08T00:09:45.987728,100,77,DELETE,/jobs/1000,404,59.16020006407052
16,2026-09-08T00:09:45.987728,100,78,DELETE,/jobs/002,404,62.453299993649125
16,2026-09-08T00:09:45.987728,100,79,GET,/jobs,200,46.241600066423416
16,2026-09-08T00:09:45.987728,100,80,DELETE,/jobs/1000,404,62.471000012010336
16,2026-09-08T00:09:45.987728,100,81,POST,/jobs,201,76.7671000212431
16,2026-09-08T00:09:45.987728,100,82,POST,/jobs,201,77.40319997537881
16,2026-09-08T00:09:45.987728,100,83,GET,/jobs/002,404,56.31849996279925
16,2026-09-08T00:09:45.987728,100,84,GET,/jobs,200,41.25759995076805
16,2026-09-08T00:09:45.987728,100,85,POST,/jobs,201,77.15709996409714
16,2026-09-08T00:09:45.987728,100,86,GET,/jobs/1000,404,58.55880002491176
16,2026-09-08T00:09:45.987728,100,87,GET,/jobs,200,41.251499904319644
16,2026-09-08T00:09:45.987728,100,88,POST,/jobs,201,80.03999991342425
16,2026-09-08T00:09:45.987728,100,89,DELETE,/jobs/002,404,60.52499997895211
16,2026-09-08T00:09:45.987728,100,90,GET,/jobs/002,404,60.23880001157522
16,2026-09-08T00:09:45.987728,100,91,GET,/jobs/1000,404,62.348000006750226
16,2026-09-08T00:09:45.987728,100,92,DELETE,/jobs/002,404,59.754000045359135
16,2026-09-08T00:09:45.987728,100,93,DELETE,/jobs/1000,404,60.7754000229761
16,2026-09-08T00:09:45.987728,100,94,PUT,/jobs/001,200,79.21790005639195
16,2026-09-08T00:09:45.987728,100,95,GET,/jobs,200,58.35890001617372
16,2026-09-08T00:09:45.987728,100,96,POST,/jobs,201,78.56530009303242
16,2026-09-08T00:09:45.987728,100,97,POST,/jobs,201,77.79560005292296
16,2026-09-08T00:09:45.987728,100,98,GET,/jobs,200,46.67479998897761
16,2026-09-08T00:09:45.987728,100,99,GET,/jobs/1000,404,58.83500003255904
16,2026-09-08T00:09:45.987728,100,100,GET,/jobs,200,59.13810001220554
17,2026-09-08T00:09:46.176128,100,1,GET,/jobs,200,11.896900017745793
17,2026-09-08T00:09:46.176128,100,2,GET,/jobs,200,18.980099936015904
17,2026-09-08T00:09:46.176128,100,3,POST,/jobs,201,96.0350000532344
17,2026-09-08T00:09:46.176128,100,4,GET,/jobs/001,200,57.993800030089915
17,2026-09-08T00:09:46.176128,100,5,GET,/jobs,200,32.56009996403009
17,2026-09-08T00:09:46.176128,100,6,DELETE,/jobs/002,200,42.39059996325523
17,2026-09-08T00:09:46.176128,100,7,DELETE,/jobs/1000,404,43.80240000318736
17,2026-09-08T00:09:46.176128,100,8,GET,/jobs,200,40.80029996111989
17,2026-09-08T00:09:46.176128,100,9,GET,/jobs,200,37.51390008255839
17,2026-09-08T00:09:46.176128,100,10,GET,/jobs,200,41.11559991724789
17,2026-09-08T00:09:46.176128,100,11,GET,/jobs/001,200,76.73530001193285
17,2026-09-08T00:09:46.176128,100,12,DELETE,/jobs/002,404,44.326000032015145
17,2026-09-08T00:09:46.176128,100,13,DELETE,/jobs/002,404,43.78930001985282
17,2026-09-08T00:09:46.176128,100,14,DELETE,/jobs/1000,404,42.736400035209954
17,2026-09-08T00:09:46.176128,100,15,GET,/jobs/002,404,44.12249999586493
17,2026-09-08T00:09:46.176128,100,16,DELETE,/jobs/1000,404,47.22220008261502
17,2026-09-08T00:09:46.176128,100,17,GET,/jobs,200,45.06290005519986
17,2026-09-08T00:09:46.176128,100,18,GET,/jobs/1000,404,47.45299997739494
17,2026-09-08T00:09:46.176128,100,19,PUT,/jobs/002,404,92.98510011285543
17,2026-09-08T00:09:46.176128,100,20,POST,/jobs,201,95.63580004032701
17,2026-09-08T00:09:46.176128,100,21,GET,/jobs/002,404,47.74750000797212
17,2026-09-08T00:09:46.176128,100,22,GET,/jobs,200,45.718800043687224
17,2026-09-08T00:09:46.176128,100,23,GET,/jobs,200,46.46769992541522
17,2026-09-08T00:09:46.176128,100,24,PUT,/jobs/001,200,91.15779993589967
17,2026-09-08T00:09:46.176128,100,25,POST,/jobs,201,93.7115999404341
17,2026-09-08T00:09:46.176128,100,26,POST,/jobs,201,96.73820005264133
17,2026-09-08T00:09:46.176128,100,27,POST,/jobs,201,90.78049997333437
17,2026-09-08T00:09:46.176128,100,28,GET,/jobs,200,45.088800019584596
17,2026-09-08T00:09:46.176128,100,29,PUT,/jobs/1000,404,92.91709994431585
17,2026-09-08T00:09:46.176128,100,30,GET,/jobs,200,44.40789995715022
17,2026-09-08T00:09:46.176128,100,31,PUT,/jobs/001,200,88.15170009620488
17,2026-09-08T00:09:46.176128,100,32,DELETE,/jobs/1000,404,57.59310000576079
17,2026-09-08T00:09:46.176128,100,33,DELETE,/jobs/1000,404,57.888700044713914
17,2026-09-08T00:09:46.176128,100,34,DELETE,/jobs/002,404,58.2183999940753
17,2026-09-08T00:09:46.176128,100,35,GET,/jobs,200,51.61310010589659
17,2026-09-08T00:09:46.176128,100,36,GET,/jobs,200,45.3992000548169
17,2026-09-08T00:09:46.176128,100,37,GET,/jobs/002,404,56.291399989277124
17,2026-09-08T00:09:46.176128,100,38,GET,/jobs,200,48.7278999062255
17,2026-09-08T00:09:46.176128,100,39,GET,/jobs/001,200,94.05049995984882
17,2026-09-08T00:09:46.176128,100,40,PUT,/jobs/002,404,86.3729000557214
17,2026-09-08T00:09:46.176128,100,41,PUT,/jobs/1000,404,86.61630004644394
17,2026-09-08T00:09:46.176128,100,42,POST,/jobs,201,87.94080000370741
17,2026-09-08T00:09:46.176128,100,43,POST,/jobs,201,88.40640005655587
17,2026-09-08T00:09:46.176128,100,44,GET,/jobs/1000,404,53.04019991308451
17,2026-09-08T00:09:46.176128,100,45,POST,/jobs,201,85.96459997352213
17,2026-09-08T00:09:46.176128,100,46,GET,/jobs,200,50.09569996036589
17,2026-09-08T00:09:46.176128,100,47,DELETE,/jobs/002,404,68.2874999474734
17,2026-09-08T00:09:46.176128,100,48,DELETE,/jobs/002,404,68.72219999786466
17,2026-09-08T00:09:46.176128,100,49,GET,/jobs/002,404,66.4777000201866
17,2026-09-08T00:09:46.176128,100,50,PUT,/jobs/002,404,91.57429996412247
17,2026-09-08T00:09:46.176128,100,51,DELETE,/jobs/002,404,72.2033999627456
17,2026-09-08T00:09:46.176128,100,52,POST,/jobs,201,88.54240004438907
17,2026-09-08T00:09:46.176128,100,53,GET,/jobs,200,47.75689996313304
17,2026-09-08T00:09:46.176128,100,54,GET,/jobs/001,200,90.64939990639687
17,2026-09-08T00:09:46.176128,100,55,POST,/jobs,201,88.04960001725703
17,2026-09-08T00:09:46.176128,100,56,POST,/jobs,201,87.21029991284013
17,2026-09-08T00:09:46.176128,100,57,GET,/jobs/1000,404,60.79130002763122
17,2026-09-08T00:09:46.176128,100,58,POST,/jobs,201,89.53450003173202
17,2026-09-08T00:09:46.176128,100,59,PUT,/jobs/002,404,89.06400005798787
17,2026-09-08T00:09:46.176128,100,60,PUT,/jobs/001,200,89.10710003692657
17,2026-09-08T00:09:46.176128,100,61,POST,/jobs,201,87.81459997408092
17,2026-09-08T00:09:46.176128,100,62,GET,/jobs/1000,404,57.633699965663254
17,2026-09-08T00:09:46.176128,100,63,DELETE,/jobs/1000,404,63.49129998125136
17,2026-09-08T00:09:46.176128,100,64,DELETE,/jobs/1000,404,59.75790007505566
17,2026-09-08T00:09:46.176128,100,65,DELETE,/jobs/1000,404,67.8638000972569
17,2026-09-08T00:09:46.176128,100,66,POST,/jobs,201,88.80079991649836
17,2026-09-08T00:09:46.176128,100,67,GET,/jobs/1000,404,71.52959995437413
17,2026-09-08T00:09:46.176128,100,68,PUT,/jobs/001,200,87.9220999777317
17,2026-09-08T00:09:46.176128,100,69,GET,/jobs,200,52.381300018168986
17,2026-09-08T00:09:46.176128,100,70,GET,/jobs,200,47.03289992175996
17,2026-09-08T00:09:46.176128,100,71,GET,/jobs/1000,404,61.620700056664646
17,2026-09-08T00:09:46.176128,100,72,GET,/jobs/1000,404,58.36180003825575
17,2026-09-08T00:09:46.176128,100,73,PUT,/jobs/1000,404,88.3382000029087
17,2026-09-08T00:09:46.176128,100,74,GET,/jobs,200,53.22990007698536
17,2026-09-08T00:09:46.176128,100,75,PUT,/jobs/002,404,87.5571999931708
17,2026-09-08T00:09:46.176128,100,76,DELETE,/jobs/1000,404,61.222200049087405
17,2026-09-08T00:09:46.176128,100,77,DELETE,/jobs/1000,404,67.32549995649606
17,2026-09-08T00:09:46.176128,100,78,DELETE,/jobs/002,404,69.61519992910326
17,2026-09-08T00:09:46.176128,100,79,GET,/jobs,200,50.38060003425926
17,2026-09-08T00:09:46.176128,100,80,DELETE,/jobs/1000,404,67.61550006922334
17,2026-09-08T00:09:46.176128,100,81,POST,/jobs,201,89.01749993674457
17,2026-09-08T00:09:46.176128,100,82,POST,/jobs,201,88.66839995607734
17,2026-09-08T00:09:46.176128,100,83,GET,/jobs/002,404,60.19480002578348
17,2026-09-08T00:09:46.176128,100,84,GET,/jobs,200,48.1794000370428
17,2026-09-08T00:09:46.176128,100,85,POST,/jobs,201,91.31240006536245
17,2026-09-08T00:09:46.176128,100,86,GET,/jobs/1000,404,70.16110001131892
17,2026-09-08T00:09:46.176128,100,87,GET,/jobs,200,51.83559993747622
17,2026-09-08T00:09:46.176128,100,88,POST,/jobs,201,91.1564000416547
17,2026-09-08T00:09:46.176128,100,89,DELETE,/jobs/002,404,59.8303999286145
17,2026-09-08T00:09:46.176128,100,90,GET,/jobs/002,404,62.556799966841936
17,2026-09-08T00:09:46.176128,100,91,GET,/jobs/1000,404,61.95050000678748
17,2026-09-08T00:09:46.176128,100,92,DELETE,/jobs/002,404,59.96790004428476
17,2026-09-08T00:09:46.176128,100,93,DELETE,/jobs/1000,404,61.77819997537881
17,2026-09-08T00:09:46.176128,100,94,PUT,/jobs/001,200,78.16819997970015
17,2026-09-08T00:09:46.176128,100,95,GET,/jobs,200,58.172799996100366
17,2026-09-08T00:09:46.176128,100,96,POST,/jobs,201,79.26079991739243
17,2026-09-08T00:09:46.176128,100,97,POST,/jobs,201,77.76750007178634
17,2026-09-08T00:09:46.176128,100,98,GET,/jobs,200,44.755500042811036
17,2026-09-08T00:09:46.176128,100,99,GET,/jobs/1000,404,59.495799941942096
17,2026-09-08T00:09:46.176128,100,100,GET,/jobs,200,56.53760000132024
18,2026-09-08T00:09:46.369087,100,1,GET,/jobs,200,35.169299924746156
18,2026-09-08T00:09:46.369087,100,2,GET,/jobs,200,35.38239991758019
18,2026-09-08T00:09:46.369087,100,3,POST,/jobs,201,108.53339999448508
18,2026-09-08T00:09:46.369087,100,4,GET,/jobs/001,200,62.88350000977516
18,2026-09-08T00:09:46.369087,100,5,GET,/jobs,200,42.820499977096915
18,2026-09-08T00:09:46.369087,100,6,DELETE,/jobs/002,200,43.38149994146079
18,2026-09-08T00:09:46.369087,100,7,DELETE,/jobs/1000,404,44.50089996680617
18,2026-09-08T00:09:46.369087,100,8,GET,/jobs,200,47.83799999859184
18,2026-09-08T00:09:46.369087,100,9,GET,/jobs,200,48.79699996672571
18,2026-09-08T00:09:46.369087,100,10,GET,/jobs,200,48.27539995312691
18,2026-09-08T00:09:46.369087,100,11,GET,/jobs/001,200,98.96670002490282
18,2026-09-08T00:09:46.369087,100,12,DELETE,/jobs/002,404,52.79670003801584
18,2026-09-08T00:09:46.369087,100,13,DELETE,/jobs/002,404,53.40009997598827
18,2026-09-08T00:09:46.369087,100,14,DELETE,/jobs/1000,404,54.55550004262477
18,2026-09-08T00:09:46.369087,100,15,GET,/jobs/002,404,54.292600019834936
18,2026-09-08T00:09:46.369087,100,16,DELETE,/jobs/1000,404,55.162200005725026
18,2026-09-08T00:09:46.369087,100,17,GET,/jobs,200,50.535199930891395
18,2026-09-08T00:09:46.369087,100,18,GET,/jobs/1000,404,52.277600043453276
18,2026-09-08T00:09:46.369087,100,19,PUT,/jobs/002,404,104.61070004384965
18,2026-09-08T00:09:46.369087,100,20,POST,/jobs,201,105.00300000421703
18,2026-09-08T00:09:46.369087,100,21,GET,/jobs/002,404,54.89579995628446
18,2026-09-08T00:09:46.369087,100,22,GET,/jobs,200,51.36160005349666
18,2026-09-08T00:09:46.369087,100,23,GET,/jobs,200,49.82709989417344
18,2026-09-08T00:09:46.369087,100,24,PUT,/jobs/001,200,102.50659997109324
18,2026-09-08T00:09:46.369087,100,25,POST,/jobs,201,98.62080006860197
18,2026-09-08T00:09:46.369087,100,26,POST,/jobs,201,100.12049996294081
18,2026-09-08T00:09:46.369087,100,27,POST,/jobs,201,99.89289997611195
18,2026-09-08T00:09:46.369087,100,28,GET,/jobs,200,59.01349999476224
18,2026-09-08T00:09:46.369087,100,29,PUT,/jobs/1000,404,97.44230005890131
18,2026-09-08T00:09:46.369087,100,30,GET,/jobs,200,59.57360006868839
18,2026-09-08T00:09:46.369087,100,31,PUT,/jobs/001,200,96.12740005832165
18,2026-09-08T00:09:46.369087,100,32,DELETE,/jobs/1000,404,70.27049991302192
18,2026-09-08T00:09:46.369087,100,33,DELETE,/jobs/1000,404,68.43999994453043
18,2026-09-08T00:09:46.369087,100,34,DELETE,/jobs/002,404,64.7144999820739
18,2026-09-08T00:09:46.369087,100,35,GET,/jobs,200,55.38649996742606
18,2026-09-08T00:09:46.369087,100,36,GET,/jobs,200,56.685399962589145
18,2026-09-08T00:09:46.369087,100,37,GET,/jobs/002,404,68.01190006081015
18,2026-09-08T00:09:46.369087,100,38,GET,/jobs,200,53.22690005414188
18,2026-09-08T00:09:46.369087,100,39,GET,/jobs/001,200,106.8877000361681
18,2026-09-08T00:09:46.369087,100,40,PUT,/jobs/002,404,98.33940002135932
18,2026-09-08T00:09:46.369087,100,41,PUT,/jobs/1000,404,95.98100010771304
18,2026-09-08T00:09:46.369087,100,42,POST,/jobs,201,95.60540004167706
18,2026-09-08T00:09:46.369087,100,43,POST,/jobs,201,101.15299990866333
18,2026-09-08T00:09:46.369087,100,44,GET,/jobs/1000,404,61.549499980174005
18,2026-09-08T00:09:46.369087,100,45,POST,/jobs,201,98.05449994746596
18,2026-09-08T00:09:46.369087,100,46,GET,/jobs,200,54.78709994349629
18,2026-09-08T00:09:46.369087,100,47,DELETE,/jobs/002,404,60.21799996960908
18,2026-09-08T00:09:46.369087,100,48,DELETE,/jobs/002,404,66.25070003792644
18,2026-09-08T00:09:46.369087,100,49,GET,/jobs/002,404,63.050600001588464
18,2026-09-08T00:09:46.369087,100,50,PUT,/jobs/002,404,95.82599997520447
18,2026-09-08T00:09:46.369087,100,51,DELETE,/jobs/002,404,66.91100005991757
18,2026-09-08T00:09:46.369087,100,52,POST,/jobs,201,98.51609996985644
18,2026-09-08T00:09:46.369087,100,53,GET,/jobs,200,57.269299984909594
18,2026-09-08T00:09:46.369087,100,54,GET,/jobs/001,200,100.24579998571426
18,2026-09-08T00:09:46.369087,100,55,POST,/jobs,201,97.3311000270769
18,2026-09-08T00:09:46.369087,100,56,POST,/jobs,201,97.3376000765711
18,2026-09-08T00:09:46.369087,100,57,GET,/jobs/1000,404,72.00739998370409
18,2026-09-08T00:09:46.369087,100,58,POST,/jobs,201,96.7481000116095
18,2026-09-08T00:09:46.369087,100,59,PUT,/jobs/002,404,94.40309996716678
18,2026-09-08T00:09:46.369087,100,60,PUT,/jobs/001,200,94.19319999869913
18,2026-09-08T00:09:46.369087,100,61,POST,/jobs,201,94.94300000369549
18,2026-09-08T00:09:46.369087,100,62,GET,/jobs/1000,404,72.89189996663481
18,2026-09-08T00:09:46.369087,100,63,DELETE,/jobs/1000,404,80.36669995635748
18,2026-09-08T00:09:46.369087,100,64,DELETE,/jobs/1000,404,69.20400005765259
18,2026-09-08T00:09:46.369087,100,65,DELETE,/jobs/1000,404,76.58300001639873
18,2026-09-08T00:09:46.369087,100,66,POST,/jobs,201,94.96660006698221
18,2026-09-08T00:09:46.369087,100,67,GET,/jobs/1000,404,75.5596999078989
18,2026-09-08T00:09:46.369087,100,68,PUT,/jobs/001,200,96.15600004326552
18,2026-09-08T00:09:46.369087,100,69,GET,/jobs,200,56.42100004479289
18,2026-09-08T00:09:46.369087,100,70,GET,/jobs,200,56.46049999631941
18,2026-09-08T00:09:46.369087,100,71,GET,/jobs/1000,404,67.3967000329867
18,2026-09-08T00:09:46.369087,100,72,GET,/jobs/1000,404,78.27169995289296
18,2026-09-08T00:09:46.369087,100,73,PUT,/jobs/1000,404,97.53380005713552
18,2026-09-08T00:09:46.369087,100,74,GET,/jobs,200,63.1309999153018
18,2026-09-08T00:09:46.369087,100,75,PUT,/jobs/002,404,96.80559998378158
18,2026-09-08T00:09:46.369087,100,76,DELETE,/jobs/1000,404,67.9111999925226
18,2026-09-08T00:09:46.369087,100,77,DELETE,/jobs/1000,404,73.58799991197884
18,2026-09-08T00:09:46.369087,100,78,DELETE,/jobs/002,404,68.94829997327179
18,2026-09-08T00:09:46.369087,100,79,GET,/jobs,200,62.74119997397065
18,2026-09-08T00:09:46.369087,100,80,DELETE,/jobs/1000,404,67.22710002213717
18,2026-09-08T00:09:46.369087,100,81,POST,/jobs,201,97.25889994297177
18,2026-09-08T00:09:46.369087,100,82,POST,/jobs,201,94.61570007260889
18,2026-09-08T00:09:46.369087,100,83,GET,/jobs/002,404,70.9030000725761
18,2026-09-08T00:09:46.369087,100,84,GET,/jobs,200,58.844099985435605
18,2026-09-08T00:09:46.369087,100,85,POST,/jobs,201,96.4627000503242
18,2026-09-08T00:09:46.369087,100,86,GET,/jobs/1000,404,68.46890004817396
18,2026-09-08T00:09:46.369087,100,87,GET,/jobs,200,59.51479997020215
18,2026-09-08T00:09:46.369087,100,88,POST,/jobs,201,85.16390004660934
18,2026-09-08T00:09:46.369087,100,89,DELETE,/jobs/002,404,65.81840000580996
18,2026-09-08T00:09:46.369087,100,90,GET,/jobs/002,404,68.21980001404881
18,2026-09-08T00:09:46.369087,100,91,GET,/jobs/1000,404,64.72529994789511
18,2026-09-08T00:09:46.369087,100,92,DELETE,/jobs/002,404,69.68850002158433
18,2026-09-08T00:09:46.369087,100,93,DELETE,/jobs/1000,404,68.14079999458045
18,2026-09-08T00:09:46.369087,100,94,PUT,/jobs/001,200,84.0769000351429
18,2026-09-08T00:09:46.369087,100,95,GET,/jobs,200,64.88079996779561
18,2026-09-08T00:09:46.369087,100,96,POST,/jobs,201,85.08140000049025
18,2026-09-08T00:09:46.369087,100,97,POST,/jobs,201,82.47840008698404
18,2026-09-08T00:09:46.369087,100,98,GET,/jobs,200,64.77119994815439
18,2026-09-08T00:09:46.369087,100,99,GET,/jobs/1000,404,66.53750000987202
18,2026-09-08T00:09:46.369087,100,100,GET,/jobs,200,55.17349997535348
19,2026-09-08T00:09:46.576089,100,1,GET,/jobs,200,43.52349997498095
19,2026-09-08T00:09:46.576089,100,2,GET,/jobs,200,54.38980006147176
19,2026-09-08T00:09:46.576089,100,3,POST,/jobs,201,112.91710007935762
19,2026-09-08T00:09:46.576089,100,4,GET,/jobs/001,200,76.9463999895379
19,2026-09-08T00:09:46.576089,100,5,GET,/jobs,200,60.19699992612004
19,2026-09-08T00:09:46.576089,100,6,DELETE,/jobs/002,200,58.564200066030025
19,2026-09-08T00:09:46.576089,100,7,DELETE,/jobs/1000,404,59.630900039337575
19,2026-09-08T00:09:46.576089,100,8,GET,/jobs,200,62.950799940153956
19,2026-09-08T00:09:46.576089,100,9,GET,/jobs,200,62.32839997392148
19,2026-09-08T00:09:46.576089,100,10,GET,/jobs,200,62.60069995187223
19,2026-09-08T00:09:46.576089,100,11,GET,/jobs/001,200,99.52130005694926
19,2026-09-08T00:09:46.576089,100,12,DELETE,/jobs/002,404,67.34639999922365
19,2026-09-08T00:09:46.576089,100,13,DELETE,/jobs/002,404,64.79319999925792
19,2026-09-08T00:09:46.576089,100,14,DELETE,/jobs/1000,404,64.2564999870956
19,2026-09-08T00:09:46.576089,100,15,GET,/jobs/002,404,64.93540003430098
19,2026-09-08T00:09:46.576089,100,16,DELETE,/jobs/1000,404,65.0387000059709
19,2026-09-08T00:09:46.576089,100,17,GET,/jobs,200,63.94070002716035
19,2026-09-08T00:09:46.576089,100,18,GET,/jobs/1000,404,66.26280001364648
19,2026-09-08T00:09:46.576089,100,19,PUT,/jobs/002,404,105.66319990903139
19,2026-09-08T00:09:46.576089,100,20,POST,/jobs,201,107.65299992635846
19,2026-09-08T00:09:46.576089,100,21,GET,/jobs/002,404,66.36860000435263
19,2026-09-08T00:09:46.576089,100,22,GET,/jobs,200,63.76980000641197
19,2026-09-08T00:09:46.576089,100,23,GET,/jobs,200,64.89949999377131
19,2026-09-08T00:09:46.576089,100,24,PUT,/jobs/001,200,107.02429991215467
19,2026-09-08T00:09:46.576089,100,25,POST,/jobs,201,107.89309989195317
19,2026-09-08T00:09:46.576089,100,26,POST,/jobs,201,104.1237999452278
19,2026-09-08T00:09:46.576089,100,27,POST,/jobs,201,104.01550005190074
19,2026-09-08T00:09:46.576089,100,28,GET,/jobs,200,65.94740005675703
19,2026-09-08T00:09:46.576089,100,29,PUT,/jobs/1000,404,103.84310001973063
19,2026-09-08T00:09:46.576089,100,30,GET,/jobs,200,64.43350005429238
19,2026-09-08T00:09:46.576089,100,31,PUT,/jobs/001,200,105.10569997131824
19,2026-09-08T00:09:46.576089,100,32,DELETE,/jobs/1000,404,79.9536999547854
19,2026-09-08T00:09:46.576089,100,33,DELETE,/jobs/1000,404,66.08509994111955
19,2026-09-08T00:09:46.576089,100,34,DELETE,/jobs/002,404,72.2005000570789
19,2026-09-08T00:09:46.576089,100,35,GET,/jobs,200,64.24800003878772
19,2026-09-08T00:09:46.576089,100,36,GET,/jobs,200,62.95669998507947
19,2026-09-08T00:09:46.576089,100,37,GET,/jobs/002,404,76.05349994264543
19,2026-09-08T00:09:46.576089,100,38,GET,/jobs,200,65.8009999897331
19,2026-09-08T00:09:46.576089,100,39,GET,/jobs/001,200,111.72760010231286
19,2026-09-08T00:09:46.576089,100,40,PUT,/jobs/002,404,102.97999996691942
19,2026-09-08T00:09:46.576089,100,41,PUT,/jobs/1000,404,100.21780000533909
19,2026-09-08T00:09:46.576089,100,42,POST,/jobs,201,103.92919997684658
19,2026-09-08T00:09:46.576089,100,43,POST,/jobs,201,100.4495999077335
19,2026-09-08T00:09:46.576089,100,44,GET,/jobs/1000,404,81.42549998592585
19,2026-09-08T00:09:46.576089,100,45,POST,/jobs,201,104.5901000034064
19,2026-09-08T00:09:46.576089,100,46,GET,/jobs,200,65.7625999301672
19,2026-09-08T00:09:46.576089,100,47,DELETE,/jobs/002,404,76.85250008944422
19,2026-09-08T00:09:46.576089,100,48,DELETE,/jobs/002,404,73.95340001676232
19,2026-09-08T00:09:46.576089,100,49,GET,/jobs/002,404,75.13140002265573
19,2026-09-08T00:09:46.576089,100,50,PUT,/jobs/002,404,106.18480003904551
19,2026-09-08T00:09:46.576089,100,51,DELETE,/jobs/002,404,72.43980001658201
19,2026-09-08T00:09:46.576089,100,52,POST,/jobs,201,103.48920000251383
19,2026-09-08T00:09:46.576089,100,53,GET,/jobs,200,66.03779993019998
19,2026-09-08T00:09:46.576089,100,54,GET,/jobs/001,200,107.52570000477135
19,2026-09-08T00:09:46.576089,100,55,POST,/jobs,201,101.50990006513894
19,2026-09-08T00:09:46.576089,100,56,POST,/jobs,201,103.68089994881302
19,2026-09-08T00:09:46.576089,100,57,GET,/jobs/1000,404,72.77049997355789
19,2026-09-08T00:09:46.576089,100,58,POST,/jobs,201,105.65569996833801
19,2026-09-08T00:09:46.576089,100,59,PUT,/jobs/002,404,105.04659998696297
19,2026-09-08T00:09:46.576089,100,60,PUT,/jobs/001,200,103.72750007081777
19,2026-09-08T00:09:46.576089,100,61,POST,/jobs,201,93.49420003127307
19,2026-09-08T00:09:46.576089,100,62,GET,/jobs/1000,404,76.84180000796914
19,2026-09-08T00:09:46.576089,100,63,DELETE,/jobs/1000,404,77.65120000112802
19,2026-09-08T00:09:46.576089,100,64,DELETE,/jobs/1000,404,67.44490005075932
19,2026-09-08T00:09:46.576089,100,65,DELETE,/jobs/1000,404,74.25830001011491
19,2026-09-08T00:09:46.576089,100,66,POST,/jobs,201,92.33090002089739
19,2026-09-08T00:09:46.576089,100,67,GET,/jobs/1000,404,69.66290005948395
19,2026-09-08T00:09:46.576089,100,68,PUT,/jobs/001,200,92.29940001387149
19,2026-09-08T00:09:46.576089,100,69,GET,/jobs,200,62.324399943463504
19,2026-09-08T00:09:46.576089,100,70,GET,/jobs,200,59.76319999899715
19,2026-09-08T00:09:46.576089,100,71,GET,/jobs/1000,404,68.59270005952567
19,2026-09-08T00:09:46.576089,100,72,GET,/jobs/1000,404,73.78709991462529
19,2026-09-08T00:09:46.576089,100,73,PUT,/jobs/1000,404,92.66059997025877
19,2026-09-08T00:09:46.576089,100,74,GET,/jobs,200,55.2212999900803
19,2026-09-08T00:09:46.576089,100,75,PUT,/jobs/002,404,92.26100007072091
19,2026-09-08T00:09:46.576089,100,76,DELETE,/jobs/1000,404,76.52260002214462
19,2026-09-08T00:09:46.576089,100,77,DELETE,/jobs/1000,404,71.03990006726235
19,2026-09-08T00:09:46.576089,100,78,DELETE,/jobs/002,404,72.54009996540844
19,2026-09-08T00:09:46.576089,100,79,GET,/jobs,200,72.07540003582835
19,2026-09-08T00:09:46.576089,100,80,DELETE,/jobs/1000,404,70.98010007757694
19,2026-09-08T00:09:46.576089,100,81,POST,/jobs,201,92.48009999282658
19,2026-09-08T00:09:46.576089,100,82,POST,/jobs,201,93.31969998311251
19,2026-09-08T00:09:46.576089,100,83,GET,/jobs/002,404,71.55829994007945
19,2026-09-08T00:09:46.576089,100,84,GET,/jobs,200,54.96410001069307
19,2026-09-08T00:09:46.576089,100,85,POST,/jobs,201,92.83800004050136
19,2026-09-08T00:09:46.576089,100,86,GET,/jobs/1000,404,76.97739999275655
19,2026-09-08T00:09:46.576089,100,87,GET,/jobs,200,63.14449990168214
19,2026-09-08T00:09:46.576089,100,88,POST,/jobs,201,92.78669999912381
19,2026-09-08T00:09:46.576089,100,89,DELETE,/jobs/002,404,74.17570007964969
19,2026-09-08T00:09:46.576089,100,90,GET,/jobs/002,404,70.82930009346455
19,2026-09-08T00:09:46.576089,100,91,GET,/jobs/1000,404,68.69550002738833
19,2026-09-08T00:09:46.576089,100,92,DELETE,/jobs/002,404,70.21440006792545
19,2026-09-08T00:09:46.576089,100,93,DELETE,/jobs/1000,404,70.44919999316335
19,2026-09-08T00:09:46.576089,100,94,PUT,/jobs/001,200,93.49639993160963
19,2026-09-08T00:09:46.576089,100,95,GET,/jobs,200,55.35279994364828
19,2026-09-08T00:09:46.576089,100,96,POST,/jobs,201,92.52169996034354
19,2026-09-08T00:09:46.576089,100,97,POST,/jobs,201,93.14759995322675
19,2026-09-08T00:09:46.576089,100,98,GET,/jobs,200,54.60820009466261
19,2026-09-08T00:09:46.576089,100,99,GET,/jobs/1000,404,68.3275000192225
19,2026-09-08T00:09:46.576089,100,100,GET,/jobs,200,55.88430003263056
20,2026-09-08T00:09:46.787703,100,1,GET,/jobs,200,12.19339994713664
20,2026-09-08T00:09:46.787703,100,2,GET,/jobs,200,18.400700064375997
20,2026-09-08T00:09:46.787703,100,3,POST,/jobs,201,88.28279993031174
20,2026-09-08T00:09:46.787703,100,4,GET,/jobs/001,200,49.387200037017465
20,2026-09-08T00:09:46.787703,100,5,GET,/jobs,200,40.348000009544194
20,2026-09-08T00:09:46.787703,100,6,DELETE,/jobs/002,200,34.66220002155751
20,2026-09-08T00:09:46.787703,100,7,DELETE,/jobs/1000,404,40.916900034062564
20,2026-09-08T00:09:46.787703,100,8,GET,/jobs,200,38.82090002298355
20,2026-09-08T00:09:46.787703,100,9,GET,/jobs,200,33.880500006489456
20,2026-09-08T00:09:46.787703,100,10,GET,/jobs,200,37.68019995186478
20,2026-09-08T00:09:46.787703,100,11,GET,/jobs/001,200,81.90840005408973
20,2026-09-08T00:09:46.787703,100,12,DELETE,/jobs/002,404,40.54079996421933
20,2026-09-08T00:09:46.787703,100,13,DELETE,/jobs/002,404,40.99229990970343
20,2026-09-08T00:09:46.787703,100,14,DELETE,/jobs/1000,404,40.26390006765723
20,2026-09-08T00:09:46.787703,100,15,GET,/jobs/002,404,44.64179999195039
20,2026-09-08T00:09:46.787703,100,16,DELETE,/jobs/1000,404,46.13419994711876
20,2026-09-08T00:09:46.787703,100,17,GET,/jobs,200,40.57390009984374
20,2026-09-08T00:09:46.787703,100,18,GET,/jobs/1000,404,47.70729993470013
20,2026-09-08T00:09:46.787703,100,19,PUT,/jobs/002,404,84.41409992519766
20,2026-09-08T00:09:46.787703,100,20,POST,/jobs,201,88.03460001945496
20,2026-09-08T00:09:46.787703,100,21,GET,/jobs/002,404,49.296600045636296
20,2026-09-08T00:09:46.787703,100,22,GET,/jobs,200,40.7946000341326
20,2026-09-08T00:09:46.787703,100,23,GET,/jobs,200,41.23279999475926
20,2026-09-08T00:09:46.787703,100,24,PUT,/jobs/001,200,84.25079996231943
20,2026-09-08T00:09:46.787703,100,25,POST,/jobs,201,86.02819999214262
20,2026-09-08T00:09:46.787703,100,26,POST,/jobs,201,86.4753999048844
20,2026-09-08T00:09:46.787703,100,27,POST,/jobs,201,87.09709998220205
20,2026-09-08T00:09:46.787703,100,28,GET,/jobs,200,40.319500025361776
20,2026-09-08T00:09:46.787703,100,29,PUT,/jobs/1000,404,83.02739995997399
20,2026-09-08T00:09:46.787703,100,30,GET,/jobs,200,39.86860008444637
20,2026-09-08T00:09:46.787703,100,31,PUT,/jobs/001,200,85.3307000361383
20,2026-09-08T00:09:46.787703,100,32,DELETE,/jobs/1000,404,47.19640000257641
20,2026-09-08T00:09:46.787703,100,33,DELETE,/jobs/1000,404,45.312499976716936
20,2026-09-08T00:09:46.787703,100,34,DELETE,/jobs/002,404,57.54740000702441
20,2026-09-08T00:09:46.787703,100,35,GET,/jobs,200,47.81100002583116
20,2026-09-08T00:09:46.787703,100,36,GET,/jobs,200,48.41889999806881
20,2026-09-08T00:09:46.787703,100,37,GET,/jobs/002,404,51.98320001363754
20,2026-09-08T00:09:46.787703,100,38,GET,/jobs,200,47.273899894207716
20,2026-09-08T00:09:46.787703,100,39,GET,/jobs/001,200,88.47039996180683
20,2026-09-08T00:09:46.787703,100,40,PUT,/jobs/002,404,82.38480007275939
20,2026-09-08T00:09:46.787703,100,41,PUT,/jobs/1000,404,82.84139994066209
20,2026-09-08T00:09:46.787703,100,42,POST,/jobs,201,82.0640999590978
20,2026-09-08T00:09:46.787703,100,43,POST,/jobs,201,81.28559996839613
20,2026-09-08T00:09:46.787703,100,44,GET,/jobs/1000,404,54.76630001794547
20,2026-09-08T00:09:46.787703,100,45,POST,/jobs,201,78.96579999942333
20,2026-09-08T00:09:46.787703,100,46,GET,/jobs,200,46.38710001017898
20,2026-09-08T00:09:46.787703,100,47,DELETE,/jobs/002,404,58.96529997698963
20,2026-09-08T00:09:46.787703,100,48,DELETE,/jobs/002,404,51.53629998676479
20,2026-09-08T00:09:46.787703,100,49,GET,/jobs/002,404,56.4124999800697
20,2026-09-08T00:09:46.787703,100,50,PUT,/jobs/002,404,83.47790001425892
20,2026-09-08T00:09:46.787703,100,51,DELETE,/jobs/002,404,56.55079998541623
20,2026-09-08T00:09:46.787703,100,52,POST,/jobs,201,79.51740000862628
20,2026-09-08T00:09:46.787703,100,53,GET,/jobs,200,44.62629999034107
20,2026-09-08T00:09:46.787703,100,54,GET,/jobs/001,200,82.76589994784445
20,2026-09-08T00:09:46.787703,100,55,POST,/jobs,201,79.47919995058328
20,2026-09-08T00:09:46.787703,100,56,POST,/jobs,201,81.03990007657558
20,2026-09-08T00:09:46.787703,100,57,GET,/jobs/1000,404,55.005199974402785
20,2026-09-08T00:09:46.787703,100,58,POST,/jobs,201,81.97800000198185
20,2026-09-08T00:09:46.787703,100,59,PUT,/jobs/002,404,80.92810004018247
20,2026-09-08T00:09:46.787703,100,60,PUT,/jobs/001,200,80.69590001832694
20,2026-09-08T00:09:46.787703,100,61,POST,/jobs,201,81.11719996668398
20,2026-09-08T00:09:46.787703,100,62,GET,/jobs/1000,404,60.75900001451373
20,2026-09-08T00:09:46.787703,100,63,DELETE,/jobs/1000,404,66.54749996960163
20,2026-09-08T00:09:46.787703,100,64,DELETE,/jobs/1000,404,59.406999964267015
20,2026-09-08T00:09:46.787703,100,65,DELETE,/jobs/1000,404,64.75999997928739
20,2026-09-08T00:09:46.787703,100,66,POST,/jobs,201,84.97770002577454
20,2026-09-08T00:09:46.787703,100,67,GET,/jobs/1000,404,58.02519991993904
20,2026-09-08T00:09:46.787703,100,68,PUT,/jobs/001,200,82.0443999255076
20,2026-09-08T00:09:46.787703,100,69,GET,/jobs,200,49.44009997416288
20,2026-09-08T00:09:46.787703,100,70,GET,/jobs,200,50.224300008267164
20,2026-09-08T00:09:46.787703,100,71,GET,/jobs/1000,404,56.58229999244213
20,2026-09-08T00:09:46.787703,100,72,GET,/jobs/1000,404,63.85539995972067
20,2026-09-08T00:09:46.787703,100,73,PUT,/jobs/1000,404,82.17569999396801
20,2026-09-08T00:09:46.787703,100,74,GET,/jobs,200,45.582400052808225
20,2026-09-08T00:09:46.787703,100,75,PUT,/jobs/002,404,80.50789998378605
20,2026-09-08T00:09:46.787703,100,76,DELETE,/jobs/1000,404,57.54529999103397
20,2026-09-08T00:09:46.787703,100,77,DELETE,/jobs/1000,404,55.29799999203533
20,2026-09-08T00:09:46.787703,100,78,DELETE,/jobs/002,404,66.20710005518049
20,2026-09-08T00:09:46.787703,100,79,GET,/jobs,200,44.63010001927614
20,2026-09-08T00:09:46.787703,100,80,DELETE,/jobs/1000,404,64.40539995674044
20,2026-09-08T00:09:46.787703,100,81,POST,/jobs,201,81.31400006823242
20,2026-09-08T00:09:46.787703,100,82,POST,/jobs,201,79.44030000362545
20,2026-09-08T00:09:46.787703,100,83,GET,/jobs/002,404,61.35650002397597
20,2026-09-08T00:09:46.787703,100,84,GET,/jobs,200,49.7863000491634
20,2026-09-08T00:09:46.787703,100,85,POST,/jobs,201,81.16389997303486
20,2026-09-08T00:09:46.787703,100,86,GET,/jobs/1000,404,61.0091999405995
20,2026-09-08T00:09:46.787703,100,87,GET,/jobs,200,47.13570000603795
20,2026-09-08T00:09:46.787703,100,88,POST,/jobs,201,81.44989993888885
20,2026-09-08T00:09:46.787703,100,89,DELETE,/jobs/002,404,64.98459994327277
20,2026-09-08T00:09:46.787703,100,90,GET,/jobs/002,404,54.294100031256676
20,2026-09-08T00:09:46.787703,100,91,GET,/jobs/1000,404,56.36789998970926
20,2026-09-08T00:09:46.787703,100,92,DELETE,/jobs/002,404,57.20380006823689
20,2026-09-08T00:09:46.787703,100,93,DELETE,/jobs/1000,404,56.93940003402531
20,2026-09-08T00:09:46.787703,100,94,PUT,/jobs/001,200,72.31469999533147
20,2026-09-08T00:09:46.787703,100,95,GET,/jobs,200,49.63370005134493
20,2026-09-08T00:09:46.787703,100,96,POST,/jobs,201,70.89119998272508
20,2026-09-08T00:09:46.787703,100,97,POST,/jobs,201,69.95339994318783
20,2026-09-08T00:09:46.787703,100,98,GET,/jobs,200,53.427700069732964
20,2026-09-08T00:09:46.787703,100,99,GET,/jobs/1000,404,56.926999939605594
20,2026-09-08T00:09:46.787703,100,100,GET,/jobs,200,51.747099962085485
21,2026-09-08T00:09:46.971887,1000,1,GET,/jobs,200,13.037099968641996
21,2026-09-08T00:09:46.971887,1000,2,GET,/jobs,200,19.516199943609536
21,2026-09-08T00:09:46.971887,1000,3,POST,/jobs,201,87.30630006175488
21,2026-09-08T00:09:46.971887,1000,4,GET,/jobs/001,200,52.41510004270822
21,2026-09-08T00:09:46.971887,1000,5,GET,/jobs,200,33.717800048179924
21,2026-09-08T00:09:46.971887,1000,6,DELETE,/jobs/002,200,28.769600088708103
21,2026-09-08T00:09:46.971887,1000,7,DELETE,/jobs/1000,404,34.95600004680455
21,2026-09-08T00:09:46.971887,1000,8,GET,/jobs,200,30.817799968644977
21,2026-09-08T00:09:46.971887,1000,9,GET,/jobs,200,32.038899953477085
21,2026-09-08T00:09:46.971887,1000,10,GET,/jobs,200,31.64529998321086
21,2026-09-08T00:09:46.971887,1000,11,GET,/jobs/001,200,72.67509994562715
21,2026-09-08T00:09:46.971887,1000,12,DELETE,/jobs/002,404,37.51769999507815
21,2026-09-08T00:09:46.971887,1000,13,DELETE,/jobs/002,404,39.054300053976476
21,2026-09-08T00:09:46.971887,1000,14,DELETE,/jobs/1000,404,38.20409998297691
21,2026-09-08T00:09:46.971887,1000,15,GET,/jobs/002,404,37.2992999618873
21,2026-09-08T00:09:46.971887,1000,16,DELETE,/jobs/1000,404,34.59870000369847
21,2026-09-08T00:09:46.971887,1000,17,GET,/jobs,200,35.49090004526079
21,2026-09-08T00:09:46.971887,1000,18,GET,/jobs/1000,404,38.92600000835955
21,2026-09-08T00:09:46.971887,1000,19,PUT,/jobs/002,404,83.1627999432385
21,2026-09-08T00:09:46.971887,1000,20,POST,/jobs,201,85.25080000981688
21,2026-09-08T00:09:46.971887,1000,21,GET,/jobs/002,404,38.804200012236834
21,2026-09-08T00:09:46.971887,1000,22,GET,/jobs,200,37.18089999165386
21,2026-09-08T00:09:46.971887,1000,23,GET,/jobs,200,37.41899994201958
21,2026-09-08T00:09:46.971887,1000,24,PUT,/jobs/001,200,96.75430005881935
21,2026-09-08T00:09:46.971887,1000,25,POST,/jobs,201,97.87199995480478
21,2026-09-08T00:09:46.971887,1000,26,POST,/jobs,201,98.18219998851418
21,2026-09-08T00:09:46.971887,1000,27,POST,/jobs,201,93.2948999106884
21,2026-09-08T00:09:46.971887,1000,28,GET,/jobs,200,37.59799990803003
21,2026-09-08T00:09:46.971887,1000,29,PUT,/jobs/1000,404,107.32019995339215
21,2026-09-08T00:09:46.971887,1000,30,GET,/jobs,200,37.30209998320788
21,2026-09-08T00:09:46.971887,1000,31,PUT,/jobs/001,200,96.07049997430295
21,2026-09-08T00:09:46.971887,1000,32,DELETE,/jobs/1000,404,38.69280009530485
21,2026-09-08T00:09:46.971887,1000,33,DELETE,/jobs/1000,404,38.5522999567911
21,2026-09-08T00:09:46.971887,1000,34,DELETE,/jobs/002,404,51.443299977108836
21,2026-09-08T00:09:46.971887,1000,35,GET,/jobs,200,46.100800042040646
21,2026-09-08T00:09:46.971887,1000,36,GET,/jobs,200,43.047199957072735
21,2026-09-08T00:09:46.971887,1000,37,GET,/jobs/002,404,61.93130009341985
21,2026-09-08T00:09:46.971887,1000,38,GET,/jobs,200,45.598299941048026
21,2026-09-08T00:09:46.971887,1000,39,GET,/jobs/001,200,113.97850001230836
21,2026-09-08T00:09:46.971887,1000,40,PUT,/jobs/002,404,92.60670002549887
21,2026-09-08T00:09:46.971887,1000,41,PUT,/jobs/1000,404,102.80730004888028
21,2026-09-08T00:09:46.971887,1000,42,POST,/jobs,201,93.34270004183054
21,2026-09-08T00:09:46.971887,1000,43,POST,/jobs,201,93.24309998191893
21,2026-09-08T00:09:46.971887,1000,44,GET,/jobs/1000,404,52.77740000747144
21,2026-09-08T00:09:46.971887,1000,45,POST,/jobs,201,95.22489993833005
21,2026-09-08T00:09:46.971887,1000,46,GET,/jobs,200,43.81400009151548
21,2026-09-08T00:09:46.971887,1000,47,DELETE,/jobs/002,404,61.54709996189922
21,2026-09-08T00:09:46.971887,1000,48,DELETE,/jobs/002,404,54.42469997797161
21,2026-09-08T00:09:46.971887,1000,49,GET,/jobs/002,404,43.09079993981868
21,2026-09-08T00:09:46.971887,1000,50,PUT,/jobs/002,404,91.08529996592551
21,2026-09-08T00:09:46.971887,1000,51,DELETE,/jobs/002,404,52.960500004701316
21,2026-09-08T00:09:46.971887,1000,52,POST,/jobs,201,102.1764000179246
21,2026-09-08T00:09:46.971887,1000,53,GET,/jobs,200,37.46689995750785
21,2026-09-08T00:09:46.971887,1000,54,GET,/jobs/001,200,106.17579997051507
21,2026-09-08T00:09:46.971887,1000,55,POST,/jobs,201,90.3162999311462
21,2026-09-08T00:09:46.971887,1000,56,POST,/jobs,201,90.61279997695237
21,2026-09-08T00:09:46.971887,1000,57,GET,/jobs/1000,404,51.79890000727028
21,2026-09-08T00:09:46.971887,1000,58,POST,/jobs,201,92.33250003308058
21,2026-09-08T00:09:46.971887,1000,59,PUT,/jobs/002,404,91.93810005672276
21,2026-09-08T00:09:46.971887,1000,60,PUT,/jobs/001,200,94.3154999986291
21,2026-09-08T00:09:46.971887,1000,61,POST,/jobs,201,98.22420007549226
21,2026-09-08T00:09:46.971887,1000,62,GET,/jobs/1000,404,54.47840003762394
21,2026-09-08T00:09:46.971887,1000,63,DELETE,/jobs/1000,404,63.36240004748106
21,2026-09-08T00:09:46.971887,1000,64,DELETE,/jobs/1000,404,62.72699998226017
21,2026-09-08T00:09:46.971887,1000,65,DELETE,/jobs/1000,404,57.62560002040118
21,2026-09-08T00:09:46.971887,1000,66,POST,/jobs,201,105.14759994111955
21,2026-09-08T00:09:46.971887,1000,67,GET,/jobs/1000,404,64.181900001131
21,2026-09-08T00:09:46.971887,1000,68,PUT,/jobs/001,200,96.92550008185208
21,2026-09-08T00:09:46.971887,1000,69,GET,/jobs,200,46.3731000199914
21,2026-09-08T00:09:46.971887,1000,70,GET,/jobs,200,45.57869990821928
21,2026-09-08T00:09:46.971887,1000,71,GET,/jobs/1000,404,64.8390999995172
21,2026-09-08T00:09:46.971887,1000,72,GET,/jobs/1000,404,57.39590001758188
21,2026-09-08T00:09:46.971887,1000,73,PUT,/jobs/1000,404,97.34380000736564
21,2026-09-08T00:09:46.971887,1000,74,GET,/jobs,200,45.24650005623698
21,2026-09-08T00:09:46.971887,1000,75,PUT,/jobs/002,404,99.81499996501952
21,2026-09-08T00:09:46.971887,1000,76,DELETE,/jobs/1000,404,56.55760003719479
21,2026-09-08T00:09:46.971887,1000,77,DELETE,/jobs/1000,404,53.562300046905875
21,2026-09-08T00:09:46.971887,1000,78,DELETE,/jobs/002,404,66.88990001566708
21,2026-09-08T00:09:46.971887,1000,79,GET,/jobs,200,44.162599951960146
21,2026-09-08T00:09:46.971887,1000,80,DELETE,/jobs/1000,404,57.08060006145388
21,2026-09-08T00:09:46.971887,1000,81,POST,/jobs,201,97.20069996546954
21,2026-09-08T00:09:46.971887,1000,82,POST,/jobs,201,97.75119996629655
21,2026-09-08T00:09:46.971887,1000,83,GET,/jobs/002,404,66.75930006895214
21,2026-09-08T00:09:46.971887,1000,84,GET,/jobs,200,50.26769998949021
21,2026-09-08T00:09:46.971887,1000,85,POST,/jobs,201,100.97700008191168
21,2026-09-08T00:09:46.971887,1000,86,GET,/jobs/1000,404,56.5405999077484
21,2026-09-08T00:09:46.971887,1000,87,GET,/jobs,200,51.067200023680925
21,2026-09-08T00:09:46.971887,1000,88,POST,/jobs,201,97.24680008366704
21,2026-09-08T00:09:46.971887,1000,89,DELETE,/jobs/002,404,43.89810003340244
21,2026-09-08T00:09:46.971887,1000,90,GET,/jobs/002,404,55.18260004464537
21,2026-09-08T00:09:46.971887,1000,91,GET,/jobs/1000,404,57.918400038033724
21,2026-09-08T00:09:46.971887,1000,92,DELETE,/jobs/002,404,66.63329992443323
21,2026-09-08T00:09:46.971887,1000,93,DELETE,/jobs/1000,404,58.72949992772192
21,2026-09-08T00:09:46.971887,1000,94,PUT,/jobs/001,200,105.22500006482005
21,2026-09-08T00:09:46.971887,1000,95,GET,/jobs,200,50.56430003605783
21,2026-09-08T00:09:46.971887,1000,96,POST,/jobs,201,99.8574000550434
21,2026-09-08T00:09:46.971887,1000,97,POST,/jobs,201,98.88750000391155
21,2026-09-08T00:09:46.971887,1000,98,GET,/jobs,200,41.06089996639639
21,2026-09-08T00:09:46.971887,1000,99,GET,/jobs/1000,404,58.401099988259375
21,2026-09-08T00:09:46.971887,1000,100,GET,/jobs,200,52.34280007425696
21,2026-09-08T00:09:46.971887,1000,101,GET,/jobs,200,67.36590003129095
21,2026-09-08T00:09:46.971887,1000,102,PUT,/jobs/001,200,93.15349999815226
21,2026-09-08T00:09:46.971887,1000,103,DELETE,/jobs/002,404,78.40420003049076
21,2026-09-08T00:09:46.971887,1000,104,GET,/jobs/1000,404,74.5625999988988
21,2026-09-08T00:09:46.971887,1000,105,PUT,/jobs/1000,404,97.92500000912696
21,2026-09-08T00:09:46.971887,1000,106,GET,/jobs/002,404,74.8676999937743
21,2026-09-08T00:09:46.971887,1000,107,DELETE,/jobs/1000,404,75.64599998295307
21,2026-09-08T00:09:46.971887,1000,108,GET,/jobs/1000,404,76.984400046058
21,2026-09-08T00:09:46.971887,1000,109,GET,/jobs/1000,404,70.66460000351071
21,2026-09-08T00:09:46.971887,1000,110,POST,/jobs,201,93.6674999538809
21,2026-09-08T00:09:46.971887,1000,111,POST,/jobs,201,99.63240008801222
21,2026-09-08T00:09:46.971887,1000,112,DELETE,/jobs/1000,404,87.88530004676431
21,2026-09-08T00:09:46.971887,1000,113,GET,/jobs,200,76.09410001896322
21,2026-09-08T00:09:46.971887,1000,114,GET,/jobs/001,200,129.0441999444738
21,2026-09-08T00:09:46.971887,1000,115,GET,/jobs,200,77.43379997555166
21,2026-09-08T00:09:46.971887,1000,116,POST,/jobs,201,100.16120004002005
21,2026-09-08T00:09:46.971887,1000,117,DELETE,/jobs/002,404,75.8172000059858
21,2026-09-08T00:09:46.971887,1000,118,DELETE,/jobs/002,404,88.3081000065431
21,2026-09-08T00:09:46.971887,1000,119,GET,/jobs,200,76.45319995936006
21,2026-09-08T00:09:46.971887,1000,120,GET,/jobs,200,78.48389993887395
21,2026-09-08T00:09:46.971887,1000,121,GET,/jobs,200,80.31780004967004
21,2026-09-08T00:09:46.971887,1000,122,GET,/jobs/001,200,129.4196000089869
21,2026-09-08T00:09:46.971887,1000,123,GET,/jobs,200,70.5860999878496
21,2026-09-08T00:09:46.971887,1000,124,POST,/jobs,201,107.34390001744032
21,2026-09-08T00:09:46.971887,1000,125,DELETE,/jobs/002,404,75.92069997917861
21,2026-09-08T00:09:46.971887,1000,126,POST,/jobs,201,106.47680005058646
21,2026-09-08T00:09:46.971887,1000,127,PUT,/jobs/001,200,108.34669996984303
21,2026-09-08T00:09:46.971887,1000,128,DELETE,/jobs/002,404,71.92190003115684
21,2026-09-08T00:09:46.971887,1000,129,DELETE,/jobs/1000,404,72.44250003714114
21,2026-09-08T00:09:46.971887,1000,130,GET,/jobs/002,404,70.66709990613163
21,2026-09-08T00:09:46.971887,1000,131,PUT,/jobs/001,200,114.07090001739562
21,2026-09-08T00:09:46.971887,1000,132,GET,/jobs,200,75.16860007308424
21,2026-09-08T00:09:46.971887,1000,133,GET,/jobs,200,75.75139997061342
21,2026-09-08T00:09:46.971887,1000,134,PUT,/jobs/002,404,113.13369998242706
21,2026-09-08T00:09:46.971887,1000,135,PUT,/jobs/002,404,112.0612999657169
21,2026-09-08T00:09:46.971887,1000,136,PUT,/jobs/1000,404,111.67759995441884
21,2026-09-08T00:09:46.971887,1000,137,GET,/jobs,200,76.71990001108497
21,2026-09-08T00:09:46.971887,1000,138,GET,/jobs,200,82.48300000559539
21,2026-09-08T00:09:46.971887,1000,139,GET,/jobs,200,76.03869994636625
21,2026-09-08T00:09:46.971887,1000,140,PUT,/jobs/1000,404,116.93770007696003
21,2026-09-08T00:09:46.971887,1000,141,POST,/jobs,201,126.62360002286732
21,2026-09-08T00:09:46.971887,1000,142,GET,/jobs,200,75.36160002928227
21,2026-09-08T00:09:46.971887,1000,143,GET,/jobs/001,200,115.25189992971718
21,2026-09-08T00:09:46.971887,1000,144,GET,/jobs/1000,404,83.87420000508428
21,2026-09-08T00:09:46.971887,1000,145,PUT,/jobs/001,200,116.34149996098131
21,2026-09-08T00:09:46.971887,1000,146,PUT,/jobs/001,200,114.1818999312818
21,2026-09-08T00:09:46.971887,1000,147,POST,/jobs,201,122.69389990251511
21,2026-09-08T00:09:46.971887,1000,148,GET,/jobs/001,200,112.55409999284893
21,2026-09-08T00:09:46.971887,1000,149,PUT,/jobs/1000,404,118.63779998384416
21,2026-09-08T00:09:46.971887,1000,150,GET,/jobs,200,72.40629999432713
21,2026-09-08T00:09:46.971887,1000,151,GET,/jobs,200,71.9946000026539
21,2026-09-08T00:09:46.971887,1000,152,DELETE,/jobs/002,404,77.9186999425292
21,2026-09-08T00:09:46.971887,1000,153,GET,/jobs,200,75.85000002291054
21,2026-09-08T00:09:46.971887,1000,154,GET,/jobs/001,200,110.95969995949417
21,2026-09-08T00:09:46.971887,1000,155,PUT,/jobs/002,404,121.3985999347642
21,2026-09-08T00:09:46.971887,1000,156,PUT,/jobs/001,200,122.51130002550781
21,2026-09-08T00:09:46.971887,1000,157,PUT,/jobs/001,200,123.05940000806004
21,2026-09-08T00:09:46.971887,1000,158,GET,/jobs/002,404,79.1052000131458
21,2026-09-08T00:09:46.971887,1000,159,GET,/jobs,200,68.71340004727244
21,2026-09-08T00:09:46.971887,1000,160,PUT,/jobs/002,404,125.93470001593232
21,2026-09-08T00:09:46.971887,1000,161,PUT,/jobs/002,404,123.53360000997782
21,2026-09-08T00:09:46.971887,1000,162,PUT,/jobs/1000,404,122.18840001150966
21,2026-09-08T00:09:46.971887,1000,163,DELETE,/jobs/1000,404,76.85529999434948
21,2026-09-08T00:09:46.971887,1000,164,GET,/jobs/001,200,123.12689993996173
21,2026-09-08T00:09:46.971887,1000,165,POST,/jobs,201,134.98789991717786
21,2026-09-08T00:09:46.971887,1000,166,GET,/jobs,200,71.08809996861964
21,2026-09-08T00:09:46.971887,1000,167,DELETE,/jobs/002,404,72.15000002179295
21,2026-09-08T00:09:46.971887,1000,168,POST,/jobs,201,135.12999995145947
21,2026-09-08T00:09:46.971887,1000,169,GET,/jobs,200,67.7471999078989
21,2026-09-08T00:09:46.971887,1000,170,DELETE,/jobs/1000,404,90.72189999278635
21,2026-09-08T00:09:46.971887,1000,171,DELETE,/jobs/002,404,80.01359994523227
21,2026-09-08T00:09:46.971887,1000,172,GET,/jobs,200,69.4874000037089
21,2026-09-08T00:09:46.971887,1000,173,DELETE,/jobs/002,404,80.39690006989986
21,2026-09-08T00:09:46.971887,1000,174,GET,/jobs/001,200,128.8642999716103
21,2026-09-08T00:09:46.971887,1000,175,DELETE,/jobs/002,404,82.75210007559508
21,2026-09-08T00:09:46.971887,1000,176,GET,/jobs/002,404,83.06549990084022
21,2026-09-08T00:09:46.971887,1000,177,GET,/jobs,200,70.53609995637089
21,2026-09-08T00:09:46.971887,1000,178,DELETE,/jobs/002,404,82.02939992770553
21,2026-09-08T00:09:46.971887,1000,179,DELETE,/jobs/002,404,83.80090002901852
21,2026-09-08T00:09:46.971887,1000,180,DELETE,/jobs/002,404,81.63489995058626
21,2026-09-08T00:09:46.971887,1000,181,PUT,/jobs/1000,404,126.78529997356236
21,2026-09-08T00:09:46.971887,1000,182,DELETE,/jobs/1000,404,86.19669999461621
21,2026-09-08T00:09:46.971887,1000,183,POST,/jobs,201,125.85409998428077
21,2026-09-08T00:09:46.971887,1000,184,POST,/jobs,201,128.82619991432875
21,2026-09-08T00:09:46.971887,1000,185,POST,/jobs,201,115.71909999474883
21,2026-09-08T00:09:46.971887,1000,186,GET,/jobs/1000,404,87.74470002390444
21,2026-09-08T00:09:46.971887,1000,187,POST,/jobs,201,116.26620008610189
21,2026-09-08T00:09:46.971887,1000,188,POST,/jobs,201,115.8920000307262
21,2026-09-08T00:09:46.971887,1000,189,GET,/jobs,200,71.14150002598763
21,2026-09-08T00:09:46.971887,1000,190,GET,/jobs,200,70.84930001292378
21,2026-09-08T00:09:46.971887,1000,191,PUT,/jobs/1000,404,114.73629996180534
21,2026-09-08T00:09:46.971887,1000,192,DELETE,/jobs/002,404,85.69940004963428
21,2026-09-08T00:09:46.971887,1000,193,GET,/jobs,200,80.2102000452578
21,2026-09-08T00:09:46.971887,1000,194,DELETE,/jobs/002,404,87.69189997110516
21,2026-09-08T00:09:46.971887,1000,195,DELETE,/jobs/1000,404,89.39430001191795
21,2026-09-08T00:09:46.971887,1000,196,GET,/jobs/002,404,90.19340004306287
21,2026-09-08T00:09:46.971887,1000,197,GET,/jobs,200,73.3343999600038
21,2026-09-08T00:09:46.971887,1000,198,GET,/jobs/002,404,89.91650003008544
21,2026-09-08T00:09:46.971887,1000,199,POST,/jobs,201,107.91000002063811
21,2026-09-08T00:09:46.971887,1000,200,PUT,/jobs/1000,404,107.94349992647767
21,2026-09-08T00:09:46.971887,1000,201,POST,/jobs,201,113.98090003058314
21,2026-09-08T00:09:46.971887,1000,202,DELETE,/jobs/002,404,85.1386000867933
21,2026-09-08T00:09:46.971887,1000,203,DELETE,/jobs/1000,404,100.08450003806502
21,2026-09-08T00:09:46.971887,1000,204,GET,/jobs,200,87.95830002054572
21,2026-09-08T00:09:46.971887,1000,205,GET,/jobs/002,404,91.71290008816868
21,2026-09-08T00:09:46.971887,1000,206,GET,/jobs,200,87.75380009319633
21,2026-09-08T00:09:46.971887,1000,207,GET,/jobs,200,80.58120007626712
21,2026-09-08T00:09:46.971887,1000,208,DELETE,/jobs/002,404,92.17209997586906
21,2026-09-08T00:09:46.971887,1000,209,POST,/jobs,201,107.43720002938062
21,2026-09-08T00:09:46.971887,1000,210,DELETE,/jobs/002,404,91.1818000022322
21,2026-09-08T00:09:46.971887,1000,211,POST,/jobs,201,108.16649999469519
21,2026-09-08T00:09:46.971887,1000,212,POST,/jobs,201,108.4206000668928
21,2026-09-08T00:09:46.971887,1000,213,PUT,/jobs/002,404,109.06569997314364
21,2026-09-08T00:09:46.971887,1000,214,GET,/jobs,200,80.04689996596426
21,2026-09-08T00:09:46.971887,1000,215,GET,/jobs,200,81.10579999629408
21,2026-09-08T00:09:46.971887,1000,216,PUT,/jobs/002,404,114.58649998530746
21,2026-09-08T00:09:46.971887,1000,217,GET,/jobs,200,80.23890003096312
21,2026-09-08T00:09:46.971887,1000,218,GET,/jobs,200,80.99220006261021
21,2026-09-08T00:09:46.971887,1000,219,POST,/jobs,201,105.52050010301173
21,2026-09-08T00:09:46.971887,1000,220,GET,/jobs/1000,404,85.82680008839816
21,2026-09-08T00:09:46.971887,1000,221,POST,/jobs,201,114.90459996275604
21,2026-09-08T00:09:46.971887,1000,222,PUT,/jobs/1000,404,115.21510011516511
21,2026-09-08T00:09:46.971887,1000,223,PUT,/jobs/1000,404,113.85739990510046
21,2026-09-08T00:09:46.971887,1000,224,GET,/jobs,200,75.1268999883905
21,2026-09-08T00:09:46.971887,1000,225,GET,/jobs,200,75.70199994370341
21,2026-09-08T00:09:46.971887,1000,226,GET,/jobs,200,77.0514999749139
21,2026-09-08T00:09:46.971887,1000,227,GET,/jobs/1000,404,77.88420002907515
21,2026-09-08T00:09:46.971887,1000,228,GET,/jobs,200,81.87730005010962
21,2026-09-08T00:09:46.971887,1000,229,POST,/jobs,201,113.54229995049536
21,2026-09-08T00:09:46.971887,1000,230,DELETE,/jobs/002,404,81.48749999236315
21,2026-09-08T00:09:46.971887,1000,231,PUT,/jobs/001,200,116.33909994270653
21,2026-09-08T00:09:46.971887,1000,232,GET,/jobs,200,81.84700005222112
21,2026-09-08T00:09:46.971887,1000,233,POST,/jobs,201,115.92950008343905
21,2026-09-08T00:09:46.971887,1000,234,GET,/jobs,200,81.56049996614456
21,2026-09-08T00:09:46.971887,1000,235,POST,/jobs,201,115.715799969621
21,2026-09-08T00:09:46.971887,1000,236,GET,/jobs/1000,404,82.4226998956874
21,2026-09-08T00:09:46.971887,1000,237,GET,/jobs,200,82.49389997217804
21,2026-09-08T00:09:46.971887,1000,238,POST,/jobs,201,114.64619997423142
21,2026-09-08T00:09:46.971887,1000,239,DELETE,/jobs/1000,404,82.38180004991591
21,2026-09-08T00:09:46.971887,1000,240,DELETE,/jobs/002,404,82.77830004226416
21,2026-09-08T00:09:46.971887,1000,241,GET,/jobs/001,200,125.95200003124774
21,2026-09-08T00:09:46.971887,1000,242,GET,/jobs/002,404,81.96640003006905
21,2026-09-08T00:09:46.971887,1000,243,GET,/jobs,200,82.14369998313487
21,2026-09-08T00:09:46.971887,1000,244,GET,/jobs/1000,404,73.68489995133132
21,2026-09-08T00:09:46.971887,1000,245,POST,/jobs,201,116.59650004003197
21,2026-09-08T00:09:46.971887,1000,246,PUT,/jobs/1000,404,115.59719999786466
21,2026-09-08T00:09:46.971887,1000,247,GET,/jobs/002,404,74.32000001426786
21,2026-09-08T00:09:46.971887,1000,248,GET,/jobs/1000,404,74.7061000438407
21,2026-09-08T00:09:46.971887,1000,249,GET,/jobs,200,74.28999990224838
21,2026-09-08T00:09:46.971887,1000,250,PUT,/jobs/001,200,130.1796999759972
21,2026-09-08T00:09:46.971887,1000,251,PUT,/jobs/001,200,118.5858000535518
21,2026-09-08T00:09:46.971887,1000,252,GET,/jobs/002,404,72.49789999332279
21,2026-09-08T00:09:46.971887,1000,253,POST,/jobs,201,120.09029998444021
21,2026-09-08T00:09:46.971887,1000,254,GET,/jobs/001,200,129.4895000755787
21,2026-09-08T00:09:46.971887,1000,255,GET,/jobs,200,75.5600999109447
21,2026-09-08T00:09:46.971887,1000,256,GET,/jobs/002,404,74.19519999530166
21,2026-09-08T00:09:46.971887,1000,257,POST,/jobs,201,130.73309999890625
21,2026-09-08T00:09:46.971887,1000,258,GET,/jobs,200,74.79440001770854
21,2026-09-08T00:09:46.971887,1000,259,POST,/jobs,201,121.67999998200685
21,2026-09-08T00:09:46.971887,1000,260,DELETE,/jobs/1000,404,78.99309997446835
21,2026-09-08T00:09:46.971887,1000,261,DELETE,/jobs/1000,404,80.25560004170984
21,2026-09-08T00:09:46.971887,1000,262,GET,/jobs,200,72.95539998449385
21,2026-09-08T00:09:46.971887,1000,263,GET,/jobs,200,74.00329993106425
21,2026-09-08T00:09:46.971887,1000,264,POST,/jobs,201,128.06599994655699
21,2026-09-08T00:09:46.971887,1000,265,DELETE,/jobs/1000,404,79.22910002525896
21,2026-09-08T00:09:46.971887,1000,266,GET,/jobs,200,74.84939997084439
21,2026-09-08T00:09:46.971887,1000,267,GET,/jobs,200,78.17169988993555
21,2026-09-08T00:09:46.971887,1000,268,DELETE,/jobs/1000,404,71.26420002896339
21,2026-09-08T00:09:46.971887,1000,269,POST,/jobs,201,128.80200007930398
21,2026-09-08T00:09:46.971887,1000,270,POST,/jobs,201,122.50309996306896
21,2026-09-08T00:09:46.971887,1000,271,DELETE,/jobs/002,404,80.28610004112124
21,2026-09-08T00:09:46.971887,1000,272,PUT,/jobs/1000,404,121.75160006154329
21,2026-09-08T00:09:46.971887,1000,273,GET,/jobs/002,404,70.44430007226765
21,2026-09-08T00:09:46.971887,1000,274,GET,/jobs,200,69.61739994585514
21,2026-09-08T00:09:46.971887,1000,275,PUT,/jobs/001,200,120.19909999798983
21,2026-09-08T00:09:46.971887,1000,276,DELETE,/jobs/002,404,72.11730000562966
21,2026-09-08T00:09:46.971887,1000,277,POST,/jobs,201,119.35020005330443
21,2026-09-08T00:09:46.971887,1000,278,GET,/jobs,200,74.25049995072186
21,2026-09-08T00:09:46.971887,1000,279,POST,/jobs,201,135.86259994190186
21,2026-09-08T00:09:46.971887,1000,280,POST,/jobs,201,134.59309993777424
21,2026-09-08T00:09:46.971887,1000,281,GET,/jobs,200,73.4429000876844
21,2026-09-08T00:09:46.971887,1000,282,POST,/jobs,201,139.8551999591291
21,2026-09-08T00:09:46.971887,1000,283,POST,/jobs,201,133.16430000122637
21,2026-09-08T00:09:46.971887,1000,284,PUT,/jobs/002,404,133.46350006759167
21,2026-09-08T00:09:46.971887,1000,285,PUT,/jobs/1000,404,134.1555000981316
21,2026-09-08T00:09:46.971887,1000,286,POST,/jobs,201,134.44260007236153
21,2026-09-08T00:09:46.971887,1000,287,GET,/jobs/001,200,131.47690007463098
21,2026-09-08T00:09:46.971887,1000,288,PUT,/jobs/1000,404,136.40429999213666
21,2026-09-08T00:09:46.971887,1000,289,PUT,/jobs/1000,404,145.4017999349162
21,2026-09-08T00:09:46.971887,1000,290,GET,/jobs/1000,404,87.32499997131526
21,2026-09-08T00:09:46.971887,1000,291,DELETE,/jobs/1000,404,86.54220006428659
21,2026-09-08T00:09:46.971887,1000,292,PUT,/jobs/1000,404,133.8851999025792
21,2026-09-08T00:09:46.971887,1000,293,GET,/jobs,200,83.95340002607554
21,2026-09-08T00:09:46.971887,1000,294,POST,/jobs,201,135.43079991359264
21,2026-09-08T00:09:46.971887,1000,295,GET,/jobs/002,404,87.86099997814745
21,2026-09-08T00:09:46.971887,1000,296,DELETE,/jobs/1000,404,84.7708999644965
21,2026-09-08T00:09:46.971887,1000,297,PUT,/jobs/002,404,134.69040009658784
21,2026-09-08T00:09:46.971887,1000,298,PUT,/jobs/1000,404,135.30520000495017
21,2026-09-08T00:09:46.971887,1000,299,GET,/jobs/1000,404,85.13390005100518
21,2026-09-08T00:09:46.971887,1000,300,PUT,/jobs/1000,404,134.60360001772642
21,2026-09-08T00:09:46.971887,1000,301,GET,/jobs/1000,404,86.69039991218597
21,2026-09-08T00:09:46.971887,1000,302,GET,/jobs,200,80.30809997580945
21,2026-09-08T00:09:46.971887,1000,303,POST,/jobs,201,135.076200007461
21,2026-09-08T00:09:46.971887,1000,304,DELETE,/jobs/1000,404,83.6604000069201
21,2026-09-08T00:09:46.971887,1000,305,GET,/jobs,200,77.37069996073842
21,2026-09-08T00:09:46.971887,1000,306,GET,/jobs/1000,404,84.47280002292246
21,2026-09-08T00:09:46.971887,1000,307,POST,/jobs,201,135.351000004448
21,2026-09-08T00:09:46.971887,1000,308,GET,/jobs/001,200,132.8021000372246
21,2026-09-08T00:09:46.971887,1000,309,GET,/jobs,200,81.13750000484288
21,2026-09-08T00:09:46.971887,1000,310,GET,/jobs,200,86.8371999822557
21,2026-09-08T00:09:46.971887,1000,311,GET,/jobs/002,404,89.87529994919896
21,2026-09-08T00:09:46.971887,1000,312,DELETE,/jobs/002,404,90.73830000124872
21,2026-09-08T00:09:46.971887,1000,313,PUT,/jobs/002,404,137.76870002038777
21,2026-09-08T00:09:46.971887,1000,314,DELETE,/jobs/002,404,90.37489991169423
21,2026-09-08T00:09:46.971887,1000,315,PUT,/jobs/002,404,129.65130002703518
21,2026-09-08T00:09:46.971887,1000,316,PUT,/jobs/001,200,128.2016000477597
21,2026-09-08T00:09:46.971887,1000,317,GET,/jobs/1000,404,90.51249991171062
21,2026-09-08T00:09:46.971887,1000,318,GET,/jobs,200,87.58100005798042
21,2026-09-08T00:09:46.971887,1000,319,GET,/jobs,200,85.81730001606047
21,2026-09-08T00:09:46.971887,1000,320,PUT,/jobs/001,200,128.8140999386087
21,2026-09-08T00:09:46.971887,1000,321,GET,/jobs/1000,404,90.11970006395131
21,2026-09-08T00:09:46.971887,1000,322,DELETE,/jobs/1000,404,93.02390005905181
21,2026-09-08T00:09:46.971887,1000,323,GET,/jobs,200,81.27269998658448
21,2026-09-08T00:09:46.971887,1000,324,DELETE,/jobs/002,404,89.36930005438626
21,2026-09-08T00:09:46.971887,1000,325,GET,/jobs,200,86.14799997303635
21,2026-09-08T00:09:46.971887,1000,326,PUT,/jobs/001,200,128.30359989311546
21,2026-09-08T00:09:46.971887,1000,327,PUT,/jobs/1000,404,138.6554999044165
21,2026-09-08T00:09:46.971887,1000,328,DELETE,/jobs/1000,404,96.22750000562519
21,2026-09-08T00:09:46.971887,1000,329,PUT,/jobs/1000,404,139.1963999485597
21,2026-09-08T00:09:46.971887,1000,330,DELETE,/jobs/1000,404,102.13449993170798
21,2026-09-08T00:09:46.971887,1000,331,DELETE,/jobs/1000,404,101.23220004606992
21,2026-09-08T00:09:46.971887,1000,332,GET,/jobs/1000,404,101.56480001751333
21,2026-09-08T00:09:46.971887,1000,333,PUT,/jobs/002,404,146.8550000572577
21,2026-09-08T00:09:46.971887,1000,334,POST,/jobs,201,131.31540000904351
21,2026-09-08T00:09:46.971887,1000,335,GET,/jobs/1000,404,101.95039992686361
21,2026-09-08T00:09:46.971887,1000,336,POST,/jobs,201,147.69670006353408
21,2026-09-08T00:09:46.971887,1000,337,DELETE,/jobs/1000,404,103.05629996582866
21,2026-09-08T00:09:46.971887,1000,338,GET,/jobs/002,404,100.91849998570979
21,2026-09-08T00:09:46.971887,1000,339,PUT,/jobs/001,200,149.8017000267282
21,2026-09-08T00:09:46.971887,1000,340,POST,/jobs,201,143.5903999954462
21,2026-09-08T00:09:46.971887,1000,341,POST,/jobs,201,146.74640004523098
21,2026-09-08T00:09:46.971887,1000,342,POST,/jobs,201,141.53099991381168
21,2026-09-08T00:09:46.971887,1000,343,GET,/jobs,200,92.72850002162158
21,2026-09-08T00:09:46.971887,1000,344,GET,/jobs/001,200,174.07030006870627
21,2026-09-08T00:09:46.971887,1000,345,GET,/jobs/002,404,93.11450005043298
21,2026-09-08T00:09:46.971887,1000,346,GET,/jobs/1000,404,93.77229993697256
21,2026-09-08T00:09:46.971887,1000,347,GET,/jobs/001,200,161.07919998466969
21,2026-09-08T00:09:46.971887,1000,348,PUT,/jobs/002,404,159.1899999184534
21,2026-09-08T00:09:46.971887,1000,349,POST,/jobs,201,157.7532000374049
21,2026-09-08T00:09:46.971887,1000,350,PUT,/jobs/002,404,172.20699996687472
21,2026-09-08T00:09:46.971887,1000,351,GET,/jobs,200,92.71310002077371
21,2026-09-08T00:09:46.971887,1000,352,GET,/jobs/002,404,93.3534000068903
21,2026-09-08T00:09:46.971887,1000,353,PUT,/jobs/1000,404,179.6745000174269
21,2026-09-08T00:09:46.971887,1000,354,GET,/jobs,200,92.90319995488971
21,2026-09-08T00:09:46.971887,1000,355,DELETE,/jobs/1000,404,102.21869999077171
21,2026-09-08T00:09:46.971887,1000,356,PUT,/jobs/001,200,188.86110000312328
21,2026-09-08T00:09:46.971887,1000,357,POST,/jobs,201,173.6133999656886
21,2026-09-08T00:09:46.971887,1000,358,PUT,/jobs/002,404,188.14830004703254
21,2026-09-08T00:09:46.971887,1000,359,DELETE,/jobs/002,404,103.22039993479848
21,2026-09-08T00:09:46.971887,1000,360,PUT,/jobs/001,200,183.94800007808954
21,2026-09-08T00:09:46.971887,1000,361,POST,/jobs,201,187.77039996348321
21,2026-09-08T00:09:46.971887,1000,362,PUT,/jobs/001,200,174.74259994924068
21,2026-09-08T00:09:46.971887,1000,363,PUT,/jobs/002,404,186.0085999360308
21,2026-09-08T00:09:46.971887,1000,364,PUT,/jobs/1000,404,176.36439995840192
21,2026-09-08T00:09:46.971887,1000,365,GET,/jobs/002,404,103.27359999064356
21,2026-09-08T00:09:46.971887,1000,366,GET,/jobs/1000,404,99.29949999786913
21,2026-09-08T00:09:46.971887,1000,367,DELETE,/jobs/002,404,95.52510001230985
21,2026-09-08T00:09:46.971887,1000,368,PUT,/jobs/1000,404,176.59179994370788
21,2026-09-08T00:09:46.971887,1000,369,DELETE,/jobs/002,404,114.3387999618426
21,2026-09-08T00:09:46.971887,1000,370,GET,/jobs,200,115.60590006411076
21,2026-09-08T00:09:46.971887,1000,371,PUT,/jobs/001,200,184.3842000234872
21,2026-09-08T00:09:46.971887,1000,372,PUT,/jobs/001,200,187.68829992040992
21,2026-09-08T00:09:46.971887,1000,373,GET,/jobs,200,137.8139000153169
21,2026-09-08T00:09:46.971887,1000,374,POST,/jobs,201,182.132099987939
21,2026-09-08T00:09:46.971887,1000,375,POST,/jobs,201,182.0094999857247
21,2026-09-08T00:09:46.971887,1000,376,PUT,/jobs/002,404,183.83320001885295
21,2026-09-08T00:09:46.971887,1000,377,POST,/jobs,201,186.72920006792992
21,2026-09-08T00:09:46.971887,1000,378,PUT,/jobs/002,404,181.55779992230237
21,2026-09-08T00:09:46.971887,1000,379,PUT,/jobs/002,404,189.0396000817418
21,2026-09-08T00:09:46.971887,1000,380,GET,/jobs,200,127.81620002351701
21,2026-09-08T00:09:46.971887,1000,381,PUT,/jobs/001,200,180.4396000225097
21,2026-09-08T00:09:46.971887,1000,382,DELETE,/jobs/002,404,139.2224000301212
21,2026-09-08T00:09:46.971887,1000,383,POST,/jobs,201,181.20160000398755
21,2026-09-08T00:09:46.971887,1000,384,GET,/jobs,200,135.18669991753995
21,2026-09-08T00:09:46.971887,1000,385,GET,/jobs,200,135.78370003961027
21,2026-09-08T00:09:46.971887,1000,386,GET,/jobs,200,136.10989996232092
21,2026-09-08T00:09:46.971887,1000,387,GET,/jobs/001,200,183.26439999509603
21,2026-09-08T00:09:46.971887,1000,388,GET,/jobs,200,135.47060010023415
21,2026-09-08T00:09:46.971887,1000,389,DELETE,/jobs/002,404,138.69839999824762
21,2026-09-08T00:09:46.971887,1000,390,GET,/jobs/001,200,183.4478999953717
21,2026-09-08T00:09:46.971887,1000,391,PUT,/jobs/1000,404,180.00789999496192
21,2026-09-08T00:09:46.971887,1000,392,GET,/jobs,200,130.96720003522933
21,2026-09-08T00:09:46.971887,1000,393,DELETE,/jobs/002,404,133.04350001271814
21,2026-09-08T00:09:46.971887,1000,394,PUT,/jobs/1000,404,182.0054000709206
21,2026-09-08T00:09:46.971887,1000,395,POST,/jobs,201,180.81110005732626
21,2026-09-08T00:09:46.971887,1000,396,POST,/jobs,201,179.61840005591512
21,2026-09-08T00:09:46.971887,1000,397,DELETE,/jobs/002,404,133.62490001600236
21,2026-09-08T00:09:46.971887,1000,398,GET,/jobs/002,404,135.84600004833192
21,2026-09-08T00:09:46.971887,1000,399,GET,/jobs,200,125.60440006200224
21,2026-09-08T00:09:46.971887,1000,400,DELETE,/jobs/002,404,134.68450005166233
21,2026-09-08T00:09:46.971887,1000,401,POST,/jobs,201,179.82760001905262
21,2026-09-08T00:09:46.971887,1000,402,PUT,/jobs/002,404,180.2697000093758
21,2026-09-08T00:09:46.971887,1000,403,GET,/jobs/001,200,171.73689999617636
21,2026-09-08T00:09:46.971887,1000,404,DELETE,/jobs/002,404,129.51409991364926
21,2026-09-08T00:09:46.971887,1000,405,GET,/jobs,200,127.28270003572106
21,2026-09-08T00:09:46.971887,1000,406,POST,/jobs,201,171.22760007623583
21,2026-09-08T00:09:46.971887,1000,407,DELETE,/jobs/002,404,128.77880001906306
21,2026-09-08T00:09:46.971887,1000,408,DELETE,/jobs/002,404,134.42359992768615
21,2026-09-08T00:09:46.971887,1000,409,POST,/jobs,201,167.60120005346835
21,2026-09-08T00:09:46.971887,1000,410,PUT,/jobs/1000,404,167.39280009642243
21,2026-09-08T00:09:46.971887,1000,411,POST,/jobs,201,160.6033000862226
21,2026-09-08T00:09:46.971887,1000,412,DELETE,/jobs/1000,404,134.19000001158565
21,2026-09-08T00:09:46.971887,1000,413,GET,/jobs,200,125.78839994966984
21,2026-09-08T00:09:46.971887,1000,414,PUT,/jobs/002,404,164.14290003012866
21,2026-09-08T00:09:46.971887,1000,415,GET,/jobs,200,124.7538001043722
21,2026-09-08T00:09:46.971887,1000,416,PUT,/jobs/002,404,149.7628000797704
21,2026-09-08T00:09:46.971887,1000,417,PUT,/jobs/1000,404,148.04549992550164
21,2026-09-08T00:09:46.971887,1000,418,GET,/jobs/002,404,107.94490005355328
21,2026-09-08T00:09:46.971887,1000,419,GET,/jobs/1000,404,108.41469990555197
21,2026-09-08T00:09:46.971887,1000,420,DELETE,/jobs/1000,404,107.62520006392151
21,2026-09-08T00:09:46.971887,1000,421,DELETE,/jobs/1000,404,109.58769998978823
21,2026-09-08T00:09:46.971887,1000,422,PUT,/jobs/002,404,148.68940005544573
21,2026-09-08T00:09:46.971887,1000,423,DELETE,/jobs/1000,404,108.79070009104908
21,2026-09-08T00:09:46.971887,1000,424,POST,/jobs,201,146.99509995989501
21,2026-09-08T00:09:46.971887,1000,425,GET,/jobs/001,200,151.06679999735206
21,2026-09-08T00:09:46.971887,1000,426,POST,/jobs,201,148.370600072667
21,2026-09-08T00:09:46.971887,1000,427,GET,/jobs/002,404,110.21140008233488
21,2026-09-08T00:09:46.971887,1000,428,DELETE,/jobs/1000,404,108.55919995810837
21,2026-09-08T00:09:46.971887,1000,429,POST,/jobs,201,140.6603999203071
21,2026-09-08T00:09:46.971887,1000,430,PUT,/jobs/002,404,147.3759999498725
21,2026-09-08T00:09:46.971887,1000,431,GET,/jobs/002,404,108.14879997633398
21,2026-09-08T00:09:46.971887,1000,432,GET,/jobs/002,404,97.19310002401471
21,2026-09-08T00:09:46.971887,1000,433,POST,/jobs,201,126.26229994930327
21,2026-09-08T00:09:46.971887,1000,434,POST,/jobs,201,132.80929997563362
21,2026-09-08T00:09:46.971887,1000,435,POST,/jobs,201,126.57409999519587
21,2026-09-08T00:09:46.971887,1000,436,GET,/jobs,200,93.69199990760535
21,2026-09-08T00:09:46.971887,1000,437,DELETE,/jobs/002,404,83.454699954018
21,2026-09-08T00:09:46.971887,1000,438,GET,/jobs,200,82.21839996986091
21,2026-09-08T00:09:46.971887,1000,439,GET,/jobs/1000,404,82.83079997636378
21,2026-09-08T00:09:46.971887,1000,440,PUT,/jobs/002,404,123.78850008826703
21,2026-09-08T00:09:46.971887,1000,441,DELETE,/jobs/002,404,78.68059992324561
21,2026-09-08T00:09:46.971887,1000,442,PUT,/jobs/1000,404,117.15059995185584
21,2026-09-08T00:09:46.971887,1000,443,PUT,/jobs/002,404,121.07939994893968
21,2026-09-08T00:09:46.971887,1000,444,GET,/jobs,200,76.97579998057336
21,2026-09-08T00:09:46.971887,1000,445,GET,/jobs,200,78.50699999835342
21,2026-09-08T00:09:46.971887,1000,446,POST,/jobs,201,120.82730000838637
21,2026-09-08T00:09:46.971887,1000,447,PUT,/jobs/1000,404,121.37290008831769
21,2026-09-08T00:09:46.971887,1000,448,GET,/jobs/002,404,80.01660008449107
21,2026-09-08T00:09:46.971887,1000,449,DELETE,/jobs/1000,404,80.16530005261302
21,2026-09-08T00:09:46.971887,1000,450,PUT,/jobs/1000,404,124.20650001149625
21,2026-09-08T00:09:46.971887,1000,451,DELETE,/jobs/1000,404,79.61290003731847
21,2026-09-08T00:09:46.971887,1000,452,PUT,/jobs/1000,404,121.51880003511906
21,2026-09-08T00:09:46.971887,1000,453,DELETE,/jobs/1000,404,79.90200002677739
21,2026-09-08T00:09:46.971887,1000,454,POST,/jobs,201,121.2824999820441
21,2026-09-08T00:09:46.971887,1000,455,PUT,/jobs/002,404,121.53330002911389
21,2026-09-08T00:09:46.971887,1000,456,POST,/jobs,201,121.80780002381653
21,2026-09-08T00:09:46.971887,1000,457,GET,/jobs/001,200,122.0886999508366
21,2026-09-08T00:09:46.971887,1000,458,GET,/jobs/002,404,79.71520000137389
21,2026-09-08T00:09:46.971887,1000,459,GET,/jobs,200,74.6052999747917
21,2026-09-08T00:09:46.971887,1000,460,DELETE,/jobs/002,404,75.73539996519685
21,2026-09-08T00:09:46.971887,1000,461,GET,/jobs/001,200,117.4600999802351
21,2026-09-08T00:09:46.971887,1000,462,PUT,/jobs/002,404,110.3982999920845
21,2026-09-08T00:09:46.971887,1000,463,DELETE,/jobs/1000,404,73.90719989780337
21,2026-09-08T00:09:46.971887,1000,464,GET,/jobs,200,73.57960008084774
21,2026-09-08T00:09:46.971887,1000,465,GET,/jobs/002,404,79.05099994968623
21,2026-09-08T00:09:46.971887,1000,466,GET,/jobs/002,404,78.41429999098182
21,2026-09-08T00:09:46.971887,1000,467,GET,/jobs/002,404,83.35900004021823
21,2026-09-08T00:09:46.971887,1000,468,GET,/jobs,200,78.13760009594262
21,2026-09-08T00:09:46.971887,1000,469,DELETE,/jobs/002,404,82.60039996821433
21,2026-09-08T00:09:46.971887,1000,470,POST,/jobs,201,119.90869999863207
21,2026-09-08T00:09:46.971887,1000,471,GET,/jobs,200,76.87600003555417
21,2026-09-08T00:09:46.971887,1000,472,DELETE,/jobs/1000,404,87.68570004031062
21,2026-09-08T00:09:46.971887,1000,473,GET,/jobs/1000,404,81.50149998255074
21,2026-09-08T00:09:46.971887,1000,474,PUT,/jobs/001,200,119.42910007201135
21,2026-09-08T00:09:46.971887,1000,475,GET,/jobs,200,78.78229999914765
21,2026-09-08T00:09:46.971887,1000,476,DELETE,/jobs/1000,404,81.6437000175938
21,2026-09-08T00:09:46.971887,1000,477,PUT,/jobs/002,404,120.35390001256019
21,2026-09-08T00:09:46.971887,1000,478,PUT,/jobs/002,404,119.72570000216365
21,2026-09-08T00:09:46.971887,1000,479,GET,/jobs/001,200,116.86770000960678
21,2026-09-08T00:09:46.971887,1000,480,POST,/jobs,201,116.32200004532933
21,2026-09-08T00:09:46.971887,1000,481,PUT,/jobs/001,200,113.65120008122176
21,2026-09-08T00:09:46.971887,1000,482,GET,/jobs,200,73.30020004883409
21,2026-09-08T00:09:46.971887,1000,483,PUT,/jobs/002,404,115.76260009314865
21,2026-09-08T00:09:46.971887,1000,484,GET,/jobs,200,75.24779997766018
21,2026-09-08T00:09:46.971887,1000,485,DELETE,/jobs/002,404,77.63690000865608
21,2026-09-08T00:09:46.971887,1000,486,GET,/jobs/001,200,117.41529998835176
21,2026-09-08T00:09:46.971887,1000,487,DELETE,/jobs/1000,404,77.40830001421273
21,2026-09-08T00:09:46.971887,1000,488,GET,/jobs,200,76.97489997372031
21,2026-09-08T00:09:46.971887,1000,489,GET,/jobs/001,200,111.05519998818636
21,2026-09-08T00:09:46.971887,1000,490,DELETE,/jobs/1000,404,80.40979993529618
21,2026-09-08T00:09:46.971887,1000,491,DELETE,/jobs/002,404,77.7591000078246
21,2026-09-08T00:09:46.971887,1000,492,DELETE,/jobs/1000,404,78.73589999508113
21,2026-09-08T00:09:46.971887,1000,493,PUT,/jobs/002,404,111.6006999509409
21,2026-09-08T00:09:46.971887,1000,494,POST,/jobs,201,125.70580001920462
21,2026-09-08T00:09:46.971887,1000,495,DELETE,/jobs/1000,404,79.80130007490516
21,2026-09-08T00:09:46.971887,1000,496,POST,/jobs,201,120.06009998731315
21,2026-09-08T00:09:46.971887,1000,497,DELETE,/jobs/002,404,76.54269994236529
21,2026-09-08T00:09:46.971887,1000,498,DELETE,/jobs/002,404,77.7048000600189
21,2026-09-08T00:09:46.971887,1000,499,GET,/jobs/1000,404,78.53879989124835
21,2026-09-08T00:09:46.971887,1000,500,GET,/jobs/002,404,77.70900009199977
21,2026-09-08T00:09:46.971887,1000,501,GET,/jobs,200,73.13849998172373
21,2026-09-08T00:09:46.971887,1000,502,GET,/jobs/001,200,118.1217998964712
21,2026-09-08T00:09:46.971887,1000,503,GET,/jobs/1000,404,77.88660004734993
21,2026-09-08T00:09:46.971887,1000,504,GET,/jobs,200,72.72709999233484
21,2026-09-08T00:09:46.971887,1000,505,GET,/jobs/001,200,117.81219998374581
21,2026-09-08T00:09:46.971887,1000,506,PUT,/jobs/002,404,115.08389993105084
21,2026-09-08T00:09:46.971887,1000,507,DELETE,/jobs/1000,404,82.37039996311069
21,2026-09-08T00:09:46.971887,1000,508,POST,/jobs,201,114.34179998468608
21,2026-09-08T00:09:46.971887,1000,509,GET,/jobs/002,404,77.35619996674359
21,2026-09-08T00:09:46.971887,1000,510,POST,/jobs,201,114.71430002711713
21,2026-09-08T00:09:46.971887,1000,511,PUT,/jobs/001,200,115.71939999703318
21,2026-09-08T00:09:46.971887,1000,512,GET,/jobs/002,404,74.30129998829216
21,2026-09-08T00:09:46.971887,1000,513,DELETE,/jobs/002,404,73.97789997048676
21,2026-09-08T00:09:46.971887,1000,514,PUT,/jobs/001,200,105.96519999671727
21,2026-09-08T00:09:46.971887,1000,515,DELETE,/jobs/002,404,74.34910000301898
21,2026-09-08T00:09:46.971887,1000,516,GET,/jobs/002,404,74.99769993592054
21,2026-09-08T00:09:46.971887,1000,517,GET,/jobs/001,200,114.28169999271631
21,2026-09-08T00:09:46.971887,1000,518,GET,/jobs,200,73.31760006491095
21,2026-09-08T00:09:46.971887,1000,519,GET,/jobs/002,404,74.70140000805259
21,2026-09-08T00:09:46.971887,1000,520,DELETE,/jobs/1000,404,73.92840005923063
21,2026-09-08T00:09:46.971887,1000,521,PUT,/jobs/001,200,112.82939999364316
21,2026-09-08T00:09:46.971887,1000,522,PUT,/jobs/1000,404,113.975900108926
21,2026-09-08T00:09:46.971887,1000,523,POST,/jobs,201,113.30179998185486
21,2026-09-08T00:09:46.971887,1000,524,PUT,/jobs/002,404,112.20319999847561
21,2026-09-08T00:09:46.971887,1000,525,DELETE,/jobs/1000,404,73.87269998434931
21,2026-09-08T00:09:46.971887,1000,526,PUT,/jobs/001,200,111.9055999442935
21,2026-09-08T00:09:46.971887,1000,527,DELETE,/jobs/002,404,75.00609999988228
21,2026-09-08T00:09:46.971887,1000,528,PUT,/jobs/1000,404,106.34850000496954
21,2026-09-08T00:09:46.971887,1000,529,POST,/jobs,201,105.50290008541197
21,2026-09-08T00:09:46.971887,1000,530,POST,/jobs,201,113.73670003376901
21,2026-09-08T00:09:46.971887,1000,531,GET,/jobs,200,70.78279997222126
21,2026-09-08T00:09:46.971887,1000,532,GET,/jobs/1000,404,73.41680000536144
21,2026-09-08T00:09:46.971887,1000,533,DELETE,/jobs/002,404,73.67149996571243
21,2026-09-08T00:09:46.971887,1000,534,POST,/jobs,201,112.82240005675703
21,2026-09-08T00:09:46.971887,1000,535,GET,/jobs,200,71.73229998443276
21,2026-09-08T00:09:46.971887,1000,536,GET,/jobs/002,404,73.18460009992123
21,2026-09-08T00:09:46.971887,1000,537,DELETE,/jobs/1000,404,76.49979996494949
21,2026-09-08T00:09:46.971887,1000,538,POST,/jobs,201,112.37480002455413
21,2026-09-08T00:09:46.971887,1000,539,DELETE,/jobs/1000,404,75.55249996948987
21,2026-09-08T00:09:46.971887,1000,540,PUT,/jobs/001,200,112.10340005345643
21,2026-09-08T00:09:46.971887,1000,541,PUT,/jobs/002,404,113.26949996873736
21,2026-09-08T00:09:46.971887,1000,542,PUT,/jobs/002,404,113.65459999069571
21,2026-09-08T00:09:46.971887,1000,543,POST,/jobs,201,113.97109995596111
21,2026-09-08T00:09:46.971887,1000,544,GET,/jobs,200,73.32269998732954
21,2026-09-08T00:09:46.971887,1000,545,GET,/jobs/002,404,75.15100005548447
21,2026-09-08T00:09:46.971887,1000,546,PUT,/jobs/1000,404,110.84559990558773
21,2026-09-08T00:09:46.971887,1000,547,PUT,/jobs/002,404,110.86769995745271
21,2026-09-08T00:09:46.971887,1000,548,PUT,/jobs/1000,404,111.3593999762088
21,2026-09-08T00:09:46.971887,1000,549,GET,/jobs,200,63.77109989989549
21,2026-09-08T00:09:46.971887,1000,550,PUT,/jobs/001,200,104.43319997284561
21,2026-09-08T00:09:46.971887,1000,551,POST,/jobs,201,105.73629999998957
21,2026-09-08T00:09:46.971887,1000,552,POST,/jobs,201,105.10750010143965
21,2026-09-08T00:09:46.971887,1000,553,PUT,/jobs/1000,404,105.16110004391521
21,2026-09-08T00:09:46.971887,1000,554,GET,/jobs,200,70.59640006627887
21,2026-09-08T00:09:46.971887,1000,555,DELETE,/jobs/1000,404,72.06890010274947
21,2026-09-08T00:09:46.971887,1000,556,PUT,/jobs/001,200,116.39949993696064
21,2026-09-08T00:09:46.971887,1000,557,GET,/jobs/1000,404,76.68840000405908
21,2026-09-08T00:09:46.971887,1000,558,POST,/jobs,201,116.66639999020845
21,2026-09-08T00:09:46.971887,1000,559,PUT,/jobs/1000,404,115.57210003957152
21,2026-09-08T00:09:46.971887,1000,560,PUT,/jobs/001,200,124.63349988684058
21,2026-09-08T00:09:46.971887,1000,561,GET,/jobs/002,404,77.5641999207437
21,2026-09-08T00:09:46.971887,1000,562,DELETE,/jobs/002,404,77.80289999209344
21,2026-09-08T00:09:46.971887,1000,563,POST,/jobs,201,116.94460001308471
21,2026-09-08T00:09:46.971887,1000,564,PUT,/jobs/001,200,106.6500999731943
21,2026-09-08T00:09:46.971887,1000,565,GET,/jobs,200,74.26959997974336
21,2026-09-08T00:09:46.971887,1000,566,DELETE,/jobs/002,404,76.83140004519373
21,2026-09-08T00:09:46.971887,1000,567,GET,/jobs/002,404,77.10700004827231
21,2026-09-08T00:09:46.971887,1000,568,DELETE,/jobs/002,404,74.99909994658083
21,2026-09-08T00:09:46.971887,1000,569,DELETE,/jobs/1000,404,75.50209993496537
21,2026-09-08T00:09:46.971887,1000,570,GET,/jobs,200,73.51320004090667
21,2026-09-08T00:09:46.971887,1000,571,GET,/jobs/001,200,126.01620005443692
21,2026-09-08T00:09:46.971887,1000,572,PUT,/jobs/001,200,125.02429995220155
21,2026-09-08T00:09:46.971887,1000,573,GET,/jobs/002,404,74.73570003639907
21,2026-09-08T00:09:46.971887,1000,574,POST,/jobs,201,125.28469995595515
21,2026-09-08T00:09:46.971887,1000,575,POST,/jobs,201,123.18059999961406
21,2026-09-08T00:09:46.971887,1000,576,PUT,/jobs/002,404,124.55979990772903
21,2026-09-08T00:09:46.971887,1000,577,GET,/jobs/002,404,74.81719995848835
21,2026-09-08T00:09:46.971887,1000,578,DELETE,/jobs/002,404,73.19090003147721
21,2026-09-08T00:09:46.971887,1000,579,PUT,/jobs/001,200,136.83720002882183
21,2026-09-08T00:09:46.971887,1000,580,DELETE,/jobs/002,404,71.95959996897727
21,2026-09-08T00:09:46.971887,1000,581,GET,/jobs,200,71.59269996918738
21,2026-09-08T00:09:46.971887,1000,582,POST,/jobs,201,137.72050000261515
21,2026-09-08T00:09:46.971887,1000,583,PUT,/jobs/002,404,139.94660007301718
21,2026-09-08T00:09:46.971887,1000,584,DELETE,/jobs/1000,404,72.5586999906227
21,2026-09-08T00:09:46.971887,1000,585,GET,/jobs,200,72.10340001620352
21,2026-09-08T00:09:46.971887,1000,586,POST,/jobs,201,149.99320008791983
21,2026-09-08T00:09:46.971887,1000,587,POST,/jobs,201,150.38370003458112
21,2026-09-08T00:09:46.971887,1000,588,DELETE,/jobs/1000,404,84.75430007092655
21,2026-09-08T00:09:46.971887,1000,589,GET,/jobs/002,404,74.75069991778582
21,2026-09-08T00:09:46.971887,1000,590,DELETE,/jobs/1000,404,76.7035000026226
21,2026-09-08T00:09:46.971887,1000,591,POST,/jobs,201,137.65180006157607
21,2026-09-08T00:09:46.971887,1000,592,DELETE,/jobs/1000,404,74.13630001246929
21,2026-09-08T00:09:46.971887,1000,593,PUT,/jobs/002,404,151.9887000322342
21,2026-09-08T00:09:46.971887,1000,594,GET,/jobs/1000,404,75.2319999737665
21,2026-09-08T00:09:46.971887,1000,595,GET,/jobs/1000,404,80.38509998004884
21,2026-09-08T00:09:46.971887,1000,596,PUT,/jobs/001,200,150.74760001152754
21,2026-09-08T00:09:46.971887,1000,597,PUT,/jobs/001,200,149.51370004564524
21,2026-09-08T00:09:46.971887,1000,598,POST,/jobs,201,151.92600002046674
21,2026-09-08T00:09:46.971887,1000,599,PUT,/jobs/1000,404,140.42900002095848
21,2026-09-08T00:09:46.971887,1000,600,PUT,/jobs/002,404,151.16679994389415
21,2026-09-08T00:09:46.971887,1000,601,GET,/jobs/002,404,83.42709997668862
21,2026-09-08T00:09:46.971887,1000,602,GET,/jobs,200,79.09900008235127
21,2026-09-08T00:09:46.971887,1000,603,GET,/jobs/1000,404,84.06949997879565
21,2026-09-08T00:09:46.971887,1000,604,DELETE,/jobs/1000,404,82.67419994808733
21,2026-09-08T00:09:46.971887,1000,605,GET,/jobs,200,82.18369993846864
21,2026-09-08T00:09:46.971887,1000,606,PUT,/jobs/001,200,146.4240999193862
21,2026-09-08T00:09:46.971887,1000,607,DELETE,/jobs/1000,404,78.34710006136447
21,2026-09-08T00:09:46.971887,1000,608,GET,/jobs,200,81.45149995107204
21,2026-09-08T00:09:46.971887,1000,609,GET,/jobs/002,404,82.86089997272938
21,2026-09-08T00:09:46.971887,1000,610,GET,/jobs/001,200,147.47349999379367
21,2026-09-08T00:09:46.971887,1000,611,PUT,/jobs/002,404,145.84949996788055
21,2026-09-08T00:09:46.971887,1000,612,POST,/jobs,201,163.11269998550415
21,2026-09-08T00:09:46.971887,1000,613,PUT,/jobs/1000,404,163.7022999348119
21,2026-09-08T00:09:46.971887,1000,614,GET,/jobs,200,104.57030008547008
21,2026-09-08T00:09:46.971887,1000,615,POST,/jobs,201,168.33100002259016
21,2026-09-08T00:09:46.971887,1000,616,DELETE,/jobs/1000,404,104.07619993202388
21,2026-09-08T00:09:46.971887,1000,617,POST,/jobs,201,162.70230000372976
21,2026-09-08T00:09:46.971887,1000,618,PUT,/jobs/1000,404,171.57240002416074
21,2026-09-08T00:09:46.971887,1000,619,GET,/jobs,200,110.63179990742356
21,2026-09-08T00:09:46.971887,1000,620,DELETE,/jobs/002,404,111.89269996248186
21,2026-09-08T00:09:46.971887,1000,621,GET,/jobs/1000,404,111.44849995616823
21,2026-09-08T00:09:46.971887,1000,622,POST,/jobs,201,167.0801000436768
21,2026-09-08T00:09:46.971887,1000,623,GET,/jobs,200,108.99900004733354
21,2026-09-08T00:09:46.971887,1000,624,PUT,/jobs/001,200,166.69129999354482
21,2026-09-08T00:09:46.971887,1000,625,GET,/jobs,200,108.09250001329929
21,2026-09-08T00:09:46.971887,1000,626,PUT,/jobs/001,200,163.14250009600073
21,2026-09-08T00:09:46.971887,1000,627,POST,/jobs,201,163.47439994569868
21,2026-09-08T00:09:46.971887,1000,628,GET,/jobs,200,99.00380007456988
21,2026-09-08T00:09:46.971887,1000,629,POST,/jobs,201,164.2188000259921
21,2026-09-08T00:09:46.971887,1000,630,GET,/jobs,200,109.02500001247972
21,2026-09-08T00:09:46.971887,1000,631,POST,/jobs,201,165.64280004240572
21,2026-09-08T00:09:46.971887,1000,632,POST,/jobs,201,159.86130002420396
21,2026-09-08T00:09:46.971887,1000,633,GET,/jobs/001,200,169.25309994257987
21,2026-09-08T00:09:46.971887,1000,634,DELETE,/jobs/1000,404,123.49479994736612
21,2026-09-08T00:09:46.971887,1000,635,DELETE,/jobs/002,404,123.10009996872395
21,2026-09-08T00:09:46.971887,1000,636,GET,/jobs/001,200,168.6172999907285
21,2026-09-08T00:09:46.971887,1000,637,GET,/jobs,200,111.38919997029006
21,2026-09-08T00:09:46.971887,1000,638,DELETE,/jobs/1000,404,120.01149996649474
21,2026-09-08T00:09:46.971887,1000,639,DELETE,/jobs/002,404,123.46769997384399
21,2026-09-08T00:09:46.971887,1000,640,PUT,/jobs/1000,404,159.69810006208718
21,2026-09-08T00:09:46.971887,1000,641,GET,/jobs/001,200,173.56250004377216
21,2026-09-08T00:09:46.971887,1000,642,PUT,/jobs/1000,404,169.83210004400462
21,2026-09-08T00:09:46.971887,1000,643,POST,/jobs,201,168.78049995284528
21,2026-09-08T00:09:46.971887,1000,644,POST,/jobs,201,160.0354000693187
21,2026-09-08T00:09:46.971887,1000,645,GET,/jobs,200,120.78430003020912
21,2026-09-08T00:09:46.971887,1000,646,PUT,/jobs/002,404,170.06609996315092
21,2026-09-08T00:09:46.971887,1000,647,DELETE,/jobs/002,404,130.92110003344715
21,2026-09-08T00:09:46.971887,1000,648,GET,/jobs,200,119.3830999545753
21,2026-09-08T00:09:46.971887,1000,649,PUT,/jobs/002,404,170.5595999956131
21,2026-09-08T00:09:46.971887,1000,650,DELETE,/jobs/1000,404,120.96920004114509
21,2026-09-08T00:09:46.971887,1000,651,PUT,/jobs/1000,404,164.01099995709956
21,2026-09-08T00:09:46.971887,1000,652,POST,/jobs,201,165.6684000045061
21,2026-09-08T00:09:46.971887,1000,653,POST,/jobs,201,165.13900004792958
21,2026-09-08T00:09:46.971887,1000,654,PUT,/jobs/002,404,164.64350000023842
21,2026-09-08T00:09:46.971887,1000,655,GET,/jobs,200,112.63300001155585
21,2026-09-08T00:09:46.971887,1000,656,GET,/jobs/002,404,126.49629998486489
21,2026-09-08T00:09:46.971887,1000,657,DELETE,/jobs/1000,404,119.88799995742738
21,2026-09-08T00:09:46.971887,1000,658,DELETE,/jobs/1000,404,127.7440000558272
21,2026-09-08T00:09:46.971887,1000,659,POST,/jobs,201,165.07230000570416
21,2026-09-08T00:09:46.971887,1000,660,PUT,/jobs/002,404,164.83830008655787
21,2026-09-08T00:09:46.971887,1000,661,GET,/jobs,200,114.16799994185567
21,2026-09-08T00:09:46.971887,1000,662,DELETE,/jobs/002,404,127.58690002374351
21,2026-09-08T00:09:46.971887,1000,663,DELETE,/jobs/1000,404,120.5315999686718
21,2026-09-08T00:09:46.971887,1000,664,POST,/jobs,201,139.7690000012517
21,2026-09-08T00:09:46.971887,1000,665,GET,/jobs/1000,404,100.95440002623945
21,2026-09-08T00:09:46.971887,1000,666,POST,/jobs,201,143.36520002689213
21,2026-09-08T00:09:46.971887,1000,667,GET,/jobs/1000,404,100.41990003082901
21,2026-09-08T00:09:46.971887,1000,668,POST,/jobs,201,135.59660001192242
21,2026-09-08T00:09:46.971887,1000,669,GET,/jobs/1000,404,90.56020004209131
21,2026-09-08T00:09:46.971887,1000,670,GET,/jobs,200,88.96790002472699
21,2026-09-08T00:09:46.971887,1000,671,GET,/jobs,200,89.65119998902082
21,2026-09-08T00:09:46.971887,1000,672,POST,/jobs,201,138.87009990867227
21,2026-09-08T00:09:46.971887,1000,673,PUT,/jobs/001,200,144.15830001235008
21,2026-09-08T00:09:46.971887,1000,674,DELETE,/jobs/1000,404,99.15190003812313
21,2026-09-08T00:09:46.971887,1000,675,GET,/jobs/001,200,143.2228001067415
21,2026-09-08T00:09:46.971887,1000,676,POST,/jobs,201,144.60070000495762
21,2026-09-08T00:09:46.971887,1000,677,PUT,/jobs/001,200,139.6932000061497
21,2026-09-08T00:09:46.971887,1000,678,GET,/jobs/001,200,143.16480001434684
21,2026-09-08T00:09:46.971887,1000,679,DELETE,/jobs/1000,404,95.82120005507022
21,2026-09-08T00:09:46.971887,1000,680,DELETE,/jobs/1000,404,97.1939000301063
21,2026-09-08T00:09:46.971887,1000,681,GET,/jobs/002,404,104.00980000849813
21,2026-09-08T00:09:46.971887,1000,682,PUT,/jobs/002,404,143.33619992248714
21,2026-09-08T00:09:46.971887,1000,683,POST,/jobs,201,132.3395000072196
21,2026-09-08T00:09:46.971887,1000,684,GET,/jobs,200,89.2805999610573
21,2026-09-08T00:09:46.971887,1000,685,PUT,/jobs/001,200,140.76370000839233
21,2026-09-08T00:09:46.971887,1000,686,GET,/jobs/001,200,142.58799992967397
21,2026-09-08T00:09:46.971887,1000,687,PUT,/jobs/1000,404,141.33740006946027
21,2026-09-08T00:09:46.971887,1000,688,POST,/jobs,201,141.92320010624826
21,2026-09-08T00:09:46.971887,1000,689,PUT,/jobs/001,200,142.53420010209084
21,2026-09-08T00:09:46.971887,1000,690,POST,/jobs,201,144.77740006987005
21,2026-09-08T00:09:46.971887,1000,691,GET,/jobs,200,89.1399000538513
21,2026-09-08T00:09:46.971887,1000,692,PUT,/jobs/002,404,143.9263999927789
21,2026-09-08T00:09:46.971887,1000,693,POST,/jobs,201,140.75709995813668
21,2026-09-08T00:09:46.971887,1000,694,PUT,/jobs/1000,404,141.56740007456392
21,2026-09-08T00:09:46.971887,1000,695,POST,/jobs,201,144.45770008023828
21,2026-09-08T00:09:46.971887,1000,696,GET,/jobs/002,404,93.17120001651347
21,2026-09-08T00:09:46.971887,1000,697,GET,/jobs,200,78.63959996029735
21,2026-09-08T00:09:46.971887,1000,698,DELETE,/jobs/1000,404,84.933300036937
21,2026-09-08T00:09:46.971887,1000,699,DELETE,/jobs/002,404,84.6792000811547
21,2026-09-08T00:09:46.971887,1000,700,GET,/jobs,200,82.14650000445545
21,2026-09-08T00:09:46.971887,1000,701,PUT,/jobs/1000,404,134.01899999007583
21,2026-09-08T00:09:46.971887,1000,702,POST,/jobs,201,145.4032000619918
21,2026-09-08T00:09:46.971887,1000,703,PUT,/jobs/001,200,132.7997000189498
21,2026-09-08T00:09:46.971887,1000,704,GET,/jobs/001,200,146.33169991429895
21,2026-09-08T00:09:46.971887,1000,705,GET,/jobs,200,85.91970009729266
21,2026-09-08T00:09:46.971887,1000,706,POST,/jobs,201,139.98709991574287
21,2026-09-08T00:09:46.971887,1000,707,GET,/jobs,200,87.744600023143
21,2026-09-08T00:09:46.971887,1000,708,GET,/jobs,200,86.32949995808303
21,2026-09-08T00:09:46.971887,1000,709,GET,/jobs/1000,404,91.93100000265986
21,2026-09-08T00:09:46.971887,1000,710,GET,/jobs/002,404,99.31079996749759
21,2026-09-08T00:09:46.971887,1000,711,PUT,/jobs/002,404,139.6326000103727
21,2026-09-08T00:09:46.971887,1000,712,DELETE,/jobs/1000,404,99.7747000074014
21,2026-09-08T00:09:46.971887,1000,713,DELETE,/jobs/002,404,91.21750004123896
21,2026-09-08T00:09:46.971887,1000,714,PUT,/jobs/1000,404,142.12390000466257
21,2026-09-08T00:09:46.971887,1000,715,GET,/jobs,200,86.18270000442863
21,2026-09-08T00:09:46.971887,1000,716,PUT,/jobs/1000,404,142.60420005302876
21,2026-09-08T00:09:46.971887,1000,717,PUT,/jobs/002,404,141.7416000040248
21,2026-09-08T00:09:46.971887,1000,718,GET,/jobs,200,86.62129996810108
21,2026-09-08T00:09:46.971887,1000,719,POST,/jobs,201,143.6536000110209
21,2026-09-08T00:09:46.971887,1000,720,PUT,/jobs/002,404,142.9020999930799
21,2026-09-08T00:09:46.971887,1000,721,GET,/jobs/002,404,92.8437999682501
21,2026-09-08T00:09:46.971887,1000,722,GET,/jobs,200,83.68649997282773
21,2026-09-08T00:09:46.971887,1000,723,POST,/jobs,201,138.90639995224774
21,2026-09-08T00:09:46.971887,1000,724,POST,/jobs,201,148.133400012739
21,2026-09-08T00:09:46.971887,1000,725,PUT,/jobs/002,404,140.5447000870481
21,2026-09-08T00:09:46.971887,1000,726,GET,/jobs/001,200,160.62540002167225
21,2026-09-08T00:09:46.971887,1000,727,PUT,/jobs/001,200,143.3196000289172
21,2026-09-08T00:09:46.971887,1000,728,GET,/jobs/1000,404,96.60859999712557
21,2026-09-08T00:09:46.971887,1000,729,DELETE,/jobs/002,404,100.7491999771446
21,2026-09-08T00:09:46.971887,1000,730,GET,/jobs,200,93.73190009500831
21,2026-09-08T00:09:46.971887,1000,731,POST,/jobs,201,154.09480000380427
21,2026-09-08T00:09:46.971887,1000,732,GET,/jobs/1000,404,91.97040006984025
21,2026-09-08T00:09:46.971887,1000,733,GET,/jobs/001,200,150.62640001997352
21,2026-09-08T00:09:46.971887,1000,734,DELETE,/jobs/002,404,95.01689998432994
21,2026-09-08T00:09:46.971887,1000,735,DELETE,/jobs/002,404,90.80669994000345
21,2026-09-08T00:09:46.971887,1000,736,GET,/jobs/002,404,93.53120008017868
21,2026-09-08T00:09:46.971887,1000,737,GET,/jobs/1000,404,95.73959989938885
21,2026-09-08T00:09:46.971887,1000,738,GET,/jobs,200,89.67300003860146
21,2026-09-08T00:09:46.971887,1000,739,POST,/jobs,201,152.34359994065017
21,2026-09-08T00:09:46.971887,1000,740,GET,/jobs/001,200,150.0332000432536
21,2026-09-08T00:09:46.971887,1000,741,DELETE,/jobs/1000,404,91.31669998168945
21,2026-09-08T00:09:46.971887,1000,742,GET,/jobs/001,200,154.82040005736053
21,2026-09-08T00:09:46.971887,1000,743,GET,/jobs,200,93.95430004224181
21,2026-09-08T00:09:46.971887,1000,744,GET,/jobs/001,200,153.20559998508543
21,2026-09-08T00:09:46.971887,1000,745,POST,/jobs,201,142.70590001251549
21,2026-09-08T00:09:46.971887,1000,746,GET,/jobs/1000,404,98.57380005996674
21,2026-09-08T00:09:46.971887,1000,747,POST,/jobs,201,149.94919998571277
21,2026-09-08T00:09:46.971887,1000,748,GET,/jobs/002,404,98.37190003599972
21,2026-09-08T00:09:46.971887,1000,749,GET,/jobs,200,93.76379998866469
21,2026-09-08T00:09:46.971887,1000,750,GET,/jobs/1000,404,98.024099948816
21,2026-09-08T00:09:46.971887,1000,751,PUT,/jobs/1000,404,143.72229995205998
21,2026-09-08T00:09:46.971887,1000,752,GET,/jobs,200,94.77909991983324
21,2026-09-08T00:09:46.971887,1000,753,GET,/jobs,200,94.67619995120913
21,2026-09-08T00:09:46.971887,1000,754,PUT,/jobs/002,404,142.21469999756664
21,2026-09-08T00:09:46.971887,1000,755,POST,/jobs,201,148.02700001746416
21,2026-09-08T00:09:46.971887,1000,756,DELETE,/jobs/002,404,102.55930002313107
21,2026-09-08T00:09:46.971887,1000,757,PUT,/jobs/1000,404,148.7611000193283
21,2026-09-08T00:09:46.971887,1000,758,GET,/jobs/1000,404,101.76199988927692
21,2026-09-08T00:09:46.971887,1000,759,GET,/jobs,200,105.63260002527386
21,2026-09-08T00:09:46.971887,1000,760,DELETE,/jobs/1000,404,107.7788999537006
21,2026-09-08T00:09:46.971887,1000,761,PUT,/jobs/1000,404,163.72149996459484
21,2026-09-08T00:09:46.971887,1000,762,GET,/jobs,200,98.15880004316568
21,2026-09-08T00:09:46.971887,1000,763,GET,/jobs,200,106.27730004489422
21,2026-09-08T00:09:46.971887,1000,764,PUT,/jobs/002,404,161.06169996783137
21,2026-09-08T00:09:46.971887,1000,765,PUT,/jobs/1000,404,164.15279998909682
21,2026-09-08T00:09:46.971887,1000,766,GET,/jobs,200,100.23680003359914
21,2026-09-08T00:09:46.971887,1000,767,PUT,/jobs/1000,404,161.68369993101805
21,2026-09-08T00:09:46.971887,1000,768,PUT,/jobs/001,200,159.84850004315376
21,2026-09-08T00:09:46.971887,1000,769,GET,/jobs,200,103.69390004780143
21,2026-09-08T00:09:46.971887,1000,770,POST,/jobs,201,152.43340004235506
21,2026-09-08T00:09:46.971887,1000,771,GET,/jobs/001,200,157.58890006691217
21,2026-09-08T00:09:46.971887,1000,772,GET,/jobs/002,404,102.45450004003942
21,2026-09-08T00:09:46.971887,1000,773,DELETE,/jobs/1000,404,103.08879998046905
21,2026-09-08T00:09:46.971887,1000,774,PUT,/jobs/1000,404,158.57279999181628
21,2026-09-08T00:09:46.971887,1000,775,DELETE,/jobs/1000,404,102.74180001579225
21,2026-09-08T00:09:46.971887,1000,776,PUT,/jobs/1000,404,158.46910001710057
21,2026-09-08T00:09:46.971887,1000,777,DELETE,/jobs/1000,404,103.98060001898557
21,2026-09-08T00:09:46.971887,1000,778,GET,/jobs,200,94.57359998486936
21,2026-09-08T00:09:46.971887,1000,779,GET,/jobs,200,88.592299958691
21,2026-09-08T00:09:46.971887,1000,780,DELETE,/jobs/002,404,96.99039999395609
21,2026-09-08T00:09:46.971887,1000,781,PUT,/jobs/002,404,145.52749996073544
21,2026-09-08T00:09:46.971887,1000,782,GET,/jobs/002,404,98.47800002899021
21,2026-09-08T00:09:46.971887,1000,783,POST,/jobs,201,153.26259995345026
21,2026-09-08T00:09:46.971887,1000,784,PUT,/jobs/002,404,157.24700002465397
21,2026-09-08T00:09:46.971887,1000,785,PUT,/jobs/1000,404,156.96739999111742
21,2026-09-08T00:09:46.971887,1000,786,GET,/jobs,200,109.9825999699533
21,2026-09-08T00:09:46.971887,1000,787,POST,/jobs,201,157.22930000629276
21,2026-09-08T00:09:46.971887,1000,788,POST,/jobs,201,157.09690004587173
21,2026-09-08T00:09:46.971887,1000,789,POST,/jobs,201,159.24090007320046
21,2026-09-08T00:09:46.971887,1000,790,GET,/jobs/1000,404,111.00959999021143
21,2026-09-08T00:09:46.971887,1000,791,PUT,/jobs/001,200,157.59859990794212
21,2026-09-08T00:09:46.971887,1000,792,GET,/jobs,200,109.39569992478937
21,2026-09-08T00:09:46.971887,1000,793,GET,/jobs,200,109.79160002898425
21,2026-09-08T00:09:46.971887,1000,794,GET,/jobs,200,109.12410006858408
21,2026-09-08T00:09:46.971887,1000,795,PUT,/jobs/001,200,157.9524000408128
21,2026-09-08T00:09:46.971887,1000,796,POST,/jobs,201,154.34599993750453
21,2026-09-08T00:09:46.971887,1000,797,GET,/jobs/1000,404,104.90410006605089
21,2026-09-08T00:09:46.971887,1000,798,GET,/jobs,200,101.60689998883754
21,2026-09-08T00:09:46.971887,1000,799,DELETE,/jobs/1000,404,105.54440005216748
21,2026-09-08T00:09:46.971887,1000,800,GET,/jobs,200,101.39319999143481
21,2026-09-08T00:09:46.971887,1000,801,PUT,/jobs/002,404,153.91810005530715
21,2026-09-08T00:09:46.971887,1000,802,PUT,/jobs/1000,404,154.16769997682422
21,2026-09-08T00:09:46.971887,1000,803,GET,/jobs,200,101.91149997990578
21,2026-09-08T00:09:46.971887,1000,804,POST,/jobs,201,154.45379994343966
21,2026-09-08T00:09:46.971887,1000,805,POST,/jobs,201,153.74510001856834
21,2026-09-08T00:09:46.971887,1000,806,GET,/jobs,200,102.72740002255887
21,2026-09-08T00:09:46.971887,1000,807,DELETE,/jobs/002,404,105.20130000077188
21,2026-09-08T00:09:46.971887,1000,808,GET,/jobs/1000,404,97.44229994248599
21,2026-09-08T00:09:46.971887,1000,809,PUT,/jobs/001,200,137.17710005585104
21,2026-09-08T00:09:46.971887,1000,810,GET,/jobs,200,99.35849998146296
21,2026-09-08T00:09:46.971887,1000,811,POST,/jobs,201,138.57179996557534
21,2026-09-08T00:09:46.971887,1000,812,DELETE,/jobs/1000,404,99.60429999046028
21,2026-09-08T00:09:46.971887,1000,813,GET,/jobs,200,89.7601000033319
21,2026-09-08T00:09:46.971887,1000,814,POST,/jobs,201,137.66840007156134
21,2026-09-08T00:09:46.971887,1000,815,GET,/jobs/002,404,90.80840006936342
21,2026-09-08T00:09:46.971887,1000,816,DELETE,/jobs/002,404,91.69519995339215
21,2026-09-08T00:09:46.971887,1000,817,DELETE,/jobs/1000,404,108.01820002961904
21,2026-09-08T00:09:46.971887,1000,818,GET,/jobs,200,97.11830003652722
21,2026-09-08T00:09:46.971887,1000,819,GET,/jobs/002,404,108.21229999419302
21,2026-09-08T00:09:46.971887,1000,820,POST,/jobs,201,137.55680003669113
21,2026-09-08T00:09:46.971887,1000,821,POST,/jobs,201,139.91369993891567
21,2026-09-08T00:09:46.971887,1000,822,GET,/jobs/001,200,154.22000002581626
21,2026-09-08T00:09:46.971887,1000,823,DELETE,/jobs/1000,404,108.3698000293225
21,2026-09-08T00:09:46.971887,1000,824,GET,/jobs,200,96.19179996661842
21,2026-09-08T00:09:46.971887,1000,825,GET,/jobs/1000,404,101.52159992139786
21,2026-09-08T00:09:46.971887,1000,826,GET,/jobs,200,96.83220006991178
21,2026-09-08T00:09:46.971887,1000,827,GET,/jobs,200,96.50099999271333
21,2026-09-08T00:09:46.971887,1000,828,DELETE,/jobs/002,404,95.63899994827807
21,2026-09-08T00:09:46.971887,1000,829,PUT,/jobs/002,404,129.8979000421241
21,2026-09-08T00:09:46.971887,1000,830,PUT,/jobs/002,404,140.77749999705702
21,2026-09-08T00:09:46.971887,1000,831,GET,/jobs/002,404,95.68829997442663
21,2026-09-08T00:09:46.971887,1000,832,POST,/jobs,201,140.20879997406155
21,2026-09-08T00:09:46.971887,1000,833,POST,/jobs,201,141.5133000118658
21,2026-09-08T00:09:46.971887,1000,834,DELETE,/jobs/002,404,95.53090005647391
21,2026-09-08T00:09:46.971887,1000,835,GET,/jobs,200,94.39099999144673
21,2026-09-08T00:09:46.971887,1000,836,GET,/jobs/001,200,142.55380001850426
21,2026-09-08T00:09:46.971887,1000,837,DELETE,/jobs/002,404,95.28169990517199
21,2026-09-08T00:09:46.971887,1000,838,GET,/jobs,200,94.43240007385612
21,2026-09-08T00:09:46.971887,1000,839,POST,/jobs,201,141.20019995607436
21,2026-09-08T00:09:46.971887,1000,840,PUT,/jobs/002,404,141.95070008281618
21,2026-09-08T00:09:46.971887,1000,841,DELETE,/jobs/1000,404,95.4977999208495
21,2026-09-08T00:09:46.971887,1000,842,PUT,/jobs/002,404,125.2693000715226
21,2026-09-08T00:09:46.971887,1000,843,GET,/jobs/1000,404,88.14399992115796
21,2026-09-08T00:09:46.971887,1000,844,GET,/jobs,200,81.90330001525581
21,2026-09-08T00:09:46.971887,1000,845,POST,/jobs,201,125.43269991874695
21,2026-09-08T00:09:46.971887,1000,846,GET,/jobs,200,87.55940000992268
21,2026-09-08T00:09:46.971887,1000,847,POST,/jobs,201,124.97380003333092
21,2026-09-08T00:09:46.971887,1000,848,DELETE,/jobs/1000,404,89.39910004846752
21,2026-09-08T00:09:46.971887,1000,849,DELETE,/jobs/1000,404,84.73020000383258
21,2026-09-08T00:09:46.971887,1000,850,GET,/jobs,200,85.65360005013645
21,2026-09-08T00:09:46.971887,1000,851,GET,/jobs/002,404,86.78999997209758
21,2026-09-08T00:09:46.971887,1000,852,DELETE,/jobs/002,404,87.06769999116659
21,2026-09-08T00:09:46.971887,1000,853,GET,/jobs,200,86.19150007143617
21,2026-09-08T00:09:46.971887,1000,854,GET,/jobs/002,404,87.40919991396368
21,2026-09-08T00:09:46.971887,1000,855,GET,/jobs/001,200,130.96720003522933
21,2026-09-08T00:09:46.971887,1000,856,POST,/jobs,201,123.07289999444038
21,2026-09-08T00:09:46.971887,1000,857,POST,/jobs,201,127.96039995737374
21,2026-09-08T00:09:46.971887,1000,858,GET,/jobs,200,84.95249995030463
21,2026-09-08T00:09:46.971887,1000,859,PUT,/jobs/1000,404,128.09370004106313
21,2026-09-08T00:09:46.971887,1000,860,PUT,/jobs/001,200,122.59150005411357
21,2026-09-08T00:09:46.971887,1000,861,GET,/jobs/002,404,87.90579997003078
21,2026-09-08T00:09:46.971887,1000,862,DELETE,/jobs/002,404,89.60999990813434
21,2026-09-08T00:09:46.971887,1000,863,DELETE,/jobs/1000,404,87.73209992796183
21,2026-09-08T00:09:46.971887,1000,864,GET,/jobs,200,86.06969995889813
21,2026-09-08T00:09:46.971887,1000,865,PUT,/jobs/1000,404,127.3269000230357
21,2026-09-08T00:09:46.971887,1000,866,GET,/jobs,200,85.62800008803606
21,2026-09-08T00:09:46.971887,1000,867,PUT,/jobs/001,200,126.39610003679991
21,2026-09-08T00:09:46.971887,1000,868,PUT,/jobs/001,200,129.77949995547533
21,2026-09-08T00:09:46.971887,1000,869,POST,/jobs,201,126.76450004801154
21,2026-09-08T00:09:46.971887,1000,870,PUT,/jobs/1000,404,125.59409998357296
21,2026-09-08T00:09:46.971887,1000,871,PUT,/jobs/1000,404,127.97179992776364
21,2026-09-08T00:09:46.971887,1000,872,PUT,/jobs/002,404,127.0665000192821
21,2026-09-08T00:09:46.971887,1000,873,GET,/jobs,200,82.65710005071014
21,2026-09-08T00:09:46.971887,1000,874,PUT,/jobs/001,200,122.20930005423725
21,2026-09-08T00:09:46.971887,1000,875,POST,/jobs,201,129.38269996084273
21,2026-09-08T00:09:46.971887,1000,876,DELETE,/jobs/1000,404,78.78149999305606
21,2026-09-08T00:09:46.971887,1000,877,POST,/jobs,201,128.45800002105534
21,2026-09-08T00:09:46.971887,1000,878,PUT,/jobs/001,200,128.6756000481546
21,2026-09-08T00:09:46.971887,1000,879,GET,/jobs/002,404,79.44909995421767
21,2026-09-08T00:09:46.971887,1000,880,DELETE,/jobs/1000,404,84.46449995972216
21,2026-09-08T00:09:46.971887,1000,881,DELETE,/jobs/002,404,83.10859999619424
21,2026-09-08T00:09:46.971887,1000,882,PUT,/jobs/002,404,124.8398000607267
21,2026-09-08T00:09:46.971887,1000,883,POST,/jobs,201,128.81889997515827
21,2026-09-08T00:09:46.971887,1000,884,POST,/jobs,201,127.1372000919655
21,2026-09-08T00:09:46.971887,1000,885,GET,/jobs/001,200,129.0110000409186
21,2026-09-08T00:09:46.971887,1000,886,DELETE,/jobs/002,404,79.60149995051324
21,2026-09-08T00:09:46.971887,1000,887,DELETE,/jobs/002,404,79.79280001018196
21,2026-09-08T00:09:46.971887,1000,888,POST,/jobs,201,125.35230000503361
21,2026-09-08T00:09:46.971887,1000,889,GET,/jobs/001,200,127.58769991341978
21,2026-09-08T00:09:46.971887,1000,890,GET,/jobs,200,75.71009988896549
21,2026-09-08T00:09:46.971887,1000,891,GET,/jobs/002,404,79.3909999774769
21,2026-09-08T00:09:46.971887,1000,892,GET,/jobs/001,200,127.80670006759465
21,2026-09-08T00:09:46.971887,1000,893,DELETE,/jobs/002,404,80.46279998961836
21,2026-09-08T00:09:46.971887,1000,894,GET,/jobs,200,76.18540001567453
21,2026-09-08T00:09:46.971887,1000,895,GET,/jobs/1000,404,80.71950008161366
21,2026-09-08T00:09:46.971887,1000,896,PUT,/jobs/002,404,126.85300002340227
21,2026-09-08T00:09:46.971887,1000,897,DELETE,/jobs/1000,404,80.66169999074191
21,2026-09-08T00:09:46.971887,1000,898,DELETE,/jobs/1000,404,80.59919998049736
21,2026-09-08T00:09:46.971887,1000,899,POST,/jobs,201,125.14729995746166
21,2026-09-08T00:09:46.971887,1000,900,PUT,/jobs/001,200,124.78029995691031
21,2026-09-08T00:09:46.971887,1000,901,PUT,/jobs/002,404,118.545199977234
21,2026-09-08T00:09:46.971887,1000,902,POST,/jobs,201,119.04010002035648
21,2026-09-08T00:09:46.971887,1000,903,POST,/jobs,201,128.988099982962
21,2026-09-08T00:09:46.971887,1000,904,GET,/jobs,200,80.66079998388886
21,2026-09-08T00:09:46.971887,1000,905,POST,/jobs,201,121.51490000542253
21,2026-09-08T00:09:46.971887,1000,906,GET,/jobs,200,80.28210001066327
21,2026-09-08T00:09:46.971887,1000,907,POST,/jobs,201,129.6869000652805
21,2026-09-08T00:09:46.971887,1000,908,PUT,/jobs/001,200,121.14099995233119
21,2026-09-08T00:09:46.971887,1000,909,GET,/jobs,200,81.4566999906674
21,2026-09-08T00:09:46.971887,1000,910,POST,/jobs,201,121.97370000649244
21,2026-09-08T00:09:46.971887,1000,911,POST,/jobs,201,122.61249998118728
21,2026-09-08T00:09:46.971887,1000,912,GET,/jobs,200,81.83019992429763
21,2026-09-08T00:09:46.971887,1000,913,DELETE,/jobs/1000,404,84.02499998919666
21,2026-09-08T00:09:46.971887,1000,914,PUT,/jobs/1000,404,118.42849990352988
21,2026-09-08T00:09:46.971887,1000,915,DELETE,/jobs/002,404,83.26129999477416
21,2026-09-08T00:09:46.971887,1000,916,PUT,/jobs/1000,404,117.6580999745056
21,2026-09-08T00:09:46.971887,1000,917,GET,/jobs/002,404,82.07580004818738
21,2026-09-08T00:09:46.971887,1000,918,DELETE,/jobs/1000,404,82.66899990849197
21,2026-09-08T00:09:46.971887,1000,919,DELETE,/jobs/002,404,84.09260003827512
21,2026-09-08T00:09:46.971887,1000,920,GET,/jobs,200,79.99440003186464
21,2026-09-08T00:09:46.971887,1000,921,PUT,/jobs/001,200,117.89310001768172
21,2026-09-08T00:09:46.971887,1000,922,POST,/jobs,201,117.13439994491637
21,2026-09-08T00:09:46.971887,1000,923,GET,/jobs,200,77.92429998517036
21,2026-09-08T00:09:46.971887,1000,924,DELETE,/jobs/002,404,84.37079994473606
21,2026-09-08T00:09:46.971887,1000,925,GET,/jobs,200,78.42220005113631
21,2026-09-08T00:09:46.971887,1000,926,GET,/jobs/1000,404,82.88340002764016
21,2026-09-08T00:09:46.971887,1000,927,PUT,/jobs/002,404,122.61449999641627
21,2026-09-08T00:09:46.971887,1000,928,DELETE,/jobs/002,404,82.32559997122735
21,2026-09-08T00:09:46.971887,1000,929,POST,/jobs,201,118.22960001882166
21,2026-09-08T00:09:46.971887,1000,930,POST,/jobs,201,118.70819993782789
21,2026-09-08T00:09:46.971887,1000,931,PUT,/jobs/002,404,117.37100000027567
21,2026-09-08T00:09:46.971887,1000,932,DELETE,/jobs/002,404,80.25080000516027
21,2026-09-08T00:09:46.971887,1000,933,POST,/jobs,201,106.53250000905246
21,2026-09-08T00:09:46.971887,1000,934,POST,/jobs,201,109.41499995533377
21,2026-09-08T00:09:46.971887,1000,935,DELETE,/jobs/1000,404,79.51139996293932
21,2026-09-08T00:09:46.971887,1000,936,POST,/jobs,201,106.90150002483279
21,2026-09-08T00:09:46.971887,1000,937,DELETE,/jobs/002,404,80.05270001012832
21,2026-09-08T00:09:46.971887,1000,938,POST,/jobs,201,103.36890001781285
21,2026-09-08T00:09:46.971887,1000,939,DELETE,/jobs/002,404,74.74749989341944
21,2026-09-08T00:09:46.971887,1000,940,POST,/jobs,201,109.03160006273538
21,2026-09-08T00:09:46.971887,1000,941,PUT,/jobs/001,200,107.75149997789413
21,2026-09-08T00:09:46.971887,1000,942,DELETE,/jobs/002,404,80.47599997371435
21,2026-09-08T00:09:46.971887,1000,943,POST,/jobs,201,111.593599896878
21,2026-09-08T00:09:46.971887,1000,944,PUT,/jobs/1000,404,108.34739997517318
21,2026-09-08T00:09:46.971887,1000,945,POST,/jobs,201,107.00580000411719
21,2026-09-08T00:09:46.971887,1000,946,GET,/jobs/1000,404,80.86450002156198
21,2026-09-08T00:09:46.971887,1000,947,DELETE,/jobs/002,404,81.60109992604703
21,2026-09-08T00:09:46.971887,1000,948,PUT,/jobs/1000,404,111.40340007841587
21,2026-09-08T00:09:46.971887,1000,949,POST,/jobs,201,106.41940007917583
21,2026-09-08T00:09:46.971887,1000,950,POST,/jobs,201,112.2564000543207
21,2026-09-08T00:09:46.971887,1000,951,GET,/jobs/001,200,102.22450003493577
21,2026-09-08T00:09:46.971887,1000,952,POST,/jobs,201,100.69710004609078
21,2026-09-08T00:09:46.971887,1000,953,PUT,/jobs/001,200,100.89809994678944
21,2026-09-08T00:09:46.971887,1000,954,GET,/jobs/001,200,102.54720004741102
21,2026-09-08T00:09:46.971887,1000,955,GET,/jobs/001,200,102.00690000783652
21,2026-09-08T00:09:46.971887,1000,956,POST,/jobs,201,100.46980006154627
21,2026-09-08T00:09:46.971887,1000,957,GET,/jobs,200,74.11530008539557
21,2026-09-08T00:09:46.971887,1000,958,DELETE,/jobs/002,404,77.08389998879284
21,2026-09-08T00:09:46.971887,1000,959,POST,/jobs,201,101.33560001850128
21,2026-09-08T00:09:46.971887,1000,960,DELETE,/jobs/002,404,68.16789996810257
21,2026-09-08T00:09:46.971887,1000,961,DELETE,/jobs/1000,404,68.37859994266182
21,2026-09-08T00:09:46.971887,1000,962,GET,/jobs/001,200,95.93750000931323
21,2026-09-08T00:09:46.971887,1000,963,GET,/jobs/1000,404,62.13239999487996
21,2026-09-08T00:09:46.971887,1000,964,DELETE,/jobs/002,404,65.48859993927181
21,2026-09-08T00:09:46.971887,1000,965,PUT,/jobs/001,200,88.1711000110954
21,2026-09-08T00:09:46.971887,1000,966,PUT,/jobs/002,404,88.32260000053793
21,2026-09-08T00:09:46.971887,1000,967,GET,/jobs/002,404,66.05759996455163
21,2026-09-08T00:09:46.971887,1000,968,DELETE,/jobs/1000,404,65.91110001318157
21,2026-09-08T00:09:46.971887,1000,969,PUT,/jobs/001,200,82.64180005062371
21,2026-09-08T00:09:46.971887,1000,970,DELETE,/jobs/002,404,66.24409998767078
21,2026-09-08T00:09:46.971887,1000,971,POST,/jobs,201,84.27549991756678
21,2026-09-08T00:09:46.971887,1000,972,PUT,/jobs/001,200,82.43880001828074
21,2026-09-08T00:09:46.971887,1000,973,POST,/jobs,201,85.02280001994222
21,2026-09-08T00:09:46.971887,1000,974,DELETE,/jobs/1000,404,66.10769999679178
21,2026-09-08T00:09:46.971887,1000,975,PUT,/jobs/002,404,85.03990003373474
21,2026-09-08T00:09:46.971887,1000,976,PUT,/jobs/1000,404,83.77959998324513
21,2026-09-08T00:09:46.971887,1000,977,DELETE,/jobs/1000,404,65.40039996616542
21,2026-09-08T00:09:46.971887,1000,978,GET,/jobs/001,200,87.818400003016
21,2026-09-08T00:09:46.971887,1000,979,DELETE,/jobs/002,404,54.977199994027615
21,2026-09-08T00:09:46.971887,1000,980,POST,/jobs,201,70.31970005482435
21,2026-09-08T00:09:46.971887,1000,981,PUT,/jobs/002,404,70.48660004511476
21,2026-09-08T00:09:46.971887,1000,982,DELETE,/jobs/002,404,55.25249999482185
21,2026-09-08T00:09:46.971887,1000,983,DELETE,/jobs/002,404,56.27159995492548
21,2026-09-08T00:09:46.971887,1000,984,POST,/jobs,201,71.91990001592785
21,2026-09-08T00:09:46.971887,1000,985,GET,/jobs/002,404,53.71230002492666
21,2026-09-08T00:09:46.971887,1000,986,PUT,/jobs/1000,404,72.45119998697191
21,2026-09-08T00:09:46.971887,1000,987,GET,/jobs/002,404,46.48060002364218
21,2026-09-08T00:09:46.971887,1000,988,GET,/jobs,200,48.79110003821552
21,2026-09-08T00:09:46.971887,1000,989,GET,/jobs/002,404,49.18949992861599
21,2026-09-08T00:09:46.971887,1000,990,POST,/jobs,201,60.121300048194826
21,2026-09-08T00:09:46.971887,1000,991,PUT,/jobs/001,200,61.01289996877313
21,2026-09-08T00:09:46.971887,1000,992,PUT,/jobs/1000,404,61.82089995127171
21,2026-09-08T00:09:46.971887,1000,993,POST,/jobs,201,60.730400029569864
21,2026-09-08T00:09:46.971887,1000,994,PUT,/jobs/001,200,61.571699916385114
21,2026-09-08T00:09:46.971887,1000,995,POST,/jobs,201,59.92930009961128
21,2026-09-08T00:09:46.971887,1000,996,GET,/jobs,200,44.616300030611455
21,2026-09-08T00:09:46.971887,1000,997,POST,/jobs,201,53.37620002683252
21,2026-09-08T00:09:46.971887,1000,998,POST,/jobs,201,53.51710005197674
21,2026-09-08T00:09:46.971887,1000,999,GET,/jobs/001,200,54.70990005414933
21,2026-09-08T00:09:46.971887,1000,1000,GET,/jobs,200,44.150999980047345
22,2026-09-08T00:09:48.730494,1000,1,GET,/jobs,200,17.9336000001058
22,2026-09-08T00:09:48.730494,1000,2,GET,/jobs,200,33.04699994623661
22,2026-09-08T00:09:48.730494,1000,3,POST,/jobs,201,112.12509998586029
22,2026-09-08T00:09:48.730494,1000,4,GET,/jobs/001,200,54.507500026375055
22,2026-09-08T00:09:48.730494,1000,5,GET,/jobs,200,42.95339994132519
22,2026-09-08T00:09:48.730494,1000,6,DELETE,/jobs/002,200,44.12179999053478
22,2026-09-08T00:09:48.730494,1000,7,DELETE,/jobs/1000,404,42.703600018285215
22,2026-09-08T00:09:48.730494,1000,8,GET,/jobs,200,43.18459995556623
22,2026-09-08T00:09:48.730494,1000,9,GET,/jobs,200,43.59360004309565
22,2026-09-08T00:09:48.730494,1000,10,GET,/jobs,200,41.76189994905144
22,2026-09-08T00:09:48.730494,1000,11,GET,/jobs/001,200,78.74879997689277
22,2026-09-08T00:09:48.730494,1000,12,DELETE,/jobs/002,404,47.708399943076074
22,2026-09-08T00:09:48.730494,1000,13,DELETE,/jobs/002,404,47.89449996314943
22,2026-09-08T00:09:48.730494,1000,14,DELETE,/jobs/1000,404,47.403500066138804
22,2026-09-08T00:09:48.730494,1000,15,GET,/jobs/002,404,59.89280005451292
22,2026-09-08T00:09:48.730494,1000,16,DELETE,/jobs/1000,404,59.33060008101165
22,2026-09-08T00:09:48.730494,1000,17,GET,/jobs,200,46.85980000067502
22,2026-09-08T00:09:48.730494,1000,18,GET,/jobs/1000,404,60.411299928091466
22,2026-09-08T00:09:48.730494,1000,19,PUT,/jobs/002,404,111.19490000419319
22,2026-09-08T00:09:48.730494,1000,20,POST,/jobs,201,108.70420001447201
22,2026-09-08T00:09:48.730494,1000,21,GET,/jobs/002,404,60.58679998386651
22,2026-09-08T00:09:48.730494,1000,22,GET,/jobs,200,44.59679999854416
22,2026-09-08T00:09:48.730494,1000,23,GET,/jobs,200,44.195299968123436
22,2026-09-08T00:09:48.730494,1000,24,PUT,/jobs/001,200,110.10920000262558
22,2026-09-08T00:09:48.730494,1000,25,POST,/jobs,201,127.17339990194887
22,2026-09-08T00:09:48.730494,1000,26,POST,/jobs,201,128.06639994960278
22,2026-09-08T00:09:48.730494,1000,27,POST,/jobs,201,122.18409997876734
22,2026-09-08T00:09:48.730494,1000,28,GET,/jobs,200,59.297600062564015
22,2026-09-08T00:09:48.730494,1000,29,PUT,/jobs/1000,404,122.52820003777742
22,2026-09-08T00:09:48.730494,1000,30,GET,/jobs,200,50.84570008330047
22,2026-09-08T00:09:48.730494,1000,31,PUT,/jobs/001,200,134.91569994948804
22,2026-09-08T00:09:48.730494,1000,32,DELETE,/jobs/1000,404,75.33989998046309
22,2026-09-08T00:09:48.730494,1000,33,DELETE,/jobs/1000,404,75.09390008635819
22,2026-09-08T00:09:48.730494,1000,34,DELETE,/jobs/002,404,62.20549996942282
22,2026-09-08T00:09:48.730494,1000,35,GET,/jobs,200,43.60799991991371
22,2026-09-08T00:09:48.730494,1000,36,GET,/jobs,200,49.35660003684461
22,2026-09-08T00:09:48.730494,1000,37,GET,/jobs/002,404,82.32030004728585
22,2026-09-08T00:09:48.730494,1000,38,GET,/jobs,200,48.93739998806268
22,2026-09-08T00:09:48.730494,1000,39,GET,/jobs/001,200,159.57440005149692
22,2026-09-08T00:09:48.730494,1000,40,PUT,/jobs/002,404,113.081100047566
22,2026-09-08T00:09:48.730494,1000,41,PUT,/jobs/1000,404,114.92030008230358
22,2026-09-08T00:09:48.730494,1000,42,POST,/jobs,201,118.17360005807132
22,2026-09-08T00:09:48.730494,1000,43,POST,/jobs,201,136.9997999863699
22,2026-09-08T00:09:48.730494,1000,44,GET,/jobs/1000,404,69.39900002907962
22,2026-09-08T00:09:48.730494,1000,45,POST,/jobs,201,125.67400000989437
22,2026-09-08T00:09:48.730494,1000,46,GET,/jobs,200,67.90680007543415
22,2026-09-08T00:09:48.730494,1000,47,DELETE,/jobs/002,404,56.992300087586045
22,2026-09-08T00:09:48.730494,1000,48,DELETE,/jobs/002,404,62.1530000353232
22,2026-09-08T00:09:48.730494,1000,49,GET,/jobs/002,404,67.19600001815706
22,2026-09-08T00:09:48.730494,1000,50,PUT,/jobs/002,404,114.5377999637276
22,2026-09-08T00:09:48.730494,1000,51,DELETE,/jobs/002,404,61.90239998977631
22,2026-09-08T00:09:48.730494,1000,52,POST,/jobs,201,115.37439993117005
22,2026-09-08T00:09:48.730494,1000,53,GET,/jobs,200,47.61669994331896
22,2026-09-08T00:09:48.730494,1000,54,GET,/jobs/001,200,140.18800004851073
22,2026-09-08T00:09:48.730494,1000,55,POST,/jobs,201,128.72329994570464
22,2026-09-08T00:09:48.730494,1000,56,POST,/jobs,201,126.85929995495826
22,2026-09-08T00:09:48.730494,1000,57,GET,/jobs/1000,404,67.35679996199906
22,2026-09-08T00:09:48.730494,1000,58,POST,/jobs,201,116.09120003413409
22,2026-09-08T00:09:48.730494,1000,59,PUT,/jobs/002,404,113.49270003847778
22,2026-09-08T00:09:48.730494,1000,60,PUT,/jobs/001,200,130.16000005882233
22,2026-09-08T00:09:48.730494,1000,61,POST,/jobs,201,112.95889993198216
22,2026-09-08T00:09:48.730494,1000,62,GET,/jobs/1000,404,60.99340005312115
22,2026-09-08T00:09:48.730494,1000,63,DELETE,/jobs/1000,404,63.18589998409152
22,2026-09-08T00:09:48.730494,1000,64,DELETE,/jobs/1000,404,71.9628999941051
22,2026-09-08T00:09:48.730494,1000,65,DELETE,/jobs/1000,404,75.01530006993562
22,2026-09-08T00:09:48.730494,1000,66,POST,/jobs,201,135.96420001704246
22,2026-09-08T00:09:48.730494,1000,67,GET,/jobs/1000,404,75.94229991082102
22,2026-09-08T00:09:48.730494,1000,68,PUT,/jobs/001,200,121.72470008954406
22,2026-09-08T00:09:48.730494,1000,69,GET,/jobs,200,47.23609995562583
22,2026-09-08T00:09:48.730494,1000,70,GET,/jobs,200,49.95850007981062
22,2026-09-08T00:09:48.730494,1000,71,GET,/jobs/1000,404,85.32549999654293
22,2026-09-08T00:09:48.730494,1000,72,GET,/jobs/1000,404,69.71129996236414
22,2026-09-08T00:09:48.730494,1000,73,PUT,/jobs/1000,404,127.75049998890609
22,2026-09-08T00:09:48.730494,1000,74,GET,/jobs,200,42.96160000376403
22,2026-09-08T00:09:48.730494,1000,75,PUT,/jobs/002,404,126.49049994070083
22,2026-09-08T00:09:48.730494,1000,76,DELETE,/jobs/1000,404,65.96679997164756
22,2026-09-08T00:09:48.730494,1000,77,DELETE,/jobs/1000,404,74.68690001405776
22,2026-09-08T00:09:48.730494,1000,78,DELETE,/jobs/002,404,75.7982999784872
22,2026-09-08T00:09:48.730494,1000,79,GET,/jobs,200,46.97490006219596
22,2026-09-08T00:09:48.730494,1000,80,DELETE,/jobs/1000,404,60.96100003924221
22,2026-09-08T00:09:48.730494,1000,81,POST,/jobs,201,124.77730005048215
22,2026-09-08T00:09:48.730494,1000,82,POST,/jobs,201,120.67269999533892
22,2026-09-08T00:09:48.730494,1000,83,GET,/jobs/002,404,78.93339998554438
22,2026-09-08T00:09:48.730494,1000,84,GET,/jobs,200,62.88479990325868
22,2026-09-08T00:09:48.730494,1000,85,POST,/jobs,201,120.95110001973808
22,2026-09-08T00:09:48.730494,1000,86,GET,/jobs/1000,404,78.0203000176698
22,2026-09-08T00:09:48.730494,1000,87,GET,/jobs,200,64.92290005553514
22,2026-09-08T00:09:48.730494,1000,88,POST,/jobs,201,120.51159993279725
22,2026-09-08T00:09:48.730494,1000,89,DELETE,/jobs/002,404,74.85780003480613
22,2026-09-08T00:09:48.730494,1000,90,GET,/jobs/002,404,66.23050000052899
22,2026-09-08T00:09:48.730494,1000,91,GET,/jobs/1000,404,73.69290001224726
22,2026-09-08T00:09:48.730494,1000,92,DELETE,/jobs/002,404,78.40759993996471
22,2026-09-08T00:09:48.730494,1000,93,DELETE,/jobs/1000,404,67.57900002412498
22,2026-09-08T00:09:48.730494,1000,94,PUT,/jobs/001,200,119.94549992959946
22,2026-09-08T00:09:48.730494,1000,95,GET,/jobs,200,56.763899978250265
22,2026-09-08T00:09:48.730494,1000,96,POST,/jobs,201,128.4640000667423
22,2026-09-08T00:09:48.730494,1000,97,POST,/jobs,201,127.98789993394166
22,2026-09-08T00:09:48.730494,1000,98,GET,/jobs,200,62.622299999929965
22,2026-09-08T00:09:48.730494,1000,99,GET,/jobs/1000,404,67.78899999335408
22,2026-09-08T00:09:48.730494,1000,100,GET,/jobs,200,58.07989998720586
22,2026-09-08T00:09:48.730494,1000,101,GET,/jobs,200,91.19490010198206
22,2026-09-08T00:09:48.730494,1000,102,PUT,/jobs/001,200,125.26300002355129
22,2026-09-08T00:09:48.730494,1000,103,DELETE,/jobs/002,404,110.6786000309512
22,2026-09-08T00:09:48.730494,1000,104,GET,/jobs/1000,404,118.26359992846847
22,2026-09-08T00:09:48.730494,1000,105,PUT,/jobs/1000,404,121.98269995860755
22,2026-09-08T00:09:48.730494,1000,106,GET,/jobs/002,404,112.7505999756977
22,2026-09-08T00:09:48.730494,1000,107,DELETE,/jobs/1000,404,119.05390000902116
22,2026-09-08T00:09:48.730494,1000,108,GET,/jobs/1000,404,113.27400000300258
22,2026-09-08T00:09:48.730494,1000,109,GET,/jobs/1000,404,116.72659998293966
22,2026-09-08T00:09:48.730494,1000,110,POST,/jobs,201,123.71069996152073
22,2026-09-08T00:09:48.730494,1000,111,POST,/jobs,201,122.80619994271547
22,2026-09-08T00:09:48.730494,1000,112,DELETE,/jobs/1000,404,113.98439994081855
22,2026-09-08T00:09:48.730494,1000,113,GET,/jobs,200,106.94850003346801
22,2026-09-08T00:09:48.730494,1000,114,GET,/jobs/001,200,149.2761999834329
22,2026-09-08T00:09:48.730494,1000,115,GET,/jobs,200,104.09969999454916
22,2026-09-08T00:09:48.730494,1000,116,POST,/jobs,201,121.72410008497536
22,2026-09-08T00:09:48.730494,1000,117,DELETE,/jobs/002,404,119.17890002951026
22,2026-09-08T00:09:48.730494,1000,118,DELETE,/jobs/002,404,110.55519990622997
22,2026-09-08T00:09:48.730494,1000,119,GET,/jobs,200,107.20909992232919
22,2026-09-08T00:09:48.730494,1000,120,GET,/jobs,200,106.34329996537417
22,2026-09-08T00:09:48.730494,1000,121,GET,/jobs,200,96.7090999474749
22,2026-09-08T00:09:48.730494,1000,122,GET,/jobs/001,200,138.3927999995649
22,2026-09-08T00:09:48.730494,1000,123,GET,/jobs,200,103.0952000292018
22,2026-09-08T00:09:48.730494,1000,124,POST,/jobs,201,114.02099998667836
22,2026-09-08T00:09:48.730494,1000,125,DELETE,/jobs/002,404,100.23849993012846
22,2026-09-08T00:09:48.730494,1000,126,POST,/jobs,201,113.07260009925812
22,2026-09-08T00:09:48.730494,1000,127,PUT,/jobs/001,200,114.46139996405691
22,2026-09-08T00:09:48.730494,1000,128,DELETE,/jobs/002,404,99.99669995158911
22,2026-09-08T00:09:48.730494,1000,129,DELETE,/jobs/1000,404,100.59669998008758
22,2026-09-08T00:09:48.730494,1000,130,GET,/jobs/002,404,92.40429999772459
22,2026-09-08T00:09:48.730494,1000,131,PUT,/jobs/001,200,108.44060010276735
22,2026-09-08T00:09:48.730494,1000,132,GET,/jobs,200,91.63659997284412
22,2026-09-08T00:09:48.730494,1000,133,GET,/jobs,200,91.52289992198348
22,2026-09-08T00:09:48.730494,1000,134,PUT,/jobs/002,404,107.78289998415858
22,2026-09-08T00:09:48.730494,1000,135,PUT,/jobs/002,404,110.17190001439303
22,2026-09-08T00:09:48.730494,1000,136,PUT,/jobs/1000,404,109.15879998356104
22,2026-09-08T00:09:48.730494,1000,137,GET,/jobs,200,83.951500011608
22,2026-09-08T00:09:48.730494,1000,138,GET,/jobs,200,83.81969993934035
22,2026-09-08T00:09:48.730494,1000,139,GET,/jobs,200,82.6411999296397
22,2026-09-08T00:09:48.730494,1000,140,PUT,/jobs/1000,404,110.28360005002469
22,2026-09-08T00:09:48.730494,1000,141,POST,/jobs,201,110.8664000639692
22,2026-09-08T00:09:48.730494,1000,142,GET,/jobs,200,78.33350007422268
22,2026-09-08T00:09:48.730494,1000,143,GET,/jobs/001,200,117.43740004021674
22,2026-09-08T00:09:48.730494,1000,144,GET,/jobs/1000,404,83.89330003410578
22,2026-09-08T00:09:48.730494,1000,145,PUT,/jobs/001,200,112.589200027287
22,2026-09-08T00:09:48.730494,1000,146,PUT,/jobs/001,200,112.59269993752241
22,2026-09-08T00:09:48.730494,1000,147,POST,/jobs,201,116.17360007949173
22,2026-09-08T00:09:48.730494,1000,148,GET,/jobs/001,200,112.15059994719923
22,2026-09-08T00:09:48.730494,1000,149,PUT,/jobs/1000,404,112.5164000550285
22,2026-09-08T00:09:48.730494,1000,150,GET,/jobs,200,79.73320002201945
22,2026-09-08T00:09:48.730494,1000,151,GET,/jobs,200,79.5973000349477
22,2026-09-08T00:09:48.730494,1000,152,DELETE,/jobs/002,404,81.02539996616542
22,2026-09-08T00:09:48.730494,1000,153,GET,/jobs,200,75.93529997393489
22,2026-09-08T00:09:48.730494,1000,154,GET,/jobs/001,200,106.1906999675557
22,2026-09-08T00:09:48.730494,1000,155,PUT,/jobs/002,404,107.54290001932532
22,2026-09-08T00:09:48.730494,1000,156,PUT,/jobs/001,200,108.0244000768289
22,2026-09-08T00:09:48.730494,1000,157,PUT,/jobs/001,200,107.48020000755787
22,2026-09-08T00:09:48.730494,1000,158,GET,/jobs/002,404,65.79340004827827
22,2026-09-08T00:09:48.730494,1000,159,GET,/jobs,200,66.22140004765242
22,2026-09-08T00:09:48.730494,1000,160,PUT,/jobs/002,404,102.58770000655204
22,2026-09-08T00:09:48.730494,1000,161,PUT,/jobs/002,404,101.940399967134
22,2026-09-08T00:09:48.730494,1000,162,PUT,/jobs/1000,404,101.82069998700172
22,2026-09-08T00:09:48.730494,1000,163,DELETE,/jobs/1000,404,66.98209990281612
22,2026-09-08T00:09:48.730494,1000,164,GET,/jobs/001,200,101.75050003454089
22,2026-09-08T00:09:48.730494,1000,165,POST,/jobs,201,96.09519992955029
22,2026-09-08T00:09:48.730494,1000,166,GET,/jobs,200,61.06279999949038
22,2026-09-08T00:09:48.730494,1000,167,DELETE,/jobs/002,404,66.79900002200156
22,2026-09-08T00:09:48.730494,1000,168,POST,/jobs,201,98.17400004249066
22,2026-09-08T00:09:48.730494,1000,169,GET,/jobs,200,61.74449995160103
22,2026-09-08T00:09:48.730494,1000,170,DELETE,/jobs/1000,404,61.72320002224296
22,2026-09-08T00:09:48.730494,1000,171,DELETE,/jobs/002,404,62.73879995569587
22,2026-09-08T00:09:48.730494,1000,172,GET,/jobs,200,60.33750006463379
22,2026-09-08T00:09:48.730494,1000,173,DELETE,/jobs/002,404,63.24639997910708
22,2026-09-08T00:09:48.730494,1000,174,GET,/jobs/001,200,95.0926000950858
22,2026-09-08T00:09:48.730494,1000,175,DELETE,/jobs/002,404,62.11200007237494
22,2026-09-08T00:09:48.730494,1000,176,GET,/jobs/002,404,63.6911999899894
22,2026-09-08T00:09:48.730494,1000,177,GET,/jobs,200,60.131399892270565
22,2026-09-08T00:09:48.730494,1000,178,DELETE,/jobs/002,404,60.31780003104359
22,2026-09-08T00:09:48.730494,1000,179,DELETE,/jobs/002,404,61.60480005200952
22,2026-09-08T00:09:48.730494,1000,180,DELETE,/jobs/002,404,61.85239995829761
22,2026-09-08T00:09:48.730494,1000,181,PUT,/jobs/1000,404,84.10930004902184
22,2026-09-08T00:09:48.730494,1000,182,DELETE,/jobs/1000,404,61.93359999451786
22,2026-09-08T00:09:48.730494,1000,183,POST,/jobs,201,95.12789989821613
22,2026-09-08T00:09:48.730494,1000,184,POST,/jobs,201,98.05729996878654
22,2026-09-08T00:09:48.730494,1000,185,POST,/jobs,201,96.7082999413833
22,2026-09-08T00:09:48.730494,1000,186,GET,/jobs/1000,404,62.87070002872497
22,2026-09-08T00:09:48.730494,1000,187,POST,/jobs,201,85.24719998240471
22,2026-09-08T00:09:48.730494,1000,188,POST,/jobs,201,97.51720004715025
22,2026-09-08T00:09:48.730494,1000,189,GET,/jobs,200,57.68980004359037
22,2026-09-08T00:09:48.730494,1000,190,GET,/jobs,200,59.27290010731667
22,2026-09-08T00:09:48.730494,1000,191,PUT,/jobs/1000,404,88.8839999679476
22,2026-09-08T00:09:48.730494,1000,192,DELETE,/jobs/002,404,58.842499973252416
22,2026-09-08T00:09:48.730494,1000,193,GET,/jobs,200,55.82240002695471
22,2026-09-08T00:09:48.730494,1000,194,DELETE,/jobs/002,404,59.86889998894185
22,2026-09-08T00:09:48.730494,1000,195,DELETE,/jobs/1000,404,59.983700048178434
22,2026-09-08T00:09:48.730494,1000,196,GET,/jobs/002,404,58.673699968494475
22,2026-09-08T00:09:48.730494,1000,197,GET,/jobs,200,57.21689993515611
22,2026-09-08T00:09:48.730494,1000,198,GET,/jobs/002,404,59.65229996945709
22,2026-09-08T00:09:48.730494,1000,199,POST,/jobs,201,96.97389998473227
22,2026-09-08T00:09:48.730494,1000,200,PUT,/jobs/1000,404,91.06440003961325
22,2026-09-08T00:09:48.730494,1000,201,POST,/jobs,201,90.66180000081658
22,2026-09-08T00:09:48.730494,1000,202,DELETE,/jobs/002,404,61.011800076812506
22,2026-09-08T00:09:48.730494,1000,203,DELETE,/jobs/1000,404,61.5120999282226
22,2026-09-08T00:09:48.730494,1000,204,GET,/jobs,200,57.198200025595725
22,2026-09-08T00:09:48.730494,1000,205,GET,/jobs/002,404,62.82620003912598
22,2026-09-08T00:09:48.730494,1000,206,GET,/jobs,200,57.8830000013113
22,2026-09-08T00:09:48.730494,1000,207,GET,/jobs,200,58.40930005069822
22,2026-09-08T00:09:48.730494,1000,208,DELETE,/jobs/002,404,58.466199901886284
22,2026-09-08T00:09:48.730494,1000,209,POST,/jobs,201,98.59249996952713
22,2026-09-08T00:09:48.730494,1000,210,DELETE,/jobs/002,404,57.68159998115152
22,2026-09-08T00:09:48.730494,1000,211,POST,/jobs,201,91.30700002424419
22,2026-09-08T00:09:48.730494,1000,212,POST,/jobs,201,96.94049996323884
22,2026-09-08T00:09:48.730494,1000,213,PUT,/jobs/002,404,98.167399992235
22,2026-09-08T00:09:48.730494,1000,214,GET,/jobs,200,57.049599941819906
22,2026-09-08T00:09:48.730494,1000,215,GET,/jobs,200,55.19159999676049
22,2026-09-08T00:09:48.730494,1000,216,PUT,/jobs/002,404,99.335000035353
22,2026-09-08T00:09:48.730494,1000,217,GET,/jobs,200,59.69939997885376
22,2026-09-08T00:09:48.730494,1000,218,GET,/jobs,200,59.525900054723024
22,2026-09-08T00:09:48.730494,1000,219,POST,/jobs,201,96.45660000387579
22,2026-09-08T00:09:48.730494,1000,220,GET,/jobs/1000,404,62.903599929995835
22,2026-09-08T00:09:48.730494,1000,221,POST,/jobs,201,98.44710002653301
22,2026-09-08T00:09:48.730494,1000,222,PUT,/jobs/1000,404,90.50559997558594
22,2026-09-08T00:09:48.730494,1000,223,PUT,/jobs/1000,404,96.7365000396967
22,2026-09-08T00:09:48.730494,1000,224,GET,/jobs,200,61.8263001088053
22,2026-09-08T00:09:48.730494,1000,225,GET,/jobs,200,59.77049993816763
22,2026-09-08T00:09:48.730494,1000,226,GET,/jobs,200,59.48199995327741
22,2026-09-08T00:09:48.730494,1000,227,GET,/jobs/1000,404,62.00430006720126
22,2026-09-08T00:09:48.730494,1000,228,GET,/jobs,200,60.3826999431476
22,2026-09-08T00:09:48.730494,1000,229,POST,/jobs,201,97.97150001395494
22,2026-09-08T00:09:48.730494,1000,230,DELETE,/jobs/002,404,63.5125000262633
22,2026-09-08T00:09:48.730494,1000,231,PUT,/jobs/001,200,97.04030002467334
22,2026-09-08T00:09:48.730494,1000,232,GET,/jobs,200,56.01190007291734
22,2026-09-08T00:09:48.730494,1000,233,POST,/jobs,201,95.53900000173599
22,2026-09-08T00:09:48.730494,1000,234,GET,/jobs,200,59.869499993510544
22,2026-09-08T00:09:48.730494,1000,235,POST,/jobs,201,95.78430000692606
22,2026-09-08T00:09:48.730494,1000,236,GET,/jobs/1000,404,66.27549999393523
22,2026-09-08T00:09:48.730494,1000,237,GET,/jobs,200,64.56089997664094
22,2026-09-08T00:09:48.730494,1000,238,POST,/jobs,201,103.47550001461059
22,2026-09-08T00:09:48.730494,1000,239,DELETE,/jobs/1000,404,67.16239999514073
22,2026-09-08T00:09:48.730494,1000,240,DELETE,/jobs/002,404,66.45599997136742
22,2026-09-08T00:09:48.730494,1000,241,GET,/jobs/001,200,102.9207999818027
22,2026-09-08T00:09:48.730494,1000,242,GET,/jobs/002,404,67.48950004111975
22,2026-09-08T00:09:48.730494,1000,243,GET,/jobs,200,65.2249000268057
22,2026-09-08T00:09:48.730494,1000,244,GET,/jobs/1000,404,67.95359996613115
22,2026-09-08T00:09:48.730494,1000,245,POST,/jobs,201,96.54160006903112
22,2026-09-08T00:09:48.730494,1000,246,PUT,/jobs/1000,404,97.20150008797646
22,2026-09-08T00:09:48.730494,1000,247,GET,/jobs/002,404,68.97289992775768
22,2026-09-08T00:09:48.730494,1000,248,GET,/jobs/1000,404,69.22139995731413
22,2026-09-08T00:09:48.730494,1000,249,GET,/jobs,200,67.01809994410723
22,2026-09-08T00:09:48.730494,1000,250,PUT,/jobs/001,200,97.90559997782111
22,2026-09-08T00:09:48.730494,1000,251,PUT,/jobs/001,200,97.40319999400526
22,2026-09-08T00:09:48.730494,1000,252,GET,/jobs/002,404,63.22999997064471
22,2026-09-08T00:09:48.730494,1000,253,POST,/jobs,201,101.44799994304776
22,2026-09-08T00:09:48.730494,1000,254,GET,/jobs/001,200,99.6783000882715
22,2026-09-08T00:09:48.730494,1000,255,GET,/jobs,200,68.8572000944987
22,2026-09-08T00:09:48.730494,1000,256,GET,/jobs/002,404,69.10760002210736
22,2026-09-08T00:09:48.730494,1000,257,POST,/jobs,201,100.78610002528876
22,2026-09-08T00:09:48.730494,1000,258,GET,/jobs,200,68.4059999184683
22,2026-09-08T00:09:48.730494,1000,259,POST,/jobs,201,101.0291000129655
22,2026-09-08T00:09:48.730494,1000,260,DELETE,/jobs/1000,404,69.36329999007285
22,2026-09-08T00:09:48.730494,1000,261,DELETE,/jobs/1000,404,64.74259996321052
22,2026-09-08T00:09:48.730494,1000,262,GET,/jobs,200,68.54639993980527
22,2026-09-08T00:09:48.730494,1000,263,GET,/jobs,200,65.1358999311924
22,2026-09-08T00:09:48.730494,1000,264,POST,/jobs,201,101.31890000775456
22,2026-09-08T00:09:48.730494,1000,265,DELETE,/jobs/1000,404,70.15959999989718
22,2026-09-08T00:09:48.730494,1000,266,GET,/jobs,200,64.18370001483709
22,2026-09-08T00:09:48.730494,1000,267,GET,/jobs,200,66.5646999841556
22,2026-09-08T00:09:48.730494,1000,268,DELETE,/jobs/1000,404,67.68690003082156
22,2026-09-08T00:09:48.730494,1000,269,POST,/jobs,201,101.73009999562055
22,2026-09-08T00:09:48.730494,1000,270,POST,/jobs,201,99.80820002965629
22,2026-09-08T00:09:48.730494,1000,271,DELETE,/jobs/002,404,67.91069998871535
22,2026-09-08T00:09:48.730494,1000,272,PUT,/jobs/1000,404,102.70519996993244
22,2026-09-08T00:09:48.730494,1000,273,GET,/jobs/002,404,67.33830005396158
22,2026-09-08T00:09:48.730494,1000,274,GET,/jobs,200,62.80319998040795
22,2026-09-08T00:09:48.730494,1000,275,PUT,/jobs/001,200,100.78640002757311
22,2026-09-08T00:09:48.730494,1000,276,DELETE,/jobs/002,404,67.96390004456043
22,2026-09-08T00:09:48.730494,1000,277,POST,/jobs,201,99.95319996960461
22,2026-09-08T00:09:48.730494,1000,278,GET,/jobs,200,58.81350010167807
22,2026-09-08T00:09:48.730494,1000,279,POST,/jobs,201,110.72950006928295
22,2026-09-08T00:09:48.730494,1000,280,POST,/jobs,201,103.99269999470562
22,2026-09-08T00:09:48.730494,1000,281,GET,/jobs,200,61.75019999500364
22,2026-09-08T00:09:48.730494,1000,282,POST,/jobs,201,108.02060004789382
22,2026-09-08T00:09:48.730494,1000,283,POST,/jobs,201,107.96070005744696
22,2026-09-08T00:09:48.730494,1000,284,PUT,/jobs/002,404,106.58840008545667
22,2026-09-08T00:09:48.730494,1000,285,PUT,/jobs/1000,404,107.24070004653186
22,2026-09-08T00:09:48.730494,1000,286,POST,/jobs,201,108.23189991060644
22,2026-09-08T00:09:48.730494,1000,287,GET,/jobs/001,200,109.06509996857494
22,2026-09-08T00:09:48.730494,1000,288,PUT,/jobs/1000,404,103.50089997518808
22,2026-09-08T00:09:48.730494,1000,289,PUT,/jobs/1000,404,104.36519992072135
22,2026-09-08T00:09:48.730494,1000,290,GET,/jobs/1000,404,70.25390001945198
22,2026-09-08T00:09:48.730494,1000,291,DELETE,/jobs/1000,404,63.62709996756166
22,2026-09-08T00:09:48.730494,1000,292,PUT,/jobs/1000,404,102.55740000866354
22,2026-09-08T00:09:48.730494,1000,293,GET,/jobs,200,68.04859999101609
22,2026-09-08T00:09:48.730494,1000,294,POST,/jobs,201,111.41240003053099
22,2026-09-08T00:09:48.730494,1000,295,GET,/jobs/002,404,68.62330005969852
22,2026-09-08T00:09:48.730494,1000,296,DELETE,/jobs/1000,404,69.56049997825176
22,2026-09-08T00:09:48.730494,1000,297,PUT,/jobs/002,404,103.44330000225455
22,2026-09-08T00:09:48.730494,1000,298,PUT,/jobs/1000,404,103.46550005488098
22,2026-09-08T00:09:48.730494,1000,299,GET,/jobs/1000,404,70.29800000600517
22,2026-09-08T00:09:48.730494,1000,300,PUT,/jobs/1000,404,108.79259998910129
22,2026-09-08T00:09:48.730494,1000,301,GET,/jobs/1000,404,63.972200034186244
22,2026-09-08T00:09:48.730494,1000,302,GET,/jobs,200,63.69889993220568
22,2026-09-08T00:09:48.730494,1000,303,POST,/jobs,201,104.41329993773252
22,2026-09-08T00:09:48.730494,1000,304,DELETE,/jobs/1000,404,72.92780000716448
22,2026-09-08T00:09:48.730494,1000,305,GET,/jobs,200,70.1525000622496
22,2026-09-08T00:09:48.730494,1000,306,GET,/jobs/1000,404,73.55460000690073
22,2026-09-08T00:09:48.730494,1000,307,POST,/jobs,201,104.7651000553742
22,2026-09-08T00:09:48.730494,1000,308,GET,/jobs/001,200,112.77129990048707
22,2026-09-08T00:09:48.730494,1000,309,GET,/jobs,200,72.1848999382928
22,2026-09-08T00:09:48.730494,1000,310,GET,/jobs,200,71.35910005308688
22,2026-09-08T00:09:48.730494,1000,311,GET,/jobs/002,404,72.55530008114874
22,2026-09-08T00:09:48.730494,1000,312,DELETE,/jobs/002,404,73.86740006040782
22,2026-09-08T00:09:48.730494,1000,313,PUT,/jobs/002,404,102.30989998672158
22,2026-09-08T00:09:48.730494,1000,314,DELETE,/jobs/002,404,74.065399938263
22,2026-09-08T00:09:48.730494,1000,315,PUT,/jobs/002,404,102.04499994870275
22,2026-09-08T00:09:48.730494,1000,316,PUT,/jobs/001,200,102.21050004474819
22,2026-09-08T00:09:48.730494,1000,317,GET,/jobs/1000,404,72.3649999126792
22,2026-09-08T00:09:48.730494,1000,318,GET,/jobs,200,71.5535000199452
22,2026-09-08T00:09:48.730494,1000,319,GET,/jobs,200,69.66849998570979
22,2026-09-08T00:09:48.730494,1000,320,PUT,/jobs/001,200,101.58869996666908
22,2026-09-08T00:09:48.730494,1000,321,GET,/jobs/1000,404,71.57419994473457
22,2026-09-08T00:09:48.730494,1000,322,DELETE,/jobs/1000,404,74.31709999218583
22,2026-09-08T00:09:48.730494,1000,323,GET,/jobs,200,71.97849999647588
22,2026-09-08T00:09:48.730494,1000,324,DELETE,/jobs/002,404,74.72120004240423
22,2026-09-08T00:09:48.730494,1000,325,GET,/jobs,200,73.11580004170537
22,2026-09-08T00:09:48.730494,1000,326,PUT,/jobs/001,200,103.30199997406453
22,2026-09-08T00:09:48.730494,1000,327,PUT,/jobs/1000,404,101.95639997255057
22,2026-09-08T00:09:48.730494,1000,328,DELETE,/jobs/1000,404,74.05209995340556
22,2026-09-08T00:09:48.730494,1000,329,PUT,/jobs/1000,404,110.36729998886585
22,2026-09-08T00:09:48.730494,1000,330,DELETE,/jobs/1000,404,72.65510002616793
22,2026-09-08T00:09:48.730494,1000,331,DELETE,/jobs/1000,404,72.87200004793704
22,2026-09-08T00:09:48.730494,1000,332,GET,/jobs/1000,404,73.74150003306568
22,2026-09-08T00:09:48.730494,1000,333,PUT,/jobs/002,404,104.98389997519553
22,2026-09-08T00:09:48.730494,1000,334,POST,/jobs,201,102.90279996115714
22,2026-09-08T00:09:48.730494,1000,335,GET,/jobs/1000,404,72.37750000786036
22,2026-09-08T00:09:48.730494,1000,336,POST,/jobs,201,102.40289999637753
22,2026-09-08T00:09:48.730494,1000,337,DELETE,/jobs/1000,404,66.51340005919337
22,2026-09-08T00:09:48.730494,1000,338,GET,/jobs/002,404,63.91050003003329
22,2026-09-08T00:09:48.730494,1000,339,PUT,/jobs/001,200,102.00400010216981
22,2026-09-08T00:09:48.730494,1000,340,POST,/jobs,201,101.35340003762394
22,2026-09-08T00:09:48.730494,1000,341,POST,/jobs,201,101.2466000393033
22,2026-09-08T00:09:48.730494,1000,342,POST,/jobs,201,101.80639999452978
22,2026-09-08T00:09:48.730494,1000,343,GET,/jobs,200,64.84120001550764
22,2026-09-08T00:09:48.730494,1000,344,GET,/jobs/001,200,109.24490005709231
22,2026-09-08T00:09:48.730494,1000,345,GET,/jobs/002,404,67.5209000473842
22,2026-09-08T00:09:48.730494,1000,346,GET,/jobs/1000,404,66.59790000412613
22,2026-09-08T00:09:48.730494,1000,347,GET,/jobs/001,200,105.75560003053397
22,2026-09-08T00:09:48.730494,1000,348,PUT,/jobs/002,404,104.90749997552484
22,2026-09-08T00:09:48.730494,1000,349,POST,/jobs,201,105.25410005357116
22,2026-09-08T00:09:48.730494,1000,350,PUT,/jobs/002,404,104.3374000582844
22,2026-09-08T00:09:48.730494,1000,351,GET,/jobs,200,71.65720011107624
22,2026-09-08T00:09:48.730494,1000,352,GET,/jobs/002,404,71.93289999850094
22,2026-09-08T00:09:48.730494,1000,353,PUT,/jobs/1000,404,107.12850000709295
22,2026-09-08T00:09:48.730494,1000,354,GET,/jobs,200,69.18180000502616
22,2026-09-08T00:09:48.730494,1000,355,DELETE,/jobs/1000,404,70.33580006100237
22,2026-09-08T00:09:48.730494,1000,356,PUT,/jobs/001,200,108.92999998759478
22,2026-09-08T00:09:48.730494,1000,357,POST,/jobs,201,106.86519998125732
22,2026-09-08T00:09:48.730494,1000,358,PUT,/jobs/002,404,111.1625999910757
22,2026-09-08T00:09:48.730494,1000,359,DELETE,/jobs/002,404,65.72970002889633
22,2026-09-08T00:09:48.730494,1000,360,PUT,/jobs/001,200,111.77919991314411
22,2026-09-08T00:09:48.730494,1000,361,POST,/jobs,201,107.51190001610667
22,2026-09-08T00:09:48.730494,1000,362,PUT,/jobs/001,200,109.08789990935475
22,2026-09-08T00:09:48.730494,1000,363,PUT,/jobs/002,404,109.37129997182637
22,2026-09-08T00:09:48.730494,1000,364,PUT,/jobs/1000,404,108.58760005794466
22,2026-09-08T00:09:48.730494,1000,365,GET,/jobs/002,404,69.85550001263618
22,2026-09-08T00:09:48.730494,1000,366,GET,/jobs/1000,404,69.98999998904765
22,2026-09-08T00:09:48.730494,1000,367,DELETE,/jobs/002,404,70.35769999492913
22,2026-09-08T00:09:48.730494,1000,368,PUT,/jobs/1000,404,108.8539999909699
22,2026-09-08T00:09:48.730494,1000,369,DELETE,/jobs/002,404,71.44990004599094
22,2026-09-08T00:09:48.730494,1000,370,GET,/jobs,200,63.540800008922815
22,2026-09-08T00:09:48.730494,1000,371,PUT,/jobs/001,200,100.66520003601909
22,2026-09-08T00:09:48.730494,1000,372,PUT,/jobs/001,200,101.22499999124557
22,2026-09-08T00:09:48.730494,1000,373,GET,/jobs,200,65.89620001614094
22,2026-09-08T00:09:48.730494,1000,374,POST,/jobs,201,101.56480001751333
22,2026-09-08T00:09:48.730494,1000,375,POST,/jobs,201,101.72719997353852
22,2026-09-08T00:09:48.730494,1000,376,PUT,/jobs/002,404,108.93300001043826
22,2026-09-08T00:09:48.730494,1000,377,POST,/jobs,201,102.25610004272312
22,2026-09-08T00:09:48.730494,1000,378,PUT,/jobs/002,404,107.73990000598133
22,2026-09-08T00:09:48.730494,1000,379,PUT,/jobs/002,404,101.978600025177
22,2026-09-08T00:09:48.730494,1000,380,GET,/jobs,200,65.19090000074357
22,2026-09-08T00:09:48.730494,1000,381,PUT,/jobs/001,200,105.2048000274226
22,2026-09-08T00:09:48.730494,1000,382,DELETE,/jobs/002,404,70.42890007141978
22,2026-09-08T00:09:48.730494,1000,383,POST,/jobs,201,105.08819995447993
22,2026-09-08T00:09:48.730494,1000,384,GET,/jobs,200,68.90109996311367
22,2026-09-08T00:09:48.730494,1000,385,GET,/jobs,200,68.02859995514154
22,2026-09-08T00:09:48.730494,1000,386,GET,/jobs,200,68.47769999876618
22,2026-09-08T00:09:48.730494,1000,387,GET,/jobs/001,200,107.798199984245
22,2026-09-08T00:09:48.730494,1000,388,GET,/jobs,200,66.67269999161363
22,2026-09-08T00:09:48.730494,1000,389,DELETE,/jobs/002,404,69.07039997167885
22,2026-09-08T00:09:48.730494,1000,390,GET,/jobs/001,200,105.38119997363538
22,2026-09-08T00:09:48.730494,1000,391,PUT,/jobs/1000,404,106.8724999204278
22,2026-09-08T00:09:48.730494,1000,392,GET,/jobs,200,68.06780002079904
22,2026-09-08T00:09:48.730494,1000,393,DELETE,/jobs/002,404,69.07490000594407
22,2026-09-08T00:09:48.730494,1000,394,PUT,/jobs/1000,404,104.24159991089255
22,2026-09-08T00:09:48.730494,1000,395,POST,/jobs,201,104.41130003891885
22,2026-09-08T00:09:48.730494,1000,396,POST,/jobs,201,104.26379996351898
22,2026-09-08T00:09:48.730494,1000,397,DELETE,/jobs/002,404,69.99639992136508
22,2026-09-08T00:09:48.730494,1000,398,GET,/jobs/002,404,70.54500002413988
22,2026-09-08T00:09:48.730494,1000,399,GET,/jobs,200,69.06670005992055
22,2026-09-08T00:09:48.730494,1000,400,DELETE,/jobs/002,404,69.4331000559032
22,2026-09-08T00:09:48.730494,1000,401,POST,/jobs,201,98.71859999839216
22,2026-09-08T00:09:48.730494,1000,402,PUT,/jobs/002,404,103.32280001603067
22,2026-09-08T00:09:48.730494,1000,403,GET,/jobs/001,200,103.49730006419122
22,2026-09-08T00:09:48.730494,1000,404,DELETE,/jobs/002,404,69.60629997774959
22,2026-09-08T00:09:48.730494,1000,405,GET,/jobs,200,68.83399991784245
22,2026-09-08T00:09:48.730494,1000,406,POST,/jobs,201,98.16950000822544
22,2026-09-08T00:09:48.730494,1000,407,DELETE,/jobs/002,404,63.6285999789834
22,2026-09-08T00:09:48.730494,1000,408,DELETE,/jobs/002,404,69.92450007237494
22,2026-09-08T00:09:48.730494,1000,409,POST,/jobs,201,98.7959000049159
22,2026-09-08T00:09:48.730494,1000,410,PUT,/jobs/1000,404,106.54619999695569
22,2026-09-08T00:09:48.730494,1000,411,POST,/jobs,201,104.64339994359761
22,2026-09-08T00:09:48.730494,1000,412,DELETE,/jobs/1000,404,72.0494999550283
22,2026-09-08T00:09:48.730494,1000,413,GET,/jobs,200,70.11679990682751
22,2026-09-08T00:09:48.730494,1000,414,PUT,/jobs/002,404,106.20180005207658
22,2026-09-08T00:09:48.730494,1000,415,GET,/jobs,200,66.16919999942183
22,2026-09-08T00:09:48.730494,1000,416,PUT,/jobs/002,404,98.4908000100404
22,2026-09-08T00:09:48.730494,1000,417,PUT,/jobs/1000,404,105.23510002531111
22,2026-09-08T00:09:48.730494,1000,418,GET,/jobs/002,404,76.2140000006184
22,2026-09-08T00:09:48.730494,1000,419,GET,/jobs/1000,404,75.07579994853586
22,2026-09-08T00:09:48.730494,1000,420,DELETE,/jobs/1000,404,69.08509996719658
22,2026-09-08T00:09:48.730494,1000,421,DELETE,/jobs/1000,404,74.8359999852255
22,2026-09-08T00:09:48.730494,1000,422,PUT,/jobs/002,404,102.28949994780123
22,2026-09-08T00:09:48.730494,1000,423,DELETE,/jobs/1000,404,67.86619999911636
22,2026-09-08T00:09:48.730494,1000,424,POST,/jobs,201,98.10410009231418
22,2026-09-08T00:09:48.730494,1000,425,GET,/jobs/001,200,103.8782000541687
22,2026-09-08T00:09:48.730494,1000,426,POST,/jobs,201,102.26559999864548
22,2026-09-08T00:09:48.730494,1000,427,GET,/jobs/002,404,75.338099966757
22,2026-09-08T00:09:48.730494,1000,428,DELETE,/jobs/1000,404,68.07259994093329
22,2026-09-08T00:09:48.730494,1000,429,POST,/jobs,201,98.94339996390045
22,2026-09-08T00:09:48.730494,1000,430,PUT,/jobs/002,404,97.36040001735091
22,2026-09-08T00:09:48.730494,1000,431,GET,/jobs/002,404,70.43860002886504
22,2026-09-08T00:09:48.730494,1000,432,GET,/jobs/002,404,66.42490008380264
22,2026-09-08T00:09:48.730494,1000,433,POST,/jobs,201,94.77560000959784
22,2026-09-08T00:09:48.730494,1000,434,POST,/jobs,201,94.29809998255223
22,2026-09-08T00:09:48.730494,1000,435,POST,/jobs,201,94.35300005134195
22,2026-09-08T00:09:48.730494,1000,436,GET,/jobs,200,60.013200039975345
22,2026-09-08T00:09:48.730494,1000,437,DELETE,/jobs/002,404,64.38370002433658
22,2026-09-08T00:09:48.730494,1000,438,GET,/jobs,200,60.321400058455765
22,2026-09-08T00:09:48.730494,1000,439,GET,/jobs/1000,404,70.66409999970347
22,2026-09-08T00:09:48.730494,1000,440,PUT,/jobs/002,404,97.28670003823936
22,2026-09-08T00:09:48.730494,1000,441,DELETE,/jobs/002,404,70.48090000171214
22,2026-09-08T00:09:48.730494,1000,442,PUT,/jobs/1000,404,96.48059995379299
22,2026-09-08T00:09:48.730494,1000,443,PUT,/jobs/002,404,95.74080002494156
22,2026-09-08T00:09:48.730494,1000,444,GET,/jobs,200,68.4515000320971
22,2026-09-08T00:09:48.730494,1000,445,GET,/jobs,200,66.6533000767231
22,2026-09-08T00:09:48.730494,1000,446,POST,/jobs,201,105.22609995678067
22,2026-09-08T00:09:48.730494,1000,447,PUT,/jobs/1000,404,110.33850000239909
22,2026-09-08T00:09:48.730494,1000,448,GET,/jobs/002,404,68.39450006373227
22,2026-09-08T00:09:48.730494,1000,449,DELETE,/jobs/1000,404,68.97070002742112
22,2026-09-08T00:09:48.730494,1000,450,PUT,/jobs/1000,404,100.43880005832762
22,2026-09-08T00:09:48.730494,1000,451,DELETE,/jobs/1000,404,68.0047000059858
22,2026-09-08T00:09:48.730494,1000,452,PUT,/jobs/1000,404,109.88789994735271
22,2026-09-08T00:09:48.730494,1000,453,DELETE,/jobs/1000,404,67.62530002743006
22,2026-09-08T00:09:48.730494,1000,454,POST,/jobs,201,110.56970001664013
22,2026-09-08T00:09:48.730494,1000,455,PUT,/jobs/002,404,108.62689989153296
22,2026-09-08T00:09:48.730494,1000,456,POST,/jobs,201,99.1611999925226
22,2026-09-08T00:09:48.730494,1000,457,GET,/jobs/001,200,105.1202000817284
22,2026-09-08T00:09:48.730494,1000,458,GET,/jobs/002,404,61.68639997486025
22,2026-09-08T00:09:48.730494,1000,459,GET,/jobs,200,62.16269999276847
22,2026-09-08T00:09:48.730494,1000,460,DELETE,/jobs/002,404,64.21080010477453
22,2026-09-08T00:09:48.730494,1000,461,GET,/jobs/001,200,105.31469993293285
22,2026-09-08T00:09:48.730494,1000,462,PUT,/jobs/002,404,106.99090000707656
22,2026-09-08T00:09:48.730494,1000,463,DELETE,/jobs/1000,404,70.92279999051243
22,2026-09-08T00:09:48.730494,1000,464,GET,/jobs,200,66.98269990738481
22,2026-09-08T00:09:48.730494,1000,465,GET,/jobs/002,404,69.25060006324202
22,2026-09-08T00:09:48.730494,1000,466,GET,/jobs/002,404,70.54880005307496
22,2026-09-08T00:09:48.730494,1000,467,GET,/jobs/002,404,71.10409997403622
22,2026-09-08T00:09:48.730494,1000,468,GET,/jobs,200,68.4096000622958
22,2026-09-08T00:09:48.730494,1000,469,DELETE,/jobs/002,404,69.86700010020286
22,2026-09-08T00:09:48.730494,1000,470,POST,/jobs,201,105.92780006118119
22,2026-09-08T00:09:48.730494,1000,471,GET,/jobs,200,66.28240004647523
22,2026-09-08T00:09:48.730494,1000,472,DELETE,/jobs/1000,404,72.17219995800406
22,2026-09-08T00:09:48.730494,1000,473,GET,/jobs/1000,404,72.70480005536228
22,2026-09-08T00:09:48.730494,1000,474,PUT,/jobs/001,200,108.0583999864757
22,2026-09-08T00:09:48.730494,1000,475,GET,/jobs,200,70.21629996597767
22,2026-09-08T00:09:48.730494,1000,476,DELETE,/jobs/1000,404,72.2633000696078
22,2026-09-08T00:09:48.730494,1000,477,PUT,/jobs/002,404,108.4635000443086
22,2026-09-08T00:09:48.730494,1000,478,PUT,/jobs/002,404,106.97090008761734
22,2026-09-08T00:09:48.730494,1000,479,GET,/jobs/001,200,109.52709999401122
22,2026-09-08T00:09:48.730494,1000,480,POST,/jobs,201,99.20699999202043
22,2026-09-08T00:09:48.730494,1000,481,PUT,/jobs/001,200,108.31889999099076
22,2026-09-08T00:09:48.730494,1000,482,GET,/jobs,200,70.58810000307858
22,2026-09-08T00:09:48.730494,1000,483,PUT,/jobs/002,404,108.61320002004504
22,2026-09-08T00:09:48.730494,1000,484,GET,/jobs,200,70.02250000368804
22,2026-09-08T00:09:48.730494,1000,485,DELETE,/jobs/002,404,74.4894000235945
22,2026-09-08T00:09:48.730494,1000,486,GET,/jobs/001,200,108.96219999995083
22,2026-09-08T00:09:48.730494,1000,487,DELETE,/jobs/1000,404,79.62189998943359
22,2026-09-08T00:09:48.730494,1000,488,GET,/jobs,200,71.27309998031706
22,2026-09-08T00:09:48.730494,1000,489,GET,/jobs/001,200,116.11020006239414
22,2026-09-08T00:09:48.730494,1000,490,DELETE,/jobs/1000,404,79.24580003600568
22,2026-09-08T00:09:48.730494,1000,491,DELETE,/jobs/002,404,73.53120006155223
22,2026-09-08T00:09:48.730494,1000,492,DELETE,/jobs/1000,404,73.77870008349419
22,2026-09-08T00:09:48.730494,1000,493,PUT,/jobs/002,404,100.76709999702871
22,2026-09-08T00:09:48.730494,1000,494,POST,/jobs,201,106.23389994725585
22,2026-09-08T00:09:48.730494,1000,495,DELETE,/jobs/1000,404,76.30960003007203
22,2026-09-08T00:09:48.730494,1000,496,POST,/jobs,201,100.93000007327646
22,2026-09-08T00:09:48.730494,1000,497,DELETE,/jobs/002,404,76.70530001632869
22,2026-09-08T00:09:48.730494,1000,498,DELETE,/jobs/002,404,73.10479995794594
22,2026-09-08T00:09:48.730494,1000,499,GET,/jobs/1000,404,77.10549992043525
22,2026-09-08T00:09:48.730494,1000,500,GET,/jobs/002,404,70.18969999626279
22,2026-09-08T00:09:48.730494,1000,501,GET,/jobs,200,68.1327999336645
22,2026-09-08T00:09:48.730494,1000,502,GET,/jobs/001,200,107.92949993629009
22,2026-09-08T00:09:48.730494,1000,503,GET,/jobs/1000,404,69.5621999911964
22,2026-09-08T00:09:48.730494,1000,504,GET,/jobs,200,65.2011000784114
22,2026-09-08T00:09:48.730494,1000,505,GET,/jobs/001,200,107.72970004472882
22,2026-09-08T00:09:48.730494,1000,506,PUT,/jobs/002,404,100.07849999237806
22,2026-09-08T00:09:48.730494,1000,507,DELETE,/jobs/1000,404,69.8766999412328
22,2026-09-08T00:09:48.730494,1000,508,POST,/jobs,201,107.05240000970662
22,2026-09-08T00:09:48.730494,1000,509,GET,/jobs/002,404,72.82500003930181
22,2026-09-08T00:09:48.730494,1000,510,POST,/jobs,201,106.552500044927
22,2026-09-08T00:09:48.730494,1000,511,PUT,/jobs/001,200,101.06729995459318
22,2026-09-08T00:09:48.730494,1000,512,GET,/jobs/002,404,72.63999991118908
22,2026-09-08T00:09:48.730494,1000,513,DELETE,/jobs/002,404,73.03179998416454
22,2026-09-08T00:09:48.730494,1000,514,PUT,/jobs/001,200,107.43020009249449
22,2026-09-08T00:09:48.730494,1000,515,DELETE,/jobs/002,404,72.2749000415206
22,2026-09-08T00:09:48.730494,1000,516,GET,/jobs/002,404,72.70429993513972
22,2026-09-08T00:09:48.730494,1000,517,GET,/jobs/001,200,108.33149997051805
22,2026-09-08T00:09:48.730494,1000,518,GET,/jobs,200,70.03800000529736
22,2026-09-08T00:09:48.730494,1000,519,GET,/jobs/002,404,72.12809997145087
22,2026-09-08T00:09:48.730494,1000,520,DELETE,/jobs/1000,404,72.52869999501854
22,2026-09-08T00:09:48.730494,1000,521,PUT,/jobs/001,200,106.2532999785617
22,2026-09-08T00:09:48.730494,1000,522,PUT,/jobs/1000,404,101.54689999762923
22,2026-09-08T00:09:48.730494,1000,523,POST,/jobs,201,100.55720002856106
22,2026-09-08T00:09:48.730494,1000,524,PUT,/jobs/002,404,101.17560008075088
22,2026-09-08T00:09:48.730494,1000,525,DELETE,/jobs/1000,404,71.55560003593564
22,2026-09-08T00:09:48.730494,1000,526,PUT,/jobs/001,200,108.09440002776682
22,2026-09-08T00:09:48.730494,1000,527,DELETE,/jobs/002,404,72.19759991858155
22,2026-09-08T00:09:48.730494,1000,528,PUT,/jobs/1000,404,106.7942000227049
22,2026-09-08T00:09:48.730494,1000,529,POST,/jobs,201,100.78810004051775
22,2026-09-08T00:09:48.730494,1000,530,POST,/jobs,201,106.8360999925062
22,2026-09-08T00:09:48.730494,1000,531,GET,/jobs,200,72.13960005901754
22,2026-09-08T00:09:48.730494,1000,532,GET,/jobs/1000,404,69.90629993379116
22,2026-09-08T00:09:48.730494,1000,533,DELETE,/jobs/002,404,71.26809994224459
22,2026-09-08T00:09:48.730494,1000,534,POST,/jobs,201,100.8303000126034
22,2026-09-08T00:09:48.730494,1000,535,GET,/jobs,200,66.28529995214194
22,2026-09-08T00:09:48.730494,1000,536,GET,/jobs/002,404,59.851699974387884
22,2026-09-08T00:09:48.730494,1000,537,DELETE,/jobs/1000,404,60.56940008420497
22,2026-09-08T00:09:48.730494,1000,538,POST,/jobs,201,104.09599996637553
22,2026-09-08T00:09:48.730494,1000,539,DELETE,/jobs/1000,404,65.5668000690639
22,2026-09-08T00:09:48.730494,1000,540,PUT,/jobs/001,200,102.57310001179576
22,2026-09-08T00:09:48.730494,1000,541,PUT,/jobs/002,404,103.56129996944219
22,2026-09-08T00:09:48.730494,1000,542,PUT,/jobs/002,404,103.82630000822246
22,2026-09-08T00:09:48.730494,1000,543,POST,/jobs,201,104.65300001669675
22,2026-09-08T00:09:48.730494,1000,544,GET,/jobs,200,65.17109996639192
22,2026-09-08T00:09:48.730494,1000,545,GET,/jobs/002,404,66.12020009197295
22,2026-09-08T00:09:48.730494,1000,546,PUT,/jobs/1000,404,95.30879999510944
22,2026-09-08T00:09:48.730494,1000,547,PUT,/jobs/002,404,95.78020009212196
22,2026-09-08T00:09:48.730494,1000,548,PUT,/jobs/1000,404,100.60929995961487
22,2026-09-08T00:09:48.730494,1000,549,GET,/jobs,200,63.23080009315163
22,2026-09-08T00:09:48.730494,1000,550,PUT,/jobs/001,200,95.93269997276366
22,2026-09-08T00:09:48.730494,1000,551,POST,/jobs,201,104.73999998066574
22,2026-09-08T00:09:48.730494,1000,552,POST,/jobs,201,101.9475000211969
22,2026-09-08T00:09:48.730494,1000,553,PUT,/jobs/1000,404,102.72480000276119
22,2026-09-08T00:09:48.730494,1000,554,GET,/jobs,200,66.2725999718532
22,2026-09-08T00:09:48.730494,1000,555,DELETE,/jobs/1000,404,67.9299000184983
22,2026-09-08T00:09:48.730494,1000,556,PUT,/jobs/001,200,98.80040003918111
22,2026-09-08T00:09:48.730494,1000,557,GET,/jobs/1000,404,66.96999992709607
22,2026-09-08T00:09:48.730494,1000,558,POST,/jobs,201,104.07240001950413
22,2026-09-08T00:09:48.730494,1000,559,PUT,/jobs/1000,404,101.8043999793008
22,2026-09-08T00:09:48.730494,1000,560,PUT,/jobs/001,200,102.16659994330257
22,2026-09-08T00:09:48.730494,1000,561,GET,/jobs/002,404,68.9849000191316
22,2026-09-08T00:09:48.730494,1000,562,DELETE,/jobs/002,404,68.29359999392182
22,2026-09-08T00:09:48.730494,1000,563,POST,/jobs,201,101.36139998212457
22,2026-09-08T00:09:48.730494,1000,564,PUT,/jobs/001,200,103.62399998120964
22,2026-09-08T00:09:48.730494,1000,565,GET,/jobs,200,65.96949999220669
22,2026-09-08T00:09:48.730494,1000,566,DELETE,/jobs/002,404,67.96319992281497
22,2026-09-08T00:09:48.730494,1000,567,GET,/jobs/002,404,68.80330003332347
22,2026-09-08T00:09:48.730494,1000,568,DELETE,/jobs/002,404,69.12680005189031
22,2026-09-08T00:09:48.730494,1000,569,DELETE,/jobs/1000,404,64.81300003360957
22,2026-09-08T00:09:48.730494,1000,570,GET,/jobs,200,63.817800022661686
22,2026-09-08T00:09:48.730494,1000,571,GET,/jobs/001,200,103.18700002972037
22,2026-09-08T00:09:48.730494,1000,572,PUT,/jobs/001,200,103.05099992547184
22,2026-09-08T00:09:48.730494,1000,573,GET,/jobs/002,404,65.94159989617765
22,2026-09-08T00:09:48.730494,1000,574,POST,/jobs,201,95.19820008426905
22,2026-09-08T00:09:48.730494,1000,575,POST,/jobs,201,101.79999994579703
22,2026-09-08T00:09:48.730494,1000,576,PUT,/jobs/002,404,102.95329999644309
22,2026-09-08T00:09:48.730494,1000,577,GET,/jobs/002,404,66.46460003685206
22,2026-09-08T00:09:48.730494,1000,578,DELETE,/jobs/002,404,64.68630000017583
22,2026-09-08T00:09:48.730494,1000,579,PUT,/jobs/001,200,102.52489999402314
22,2026-09-08T00:09:48.730494,1000,580,DELETE,/jobs/002,404,68.22190003003925
22,2026-09-08T00:09:48.730494,1000,581,GET,/jobs,200,60.29420008417219
22,2026-09-08T00:09:48.730494,1000,582,POST,/jobs,201,96.6103000100702
22,2026-09-08T00:09:48.730494,1000,583,PUT,/jobs/002,404,96.55310004018247
22,2026-09-08T00:09:48.730494,1000,584,DELETE,/jobs/1000,404,68.53309995494783
22,2026-09-08T00:09:48.730494,1000,585,GET,/jobs,200,59.73350000567734
22,2026-09-08T00:09:48.730494,1000,586,POST,/jobs,201,103.06670004501939
22,2026-09-08T00:09:48.730494,1000,587,POST,/jobs,201,95.97040002699941
22,2026-09-08T00:09:48.730494,1000,588,DELETE,/jobs/1000,404,65.90960000175983
22,2026-09-08T00:09:48.730494,1000,589,GET,/jobs/002,404,65.94730005599558
22,2026-09-08T00:09:48.730494,1000,590,DELETE,/jobs/1000,404,65.5202999478206
22,2026-09-08T00:09:48.730494,1000,591,POST,/jobs,201,103.1742999330163
22,2026-09-08T00:09:48.730494,1000,592,DELETE,/jobs/1000,404,65.98529999610037
22,2026-09-08T00:09:48.730494,1000,593,PUT,/jobs/002,404,103.62099995836616
22,2026-09-08T00:09:48.730494,1000,594,GET,/jobs/1000,404,66.58290000632405
22,2026-09-08T00:09:48.730494,1000,595,GET,/jobs/1000,404,66.07770000118762
22,2026-09-08T00:09:48.730494,1000,596,PUT,/jobs/001,200,101.03839996736497
22,2026-09-08T00:09:48.730494,1000,597,PUT,/jobs/001,200,101.32190003059804
22,2026-09-08T00:09:48.730494,1000,598,POST,/jobs,201,102.94180002529174
22,2026-09-08T00:09:48.730494,1000,599,PUT,/jobs/1000,404,101.55700007453561
22,2026-09-08T00:09:48.730494,1000,600,PUT,/jobs/002,404,100.67379998508841
22,2026-09-08T00:09:48.730494,1000,601,GET,/jobs/002,404,65.8753999741748
22,2026-09-08T00:09:48.730494,1000,602,GET,/jobs,200,63.4568000677973
22,2026-09-08T00:09:48.730494,1000,603,GET,/jobs/1000,404,65.6755999661982
22,2026-09-08T00:09:48.730494,1000,604,DELETE,/jobs/1000,404,67.13169999420643
22,2026-09-08T00:09:48.730494,1000,605,GET,/jobs,200,64.1335000982508
22,2026-09-08T00:09:48.730494,1000,606,PUT,/jobs/001,200,100.30599997844547
22,2026-09-08T00:09:48.730494,1000,607,DELETE,/jobs/1000,404,66.50559999980032
22,2026-09-08T00:09:48.730494,1000,608,GET,/jobs,200,63.780899974517524
22,2026-09-08T00:09:48.730494,1000,609,GET,/jobs/002,404,65.66960003692657
22,2026-09-08T00:09:48.730494,1000,610,GET,/jobs/001,200,100.92650004662573
22,2026-09-08T00:09:48.730494,1000,611,PUT,/jobs/002,404,99.98310008086264
22,2026-09-08T00:09:48.730494,1000,612,POST,/jobs,201,92.90990000590682
22,2026-09-08T00:09:48.730494,1000,613,PUT,/jobs/1000,404,100.21409997716546
22,2026-09-08T00:09:48.730494,1000,614,GET,/jobs,200,65.43949991464615
22,2026-09-08T00:09:48.730494,1000,615,POST,/jobs,201,96.98359994217753
22,2026-09-08T00:09:48.730494,1000,616,DELETE,/jobs/1000,404,61.939100036397576
22,2026-09-08T00:09:48.730494,1000,617,POST,/jobs,201,102.76499995961785
22,2026-09-08T00:09:48.730494,1000,618,PUT,/jobs/1000,404,102.18970000278205
22,2026-09-08T00:09:48.730494,1000,619,GET,/jobs,200,65.64990000333637
22,2026-09-08T00:09:48.730494,1000,620,DELETE,/jobs/002,404,66.24580000061542
22,2026-09-08T00:09:48.730494,1000,621,GET,/jobs/1000,404,66.60689995624125
22,2026-09-08T00:09:48.730494,1000,622,POST,/jobs,201,107.59949998464435
22,2026-09-08T00:09:48.730494,1000,623,GET,/jobs,200,58.29509999603033
22,2026-09-08T00:09:48.730494,1000,624,PUT,/jobs/001,200,108.21289999876171
22,2026-09-08T00:09:48.730494,1000,625,GET,/jobs,200,63.81590000819415
22,2026-09-08T00:09:48.730494,1000,626,PUT,/jobs/001,200,107.04150004312396
22,2026-09-08T00:09:48.730494,1000,627,POST,/jobs,201,95.96089995466173
22,2026-09-08T00:09:48.730494,1000,628,GET,/jobs,200,63.725999905727804
22,2026-09-08T00:09:48.730494,1000,629,POST,/jobs,201,101.6360999783501
22,2026-09-08T00:09:48.730494,1000,630,GET,/jobs,200,63.88519995380193
22,2026-09-08T00:09:48.730494,1000,631,POST,/jobs,201,101.04290000163019
22,2026-09-08T00:09:48.730494,1000,632,POST,/jobs,201,101.34579997975379
22,2026-09-08T00:09:48.730494,1000,633,GET,/jobs/001,200,102.40919992793351
22,2026-09-08T00:09:48.730494,1000,634,DELETE,/jobs/1000,404,66.2833999376744
22,2026-09-08T00:09:48.730494,1000,635,DELETE,/jobs/002,404,66.58179999794811
22,2026-09-08T00:09:48.730494,1000,636,GET,/jobs/001,200,102.710000006482
22,2026-09-08T00:09:48.730494,1000,637,GET,/jobs,200,64.37029992230237
22,2026-09-08T00:09:48.730494,1000,638,DELETE,/jobs/1000,404,65.91000000480562
22,2026-09-08T00:09:48.730494,1000,639,DELETE,/jobs/002,404,66.34609994944185
22,2026-09-08T00:09:48.730494,1000,640,PUT,/jobs/1000,404,102.60230000130832
22,2026-09-08T00:09:48.730494,1000,641,GET,/jobs/001,200,103.81310002412647
22,2026-09-08T00:09:48.730494,1000,642,PUT,/jobs/1000,404,103.33259997423738
22,2026-09-08T00:09:48.730494,1000,643,POST,/jobs,201,104.27130002062768
22,2026-09-08T00:09:48.730494,1000,644,POST,/jobs,201,103.04690001066774
22,2026-09-08T00:09:48.730494,1000,645,GET,/jobs,200,66.17040000855923
22,2026-09-08T00:09:48.730494,1000,646,PUT,/jobs/002,404,98.50149997510016
22,2026-09-08T00:09:48.730494,1000,647,DELETE,/jobs/002,404,71.80870010051876
22,2026-09-08T00:09:48.730494,1000,648,GET,/jobs,200,69.30249999277294
22,2026-09-08T00:09:48.730494,1000,649,PUT,/jobs/002,404,107.05620003864169
22,2026-09-08T00:09:48.730494,1000,650,DELETE,/jobs/1000,404,71.02549995761365
22,2026-09-08T00:09:48.730494,1000,651,PUT,/jobs/1000,404,106.23320005834103
22,2026-09-08T00:09:48.730494,1000,652,POST,/jobs,201,106.95120005402714
22,2026-09-08T00:09:48.730494,1000,653,POST,/jobs,201,106.74740001559258
22,2026-09-08T00:09:48.730494,1000,654,PUT,/jobs/002,404,106.51579999830574
22,2026-09-08T00:09:48.730494,1000,655,GET,/jobs,200,69.92000003810972
22,2026-09-08T00:09:48.730494,1000,656,GET,/jobs/002,404,71.2357999291271
22,2026-09-08T00:09:48.730494,1000,657,DELETE,/jobs/1000,404,70.85629994980991
22,2026-09-08T00:09:48.730494,1000,658,DELETE,/jobs/1000,404,65.00339997000992
22,2026-09-08T00:09:48.730494,1000,659,POST,/jobs,201,105.64349999185652
22,2026-09-08T00:09:48.730494,1000,660,PUT,/jobs/002,404,105.67339998669922
22,2026-09-08T00:09:48.730494,1000,661,GET,/jobs,200,62.337700044736266
22,2026-09-08T00:09:48.730494,1000,662,DELETE,/jobs/002,404,65.69039996247739
22,2026-09-08T00:09:48.730494,1000,663,DELETE,/jobs/1000,404,65.38200005888939
22,2026-09-08T00:09:48.730494,1000,664,POST,/jobs,201,106.75500007346272
22,2026-09-08T00:09:48.730494,1000,665,GET,/jobs/1000,404,66.06590002775192
22,2026-09-08T00:09:48.730494,1000,666,POST,/jobs,201,104.70870009157807
22,2026-09-08T00:09:48.730494,1000,667,GET,/jobs/1000,404,60.33709994517267
22,2026-09-08T00:09:48.730494,1000,668,POST,/jobs,201,98.74579997267574
22,2026-09-08T00:09:48.730494,1000,669,GET,/jobs/1000,404,60.92760001774877
22,2026-09-08T00:09:48.730494,1000,670,GET,/jobs,200,58.82969999220222
22,2026-09-08T00:09:48.730494,1000,671,GET,/jobs,200,59.45950001478195
22,2026-09-08T00:09:48.730494,1000,672,POST,/jobs,201,109.17089995928109
22,2026-09-08T00:09:48.730494,1000,673,PUT,/jobs/001,200,104.83399999793619
22,2026-09-08T00:09:48.730494,1000,674,DELETE,/jobs/1000,404,70.95540000591427
22,2026-09-08T00:09:48.730494,1000,675,GET,/jobs/001,200,112.82240005675703
22,2026-09-08T00:09:48.730494,1000,676,POST,/jobs,201,104.86979992128909
22,2026-09-08T00:09:48.730494,1000,677,PUT,/jobs/001,200,105.90790002606809
22,2026-09-08T00:09:48.730494,1000,678,GET,/jobs/001,200,112.87720000836998
22,2026-09-08T00:09:48.730494,1000,679,DELETE,/jobs/1000,404,72.91370001621544
22,2026-09-08T00:09:48.730494,1000,680,DELETE,/jobs/1000,404,71.60239992663264
22,2026-09-08T00:09:48.730494,1000,681,GET,/jobs/002,404,78.57420004438609
22,2026-09-08T00:09:48.730494,1000,682,PUT,/jobs/002,404,115.34710007254034
22,2026-09-08T00:09:48.730494,1000,683,POST,/jobs,201,113.83750010281801
22,2026-09-08T00:09:48.730494,1000,684,GET,/jobs,200,68.01239994820207
22,2026-09-08T00:09:48.730494,1000,685,PUT,/jobs/001,200,103.50660001859069
22,2026-09-08T00:09:48.730494,1000,686,GET,/jobs/001,200,126.2529999949038
22,2026-09-08T00:09:48.730494,1000,687,PUT,/jobs/1000,404,110.98469991702586
22,2026-09-08T00:09:48.730494,1000,688,POST,/jobs,201,115.18810002598912
22,2026-09-08T00:09:48.730494,1000,689,PUT,/jobs/001,200,110.57150003034621
22,2026-09-08T00:09:48.730494,1000,690,POST,/jobs,201,113.55359992012382
22,2026-09-08T00:09:48.730494,1000,691,GET,/jobs,200,68.90740001108497
22,2026-09-08T00:09:48.730494,1000,692,PUT,/jobs/002,404,116.6341999778524
22,2026-09-08T00:09:48.730494,1000,693,POST,/jobs,201,116.62780004553497
22,2026-09-08T00:09:48.730494,1000,694,PUT,/jobs/1000,404,116.95619998499751
22,2026-09-08T00:09:48.730494,1000,695,POST,/jobs,201,116.47270002868026
22,2026-09-08T00:09:48.730494,1000,696,GET,/jobs/002,404,71.52870006393641
22,2026-09-08T00:09:48.730494,1000,697,GET,/jobs,200,70.57840004563332
22,2026-09-08T00:09:48.730494,1000,698,DELETE,/jobs/1000,404,72.3745001014322
22,2026-09-08T00:09:48.730494,1000,699,DELETE,/jobs/002,404,71.04619999881834
22,2026-09-08T00:09:48.730494,1000,700,GET,/jobs,200,70.36150002386421
22,2026-09-08T00:09:48.730494,1000,701,PUT,/jobs/1000,404,121.30210001487285
22,2026-09-08T00:09:48.730494,1000,702,POST,/jobs,201,109.23479998018593
22,2026-09-08T00:09:48.730494,1000,703,PUT,/jobs/001,200,121.57740001566708
22,2026-09-08T00:09:48.730494,1000,704,GET,/jobs/001,200,109.39100000541657
22,2026-09-08T00:09:48.730494,1000,705,GET,/jobs,200,64.17929998133332
22,2026-09-08T00:09:48.730494,1000,706,POST,/jobs,201,110.27510010171682
22,2026-09-08T00:09:48.730494,1000,707,GET,/jobs,200,67.96249991748482
22,2026-09-08T00:09:48.730494,1000,708,GET,/jobs,200,71.22400007210672
22,2026-09-08T00:09:48.730494,1000,709,GET,/jobs/1000,404,71.34299993049353
22,2026-09-08T00:09:48.730494,1000,710,GET,/jobs/002,404,72.57339998614043
22,2026-09-08T00:09:48.730494,1000,711,PUT,/jobs/002,404,127.28729995433241
22,2026-09-08T00:09:48.730494,1000,712,DELETE,/jobs/1000,404,79.72190005239099
22,2026-09-08T00:09:48.730494,1000,713,DELETE,/jobs/002,404,80.39019990246743
22,2026-09-08T00:09:48.730494,1000,714,PUT,/jobs/1000,404,114.29949989542365
22,2026-09-08T00:09:48.730494,1000,715,GET,/jobs,200,76.10289996955544
22,2026-09-08T00:09:48.730494,1000,716,PUT,/jobs/1000,404,127.47730000410229
22,2026-09-08T00:09:48.730494,1000,717,PUT,/jobs/002,404,125.67159999161959
22,2026-09-08T00:09:48.730494,1000,718,GET,/jobs,200,76.99139998294413
22,2026-09-08T00:09:48.730494,1000,719,POST,/jobs,201,126.42889993730932
22,2026-09-08T00:09:48.730494,1000,720,PUT,/jobs/002,404,126.09759997576475
22,2026-09-08T00:09:48.730494,1000,721,GET,/jobs/002,404,79.99249990098178
22,2026-09-08T00:09:48.730494,1000,722,GET,/jobs,200,76.13320008385926
22,2026-09-08T00:09:48.730494,1000,723,POST,/jobs,201,126.43090006895363
22,2026-09-08T00:09:48.730494,1000,724,POST,/jobs,201,127.40339990705252
22,2026-09-08T00:09:48.730494,1000,725,PUT,/jobs/002,404,126.89479999244213
22,2026-09-08T00:09:48.730494,1000,726,GET,/jobs/001,200,128.32650006748736
22,2026-09-08T00:09:48.730494,1000,727,PUT,/jobs/001,200,125.56479999329895
22,2026-09-08T00:09:48.730494,1000,728,GET,/jobs/1000,404,86.99760003946722
22,2026-09-08T00:09:48.730494,1000,729,DELETE,/jobs/002,404,87.21009991131723
22,2026-09-08T00:09:48.730494,1000,730,GET,/jobs,200,83.28409993555397
22,2026-09-08T00:09:48.730494,1000,731,POST,/jobs,201,121.8713999260217
22,2026-09-08T00:09:48.730494,1000,732,GET,/jobs/1000,404,85.14420001301914
22,2026-09-08T00:09:48.730494,1000,733,GET,/jobs/001,200,124.21579996589571
22,2026-09-08T00:09:48.730494,1000,734,DELETE,/jobs/002,404,81.28389995545149
22,2026-09-08T00:09:48.730494,1000,735,DELETE,/jobs/002,404,81.66370005346835
22,2026-09-08T00:09:48.730494,1000,736,GET,/jobs/002,404,83.16759997978806
22,2026-09-08T00:09:48.730494,1000,737,GET,/jobs/1000,404,82.12150004692376
22,2026-09-08T00:09:48.730494,1000,738,GET,/jobs,200,78.48489994648844
22,2026-09-08T00:09:48.730494,1000,739,POST,/jobs,201,137.89939996786416
22,2026-09-08T00:09:48.730494,1000,740,GET,/jobs/001,200,141.55729999765754
22,2026-09-08T00:09:48.730494,1000,741,DELETE,/jobs/1000,404,87.96759997494519
22,2026-09-08T00:09:48.730494,1000,742,GET,/jobs/001,200,140.9659000346437
22,2026-09-08T00:09:48.730494,1000,743,GET,/jobs,200,84.12969997152686
22,2026-09-08T00:09:48.730494,1000,744,GET,/jobs/001,200,141.11440000124276
22,2026-09-08T00:09:48.730494,1000,745,POST,/jobs,201,137.55770004354417
22,2026-09-08T00:09:48.730494,1000,746,GET,/jobs/1000,404,90.784200001508
22,2026-09-08T00:09:48.730494,1000,747,POST,/jobs,201,137.2362000402063
22,2026-09-08T00:09:48.730494,1000,748,GET,/jobs/002,404,91.11200005281717
22,2026-09-08T00:09:48.730494,1000,749,GET,/jobs,200,81.09789993613958
22,2026-09-08T00:09:48.730494,1000,750,GET,/jobs/1000,404,88.09139998629689
22,2026-09-08T00:09:48.730494,1000,751,PUT,/jobs/1000,404,123.47450002562255
22,2026-09-08T00:09:48.730494,1000,752,GET,/jobs,200,80.50369995180517
22,2026-09-08T00:09:48.730494,1000,753,GET,/jobs,200,83.07409996632487
22,2026-09-08T00:09:48.730494,1000,754,PUT,/jobs/002,404,136.86979992780834
22,2026-09-08T00:09:48.730494,1000,755,POST,/jobs,201,125.74069993570447
22,2026-09-08T00:09:48.730494,1000,756,DELETE,/jobs/002,404,86.19579998776317
22,2026-09-08T00:09:48.730494,1000,757,PUT,/jobs/1000,404,142.13259995449334
22,2026-09-08T00:09:48.730494,1000,758,GET,/jobs/1000,404,80.79809998162091
22,2026-09-08T00:09:48.730494,1000,759,GET,/jobs,200,88.41590001247823
22,2026-09-08T00:09:48.730494,1000,760,DELETE,/jobs/1000,404,89.04849993996322
22,2026-09-08T00:09:48.730494,1000,761,PUT,/jobs/1000,404,142.10569998249412
22,2026-09-08T00:09:48.730494,1000,762,GET,/jobs,200,88.65379996132106
22,2026-09-08T00:09:48.730494,1000,763,GET,/jobs,200,80.62760008033365
22,2026-09-08T00:09:48.730494,1000,764,PUT,/jobs/002,404,149.18099995702505
22,2026-09-08T00:09:48.730494,1000,765,PUT,/jobs/1000,404,148.63259997218847
22,2026-09-08T00:09:48.730494,1000,766,GET,/jobs,200,83.55310000479221
22,2026-09-08T00:09:48.730494,1000,767,PUT,/jobs/1000,404,149.88229994196445
22,2026-09-08T00:09:48.730494,1000,768,PUT,/jobs/001,200,153.1555000692606
22,2026-09-08T00:09:48.730494,1000,769,GET,/jobs,200,84.02430010028183
22,2026-09-08T00:09:48.730494,1000,770,POST,/jobs,201,152.2796000353992
22,2026-09-08T00:09:48.730494,1000,771,GET,/jobs/001,200,151.9803999690339
22,2026-09-08T00:09:48.730494,1000,772,GET,/jobs/002,404,92.54109999164939
22,2026-09-08T00:09:48.730494,1000,773,DELETE,/jobs/1000,404,93.13069994095713
22,2026-09-08T00:09:48.730494,1000,774,PUT,/jobs/1000,404,156.38329996727407
22,2026-09-08T00:09:48.730494,1000,775,DELETE,/jobs/1000,404,92.31470001395792
22,2026-09-08T00:09:48.730494,1000,776,PUT,/jobs/1000,404,161.06000007130206
22,2026-09-08T00:09:48.730494,1000,777,DELETE,/jobs/1000,404,92.81719999853522
22,2026-09-08T00:09:48.730494,1000,778,GET,/jobs,200,86.61859994754195
22,2026-09-08T00:09:48.730494,1000,779,GET,/jobs,200,89.0518999658525
22,2026-09-08T00:09:48.730494,1000,780,DELETE,/jobs/002,404,95.54590005427599
22,2026-09-08T00:09:48.730494,1000,781,PUT,/jobs/002,404,147.03529991675168
22,2026-09-08T00:09:48.730494,1000,782,GET,/jobs/002,404,93.42869999818504
22,2026-09-08T00:09:48.730494,1000,783,POST,/jobs,201,147.19739998690784
22,2026-09-08T00:09:48.730494,1000,784,PUT,/jobs/002,404,154.442899976857
22,2026-09-08T00:09:48.730494,1000,785,PUT,/jobs/1000,404,166.10739997122437
22,2026-09-08T00:09:48.730494,1000,786,GET,/jobs,200,87.21739996690303
22,2026-09-08T00:09:48.730494,1000,787,POST,/jobs,201,165.41050001978874
22,2026-09-08T00:09:48.730494,1000,788,POST,/jobs,201,157.57059992756695
22,2026-09-08T00:09:48.730494,1000,789,POST,/jobs,201,158.43229996971786
22,2026-09-08T00:09:48.730494,1000,790,GET,/jobs/1000,404,103.20589994080365
22,2026-09-08T00:09:48.730494,1000,791,PUT,/jobs/001,200,165.02249997574836
22,2026-09-08T00:09:48.730494,1000,792,GET,/jobs,200,102.78740001376718
22,2026-09-08T00:09:48.730494,1000,793,GET,/jobs,200,102.49489999841899
22,2026-09-08T00:09:48.730494,1000,794,GET,/jobs,200,96.02609998546541
22,2026-09-08T00:09:48.730494,1000,795,PUT,/jobs/001,200,161.90419998019934
22,2026-09-08T00:09:48.730494,1000,796,POST,/jobs,201,158.80890004336834
22,2026-09-08T00:09:48.730494,1000,797,GET,/jobs/1000,404,114.55270007718354
22,2026-09-08T00:09:48.730494,1000,798,GET,/jobs,200,107.55910002626479
22,2026-09-08T00:09:48.730494,1000,799,DELETE,/jobs/1000,404,114.71949995029718
22,2026-09-08T00:09:48.730494,1000,800,GET,/jobs,200,113.83699998259544
22,2026-09-08T00:09:48.730494,1000,801,PUT,/jobs/002,404,157.9396000597626
22,2026-09-08T00:09:48.730494,1000,802,PUT,/jobs/1000,404,157.90779993403703
22,2026-09-08T00:09:48.730494,1000,803,GET,/jobs,200,113.16259996965528
22,2026-09-08T00:09:48.730494,1000,804,POST,/jobs,201,159.98670004773885
22,2026-09-08T00:09:48.730494,1000,805,POST,/jobs,201,171.21019994374365
22,2026-09-08T00:09:48.730494,1000,806,GET,/jobs,200,110.9195000026375
22,2026-09-08T00:09:48.730494,1000,807,DELETE,/jobs/002,404,112.2249000472948
22,2026-09-08T00:09:48.730494,1000,808,GET,/jobs/1000,404,112.05639992840588
22,2026-09-08T00:09:48.730494,1000,809,PUT,/jobs/001,200,155.89399996679276
22,2026-09-08T00:09:48.730494,1000,810,GET,/jobs,200,110.59049994219095
22,2026-09-08T00:09:48.730494,1000,811,POST,/jobs,201,155.74689989443868
22,2026-09-08T00:09:48.730494,1000,812,DELETE,/jobs/1000,404,111.8895000545308
22,2026-09-08T00:09:48.730494,1000,813,GET,/jobs,200,110.16020004171878
22,2026-09-08T00:09:48.730494,1000,814,POST,/jobs,201,160.63269996084273
22,2026-09-08T00:09:48.730494,1000,815,GET,/jobs/002,404,117.93869989924133
22,2026-09-08T00:09:48.730494,1000,816,DELETE,/jobs/002,404,117.58690001443028
22,2026-09-08T00:09:48.730494,1000,817,DELETE,/jobs/1000,404,117.45679995510727
22,2026-09-08T00:09:48.730494,1000,818,GET,/jobs,200,106.01749992929399
22,2026-09-08T00:09:48.730494,1000,819,GET,/jobs/002,404,117.17189999762923
22,2026-09-08T00:09:48.730494,1000,820,POST,/jobs,201,154.46599991992116
22,2026-09-08T00:09:48.730494,1000,821,POST,/jobs,201,155.19159997347742
22,2026-09-08T00:09:48.730494,1000,822,GET,/jobs/001,200,164.43949996028095
22,2026-09-08T00:09:48.730494,1000,823,DELETE,/jobs/1000,404,114.52980001922697
22,2026-09-08T00:09:48.730494,1000,824,GET,/jobs,200,112.03419999219477
22,2026-09-08T00:09:48.730494,1000,825,GET,/jobs/1000,404,114.57709991373122
22,2026-09-08T00:09:48.730494,1000,826,GET,/jobs,200,111.66069994214922
22,2026-09-08T00:09:48.730494,1000,827,GET,/jobs,200,121.85110000427812
22,2026-09-08T00:09:48.730494,1000,828,DELETE,/jobs/002,404,123.74259997159243
22,2026-09-08T00:09:48.730494,1000,829,PUT,/jobs/002,404,168.0972999893129
22,2026-09-08T00:09:48.730494,1000,830,PUT,/jobs/002,404,167.507000034675
22,2026-09-08T00:09:48.730494,1000,831,GET,/jobs/002,404,120.19120005425066
22,2026-09-08T00:09:48.730494,1000,832,POST,/jobs,201,166.9368000002578
22,2026-09-08T00:09:48.730494,1000,833,POST,/jobs,201,158.54189998935908
22,2026-09-08T00:09:48.730494,1000,834,DELETE,/jobs/002,404,123.71239997446537
22,2026-09-08T00:09:48.730494,1000,835,GET,/jobs,200,122.3871000111103
22,2026-09-08T00:09:48.730494,1000,836,GET,/jobs/001,200,169.71919999923557
22,2026-09-08T00:09:48.730494,1000,837,DELETE,/jobs/002,404,123.38330002967268
22,2026-09-08T00:09:48.730494,1000,838,GET,/jobs,200,122.14850005693734
22,2026-09-08T00:09:48.730494,1000,839,POST,/jobs,201,157.6334999408573
22,2026-09-08T00:09:48.730494,1000,840,PUT,/jobs/002,404,146.56579995062202
22,2026-09-08T00:09:48.730494,1000,841,DELETE,/jobs/1000,404,106.01789993233979
22,2026-09-08T00:09:48.730494,1000,842,PUT,/jobs/002,404,149.02929996605963
22,2026-09-08T00:09:48.730494,1000,843,GET,/jobs/1000,404,106.21380002703518
22,2026-09-08T00:09:48.730494,1000,844,GET,/jobs,200,104.36720005236566
22,2026-09-08T00:09:48.730494,1000,845,POST,/jobs,201,153.00010005012155
22,2026-09-08T00:09:48.730494,1000,846,GET,/jobs,200,101.52789996936917
22,2026-09-08T00:09:48.730494,1000,847,POST,/jobs,201,148.44020002055913
22,2026-09-08T00:09:48.730494,1000,848,DELETE,/jobs/1000,404,102.84579999279231
22,2026-09-08T00:09:48.730494,1000,849,DELETE,/jobs/1000,404,101.61440004594624
22,2026-09-08T00:09:48.730494,1000,850,GET,/jobs,200,98.90510002151132
22,2026-09-08T00:09:48.730494,1000,851,GET,/jobs/002,404,101.41679993830621
22,2026-09-08T00:09:48.730494,1000,852,DELETE,/jobs/002,404,102.0420000422746
22,2026-09-08T00:09:48.730494,1000,853,GET,/jobs,200,89.38619995024055
22,2026-09-08T00:09:48.730494,1000,854,GET,/jobs/002,404,101.01450001820922
22,2026-09-08T00:09:48.730494,1000,855,GET,/jobs/001,200,128.49150004331023
22,2026-09-08T00:09:48.730494,1000,856,POST,/jobs,201,127.69160000607371
22,2026-09-08T00:09:48.730494,1000,857,POST,/jobs,201,131.77530001848936
22,2026-09-08T00:09:48.730494,1000,858,GET,/jobs,200,88.18770002108067
22,2026-09-08T00:09:48.730494,1000,859,PUT,/jobs/1000,404,134.0429000556469
22,2026-09-08T00:09:48.730494,1000,860,PUT,/jobs/001,200,132.0967999054119
22,2026-09-08T00:09:48.730494,1000,861,GET,/jobs/002,404,93.8703001011163
22,2026-09-08T00:09:48.730494,1000,862,DELETE,/jobs/002,404,94.19059997890145
22,2026-09-08T00:09:48.730494,1000,863,DELETE,/jobs/1000,404,97.13900007773191
22,2026-09-08T00:09:48.730494,1000,864,GET,/jobs,200,91.23749996069819
22,2026-09-08T00:09:48.730494,1000,865,PUT,/jobs/1000,404,132.32370000332594
22,2026-09-08T00:09:48.730494,1000,866,GET,/jobs,200,95.49170010723174
22,2026-09-08T00:09:48.730494,1000,867,PUT,/jobs/001,200,132.56399997044355
22,2026-09-08T00:09:48.730494,1000,868,PUT,/jobs/001,200,128.23599996045232
22,2026-09-08T00:09:48.730494,1000,869,POST,/jobs,201,128.08319996111095
22,2026-09-08T00:09:48.730494,1000,870,PUT,/jobs/1000,404,136.66789990384132
22,2026-09-08T00:09:48.730494,1000,871,PUT,/jobs/1000,404,136.45330001600087
22,2026-09-08T00:09:48.730494,1000,872,PUT,/jobs/002,404,127.76619999203831
22,2026-09-08T00:09:48.730494,1000,873,GET,/jobs,200,84.72249994520098
22,2026-09-08T00:09:48.730494,1000,874,PUT,/jobs/001,200,129.31590003427118
22,2026-09-08T00:09:48.730494,1000,875,POST,/jobs,201,129.0205999976024
22,2026-09-08T00:09:48.730494,1000,876,DELETE,/jobs/1000,404,84.63070006109774
22,2026-09-08T00:09:48.730494,1000,877,POST,/jobs,201,128.10269999317825
22,2026-09-08T00:09:48.730494,1000,878,PUT,/jobs/001,200,124.93420008104295
22,2026-09-08T00:09:48.730494,1000,879,GET,/jobs/002,404,83.46580003853887
22,2026-09-08T00:09:48.730494,1000,880,DELETE,/jobs/1000,404,84.39960004761815
22,2026-09-08T00:09:48.730494,1000,881,DELETE,/jobs/002,404,84.09080002456903
22,2026-09-08T00:09:48.730494,1000,882,PUT,/jobs/002,404,121.66960001923144
22,2026-09-08T00:09:48.730494,1000,883,POST,/jobs,201,125.13089994899929
22,2026-09-08T00:09:48.730494,1000,884,POST,/jobs,201,127.90619989391416
22,2026-09-08T00:09:48.730494,1000,885,GET,/jobs/001,200,126.50650006253272
22,2026-09-08T00:09:48.730494,1000,886,DELETE,/jobs/002,404,82.586899981834
22,2026-09-08T00:09:48.730494,1000,887,DELETE,/jobs/002,404,75.80880005843937
22,2026-09-08T00:09:48.730494,1000,888,POST,/jobs,201,120.69890007842332
22,2026-09-08T00:09:48.730494,1000,889,GET,/jobs/001,200,121.49090005550534
22,2026-09-08T00:09:48.730494,1000,890,GET,/jobs,200,75.3143000183627
22,2026-09-08T00:09:48.730494,1000,891,GET,/jobs/002,404,83.04900000803173
22,2026-09-08T00:09:48.730494,1000,892,GET,/jobs/001,200,120.3443999402225
22,2026-09-08T00:09:48.730494,1000,893,DELETE,/jobs/002,404,81.43519994337112
22,2026-09-08T00:09:48.730494,1000,894,GET,/jobs,200,77.94069999363273
22,2026-09-08T00:09:48.730494,1000,895,GET,/jobs/1000,404,82.6533999061212
22,2026-09-08T00:09:48.730494,1000,896,PUT,/jobs/002,404,118.76869993284345
22,2026-09-08T00:09:48.730494,1000,897,DELETE,/jobs/1000,404,81.91400009673089
22,2026-09-08T00:09:48.730494,1000,898,DELETE,/jobs/1000,404,81.05579996481538
22,2026-09-08T00:09:48.730494,1000,899,POST,/jobs,201,117.87750001531094
22,2026-09-08T00:09:48.730494,1000,900,PUT,/jobs/001,200,118.49209992215037
22,2026-09-08T00:09:48.730494,1000,901,PUT,/jobs/002,404,110.61959993094206
22,2026-09-08T00:09:48.730494,1000,902,POST,/jobs,201,115.35070009995252
22,2026-09-08T00:09:48.730494,1000,903,POST,/jobs,201,112.60779993608594
22,2026-09-08T00:09:48.730494,1000,904,GET,/jobs,200,81.38870005495846
22,2026-09-08T00:09:48.730494,1000,905,POST,/jobs,201,110.36490008700639
22,2026-09-08T00:09:48.730494,1000,906,GET,/jobs,200,78.031099983491
22,2026-09-08T00:09:48.730494,1000,907,POST,/jobs,201,111.31389997899532
22,2026-09-08T00:09:48.730494,1000,908,PUT,/jobs/001,200,112.34620003961027
22,2026-09-08T00:09:48.730494,1000,909,GET,/jobs,200,82.40790001582354
22,2026-09-08T00:09:48.730494,1000,910,POST,/jobs,201,113.90759993810207
22,2026-09-08T00:09:48.730494,1000,911,POST,/jobs,201,113.74409997370094
22,2026-09-08T00:09:48.730494,1000,912,GET,/jobs,200,76.18530001491308
22,2026-09-08T00:09:48.730494,1000,913,DELETE,/jobs/1000,404,77.50110002234578
22,2026-09-08T00:09:48.730494,1000,914,PUT,/jobs/1000,404,106.40090005472302
22,2026-09-08T00:09:48.730494,1000,915,DELETE,/jobs/002,404,78.37780006229877
22,2026-09-08T00:09:48.730494,1000,916,PUT,/jobs/1000,404,113.33069996908307
22,2026-09-08T00:09:48.730494,1000,917,GET,/jobs/002,404,78.89700005762279
22,2026-09-08T00:09:48.730494,1000,918,DELETE,/jobs/1000,404,78.5919000627473
22,2026-09-08T00:09:48.730494,1000,919,DELETE,/jobs/002,404,78.71030003298074
22,2026-09-08T00:09:48.730494,1000,920,GET,/jobs,200,72.64619995839894
22,2026-09-08T00:09:48.730494,1000,921,PUT,/jobs/001,200,103.17130002658814
22,2026-09-08T00:09:48.730494,1000,922,POST,/jobs,201,103.44700003042817
22,2026-09-08T00:09:48.730494,1000,923,GET,/jobs,200,69.37809998635203
22,2026-09-08T00:09:48.730494,1000,924,DELETE,/jobs/002,404,73.77920008730143
22,2026-09-08T00:09:48.730494,1000,925,GET,/jobs,200,68.8287999946624
22,2026-09-08T00:09:48.730494,1000,926,GET,/jobs/1000,404,73.94839997868985
22,2026-09-08T00:09:48.730494,1000,927,PUT,/jobs/002,404,101.49959998670965
22,2026-09-08T00:09:48.730494,1000,928,DELETE,/jobs/002,404,74.11629997659475
22,2026-09-08T00:09:48.730494,1000,929,POST,/jobs,201,108.3309999667108
22,2026-09-08T00:09:48.730494,1000,930,POST,/jobs,201,101.35790007188916
22,2026-09-08T00:09:48.730494,1000,931,PUT,/jobs/002,404,100.03009997308254
22,2026-09-08T00:09:48.730494,1000,932,DELETE,/jobs/002,404,71.18249998893589
22,2026-09-08T00:09:48.730494,1000,933,POST,/jobs,201,100.96279997378588
22,2026-09-08T00:09:48.730494,1000,934,POST,/jobs,201,99.71340000629425
22,2026-09-08T00:09:48.730494,1000,935,DELETE,/jobs/1000,404,70.82879997324198
22,2026-09-08T00:09:48.730494,1000,936,POST,/jobs,201,100.35810002591461
22,2026-09-08T00:09:48.730494,1000,937,DELETE,/jobs/002,404,70.99070004187524
22,2026-09-08T00:09:48.730494,1000,938,POST,/jobs,201,97.79339993838221
22,2026-09-08T00:09:48.730494,1000,939,DELETE,/jobs/002,404,70.2381000155583
22,2026-09-08T00:09:48.730494,1000,940,POST,/jobs,201,97.73549996316433
22,2026-09-08T00:09:48.730494,1000,941,PUT,/jobs/001,200,97.90870000142604
22,2026-09-08T00:09:48.730494,1000,942,DELETE,/jobs/002,404,70.59869996737689
22,2026-09-08T00:09:48.730494,1000,943,POST,/jobs,201,94.52799998689443
22,2026-09-08T00:09:48.730494,1000,944,PUT,/jobs/1000,404,92.39560004789382
22,2026-09-08T00:09:48.730494,1000,945,POST,/jobs,201,90.21200006827712
22,2026-09-08T00:09:48.730494,1000,946,GET,/jobs/1000,404,71.8779000453651
22,2026-09-08T00:09:48.730494,1000,947,DELETE,/jobs/002,404,70.95709990244359
22,2026-09-08T00:09:48.730494,1000,948,PUT,/jobs/1000,404,94.17129994835705
22,2026-09-08T00:09:48.730494,1000,949,POST,/jobs,201,92.55629999097437
22,2026-09-08T00:09:48.730494,1000,950,POST,/jobs,201,93.08319992851466
22,2026-09-08T00:09:48.730494,1000,951,GET,/jobs/001,200,91.90960007254034
22,2026-09-08T00:09:48.730494,1000,952,POST,/jobs,201,85.90190007817
22,2026-09-08T00:09:48.730494,1000,953,PUT,/jobs/001,200,94.9798000510782
22,2026-09-08T00:09:48.730494,1000,954,GET,/jobs/001,200,91.29160002339631
22,2026-09-08T00:09:48.730494,1000,955,GET,/jobs/001,200,91.48649999406189
22,2026-09-08T00:09:48.730494,1000,956,POST,/jobs,201,93.9063000259921
22,2026-09-08T00:09:48.730494,1000,957,GET,/jobs,200,67.80660001095384
22,2026-09-08T00:09:48.730494,1000,958,DELETE,/jobs/002,404,58.74699994456023
22,2026-09-08T00:09:48.730494,1000,959,POST,/jobs,201,80.96740010660142
22,2026-09-08T00:09:48.730494,1000,960,DELETE,/jobs/002,404,58.98240010719746
22,2026-09-08T00:09:48.730494,1000,961,DELETE,/jobs/1000,404,58.448600000701845
22,2026-09-08T00:09:48.730494,1000,962,GET,/jobs/001,200,78.25010002125055
22,2026-09-08T00:09:48.730494,1000,963,GET,/jobs/1000,404,54.959099972620606
22,2026-09-08T00:09:48.730494,1000,964,DELETE,/jobs/002,404,55.18929997924715
22,2026-09-08T00:09:48.730494,1000,965,PUT,/jobs/001,200,76.56700001098216
22,2026-09-08T00:09:48.730494,1000,966,PUT,/jobs/002,404,74.93250002153218
22,2026-09-08T00:09:48.730494,1000,967,GET,/jobs/002,404,55.51859992556274
22,2026-09-08T00:09:48.730494,1000,968,DELETE,/jobs/1000,404,55.34179997630417
22,2026-09-08T00:09:48.730494,1000,969,PUT,/jobs/001,200,75.89969993568957
22,2026-09-08T00:09:48.730494,1000,970,DELETE,/jobs/002,404,50.64289993606508
22,2026-09-08T00:09:48.730494,1000,971,POST,/jobs,201,72.00050004757941
22,2026-09-08T00:09:48.730494,1000,972,PUT,/jobs/001,200,70.78960002399981
22,2026-09-08T00:09:48.730494,1000,973,POST,/jobs,201,72.33250001445413
22,2026-09-08T00:09:48.730494,1000,974,DELETE,/jobs/1000,404,51.18640000000596
22,2026-09-08T00:09:48.730494,1000,975,PUT,/jobs/002,404,65.0153000606224
22,2026-09-08T00:09:48.730494,1000,976,PUT,/jobs/1000,404,65.44390006456524
22,2026-09-08T00:09:48.730494,1000,977,DELETE,/jobs/1000,404,58.13959997612983
22,2026-09-08T00:09:48.730494,1000,978,GET,/jobs/001,200,72.2787999548018
22,2026-09-08T00:09:48.730494,1000,979,DELETE,/jobs/002,404,57.47030000202358
22,2026-09-08T00:09:48.730494,1000,980,POST,/jobs,201,64.24820004031062
22,2026-09-08T00:09:48.730494,1000,981,PUT,/jobs/002,404,65.28470001649112
22,2026-09-08T00:09:48.730494,1000,982,DELETE,/jobs/002,404,55.10559992399067
22,2026-09-08T00:09:48.730494,1000,983,DELETE,/jobs/002,404,57.31709999963641
22,2026-09-08T00:09:48.730494,1000,984,POST,/jobs,201,59.377399971708655
22,2026-09-08T00:09:48.730494,1000,985,GET,/jobs/002,404,47.90879995562136
22,2026-09-08T00:09:48.730494,1000,986,PUT,/jobs/1000,404,58.930400060489774
22,2026-09-08T00:09:48.730494,1000,987,GET,/jobs/002,404,47.75049991440028
22,2026-09-08T00:09:48.730494,1000,988,GET,/jobs,200,46.967600006610155
22,2026-09-08T00:09:48.730494,1000,989,GET,/jobs/002,404,47.915700008161366
22,2026-09-08T00:09:48.730494,1000,990,POST,/jobs,201,58.30869998317212
22,2026-09-08T00:09:48.730494,1000,991,PUT,/jobs/001,200,59.61010011378676
22,2026-09-08T00:09:48.730494,1000,992,PUT,/jobs/1000,404,58.16040001809597
22,2026-09-08T00:09:48.730494,1000,993,POST,/jobs,201,51.85330007225275
22,2026-09-08T00:09:48.730494,1000,994,PUT,/jobs/001,200,51.01339996326715
22,2026-09-08T00:09:48.730494,1000,995,POST,/jobs,201,51.258399966172874
22,2026-09-08T00:09:48.730494,1000,996,GET,/jobs,200,38.56200003065169
22,2026-09-08T00:09:48.730494,1000,997,POST,/jobs,201,51.37970007490367
22,2026-09-08T00:09:48.730494,1000,998,POST,/jobs,201,50.809700042009354
22,2026-09-08T00:09:48.730494,1000,999,GET,/jobs/001,200,51.73730000387877
22,2026-09-08T00:09:48.730494,1000,1000,GET,/jobs,200,39.53070007264614
23,2026-09-08T00:09:50.238657,1000,1,GET,/jobs,200,34.866200061514974
23,2026-09-08T00:09:50.238657,1000,2,GET,/jobs,200,35.13430000748485
23,2026-09-08T00:09:50.238657,1000,3,POST,/jobs,201,107.66939993482083
23,2026-09-08T00:09:50.238657,1000,4,GET,/jobs/001,200,56.84370000381023
23,2026-09-08T00:09:50.238657,1000,5,GET,/jobs,200,41.990899946540594
23,2026-09-08T00:09:50.238657,1000,6,DELETE,/jobs/002,200,44.88860000856221
23,2026-09-08T00:09:50.238657,1000,7,DELETE,/jobs/1000,404,44.50119996909052
23,2026-09-08T00:09:50.238657,1000,8,GET,/jobs,200,45.345099992118776
23,2026-09-08T00:09:50.238657,1000,9,GET,/jobs,200,46.33150005247444
23,2026-09-08T00:09:50.238657,1000,10,GET,/jobs,200,46.91519995685667
23,2026-09-08T00:09:50.238657,1000,11,GET,/jobs/001,200,81.41300000716001
23,2026-09-08T00:09:50.238657,1000,12,DELETE,/jobs/002,404,48.12140006106347
23,2026-09-08T00:09:50.238657,1000,13,DELETE,/jobs/002,404,45.71640002541244
23,2026-09-08T00:09:50.238657,1000,14,DELETE,/jobs/1000,404,46.12679989077151
23,2026-09-08T00:09:50.238657,1000,15,GET,/jobs/002,404,46.807599952444434
23,2026-09-08T00:09:50.238657,1000,16,DELETE,/jobs/1000,404,46.661100001074374
23,2026-09-08T00:09:50.238657,1000,17,GET,/jobs,200,44.684500084258616
23,2026-09-08T00:09:50.238657,1000,18,GET,/jobs/1000,404,45.26479996275157
23,2026-09-08T00:09:50.238657,1000,19,PUT,/jobs/002,404,102.06200007814914
23,2026-09-08T00:09:50.238657,1000,20,POST,/jobs,201,98.33559999242425
23,2026-09-08T00:09:50.238657,1000,21,GET,/jobs/002,404,54.53909991774708
23,2026-09-08T00:09:50.238657,1000,22,GET,/jobs,200,49.135299981571734
23,2026-09-08T00:09:50.238657,1000,23,GET,/jobs,200,51.42920010257512
23,2026-09-08T00:09:50.238657,1000,24,PUT,/jobs/001,200,93.71379995718598
23,2026-09-08T00:09:50.238657,1000,25,POST,/jobs,201,108.55060000903904
23,2026-09-08T00:09:50.238657,1000,26,POST,/jobs,201,99.17890001088381
23,2026-09-08T00:09:50.238657,1000,27,POST,/jobs,201,98.60000002663583
23,2026-09-08T00:09:50.238657,1000,28,GET,/jobs,200,43.363100034184754
23,2026-09-08T00:09:50.238657,1000,29,PUT,/jobs/1000,404,97.0776000758633
23,2026-09-08T00:09:50.238657,1000,30,GET,/jobs,200,51.57949996646494
23,2026-09-08T00:09:50.238657,1000,31,PUT,/jobs/001,200,94.16259999852628
23,2026-09-08T00:09:50.238657,1000,32,DELETE,/jobs/1000,404,52.9940000269562
23,2026-09-08T00:09:50.238657,1000,33,DELETE,/jobs/1000,404,52.40609997417778
23,2026-09-08T00:09:50.238657,1000,34,DELETE,/jobs/002,404,54.70059998333454
23,2026-09-08T00:09:50.238657,1000,35,GET,/jobs,200,43.52860001381487
23,2026-09-08T00:09:50.238657,1000,36,GET,/jobs,200,47.957099974155426
23,2026-09-08T00:09:50.238657,1000,37,GET,/jobs/002,404,52.15979996137321
23,2026-09-08T00:09:50.238657,1000,38,GET,/jobs,200,48.421300016343594
23,2026-09-08T00:09:50.238657,1000,39,GET,/jobs/001,200,122.23119998816401
23,2026-09-08T00:09:50.238657,1000,40,PUT,/jobs/002,404,108.19389997050166
23,2026-09-08T00:09:50.238657,1000,41,PUT,/jobs/1000,404,95.25899996515363
23,2026-09-08T00:09:50.238657,1000,42,POST,/jobs,201,103.3871000399813
23,2026-09-08T00:09:50.238657,1000,43,POST,/jobs,201,101.64260002784431
23,2026-09-08T00:09:50.238657,1000,44,GET,/jobs/1000,404,63.70060006156564
23,2026-09-08T00:09:50.238657,1000,45,POST,/jobs,201,102.89079998619854
23,2026-09-08T00:09:50.238657,1000,46,GET,/jobs,200,52.285199984908104
23,2026-09-08T00:09:50.238657,1000,47,DELETE,/jobs/002,404,67.26829998660833
23,2026-09-08T00:09:50.238657,1000,48,DELETE,/jobs/002,404,61.829700018279254
23,2026-09-08T00:09:50.238657,1000,49,GET,/jobs/002,404,68.27000004705042
23,2026-09-08T00:09:50.238657,1000,50,PUT,/jobs/002,404,109.49699999764562
23,2026-09-08T00:09:50.238657,1000,51,DELETE,/jobs/002,404,69.11349995061755
23,2026-09-08T00:09:50.238657,1000,52,POST,/jobs,201,109.96939998585731
23,2026-09-08T00:09:50.238657,1000,53,GET,/jobs,200,48.44839998986572
23,2026-09-08T00:09:50.238657,1000,54,GET,/jobs/001,200,121.48670002352446
23,2026-09-08T00:09:50.238657,1000,55,POST,/jobs,201,94.49370007496327
23,2026-09-08T00:09:50.238657,1000,56,POST,/jobs,201,108.4563999902457
23,2026-09-08T00:09:50.238657,1000,57,GET,/jobs/1000,404,67.57289997767657
23,2026-09-08T00:09:50.238657,1000,58,POST,/jobs,201,103.146200068295
23,2026-09-08T00:09:50.238657,1000,59,PUT,/jobs/002,404,103.37789996992797
23,2026-09-08T00:09:50.238657,1000,60,PUT,/jobs/001,200,102.71969996392727
23,2026-09-08T00:09:50.238657,1000,61,POST,/jobs,201,102.5158999254927
23,2026-09-08T00:09:50.238657,1000,62,GET,/jobs/1000,404,61.26149999909103
23,2026-09-08T00:09:50.238657,1000,63,DELETE,/jobs/1000,404,63.91939998138696
23,2026-09-08T00:09:50.238657,1000,64,DELETE,/jobs/1000,404,62.75499996263534
23,2026-09-08T00:09:50.238657,1000,65,DELETE,/jobs/1000,404,66.53800001367927
23,2026-09-08T00:09:50.238657,1000,66,POST,/jobs,201,102.43829991668463
23,2026-09-08T00:09:50.238657,1000,67,GET,/jobs/1000,404,69.39730001613498
23,2026-09-08T00:09:50.238657,1000,68,PUT,/jobs/001,200,105.1743000280112
23,2026-09-08T00:09:50.238657,1000,69,GET,/jobs,200,53.512999904341996
23,2026-09-08T00:09:50.238657,1000,70,GET,/jobs,200,55.9051000745967
23,2026-09-08T00:09:50.238657,1000,71,GET,/jobs/1000,404,66.97549996897578
23,2026-09-08T00:09:50.238657,1000,72,GET,/jobs/1000,404,69.17730008717626
23,2026-09-08T00:09:50.238657,1000,73,PUT,/jobs/1000,404,109.23309996724129
23,2026-09-08T00:09:50.238657,1000,74,GET,/jobs,200,52.71419999189675
23,2026-09-08T00:09:50.238657,1000,75,PUT,/jobs/002,404,102.85330004990101
23,2026-09-08T00:09:50.238657,1000,76,DELETE,/jobs/1000,404,67.85790005233139
23,2026-09-08T00:09:50.238657,1000,77,DELETE,/jobs/1000,404,68.06479999795556
23,2026-09-08T00:09:50.238657,1000,78,DELETE,/jobs/002,404,72.26839999202639
23,2026-09-08T00:09:50.238657,1000,79,GET,/jobs,200,53.95760003011674
23,2026-09-08T00:09:50.238657,1000,80,DELETE,/jobs/1000,404,61.5385000128299
23,2026-09-08T00:09:50.238657,1000,81,POST,/jobs,201,102.64399996958673
23,2026-09-08T00:09:50.238657,1000,82,POST,/jobs,201,102.60440001729876
23,2026-09-08T00:09:50.238657,1000,83,GET,/jobs/002,404,74.30580002255738
23,2026-09-08T00:09:50.238657,1000,84,GET,/jobs,200,54.716299986466765
23,2026-09-08T00:09:50.238657,1000,85,POST,/jobs,201,95.31700005754828
23,2026-09-08T00:09:50.238657,1000,86,GET,/jobs/1000,404,60.57980004698038
23,2026-09-08T00:09:50.238657,1000,87,GET,/jobs,200,56.26580002717674
23,2026-09-08T00:09:50.238657,1000,88,POST,/jobs,201,96.39469999819994
23,2026-09-08T00:09:50.238657,1000,89,DELETE,/jobs/002,404,66.42659998033196
23,2026-09-08T00:09:50.238657,1000,90,GET,/jobs/002,404,65.63359999563545
23,2026-09-08T00:09:50.238657,1000,91,GET,/jobs/1000,404,65.37620001472533
23,2026-09-08T00:09:50.238657,1000,92,DELETE,/jobs/002,404,66.21489999815822
23,2026-09-08T00:09:50.238657,1000,93,DELETE,/jobs/1000,404,65.18360006157309
23,2026-09-08T00:09:50.238657,1000,94,PUT,/jobs/001,200,95.06610000971705
23,2026-09-08T00:09:50.238657,1000,95,GET,/jobs,200,55.61240005772561
23,2026-09-08T00:09:50.238657,1000,96,POST,/jobs,201,96.21590003371239
23,2026-09-08T00:09:50.238657,1000,97,POST,/jobs,201,96.10429999884218
23,2026-09-08T00:09:50.238657,1000,98,GET,/jobs,200,63.67810000665486
23,2026-09-08T00:09:50.238657,1000,99,GET,/jobs/1000,404,67.346700001508
23,2026-09-08T00:09:50.238657,1000,100,GET,/jobs,200,44.524299912154675
23,2026-09-08T00:09:50.238657,1000,101,GET,/jobs,200,77.75270007550716
23,2026-09-08T00:09:50.238657,1000,102,PUT,/jobs/001,200,89.57419998478144
23,2026-09-08T00:09:50.238657,1000,103,DELETE,/jobs/002,404,80.59250004589558
23,2026-09-08T00:09:50.238657,1000,104,GET,/jobs/1000,404,78.93369998782873
23,2026-09-08T00:09:50.238657,1000,105,PUT,/jobs/1000,404,99.78659998159856
23,2026-09-08T00:09:50.238657,1000,106,GET,/jobs/002,404,76.55759993940592
23,2026-09-08T00:09:50.238657,1000,107,DELETE,/jobs/1000,404,78.10299994889647
23,2026-09-08T00:09:50.238657,1000,108,GET,/jobs/1000,404,75.70469996426255
23,2026-09-08T00:09:50.238657,1000,109,GET,/jobs/1000,404,77.03019992914051
23,2026-09-08T00:09:50.238657,1000,110,POST,/jobs,201,96.2073999689892
23,2026-09-08T00:09:50.238657,1000,111,POST,/jobs,201,95.36030003800988
23,2026-09-08T00:09:50.238657,1000,112,DELETE,/jobs/1000,404,75.52750001195818
23,2026-09-08T00:09:50.238657,1000,113,GET,/jobs,200,74.41370002925396
23,2026-09-08T00:09:50.238657,1000,114,GET,/jobs/001,200,117.8131999913603
23,2026-09-08T00:09:50.238657,1000,115,GET,/jobs,200,71.37170003261417
23,2026-09-08T00:09:50.238657,1000,116,POST,/jobs,201,91.42620000056922
23,2026-09-08T00:09:50.238657,1000,117,DELETE,/jobs/002,404,72.46189995203167
23,2026-09-08T00:09:50.238657,1000,118,DELETE,/jobs/002,404,72.94789992738515
23,2026-09-08T00:09:50.238657,1000,119,GET,/jobs,200,66.88359996769577
23,2026-09-08T00:09:50.238657,1000,120,GET,/jobs,200,66.24419998843223
23,2026-09-08T00:09:50.238657,1000,121,GET,/jobs,200,69.3520000204444
23,2026-09-08T00:09:50.238657,1000,122,GET,/jobs/001,200,122.46570002753288
23,2026-09-08T00:09:50.238657,1000,123,GET,/jobs,200,70.48819994088262
23,2026-09-08T00:09:50.238657,1000,124,POST,/jobs,201,100.54619994480163
23,2026-09-08T00:09:50.238657,1000,125,DELETE,/jobs/002,404,68.29690001904964
23,2026-09-08T00:09:50.238657,1000,126,POST,/jobs,201,110.31970009207726
23,2026-09-08T00:09:50.238657,1000,127,PUT,/jobs/001,200,109.7291000187397
23,2026-09-08T00:09:50.238657,1000,128,DELETE,/jobs/002,404,70.59909997042269
23,2026-09-08T00:09:50.238657,1000,129,DELETE,/jobs/1000,404,70.9192999638617
23,2026-09-08T00:09:50.238657,1000,130,GET,/jobs/002,404,65.84749999456108
23,2026-09-08T00:09:50.238657,1000,131,PUT,/jobs/001,200,108.55639993678778
23,2026-09-08T00:09:50.238657,1000,132,GET,/jobs,200,66.79499999154359
23,2026-09-08T00:09:50.238657,1000,133,GET,/jobs,200,66.60429993644357
23,2026-09-08T00:09:50.238657,1000,134,PUT,/jobs/002,404,109.62529992684722
23,2026-09-08T00:09:50.238657,1000,135,PUT,/jobs/002,404,110.38490000646561
23,2026-09-08T00:09:50.238657,1000,136,PUT,/jobs/1000,404,110.43659993447363
23,2026-09-08T00:09:50.238657,1000,137,GET,/jobs,200,69.32839995715767
23,2026-09-08T00:09:50.238657,1000,138,GET,/jobs,200,68.02060001064092
23,2026-09-08T00:09:50.238657,1000,139,GET,/jobs,200,68.37550003547221
23,2026-09-08T00:09:50.238657,1000,140,PUT,/jobs/1000,404,111.04079999495298
23,2026-09-08T00:09:50.238657,1000,141,POST,/jobs,201,111.26819998025894
23,2026-09-08T00:09:50.238657,1000,142,GET,/jobs,200,67.02439999207854
23,2026-09-08T00:09:50.238657,1000,143,GET,/jobs/001,200,114.79319992940873
23,2026-09-08T00:09:50.238657,1000,144,GET,/jobs/1000,404,84.45559989195317
23,2026-09-08T00:09:50.238657,1000,145,PUT,/jobs/001,200,116.5563000831753
23,2026-09-08T00:09:50.238657,1000,146,PUT,/jobs/001,200,115.00980006530881
23,2026-09-08T00:09:50.238657,1000,147,POST,/jobs,201,116.323999944143
23,2026-09-08T00:09:50.238657,1000,148,GET,/jobs/001,200,112.01159993652254
23,2026-09-08T00:09:50.238657,1000,149,PUT,/jobs/1000,404,115.34510005731136
23,2026-09-08T00:09:50.238657,1000,150,GET,/jobs,200,83.78840005025268
23,2026-09-08T00:09:50.238657,1000,151,GET,/jobs,200,84.25179996993393
23,2026-09-08T00:09:50.238657,1000,152,DELETE,/jobs/002,404,84.96630005538464
23,2026-09-08T00:09:50.238657,1000,153,GET,/jobs,200,80.86029998958111
23,2026-09-08T00:09:50.238657,1000,154,GET,/jobs/001,200,109.35099993366748
23,2026-09-08T00:09:50.238657,1000,155,PUT,/jobs/002,404,122.40670004393905
23,2026-09-08T00:09:50.238657,1000,156,PUT,/jobs/001,200,123.45800001639873
23,2026-09-08T00:09:50.238657,1000,157,PUT,/jobs/001,200,121.63920002058148
23,2026-09-08T00:09:50.238657,1000,158,GET,/jobs/002,404,74.39169997815043
23,2026-09-08T00:09:50.238657,1000,159,GET,/jobs,200,78.15199997276068
23,2026-09-08T00:09:50.238657,1000,160,PUT,/jobs/002,404,130.9950000140816
23,2026-09-08T00:09:50.238657,1000,161,PUT,/jobs/002,404,122.56359995808452
23,2026-09-08T00:09:50.238657,1000,162,PUT,/jobs/1000,404,124.65630006045103
23,2026-09-08T00:09:50.238657,1000,163,DELETE,/jobs/1000,404,82.32179994229227
23,2026-09-08T00:09:50.238657,1000,164,GET,/jobs/001,200,111.49319994729012
23,2026-09-08T00:09:50.238657,1000,165,POST,/jobs,201,123.93779994454235
23,2026-09-08T00:09:50.238657,1000,166,GET,/jobs,200,74.69309994485229
23,2026-09-08T00:09:50.238657,1000,167,DELETE,/jobs/002,404,78.95610004197806
23,2026-09-08T00:09:50.238657,1000,168,POST,/jobs,201,133.57259996701032
23,2026-09-08T00:09:50.238657,1000,169,GET,/jobs,200,74.13580000866205
23,2026-09-08T00:09:50.238657,1000,170,DELETE,/jobs/1000,404,78.60889995936304
23,2026-09-08T00:09:50.238657,1000,171,DELETE,/jobs/002,404,79.2930000461638
23,2026-09-08T00:09:50.238657,1000,172,GET,/jobs,200,75.71410003583878
23,2026-09-08T00:09:50.238657,1000,173,DELETE,/jobs/002,404,76.8085999879986
23,2026-09-08T00:09:50.238657,1000,174,GET,/jobs/001,200,118.41410002671182
23,2026-09-08T00:09:50.238657,1000,175,DELETE,/jobs/002,404,71.03869994170964
23,2026-09-08T00:09:50.238657,1000,176,GET,/jobs/002,404,78.84069997817278
23,2026-09-08T00:09:50.238657,1000,177,GET,/jobs,200,71.75449992064387
23,2026-09-08T00:09:50.238657,1000,178,DELETE,/jobs/002,404,77.95230008196086
23,2026-09-08T00:09:50.238657,1000,179,DELETE,/jobs/002,404,78.5100000211969
23,2026-09-08T00:09:50.238657,1000,180,DELETE,/jobs/002,404,79.33480001520365
23,2026-09-08T00:09:50.238657,1000,181,PUT,/jobs/1000,404,126.2218999909237
23,2026-09-08T00:09:50.238657,1000,182,DELETE,/jobs/1000,404,81.5081000328064
23,2026-09-08T00:09:50.238657,1000,183,POST,/jobs,201,129.05340001452714
23,2026-09-08T00:09:50.238657,1000,184,POST,/jobs,201,128.8394998991862
23,2026-09-08T00:09:50.238657,1000,185,POST,/jobs,201,127.6271000970155
23,2026-09-08T00:09:50.238657,1000,186,GET,/jobs/1000,404,77.85800006240606
23,2026-09-08T00:09:50.238657,1000,187,POST,/jobs,201,128.68339999113232
23,2026-09-08T00:09:50.238657,1000,188,POST,/jobs,201,127.81239999458194
23,2026-09-08T00:09:50.238657,1000,189,GET,/jobs,200,77.28680002037436
23,2026-09-08T00:09:50.238657,1000,190,GET,/jobs,200,77.55849999375641
23,2026-09-08T00:09:50.238657,1000,191,PUT,/jobs/1000,404,119.56729996018112
23,2026-09-08T00:09:50.238657,1000,192,DELETE,/jobs/002,404,87.0361999841407
23,2026-09-08T00:09:50.238657,1000,193,GET,/jobs,200,75.26519999373704
23,2026-09-08T00:09:50.238657,1000,194,DELETE,/jobs/002,404,86.07550000306219
23,2026-09-08T00:09:50.238657,1000,195,DELETE,/jobs/1000,404,85.97929996903986
23,2026-09-08T00:09:50.238657,1000,196,GET,/jobs/002,404,86.32340002804995
23,2026-09-08T00:09:50.238657,1000,197,GET,/jobs,200,76.50329999160022
23,2026-09-08T00:09:50.238657,1000,198,GET,/jobs/002,404,87.02770003583282
23,2026-09-08T00:09:50.238657,1000,199,POST,/jobs,201,115.64670002553612
23,2026-09-08T00:09:50.238657,1000,200,PUT,/jobs/1000,404,119.96069992892444
23,2026-09-08T00:09:50.238657,1000,201,POST,/jobs,201,119.44279994349927
23,2026-09-08T00:09:50.238657,1000,202,DELETE,/jobs/002,404,88.39749998878688
23,2026-09-08T00:09:50.238657,1000,203,DELETE,/jobs/1000,404,92.1859999652952
23,2026-09-08T00:09:50.238657,1000,204,GET,/jobs,200,76.34919998236
23,2026-09-08T00:09:50.238657,1000,205,GET,/jobs/002,404,89.02469999156892
23,2026-09-08T00:09:50.238657,1000,206,GET,/jobs,200,86.95440005976707
23,2026-09-08T00:09:50.238657,1000,207,GET,/jobs,200,80.3988000843674
23,2026-09-08T00:09:50.238657,1000,208,DELETE,/jobs/002,404,90.25050001218915
23,2026-09-08T00:09:50.238657,1000,209,POST,/jobs,201,123.17380006425083
23,2026-09-08T00:09:50.238657,1000,210,DELETE,/jobs/002,404,99.60099996533245
23,2026-09-08T00:09:50.238657,1000,211,POST,/jobs,201,121.22899992391467
23,2026-09-08T00:09:50.238657,1000,212,POST,/jobs,201,120.87559991050512
23,2026-09-08T00:09:50.238657,1000,213,PUT,/jobs/002,404,128.62209999002516
23,2026-09-08T00:09:50.238657,1000,214,GET,/jobs,200,77.46790000237525
23,2026-09-08T00:09:50.238657,1000,215,GET,/jobs,200,80.21729998290539
23,2026-09-08T00:09:50.238657,1000,216,PUT,/jobs/002,404,114.57179998978972
23,2026-09-08T00:09:50.238657,1000,217,GET,/jobs,200,72.3287999862805
23,2026-09-08T00:09:50.238657,1000,218,GET,/jobs,200,71.80300005711615
23,2026-09-08T00:09:50.238657,1000,219,POST,/jobs,201,120.6507000606507
23,2026-09-08T00:09:50.238657,1000,220,GET,/jobs/1000,404,83.88940000440925
23,2026-09-08T00:09:50.238657,1000,221,POST,/jobs,201,130.2867999766022
23,2026-09-08T00:09:50.238657,1000,222,PUT,/jobs/1000,404,120.41079998016357
23,2026-09-08T00:09:50.238657,1000,223,PUT,/jobs/1000,404,123.07089997921139
23,2026-09-08T00:09:50.238657,1000,224,GET,/jobs,200,79.33379989117384
23,2026-09-08T00:09:50.238657,1000,225,GET,/jobs,200,80.47849999275059
23,2026-09-08T00:09:50.238657,1000,226,GET,/jobs,200,79.2186000617221
23,2026-09-08T00:09:50.238657,1000,227,GET,/jobs/1000,404,82.45250000618398
23,2026-09-08T00:09:50.238657,1000,228,GET,/jobs,200,75.44819999020547
23,2026-09-08T00:09:50.238657,1000,229,POST,/jobs,201,120.2075999462977
23,2026-09-08T00:09:50.238657,1000,230,DELETE,/jobs/002,404,82.50969997607172
23,2026-09-08T00:09:50.238657,1000,231,PUT,/jobs/001,200,120.36960001569241
23,2026-09-08T00:09:50.238657,1000,232,GET,/jobs,200,88.68689998053014
23,2026-09-08T00:09:50.238657,1000,233,POST,/jobs,201,125.96750003285706
23,2026-09-08T00:09:50.238657,1000,234,GET,/jobs,200,84.19840002898127
23,2026-09-08T00:09:50.238657,1000,235,POST,/jobs,201,124.54320001415908
23,2026-09-08T00:09:50.238657,1000,236,GET,/jobs/1000,404,84.77960003074259
23,2026-09-08T00:09:50.238657,1000,237,GET,/jobs,200,83.02739995997399
23,2026-09-08T00:09:50.238657,1000,238,POST,/jobs,201,124.78630000259727
23,2026-09-08T00:09:50.238657,1000,239,DELETE,/jobs/1000,404,82.55379996262491
23,2026-09-08T00:09:50.238657,1000,240,DELETE,/jobs/002,404,92.24060003180057
23,2026-09-08T00:09:50.238657,1000,241,GET,/jobs/001,200,133.7422999786213
23,2026-09-08T00:09:50.238657,1000,242,GET,/jobs/002,404,94.10830005072057
23,2026-09-08T00:09:50.238657,1000,243,GET,/jobs,200,87.05560001544654
23,2026-09-08T00:09:50.238657,1000,244,GET,/jobs/1000,404,94.3340000230819
23,2026-09-08T00:09:50.238657,1000,245,POST,/jobs,201,126.80300010833889
23,2026-09-08T00:09:50.238657,1000,246,PUT,/jobs/1000,404,126.35649996809661
23,2026-09-08T00:09:50.238657,1000,247,GET,/jobs/002,404,92.60889992583543
23,2026-09-08T00:09:50.238657,1000,248,GET,/jobs/1000,404,93.05829997174442
23,2026-09-08T00:09:50.238657,1000,249,GET,/jobs,200,85.47209994867444
23,2026-09-08T00:09:50.238657,1000,250,PUT,/jobs/001,200,123.83880000561476
23,2026-09-08T00:09:50.238657,1000,251,PUT,/jobs/001,200,122.05620005261153
23,2026-09-08T00:09:50.238657,1000,252,GET,/jobs/002,404,86.1055999994278
23,2026-09-08T00:09:50.238657,1000,253,POST,/jobs,201,121.58009991981089
23,2026-09-08T00:09:50.238657,1000,254,GET,/jobs/001,200,119.63219998870045
23,2026-09-08T00:09:50.238657,1000,255,GET,/jobs,200,84.1982999118045
23,2026-09-08T00:09:50.238657,1000,256,GET,/jobs/002,404,83.55109998956323
23,2026-09-08T00:09:50.238657,1000,257,POST,/jobs,201,118.64890006836504
23,2026-09-08T00:09:50.238657,1000,258,GET,/jobs,200,83.91849999316037
23,2026-09-08T00:09:50.238657,1000,259,POST,/jobs,201,119.037099997513
23,2026-09-08T00:09:50.238657,1000,260,DELETE,/jobs/1000,404,88.84179999586195
23,2026-09-08T00:09:50.238657,1000,261,DELETE,/jobs/1000,404,88.7176999822259
23,2026-09-08T00:09:50.238657,1000,262,GET,/jobs,200,80.32549999188632
23,2026-09-08T00:09:50.238657,1000,263,GET,/jobs,200,80.99389995913953
23,2026-09-08T00:09:50.238657,1000,264,POST,/jobs,201,120.32089999411255
23,2026-09-08T00:09:50.238657,1000,265,DELETE,/jobs/1000,404,85.38780000526458
23,2026-09-08T00:09:50.238657,1000,266,GET,/jobs,200,80.13059990480542
23,2026-09-08T00:09:50.238657,1000,267,GET,/jobs,200,82.14219997171313
23,2026-09-08T00:09:50.238657,1000,268,DELETE,/jobs/1000,404,87.78840000741184
23,2026-09-08T00:09:50.238657,1000,269,POST,/jobs,201,117.41730000358075
23,2026-09-08T00:09:50.238657,1000,270,POST,/jobs,201,120.55239989422262
23,2026-09-08T00:09:50.238657,1000,271,DELETE,/jobs/002,404,85.5716000078246
23,2026-09-08T00:09:50.238657,1000,272,PUT,/jobs/1000,404,119.78060007095337
23,2026-09-08T00:09:50.238657,1000,273,GET,/jobs/002,404,77.75609998498112
23,2026-09-08T00:09:50.238657,1000,274,GET,/jobs,200,73.31769994925708
23,2026-09-08T00:09:50.238657,1000,275,PUT,/jobs/001,200,119.45019999984652
23,2026-09-08T00:09:50.238657,1000,276,DELETE,/jobs/002,404,77.67629995942116
23,2026-09-08T00:09:50.238657,1000,277,POST,/jobs,201,118.9441999886185
23,2026-09-08T00:09:50.238657,1000,278,GET,/jobs,200,72.54470000043511
23,2026-09-08T00:09:50.238657,1000,279,POST,/jobs,201,110.99200008902699
23,2026-09-08T00:09:50.238657,1000,280,POST,/jobs,201,119.3058000644669
23,2026-09-08T00:09:50.238657,1000,281,GET,/jobs,200,69.27890004590154
23,2026-09-08T00:09:50.238657,1000,282,POST,/jobs,201,116.29359994549304
23,2026-09-08T00:09:50.238657,1000,283,POST,/jobs,201,109.88030000589788
23,2026-09-08T00:09:50.238657,1000,284,PUT,/jobs/002,404,115.6112999888137
23,2026-09-08T00:09:50.238657,1000,285,PUT,/jobs/1000,404,116.3506000302732
23,2026-09-08T00:09:50.238657,1000,286,POST,/jobs,201,112.52159997820854
23,2026-09-08T00:09:50.238657,1000,287,GET,/jobs/001,200,111.82719992939383
23,2026-09-08T00:09:50.238657,1000,288,PUT,/jobs/1000,404,116.13519990351051
23,2026-09-08T00:09:50.238657,1000,289,PUT,/jobs/1000,404,109.70179992727935
23,2026-09-08T00:09:50.238657,1000,290,GET,/jobs/1000,404,73.27129994519055
23,2026-09-08T00:09:50.238657,1000,291,DELETE,/jobs/1000,404,73.69230000767857
23,2026-09-08T00:09:50.238657,1000,292,PUT,/jobs/1000,404,113.26529993675649
23,2026-09-08T00:09:50.238657,1000,293,GET,/jobs,200,66.41470000613481
23,2026-09-08T00:09:50.238657,1000,294,POST,/jobs,201,112.79669997747988
23,2026-09-08T00:09:50.238657,1000,295,GET,/jobs/002,404,75.82439994439483
23,2026-09-08T00:09:50.238657,1000,296,DELETE,/jobs/1000,404,72.70680007059127
23,2026-09-08T00:09:50.238657,1000,297,PUT,/jobs/002,404,113.06330002844334
23,2026-09-08T00:09:50.238657,1000,298,PUT,/jobs/1000,404,112.33479995280504
23,2026-09-08T00:09:50.238657,1000,299,GET,/jobs/1000,404,74.8979999916628
23,2026-09-08T00:09:50.238657,1000,300,PUT,/jobs/1000,404,112.17009997926652
23,2026-09-08T00:09:50.238657,1000,301,GET,/jobs/1000,404,73.69390001986176
23,2026-09-08T00:09:50.238657,1000,302,GET,/jobs,200,69.78949997574091
23,2026-09-08T00:09:50.238657,1000,303,POST,/jobs,201,110.01579998992383
23,2026-09-08T00:09:50.238657,1000,304,DELETE,/jobs/1000,404,71.6348000569269
23,2026-09-08T00:09:50.238657,1000,305,GET,/jobs,200,67.10340001154691
23,2026-09-08T00:09:50.238657,1000,306,GET,/jobs/1000,404,73.20260000415146
23,2026-09-08T00:09:50.238657,1000,307,POST,/jobs,201,109.40409998875111
23,2026-09-08T00:09:50.238657,1000,308,GET,/jobs/001,200,112.95199999585748
23,2026-09-08T00:09:50.238657,1000,309,GET,/jobs,200,70.04779996350408
23,2026-09-08T00:09:50.238657,1000,310,GET,/jobs,200,69.65370010584593
23,2026-09-08T00:09:50.238657,1000,311,GET,/jobs/002,404,71.19639997836202
23,2026-09-08T00:09:50.238657,1000,312,DELETE,/jobs/002,404,71.44560001324862
23,2026-09-08T00:09:50.238657,1000,313,PUT,/jobs/002,404,103.50999992806464
23,2026-09-08T00:09:50.238657,1000,314,DELETE,/jobs/002,404,71.23600004706532
23,2026-09-08T00:09:50.238657,1000,315,PUT,/jobs/002,404,107.1591000072658
23,2026-09-08T00:09:50.238657,1000,316,PUT,/jobs/001,200,103.61279989592731
23,2026-09-08T00:09:50.238657,1000,317,GET,/jobs/1000,404,70.8078999305144
23,2026-09-08T00:09:50.238657,1000,318,GET,/jobs,200,68.6848999466747
23,2026-09-08T00:09:50.238657,1000,319,GET,/jobs,200,68.42939998023212
23,2026-09-08T00:09:50.238657,1000,320,PUT,/jobs/001,200,100.0295999692753
23,2026-09-08T00:09:50.238657,1000,321,GET,/jobs/1000,404,71.04950002394617
23,2026-09-08T00:09:50.238657,1000,322,DELETE,/jobs/1000,404,70.96090004779398
23,2026-09-08T00:09:50.238657,1000,323,GET,/jobs,200,70.21140004508197
23,2026-09-08T00:09:50.238657,1000,324,DELETE,/jobs/002,404,71.06830005068332
23,2026-09-08T00:09:50.238657,1000,325,GET,/jobs,200,68.64519999362528
23,2026-09-08T00:09:50.238657,1000,326,PUT,/jobs/001,200,104.48720003478229
23,2026-09-08T00:09:50.238657,1000,327,PUT,/jobs/1000,404,106.73230001702905
23,2026-09-08T00:09:50.238657,1000,328,DELETE,/jobs/1000,404,70.85739995818585
23,2026-09-08T00:09:50.238657,1000,329,PUT,/jobs/1000,404,105.64990004058927
23,2026-09-08T00:09:50.238657,1000,330,DELETE,/jobs/1000,404,71.41249999403954
23,2026-09-08T00:09:50.238657,1000,331,DELETE,/jobs/1000,404,72.9329000459984
23,2026-09-08T00:09:50.238657,1000,332,GET,/jobs/1000,404,72.83059996552765
23,2026-09-08T00:09:50.238657,1000,333,PUT,/jobs/002,404,100.60010000597686
23,2026-09-08T00:09:50.238657,1000,334,POST,/jobs,201,110.36260006949306
23,2026-09-08T00:09:50.238657,1000,335,GET,/jobs/1000,404,73.29520001076162
23,2026-09-08T00:09:50.238657,1000,336,POST,/jobs,201,112.65219992492348
23,2026-09-08T00:09:50.238657,1000,337,DELETE,/jobs/1000,404,71.36619999073446
23,2026-09-08T00:09:50.238657,1000,338,GET,/jobs/002,404,70.95279998611659
23,2026-09-08T00:09:50.238657,1000,339,PUT,/jobs/001,200,116.25419999472797
23,2026-09-08T00:09:50.238657,1000,340,POST,/jobs,201,115.88539998047054
23,2026-09-08T00:09:50.238657,1000,341,POST,/jobs,201,112.98969993367791
23,2026-09-08T00:09:50.238657,1000,342,POST,/jobs,201,103.23580005206168
23,2026-09-08T00:09:50.238657,1000,343,GET,/jobs,200,66.12049997784197
23,2026-09-08T00:09:50.238657,1000,344,GET,/jobs/001,200,110.22199993021786
23,2026-09-08T00:09:50.238657,1000,345,GET,/jobs/002,404,66.74859998747706
23,2026-09-08T00:09:50.238657,1000,346,GET,/jobs/1000,404,65.59349992312491
23,2026-09-08T00:09:50.238657,1000,347,GET,/jobs/001,200,117.65850009396672
23,2026-09-08T00:09:50.238657,1000,348,PUT,/jobs/002,404,108.04119997192174
23,2026-09-08T00:09:50.238657,1000,349,POST,/jobs,201,117.50910000409931
23,2026-09-08T00:09:50.238657,1000,350,PUT,/jobs/002,404,114.97879994567484
23,2026-09-08T00:09:50.238657,1000,351,GET,/jobs,200,71.19649997912347
23,2026-09-08T00:09:50.238657,1000,352,GET,/jobs/002,404,68.76689998898655
23,2026-09-08T00:09:50.238657,1000,353,PUT,/jobs/1000,404,122.86900007165968
23,2026-09-08T00:09:50.238657,1000,354,GET,/jobs,200,68.14380001742393
23,2026-09-08T00:09:50.238657,1000,355,DELETE,/jobs/1000,404,70.49230008851737
23,2026-09-08T00:09:50.238657,1000,356,PUT,/jobs/001,200,129.16499993298203
23,2026-09-08T00:09:50.238657,1000,357,POST,/jobs,201,130.62479998916388
23,2026-09-08T00:09:50.238657,1000,358,PUT,/jobs/002,404,127.41919991094619
23,2026-09-08T00:09:50.238657,1000,359,DELETE,/jobs/002,404,63.36519995238632
23,2026-09-08T00:09:50.238657,1000,360,PUT,/jobs/001,200,128.53039999026805
23,2026-09-08T00:09:50.238657,1000,361,POST,/jobs,201,115.10789999738336
23,2026-09-08T00:09:50.238657,1000,362,PUT,/jobs/001,200,127.63760006055236
23,2026-09-08T00:09:50.238657,1000,363,PUT,/jobs/002,404,130.02369995228946
23,2026-09-08T00:09:50.238657,1000,364,PUT,/jobs/1000,404,133.47400003112853
23,2026-09-08T00:09:50.238657,1000,365,GET,/jobs/002,404,73.65199993364513
23,2026-09-08T00:09:50.238657,1000,366,GET,/jobs/1000,404,74.03679995331913
23,2026-09-08T00:09:50.238657,1000,367,DELETE,/jobs/002,404,72.99680006690323
23,2026-09-08T00:09:50.238657,1000,368,PUT,/jobs/1000,404,123.2136000180617
23,2026-09-08T00:09:50.238657,1000,369,DELETE,/jobs/002,404,72.57260009646416
23,2026-09-08T00:09:50.238657,1000,370,GET,/jobs,200,70.83599991165102
23,2026-09-08T00:09:50.238657,1000,371,PUT,/jobs/001,200,128.6347999703139
23,2026-09-08T00:09:50.238657,1000,372,PUT,/jobs/001,200,119.76280005183071
23,2026-09-08T00:09:50.238657,1000,373,GET,/jobs,200,71.47049997001886
23,2026-09-08T00:09:50.238657,1000,374,POST,/jobs,201,127.42290005553514
23,2026-09-08T00:09:50.238657,1000,375,POST,/jobs,201,128.1785999890417
23,2026-09-08T00:09:50.238657,1000,376,PUT,/jobs/002,404,120.28999999165535
23,2026-09-08T00:09:50.238657,1000,377,POST,/jobs,201,121.78119993768632
23,2026-09-08T00:09:50.238657,1000,378,PUT,/jobs/002,404,121.14950001705438
23,2026-09-08T00:09:50.238657,1000,379,PUT,/jobs/002,404,126.43740000203252
23,2026-09-08T00:09:50.238657,1000,380,GET,/jobs,200,80.15190006699413
23,2026-09-08T00:09:50.238657,1000,381,PUT,/jobs/001,200,123.13790002372116
23,2026-09-08T00:09:50.238657,1000,382,DELETE,/jobs/002,404,82.69730000756681
23,2026-09-08T00:09:50.238657,1000,383,POST,/jobs,201,125.8521000854671
23,2026-09-08T00:09:50.238657,1000,384,GET,/jobs,200,79.48049996048212
23,2026-09-08T00:09:50.238657,1000,385,GET,/jobs,200,86.71609999146312
23,2026-09-08T00:09:50.238657,1000,386,GET,/jobs,200,87.91500004008412
23,2026-09-08T00:09:50.238657,1000,387,GET,/jobs/001,200,139.79280006606132
23,2026-09-08T00:09:50.238657,1000,388,GET,/jobs,200,87.22610003314912
23,2026-09-08T00:09:50.238657,1000,389,DELETE,/jobs/002,404,96.37689997907728
23,2026-09-08T00:09:50.238657,1000,390,GET,/jobs/001,200,139.60270001553
23,2026-09-08T00:09:50.238657,1000,391,PUT,/jobs/1000,404,125.55390002671629
23,2026-09-08T00:09:50.238657,1000,392,GET,/jobs,200,88.90079997945577
23,2026-09-08T00:09:50.238657,1000,393,DELETE,/jobs/002,404,96.12309990916401
23,2026-09-08T00:09:50.238657,1000,394,PUT,/jobs/1000,404,125.21800003014505
23,2026-09-08T00:09:50.238657,1000,395,POST,/jobs,201,118.4449999127537
23,2026-09-08T00:09:50.238657,1000,396,POST,/jobs,201,118.74910001643002
23,2026-09-08T00:09:50.238657,1000,397,DELETE,/jobs/002,404,86.58940007444471
23,2026-09-08T00:09:50.238657,1000,398,GET,/jobs/002,404,87.2533000074327
23,2026-09-08T00:09:50.238657,1000,399,GET,/jobs,200,86.05390007141978
23,2026-09-08T00:09:50.238657,1000,400,DELETE,/jobs/002,404,87.57469989359379
23,2026-09-08T00:09:50.238657,1000,401,POST,/jobs,201,117.76679998729378
23,2026-09-08T00:09:50.238657,1000,402,PUT,/jobs/002,404,118.06770006660372
23,2026-09-08T00:09:50.238657,1000,403,GET,/jobs/001,200,128.61030001658946
23,2026-09-08T00:09:50.238657,1000,404,DELETE,/jobs/002,404,87.08269998896867
23,2026-09-08T00:09:50.238657,1000,405,GET,/jobs,200,86.21039998251945
23,2026-09-08T00:09:50.238657,1000,406,POST,/jobs,201,130.9950000140816
23,2026-09-08T00:09:50.238657,1000,407,DELETE,/jobs/002,404,93.24000007472932
23,2026-09-08T00:09:50.238657,1000,408,DELETE,/jobs/002,404,93.3017999632284
23,2026-09-08T00:09:50.238657,1000,409,POST,/jobs,201,124.37119998503476
23,2026-09-08T00:09:50.238657,1000,410,PUT,/jobs/1000,404,132.43150000926107
23,2026-09-08T00:09:50.238657,1000,411,POST,/jobs,201,132.662900025025
23,2026-09-08T00:09:50.238657,1000,412,DELETE,/jobs/1000,404,93.35099998861551
23,2026-09-08T00:09:50.238657,1000,413,GET,/jobs,200,90.19890008494258
23,2026-09-08T00:09:50.238657,1000,414,PUT,/jobs/002,404,131.28390000201762
23,2026-09-08T00:09:50.238657,1000,415,GET,/jobs,200,89.99250002671033
23,2026-09-08T00:09:50.238657,1000,416,PUT,/jobs/002,404,122.27639998309314
23,2026-09-08T00:09:50.238657,1000,417,PUT,/jobs/1000,404,122.47689999639988
23,2026-09-08T00:09:50.238657,1000,418,GET,/jobs/002,404,88.66690006107092
23,2026-09-08T00:09:50.238657,1000,419,GET,/jobs/1000,404,96.85380000155419
23,2026-09-08T00:09:50.238657,1000,420,DELETE,/jobs/1000,404,92.65070001129061
23,2026-09-08T00:09:50.238657,1000,421,DELETE,/jobs/1000,404,88.34489993751049
23,2026-09-08T00:09:50.238657,1000,422,PUT,/jobs/002,404,130.60380006209016
23,2026-09-08T00:09:50.238657,1000,423,DELETE,/jobs/1000,404,89.50309990905225
23,2026-09-08T00:09:50.238657,1000,424,POST,/jobs,201,128.89220006763935
23,2026-09-08T00:09:50.238657,1000,425,GET,/jobs/001,200,132.30319996364415
23,2026-09-08T00:09:50.238657,1000,426,POST,/jobs,201,125.17589994240552
23,2026-09-08T00:09:50.238657,1000,427,GET,/jobs/002,404,83.81509990431368
23,2026-09-08T00:09:50.238657,1000,428,DELETE,/jobs/1000,404,84.17869999539107
23,2026-09-08T00:09:50.238657,1000,429,POST,/jobs,201,127.12840002495795
23,2026-09-08T00:09:50.238657,1000,430,PUT,/jobs/002,404,125.8643000619486
23,2026-09-08T00:09:50.238657,1000,431,GET,/jobs/002,404,84.41280003171414
23,2026-09-08T00:09:50.238657,1000,432,GET,/jobs/002,404,83.49830005317926
23,2026-09-08T00:09:50.238657,1000,433,POST,/jobs,201,127.99259996972978
23,2026-09-08T00:09:50.238657,1000,434,POST,/jobs,201,125.44410000555217
23,2026-09-08T00:09:50.238657,1000,435,POST,/jobs,201,120.11220003478229
23,2026-09-08T00:09:50.238657,1000,436,GET,/jobs,200,71.10169995576143
23,2026-09-08T00:09:50.238657,1000,437,DELETE,/jobs/002,404,79.06959997490048
23,2026-09-08T00:09:50.238657,1000,438,GET,/jobs,200,76.71499997377396
23,2026-09-08T00:09:50.238657,1000,439,GET,/jobs/1000,404,78.79579998552799
23,2026-09-08T00:09:50.238657,1000,440,PUT,/jobs/002,404,113.17969998344779
23,2026-09-08T00:09:50.238657,1000,441,DELETE,/jobs/002,404,78.6083999555558
23,2026-09-08T00:09:50.238657,1000,442,PUT,/jobs/1000,404,117.8461000090465
23,2026-09-08T00:09:50.238657,1000,443,PUT,/jobs/002,404,117.21210007090122
23,2026-09-08T00:09:50.238657,1000,444,GET,/jobs,200,77.13419990614057
23,2026-09-08T00:09:50.238657,1000,445,GET,/jobs,200,77.89830002002418
23,2026-09-08T00:09:50.238657,1000,446,POST,/jobs,201,111.82479991111904
23,2026-09-08T00:09:50.238657,1000,447,PUT,/jobs/1000,404,120.76700001489371
23,2026-09-08T00:09:50.238657,1000,448,GET,/jobs/002,404,77.52719998825341
23,2026-09-08T00:09:50.238657,1000,449,DELETE,/jobs/1000,404,76.872400008142
23,2026-09-08T00:09:50.238657,1000,450,PUT,/jobs/1000,404,112.18789999838918
23,2026-09-08T00:09:50.238657,1000,451,DELETE,/jobs/1000,404,76.28520007710904
23,2026-09-08T00:09:50.238657,1000,452,PUT,/jobs/1000,404,120.56069995742291
23,2026-09-08T00:09:50.238657,1000,453,DELETE,/jobs/1000,404,77.04879995435476
23,2026-09-08T00:09:50.238657,1000,454,POST,/jobs,201,120.94049993902445
23,2026-09-08T00:09:50.238657,1000,455,PUT,/jobs/002,404,120.04270008765161
23,2026-09-08T00:09:50.238657,1000,456,POST,/jobs,201,119.76719996891916
23,2026-09-08T00:09:50.238657,1000,457,GET,/jobs/001,200,121.38269993010908
23,2026-09-08T00:09:50.238657,1000,458,GET,/jobs/002,404,76.22439996339381
23,2026-09-08T00:09:50.238657,1000,459,GET,/jobs,200,75.14690002426505
23,2026-09-08T00:09:50.238657,1000,460,DELETE,/jobs/002,404,66.52899994514883
23,2026-09-08T00:09:50.238657,1000,461,GET,/jobs/001,200,118.86449996381998
23,2026-09-08T00:09:50.238657,1000,462,PUT,/jobs/002,404,110.54630007129163
23,2026-09-08T00:09:50.238657,1000,463,DELETE,/jobs/1000,404,75.69369999691844
23,2026-09-08T00:09:50.238657,1000,464,GET,/jobs,200,70.17429999541491
23,2026-09-08T00:09:50.238657,1000,465,GET,/jobs/002,404,75.54580003488809
23,2026-09-08T00:09:50.238657,1000,466,GET,/jobs/002,404,74.96150000952184
23,2026-09-08T00:09:50.238657,1000,467,GET,/jobs/002,404,80.88210003916174
23,2026-09-08T00:09:50.238657,1000,468,GET,/jobs,200,79.68950003851205
23,2026-09-08T00:09:50.238657,1000,469,DELETE,/jobs/002,404,81.84990007430315
23,2026-09-08T00:09:50.238657,1000,470,POST,/jobs,201,114.26639999262989
23,2026-09-08T00:09:50.238657,1000,471,GET,/jobs,200,73.05320003069937
23,2026-09-08T00:09:50.238657,1000,472,DELETE,/jobs/1000,404,81.06950006913394
23,2026-09-08T00:09:50.238657,1000,473,GET,/jobs/1000,404,81.33299998007715
23,2026-09-08T00:09:50.238657,1000,474,PUT,/jobs/001,200,114.64669997803867
23,2026-09-08T00:09:50.238657,1000,475,GET,/jobs,200,72.46370008215308
23,2026-09-08T00:09:50.238657,1000,476,DELETE,/jobs/1000,404,80.4712000535801
23,2026-09-08T00:09:50.238657,1000,477,PUT,/jobs/002,404,118.14469995442778
23,2026-09-08T00:09:50.238657,1000,478,PUT,/jobs/002,404,112.3023999389261
23,2026-09-08T00:09:50.238657,1000,479,GET,/jobs/001,200,122.08689993713051
23,2026-09-08T00:09:50.238657,1000,480,POST,/jobs,201,120.52260001655668
23,2026-09-08T00:09:50.238657,1000,481,PUT,/jobs/001,200,109.97620003763586
23,2026-09-08T00:09:50.238657,1000,482,GET,/jobs,200,77.73270003963262
23,2026-09-08T00:09:50.238657,1000,483,PUT,/jobs/002,404,120.29130000155419
23,2026-09-08T00:09:50.238657,1000,484,GET,/jobs,200,79.88410000689328
23,2026-09-08T00:09:50.238657,1000,485,DELETE,/jobs/002,404,79.67549993190914
23,2026-09-08T00:09:50.238657,1000,486,GET,/jobs/001,200,119.5265999995172
23,2026-09-08T00:09:50.238657,1000,487,DELETE,/jobs/1000,404,79.52749996911734
23,2026-09-08T00:09:50.238657,1000,488,GET,/jobs,200,79.6085000038147
23,2026-09-08T00:09:50.238657,1000,489,GET,/jobs/001,200,120.73439999949187
23,2026-09-08T00:09:50.238657,1000,490,DELETE,/jobs/1000,404,80.54860006086528
23,2026-09-08T00:09:50.238657,1000,491,DELETE,/jobs/002,404,81.24780002981424
23,2026-09-08T00:09:50.238657,1000,492,DELETE,/jobs/1000,404,80.79799998085946
23,2026-09-08T00:09:50.238657,1000,493,PUT,/jobs/002,404,111.04460002388805
23,2026-09-08T00:09:50.238657,1000,494,POST,/jobs,201,110.24650000035763
23,2026-09-08T00:09:50.238657,1000,495,DELETE,/jobs/1000,404,81.03539992589504
23,2026-09-08T00:09:50.238657,1000,496,POST,/jobs,201,117.66840005293489
23,2026-09-08T00:09:50.238657,1000,497,DELETE,/jobs/002,404,80.98379999864846
23,2026-09-08T00:09:50.238657,1000,498,DELETE,/jobs/002,404,80.40850004181266
23,2026-09-08T00:09:50.238657,1000,499,GET,/jobs/1000,404,80.21409995853901
23,2026-09-08T00:09:50.238657,1000,500,GET,/jobs/002,404,78.67219997569919
23,2026-09-08T00:09:50.238657,1000,501,GET,/jobs,200,77.14269997086376
23,2026-09-08T00:09:50.238657,1000,502,GET,/jobs/001,200,120.11689995415509
23,2026-09-08T00:09:50.238657,1000,503,GET,/jobs/1000,404,78.3183000748977
23,2026-09-08T00:09:50.238657,1000,504,GET,/jobs,200,75.75249997898936
23,2026-09-08T00:09:50.238657,1000,505,GET,/jobs/001,200,120.02689996734262
23,2026-09-08T00:09:50.238657,1000,506,PUT,/jobs/002,404,111.6716000251472
23,2026-09-08T00:09:50.238657,1000,507,DELETE,/jobs/1000,404,77.18089991249144
23,2026-09-08T00:09:50.238657,1000,508,POST,/jobs,201,118.5338000068441
23,2026-09-08T00:09:50.238657,1000,509,GET,/jobs/002,404,72.5666000507772
23,2026-09-08T00:09:50.238657,1000,510,POST,/jobs,201,111.6140999365598
23,2026-09-08T00:09:50.238657,1000,511,PUT,/jobs/001,200,117.98440001439303
23,2026-09-08T00:09:50.238657,1000,512,GET,/jobs/002,404,77.42099999450147
23,2026-09-08T00:09:50.238657,1000,513,DELETE,/jobs/002,404,73.4457999933511
23,2026-09-08T00:09:50.238657,1000,514,PUT,/jobs/001,200,112.91480006184429
23,2026-09-08T00:09:50.238657,1000,515,DELETE,/jobs/002,404,78.18259997293353
23,2026-09-08T00:09:50.238657,1000,516,GET,/jobs/002,404,76.85970002785325
23,2026-09-08T00:09:50.238657,1000,517,GET,/jobs/001,200,117.52850003540516
23,2026-09-08T00:09:50.238657,1000,518,GET,/jobs,200,73.30439996439964
23,2026-09-08T00:09:50.238657,1000,519,GET,/jobs/002,404,75.05680003669113
23,2026-09-08T00:09:50.238657,1000,520,DELETE,/jobs/1000,404,74.73819993901998
23,2026-09-08T00:09:50.238657,1000,521,PUT,/jobs/001,200,108.5759000852704
23,2026-09-08T00:09:50.238657,1000,522,PUT,/jobs/1000,404,119.11289999261498
23,2026-09-08T00:09:50.238657,1000,523,POST,/jobs,201,117.83470003865659
23,2026-09-08T00:09:50.238657,1000,524,PUT,/jobs/002,404,118.1262000463903
23,2026-09-08T00:09:50.238657,1000,525,DELETE,/jobs/1000,404,77.81940000131726
23,2026-09-08T00:09:50.238657,1000,526,PUT,/jobs/001,200,119.38080005347729
23,2026-09-08T00:09:50.238657,1000,527,DELETE,/jobs/002,404,78.37120001204312
23,2026-09-08T00:09:50.238657,1000,528,PUT,/jobs/1000,404,119.53289993107319
23,2026-09-08T00:09:50.238657,1000,529,POST,/jobs,201,117.47389996889979
23,2026-09-08T00:09:50.238657,1000,530,POST,/jobs,201,111.77940003108233
23,2026-09-08T00:09:50.238657,1000,531,GET,/jobs,200,76.8789000576362
23,2026-09-08T00:09:50.238657,1000,532,GET,/jobs/1000,404,74.2820999585092
23,2026-09-08T00:09:50.238657,1000,533,DELETE,/jobs/002,404,74.69100004527718
23,2026-09-08T00:09:50.238657,1000,534,POST,/jobs,201,107.57170000579208
23,2026-09-08T00:09:50.238657,1000,535,GET,/jobs,200,67.76899995747954
23,2026-09-08T00:09:50.238657,1000,536,GET,/jobs/002,404,67.08030006848276
23,2026-09-08T00:09:50.238657,1000,537,DELETE,/jobs/1000,404,75.12479997240007
23,2026-09-08T00:09:50.238657,1000,538,POST,/jobs,201,117.06760001834482
23,2026-09-08T00:09:50.238657,1000,539,DELETE,/jobs/1000,404,75.63870004378259
23,2026-09-08T00:09:50.238657,1000,540,PUT,/jobs/001,200,117.42099991533905
23,2026-09-08T00:09:50.238657,1000,541,PUT,/jobs/002,404,119.21870009973645
23,2026-09-08T00:09:50.238657,1000,542,PUT,/jobs/002,404,110.68949999753386
23,2026-09-08T00:09:50.238657,1000,543,POST,/jobs,201,118.52850008290261
23,2026-09-08T00:09:50.238657,1000,544,GET,/jobs,200,74.20060003641993
23,2026-09-08T00:09:50.238657,1000,545,GET,/jobs/002,404,75.38990001194179
23,2026-09-08T00:09:50.238657,1000,546,PUT,/jobs/1000,404,117.75920004583895
23,2026-09-08T00:09:50.238657,1000,547,PUT,/jobs/002,404,116.11760000232607
23,2026-09-08T00:09:50.238657,1000,548,PUT,/jobs/1000,404,124.86929993610829
23,2026-09-08T00:09:50.238657,1000,549,GET,/jobs,200,64.92530007380992
23,2026-09-08T00:09:50.238657,1000,550,PUT,/jobs/001,200,124.33189991861582
23,2026-09-08T00:09:50.238657,1000,551,POST,/jobs,201,122.84269998781383
23,2026-09-08T00:09:50.238657,1000,552,POST,/jobs,201,123.86420008260757
23,2026-09-08T00:09:50.238657,1000,553,PUT,/jobs/1000,404,129.10419993568212
23,2026-09-08T00:09:50.238657,1000,554,GET,/jobs,200,73.61239998135716
23,2026-09-08T00:09:50.238657,1000,555,DELETE,/jobs/1000,404,76.27820002380759
23,2026-09-08T00:09:50.238657,1000,556,PUT,/jobs/001,200,128.1383999157697
23,2026-09-08T00:09:50.238657,1000,557,GET,/jobs/1000,404,76.47319999523461
23,2026-09-08T00:09:50.238657,1000,558,POST,/jobs,201,127.65149993356317
23,2026-09-08T00:09:50.238657,1000,559,PUT,/jobs/1000,404,128.6738000344485
23,2026-09-08T00:09:50.238657,1000,560,PUT,/jobs/001,200,127.45760008692741
23,2026-09-08T00:09:50.238657,1000,561,GET,/jobs/002,404,68.71490005869418
23,2026-09-08T00:09:50.238657,1000,562,DELETE,/jobs/002,404,74.61990008596331
23,2026-09-08T00:09:50.238657,1000,563,POST,/jobs,201,124.54200000502169
23,2026-09-08T00:09:50.238657,1000,564,PUT,/jobs/001,200,125.50470000132918
23,2026-09-08T00:09:50.238657,1000,565,GET,/jobs,200,69.52459993772209
23,2026-09-08T00:09:50.238657,1000,566,DELETE,/jobs/002,404,68.0475999834016
23,2026-09-08T00:09:50.238657,1000,567,GET,/jobs/002,404,80.95229999162257
23,2026-09-08T00:09:50.238657,1000,568,DELETE,/jobs/002,404,77.27780006825924
23,2026-09-08T00:09:50.238657,1000,569,DELETE,/jobs/1000,404,78.67269997950643
23,2026-09-08T00:09:50.238657,1000,570,GET,/jobs,200,73.87169997673482
23,2026-09-08T00:09:50.238657,1000,571,GET,/jobs/001,200,159.90169998258352
23,2026-09-08T00:09:50.238657,1000,572,PUT,/jobs/001,200,142.61520002037287
23,2026-09-08T00:09:50.238657,1000,573,GET,/jobs/002,404,77.76210003066808
23,2026-09-08T00:09:50.238657,1000,574,POST,/jobs,201,150.77329997438937
23,2026-09-08T00:09:50.238657,1000,575,POST,/jobs,201,163.63309998996556
23,2026-09-08T00:09:50.238657,1000,576,PUT,/jobs/002,404,151.63679991383106
23,2026-09-08T00:09:50.238657,1000,577,GET,/jobs/002,404,88.35640002507716
23,2026-09-08T00:09:50.238657,1000,578,DELETE,/jobs/002,404,92.19580003991723
23,2026-09-08T00:09:50.238657,1000,579,PUT,/jobs/001,200,166.3509999634698
23,2026-09-08T00:09:50.238657,1000,580,DELETE,/jobs/002,404,90.63069999683648
23,2026-09-08T00:09:50.238657,1000,581,GET,/jobs,200,82.72359997499734
23,2026-09-08T00:09:50.238657,1000,582,POST,/jobs,201,167.23110002931207
23,2026-09-08T00:09:50.238657,1000,583,PUT,/jobs/002,404,164.9453000864014
23,2026-09-08T00:09:50.238657,1000,584,DELETE,/jobs/1000,404,89.65259999968112
23,2026-09-08T00:09:50.238657,1000,585,GET,/jobs,200,84.71409999765456
23,2026-09-08T00:09:50.238657,1000,586,POST,/jobs,201,165.58919998351485
23,2026-09-08T00:09:50.238657,1000,587,POST,/jobs,201,170.2812999719754
23,2026-09-08T00:09:50.238657,1000,588,DELETE,/jobs/1000,404,88.02110003307462
23,2026-09-08T00:09:50.238657,1000,589,GET,/jobs/002,404,87.55469997413456
23,2026-09-08T00:09:50.238657,1000,590,DELETE,/jobs/1000,404,89.90290004294366
23,2026-09-08T00:09:50.238657,1000,591,POST,/jobs,201,163.53689995594323
23,2026-09-08T00:09:50.238657,1000,592,DELETE,/jobs/1000,404,90.33689997158945
23,2026-09-08T00:09:50.238657,1000,593,PUT,/jobs/002,404,163.4589999448508
23,2026-09-08T00:09:50.238657,1000,594,GET,/jobs/1000,404,87.81289996113628
23,2026-09-08T00:09:50.238657,1000,595,GET,/jobs/1000,404,89.3273000838235
23,2026-09-08T00:09:50.238657,1000,596,PUT,/jobs/001,200,175.5709999706596
23,2026-09-08T00:09:50.238657,1000,597,PUT,/jobs/001,200,177.52979998476803
23,2026-09-08T00:09:50.238657,1000,598,POST,/jobs,201,178.73479996342212
23,2026-09-08T00:09:50.238657,1000,599,PUT,/jobs/1000,404,165.42720003053546
23,2026-09-08T00:09:50.238657,1000,600,PUT,/jobs/002,404,178.15139994490892
23,2026-09-08T00:09:50.238657,1000,601,GET,/jobs/002,404,115.66430004313588
23,2026-09-08T00:09:50.238657,1000,602,GET,/jobs,200,105.36420007701963
23,2026-09-08T00:09:50.238657,1000,603,GET,/jobs/1000,404,108.8731000199914
23,2026-09-08T00:09:50.238657,1000,604,DELETE,/jobs/1000,404,115.14889996033162
23,2026-09-08T00:09:50.238657,1000,605,GET,/jobs,200,106.20060004293919
23,2026-09-08T00:09:50.238657,1000,606,PUT,/jobs/001,200,172.63449996244162
23,2026-09-08T00:09:50.238657,1000,607,DELETE,/jobs/1000,404,109.94649992790073
23,2026-09-08T00:09:50.238657,1000,608,GET,/jobs,200,106.8482999689877
23,2026-09-08T00:09:50.238657,1000,609,GET,/jobs/002,404,109.27349992562085
23,2026-09-08T00:09:50.238657,1000,610,GET,/jobs/001,200,174.22329995315522
23,2026-09-08T00:09:50.238657,1000,611,PUT,/jobs/002,404,177.25780000910163
23,2026-09-08T00:09:50.238657,1000,612,POST,/jobs,201,177.58469993714243
23,2026-09-08T00:09:50.238657,1000,613,PUT,/jobs/1000,404,177.40709998179227
23,2026-09-08T00:09:50.238657,1000,614,GET,/jobs,200,122.22590006422251
23,2026-09-08T00:09:50.238657,1000,615,POST,/jobs,201,177.88010009098798
23,2026-09-08T00:09:50.238657,1000,616,DELETE,/jobs/1000,404,127.09600001107901
23,2026-09-08T00:09:50.238657,1000,617,POST,/jobs,201,176.12379998899996
23,2026-09-08T00:09:50.238657,1000,618,PUT,/jobs/1000,404,167.00180002953857
23,2026-09-08T00:09:50.238657,1000,619,GET,/jobs,200,128.78859997726977
23,2026-09-08T00:09:50.238657,1000,620,DELETE,/jobs/002,404,131.62729993928224
23,2026-09-08T00:09:50.238657,1000,621,GET,/jobs/1000,404,129.46790002752095
23,2026-09-08T00:09:50.238657,1000,622,POST,/jobs,201,173.9903000416234
23,2026-09-08T00:09:50.238657,1000,623,GET,/jobs,200,128.4704999998212
23,2026-09-08T00:09:50.238657,1000,624,PUT,/jobs/001,200,166.46009997930378
23,2026-09-08T00:09:50.238657,1000,625,GET,/jobs,200,134.47639998048544
23,2026-09-08T00:09:50.238657,1000,626,PUT,/jobs/001,200,175.8104000473395
23,2026-09-08T00:09:50.238657,1000,627,POST,/jobs,201,168.361600022763
23,2026-09-08T00:09:50.238657,1000,628,GET,/jobs,200,134.14060010109097
23,2026-09-08T00:09:50.238657,1000,629,POST,/jobs,201,174.58989995066077
23,2026-09-08T00:09:50.238657,1000,630,GET,/jobs,200,134.88800008781254
23,2026-09-08T00:09:50.238657,1000,631,POST,/jobs,201,175.77980004716665
23,2026-09-08T00:09:50.238657,1000,632,POST,/jobs,201,176.07560008764267
23,2026-09-08T00:09:50.238657,1000,633,GET,/jobs/001,200,170.4949999693781
23,2026-09-08T00:09:50.238657,1000,634,DELETE,/jobs/1000,404,129.48270002380013
23,2026-09-08T00:09:50.238657,1000,635,DELETE,/jobs/002,404,126.6465000808239
23,2026-09-08T00:09:50.238657,1000,636,GET,/jobs/001,200,164.58600002806634
23,2026-09-08T00:09:50.238657,1000,637,GET,/jobs,200,124.87739999778569
23,2026-09-08T00:09:50.238657,1000,638,DELETE,/jobs/1000,404,126.77920004352927
23,2026-09-08T00:09:50.238657,1000,639,DELETE,/jobs/002,404,126.40229996759444
23,2026-09-08T00:09:50.238657,1000,640,PUT,/jobs/1000,404,162.88999991957098
23,2026-09-08T00:09:50.238657,1000,641,GET,/jobs/001,200,164.41490000579506
23,2026-09-08T00:09:50.238657,1000,642,PUT,/jobs/1000,404,163.7171000475064
23,2026-09-08T00:09:50.238657,1000,643,POST,/jobs,201,163.19039999507368
23,2026-09-08T00:09:50.238657,1000,644,POST,/jobs,201,157.78479992877692
23,2026-09-08T00:09:50.238657,1000,645,GET,/jobs,200,124.81459998525679
23,2026-09-08T00:09:50.238657,1000,646,PUT,/jobs/002,404,163.091899943538
23,2026-09-08T00:09:50.238657,1000,647,DELETE,/jobs/002,404,127.16789997648448
23,2026-09-08T00:09:50.238657,1000,648,GET,/jobs,200,98.06190000381321
23,2026-09-08T00:09:50.238657,1000,649,PUT,/jobs/002,404,136.54369988944381
23,2026-09-08T00:09:50.238657,1000,650,DELETE,/jobs/1000,404,102.5042999535799
23,2026-09-08T00:09:50.238657,1000,651,PUT,/jobs/1000,404,141.96180005092174
23,2026-09-08T00:09:50.238657,1000,652,POST,/jobs,201,140.01360000111163
23,2026-09-08T00:09:50.238657,1000,653,POST,/jobs,201,140.33620001282543
23,2026-09-08T00:09:50.238657,1000,654,PUT,/jobs/002,404,141.05480001308024
23,2026-09-08T00:09:50.238657,1000,655,GET,/jobs,200,95.38980002980679
23,2026-09-08T00:09:50.238657,1000,656,GET,/jobs/002,404,101.31060006096959
23,2026-09-08T00:09:50.238657,1000,657,DELETE,/jobs/1000,404,101.13099997397512
23,2026-09-08T00:09:50.238657,1000,658,DELETE,/jobs/1000,404,102.50079992692918
23,2026-09-08T00:09:50.238657,1000,659,POST,/jobs,201,142.029800103046
23,2026-09-08T00:09:50.238657,1000,660,PUT,/jobs/002,404,133.7689000647515
23,2026-09-08T00:09:50.238657,1000,661,GET,/jobs,200,81.97249996010214
23,2026-09-08T00:09:50.238657,1000,662,DELETE,/jobs/002,404,85.85340005811304
23,2026-09-08T00:09:50.238657,1000,663,DELETE,/jobs/1000,404,81.54849999118596
23,2026-09-08T00:09:50.238657,1000,664,POST,/jobs,201,118.7320000026375
23,2026-09-08T00:09:50.238657,1000,665,GET,/jobs/1000,404,89.65129998978227
23,2026-09-08T00:09:50.238657,1000,666,POST,/jobs,201,120.69979996886104
23,2026-09-08T00:09:50.238657,1000,667,GET,/jobs/1000,404,85.65599995199591
23,2026-09-08T00:09:50.238657,1000,668,POST,/jobs,201,117.73810000158846
23,2026-09-08T00:09:50.238657,1000,669,GET,/jobs/1000,404,86.10760001465678
23,2026-09-08T00:09:50.238657,1000,670,GET,/jobs,200,87.98850001767278
23,2026-09-08T00:09:50.238657,1000,671,GET,/jobs,200,70.0590000487864
23,2026-09-08T00:09:50.238657,1000,672,POST,/jobs,201,110.3486999636516
23,2026-09-08T00:09:50.238657,1000,673,PUT,/jobs/001,200,111.02720000781119
23,2026-09-08T00:09:50.238657,1000,674,DELETE,/jobs/1000,404,75.52589999977499
23,2026-09-08T00:09:50.238657,1000,675,GET,/jobs/001,200,116.6900999378413
23,2026-09-08T00:09:50.238657,1000,676,POST,/jobs,201,111.45170009694993
23,2026-09-08T00:09:50.238657,1000,677,PUT,/jobs/001,200,120.0713999569416
23,2026-09-08T00:09:50.238657,1000,678,GET,/jobs/001,200,120.35889993421733
23,2026-09-08T00:09:50.238657,1000,679,DELETE,/jobs/1000,404,79.45359998848289
23,2026-09-08T00:09:50.238657,1000,680,DELETE,/jobs/1000,404,80.549499951303
23,2026-09-08T00:09:50.238657,1000,681,GET,/jobs/002,404,79.18959995731711
23,2026-09-08T00:09:50.238657,1000,682,PUT,/jobs/002,404,111.62219999823719
23,2026-09-08T00:09:50.238657,1000,683,POST,/jobs,201,120.9484999999404
23,2026-09-08T00:09:50.238657,1000,684,GET,/jobs,200,71.79960003122687
23,2026-09-08T00:09:50.238657,1000,685,PUT,/jobs/001,200,113.40530007146299
23,2026-09-08T00:09:50.238657,1000,686,GET,/jobs/001,200,114.20740000903606
23,2026-09-08T00:09:50.238657,1000,687,PUT,/jobs/1000,404,114.52709999866784
23,2026-09-08T00:09:50.238657,1000,688,POST,/jobs,201,113.68950002361089
23,2026-09-08T00:09:50.238657,1000,689,PUT,/jobs/001,200,112.93309996835887
23,2026-09-08T00:09:50.238657,1000,690,POST,/jobs,201,113.52580005768687
23,2026-09-08T00:09:50.238657,1000,691,GET,/jobs,200,74.24919994082302
23,2026-09-08T00:09:50.238657,1000,692,PUT,/jobs/002,404,114.19450002722442
23,2026-09-08T00:09:50.238657,1000,693,POST,/jobs,201,114.40179997589439
23,2026-09-08T00:09:50.238657,1000,694,PUT,/jobs/1000,404,113.79880004096776
23,2026-09-08T00:09:50.238657,1000,695,POST,/jobs,201,113.94330009352416
23,2026-09-08T00:09:50.238657,1000,696,GET,/jobs/002,404,72.80590001028031
23,2026-09-08T00:09:50.238657,1000,697,GET,/jobs,200,71.56449998728931
23,2026-09-08T00:09:50.238657,1000,698,DELETE,/jobs/1000,404,73.28170002438128
23,2026-09-08T00:09:50.238657,1000,699,DELETE,/jobs/002,404,73.5931999515742
23,2026-09-08T00:09:50.238657,1000,700,GET,/jobs,200,65.98870002198964
23,2026-09-08T00:09:50.238657,1000,701,PUT,/jobs/1000,404,113.48039994481951
23,2026-09-08T00:09:50.238657,1000,702,POST,/jobs,201,113.05619997438043
23,2026-09-08T00:09:50.238657,1000,703,PUT,/jobs/001,200,103.94180007278919
23,2026-09-08T00:09:50.238657,1000,704,GET,/jobs/001,200,111.17579997517169
23,2026-09-08T00:09:50.238657,1000,705,GET,/jobs,200,70.83089998923242
23,2026-09-08T00:09:50.238657,1000,706,POST,/jobs,201,110.41039996780455
23,2026-09-08T00:09:50.238657,1000,707,GET,/jobs,200,67.71879992447793
23,2026-09-08T00:09:50.238657,1000,708,GET,/jobs,200,67.69749999511987
23,2026-09-08T00:09:50.238657,1000,709,GET,/jobs/1000,404,71.30279997363687
23,2026-09-08T00:09:50.238657,1000,710,GET,/jobs/002,404,67.45659990701824
23,2026-09-08T00:09:50.238657,1000,711,PUT,/jobs/002,404,130.77639997936785
23,2026-09-08T00:09:50.238657,1000,712,DELETE,/jobs/1000,404,74.37239994760603
23,2026-09-08T00:09:50.238657,1000,713,DELETE,/jobs/002,404,75.6812000181526
23,2026-09-08T00:09:50.238657,1000,714,PUT,/jobs/1000,404,129.90409997291863
23,2026-09-08T00:09:50.238657,1000,715,GET,/jobs,200,72.91979994624853
23,2026-09-08T00:09:50.238657,1000,716,PUT,/jobs/1000,404,121.30050000268966
23,2026-09-08T00:09:50.238657,1000,717,PUT,/jobs/002,404,133.71150009334087
23,2026-09-08T00:09:50.238657,1000,718,GET,/jobs,200,71.09219999983907
23,2026-09-08T00:09:50.238657,1000,719,POST,/jobs,201,142.22849998623133
23,2026-09-08T00:09:50.238657,1000,720,PUT,/jobs/002,404,127.94409994967282
23,2026-09-08T00:09:50.238657,1000,721,GET,/jobs/002,404,80.12089994736016
23,2026-09-08T00:09:50.238657,1000,722,GET,/jobs,200,67.15549994260073
23,2026-09-08T00:09:50.238657,1000,723,POST,/jobs,201,148.00629997625947
23,2026-09-08T00:09:50.238657,1000,724,POST,/jobs,201,137.41949992254376
23,2026-09-08T00:09:50.238657,1000,725,PUT,/jobs/002,404,150.60609998181462
23,2026-09-08T00:09:50.238657,1000,726,GET,/jobs/001,200,150.59520001523197
23,2026-09-08T00:09:50.238657,1000,727,PUT,/jobs/001,200,150.25549998972565
23,2026-09-08T00:09:50.238657,1000,728,GET,/jobs/1000,404,77.03819999005646
23,2026-09-08T00:09:50.238657,1000,729,DELETE,/jobs/002,404,80.89390001259744
23,2026-09-08T00:09:50.238657,1000,730,GET,/jobs,200,72.20559997949749
23,2026-09-08T00:09:50.238657,1000,731,POST,/jobs,201,150.9121999843046
23,2026-09-08T00:09:50.238657,1000,732,GET,/jobs/1000,404,76.3316999655217
23,2026-09-08T00:09:50.238657,1000,733,GET,/jobs/001,200,150.45880002435297
23,2026-09-08T00:09:50.238657,1000,734,DELETE,/jobs/002,404,81.35250001214445
23,2026-09-08T00:09:50.238657,1000,735,DELETE,/jobs/002,404,72.94500002171844
23,2026-09-08T00:09:50.238657,1000,736,GET,/jobs/002,404,72.18909997027367
23,2026-09-08T00:09:50.238657,1000,737,GET,/jobs/1000,404,80.58259997051209
23,2026-09-08T00:09:50.238657,1000,738,GET,/jobs,200,90.0133999530226
23,2026-09-08T00:09:50.238657,1000,739,POST,/jobs,201,146.36869996320456
23,2026-09-08T00:09:50.238657,1000,740,GET,/jobs/001,200,151.74610004760325
23,2026-09-08T00:09:50.238657,1000,741,DELETE,/jobs/1000,404,92.79390005394816
23,2026-09-08T00:09:50.238657,1000,742,GET,/jobs/001,200,153.4211999969557
23,2026-09-08T00:09:50.238657,1000,743,GET,/jobs,200,90.56270006112754
23,2026-09-08T00:09:50.238657,1000,744,GET,/jobs/001,200,152.94559998437762
23,2026-09-08T00:09:50.238657,1000,745,POST,/jobs,201,149.84229998663068
23,2026-09-08T00:09:50.238657,1000,746,GET,/jobs/1000,404,96.12610004842281
23,2026-09-08T00:09:50.238657,1000,747,POST,/jobs,201,143.29419995192438
23,2026-09-08T00:09:50.238657,1000,748,GET,/jobs/002,404,103.49650005809963
23,2026-09-08T00:09:50.238657,1000,749,GET,/jobs,200,103.08510006871074
23,2026-09-08T00:09:50.238657,1000,750,GET,/jobs/1000,404,102.15209994930774
23,2026-09-08T00:09:50.238657,1000,751,PUT,/jobs/1000,404,154.23689992167056
23,2026-09-08T00:09:50.238657,1000,752,GET,/jobs,200,99.61420006584376
23,2026-09-08T00:09:50.238657,1000,753,GET,/jobs,200,91.00479993503541
23,2026-09-08T00:09:50.238657,1000,754,PUT,/jobs/002,404,145.23139991797507
23,2026-09-08T00:09:50.238657,1000,755,POST,/jobs,201,155.7680000551045
23,2026-09-08T00:09:50.238657,1000,756,DELETE,/jobs/002,404,107.68000001553446
23,2026-09-08T00:09:50.238657,1000,757,PUT,/jobs/1000,404,150.9814999299124
23,2026-09-08T00:09:50.238657,1000,758,GET,/jobs/1000,404,107.71089990157634
23,2026-09-08T00:09:50.238657,1000,759,GET,/jobs,200,104.97079999186099
23,2026-09-08T00:09:50.238657,1000,760,DELETE,/jobs/1000,404,107.91780008003116
23,2026-09-08T00:09:50.238657,1000,761,PUT,/jobs/1000,404,149.19439994264394
23,2026-09-08T00:09:50.238657,1000,762,GET,/jobs,200,105.48090003430843
23,2026-09-08T00:09:50.238657,1000,763,GET,/jobs,200,95.48770007677376
23,2026-09-08T00:09:50.238657,1000,764,PUT,/jobs/002,404,148.3744999859482
23,2026-09-08T00:09:50.238657,1000,765,PUT,/jobs/1000,404,163.0892000393942
23,2026-09-08T00:09:50.238657,1000,766,GET,/jobs,200,101.82950005400926
23,2026-09-08T00:09:50.238657,1000,767,PUT,/jobs/1000,404,154.37810006551445
23,2026-09-08T00:09:50.238657,1000,768,PUT,/jobs/001,200,152.93420001398772
23,2026-09-08T00:09:50.238657,1000,769,GET,/jobs,200,110.13110005296767
23,2026-09-08T00:09:50.238657,1000,770,POST,/jobs,201,164.36099994461983
23,2026-09-08T00:09:50.238657,1000,771,GET,/jobs/001,200,163.61960000358522
23,2026-09-08T00:09:50.238657,1000,772,GET,/jobs/002,404,112.73489997256547
23,2026-09-08T00:09:50.238657,1000,773,DELETE,/jobs/1000,404,111.89749999903142
23,2026-09-08T00:09:50.238657,1000,774,PUT,/jobs/1000,404,153.95880001597106
23,2026-09-08T00:09:50.238657,1000,775,DELETE,/jobs/1000,404,110.90470000635833
23,2026-09-08T00:09:50.238657,1000,776,PUT,/jobs/1000,404,164.05799996573478
23,2026-09-08T00:09:50.238657,1000,777,DELETE,/jobs/1000,404,113.31379995681345
23,2026-09-08T00:09:50.238657,1000,778,GET,/jobs,200,103.95530005916953
23,2026-09-08T00:09:50.238657,1000,779,GET,/jobs,200,114.85180002637208
23,2026-09-08T00:09:50.238657,1000,780,DELETE,/jobs/002,404,116.5107999695465
23,2026-09-08T00:09:50.238657,1000,781,PUT,/jobs/002,404,168.63490000832826
23,2026-09-08T00:09:50.238657,1000,782,GET,/jobs/002,404,115.98579993005842
23,2026-09-08T00:09:50.238657,1000,783,POST,/jobs,201,157.12759993039072
23,2026-09-08T00:09:50.238657,1000,784,PUT,/jobs/002,404,167.7812000270933
23,2026-09-08T00:09:50.238657,1000,785,PUT,/jobs/1000,404,157.09700004663318
23,2026-09-08T00:09:50.238657,1000,786,GET,/jobs,200,113.89569996390492
23,2026-09-08T00:09:50.238657,1000,787,POST,/jobs,201,167.41780005395412
23,2026-09-08T00:09:50.238657,1000,788,POST,/jobs,201,150.9694999549538
23,2026-09-08T00:09:50.238657,1000,789,POST,/jobs,201,150.76539991423488
23,2026-09-08T00:09:50.238657,1000,790,GET,/jobs/1000,404,109.47280004620552
23,2026-09-08T00:09:50.238657,1000,791,PUT,/jobs/001,200,151.6946000047028
23,2026-09-08T00:09:50.238657,1000,792,GET,/jobs,200,101.86359996441752
23,2026-09-08T00:09:50.238657,1000,793,GET,/jobs,200,97.92620001826435
23,2026-09-08T00:09:50.238657,1000,794,GET,/jobs,200,105.84120010025799
23,2026-09-08T00:09:50.238657,1000,795,PUT,/jobs/001,200,141.5809999452904
23,2026-09-08T00:09:50.238657,1000,796,POST,/jobs,201,141.91610005218536
23,2026-09-08T00:09:50.238657,1000,797,GET,/jobs/1000,404,106.22409998904914
23,2026-09-08T00:09:50.238657,1000,798,GET,/jobs,200,98.13319996464998
23,2026-09-08T00:09:50.238657,1000,799,DELETE,/jobs/1000,404,98.56349998153746
23,2026-09-08T00:09:50.238657,1000,800,GET,/jobs,200,97.99120004754514
23,2026-09-08T00:09:50.238657,1000,801,PUT,/jobs/002,404,145.52300004288554
23,2026-09-08T00:09:50.238657,1000,802,PUT,/jobs/1000,404,136.80750003550202
23,2026-09-08T00:09:50.238657,1000,803,GET,/jobs,200,94.03619996737689
23,2026-09-08T00:09:50.238657,1000,804,POST,/jobs,201,140.98420005757362
23,2026-09-08T00:09:50.238657,1000,805,POST,/jobs,201,145.8499999716878
23,2026-09-08T00:09:50.238657,1000,806,GET,/jobs,200,95.62739997636527
23,2026-09-08T00:09:50.238657,1000,807,DELETE,/jobs/002,404,96.84580005705357
23,2026-09-08T00:09:50.238657,1000,808,GET,/jobs/1000,404,96.4017000515014
23,2026-09-08T00:09:50.238657,1000,809,PUT,/jobs/001,200,142.45659997686744
23,2026-09-08T00:09:50.238657,1000,810,GET,/jobs,200,90.9167000791058
23,2026-09-08T00:09:50.238657,1000,811,POST,/jobs,201,139.59839998278767
23,2026-09-08T00:09:50.238657,1000,812,DELETE,/jobs/1000,404,95.93760001007468
23,2026-09-08T00:09:50.238657,1000,813,GET,/jobs,200,91.58120001666248
23,2026-09-08T00:09:50.238657,1000,814,POST,/jobs,201,130.33209997229278
23,2026-09-08T00:09:50.238657,1000,815,GET,/jobs/002,404,95.48670006915927
23,2026-09-08T00:09:50.238657,1000,816,DELETE,/jobs/002,404,95.26920004282147
23,2026-09-08T00:09:50.238657,1000,817,DELETE,/jobs/1000,404,95.90359998401254
23,2026-09-08T00:09:50.238657,1000,818,GET,/jobs,200,91.38959995470941
23,2026-09-08T00:09:50.238657,1000,819,GET,/jobs/002,404,95.58910003397614
23,2026-09-08T00:09:50.238657,1000,820,POST,/jobs,201,139.92129999678582
23,2026-09-08T00:09:50.238657,1000,821,POST,/jobs,201,138.3259000722319
23,2026-09-08T00:09:50.238657,1000,822,GET,/jobs/001,200,140.53299999795854
23,2026-09-08T00:09:50.238657,1000,823,DELETE,/jobs/1000,404,95.5479999538511
23,2026-09-08T00:09:50.238657,1000,824,GET,/jobs,200,84.86269996501505
23,2026-09-08T00:09:50.238657,1000,825,GET,/jobs/1000,404,83.64319999236614
23,2026-09-08T00:09:50.238657,1000,826,GET,/jobs,200,84.23989999573678
23,2026-09-08T00:09:50.238657,1000,827,GET,/jobs,200,81.83029992505908
23,2026-09-08T00:09:50.238657,1000,828,DELETE,/jobs/002,404,84.5668000401929
23,2026-09-08T00:09:50.238657,1000,829,PUT,/jobs/002,404,129.48340002913028
23,2026-09-08T00:09:50.238657,1000,830,PUT,/jobs/002,404,130.26369991712272
23,2026-09-08T00:09:50.238657,1000,831,GET,/jobs/002,404,86.7937000002712
23,2026-09-08T00:09:50.238657,1000,832,POST,/jobs,201,130.77879999764264
23,2026-09-08T00:09:50.238657,1000,833,POST,/jobs,201,130.7226000353694
23,2026-09-08T00:09:50.238657,1000,834,DELETE,/jobs/002,404,83.05010001640767
23,2026-09-08T00:09:50.238657,1000,835,GET,/jobs,200,88.17749994341284
23,2026-09-08T00:09:50.238657,1000,836,GET,/jobs/001,200,132.31090002227575
23,2026-09-08T00:09:50.238657,1000,837,DELETE,/jobs/002,404,90.03630001097918
23,2026-09-08T00:09:50.238657,1000,838,GET,/jobs,200,87.92409999296069
23,2026-09-08T00:09:50.238657,1000,839,POST,/jobs,201,126.3515999307856
23,2026-09-08T00:09:50.238657,1000,840,PUT,/jobs/002,404,125.09749992750585
23,2026-09-08T00:09:50.238657,1000,841,DELETE,/jobs/1000,404,89.85550003126264
23,2026-09-08T00:09:50.238657,1000,842,PUT,/jobs/002,404,122.84920003730804
23,2026-09-08T00:09:50.238657,1000,843,GET,/jobs/1000,404,85.46660002321005
23,2026-09-08T00:09:50.238657,1000,844,GET,/jobs,200,82.9820999642834
23,2026-09-08T00:09:50.238657,1000,845,POST,/jobs,201,123.6411000136286
23,2026-09-08T00:09:50.238657,1000,846,GET,/jobs,200,84.71319999080151
23,2026-09-08T00:09:50.238657,1000,847,POST,/jobs,201,123.04990005213767
23,2026-09-08T00:09:50.238657,1000,848,DELETE,/jobs/1000,404,85.23690002039075
23,2026-09-08T00:09:50.238657,1000,849,DELETE,/jobs/1000,404,86.10229997429997
23,2026-09-08T00:09:50.238657,1000,850,GET,/jobs,200,83.46640004310757
23,2026-09-08T00:09:50.238657,1000,851,GET,/jobs/002,404,85.71580005809665
23,2026-09-08T00:09:50.238657,1000,852,DELETE,/jobs/002,404,86.21460001450032
23,2026-09-08T00:09:50.238657,1000,853,GET,/jobs,200,84.03560006991029
23,2026-09-08T00:09:50.238657,1000,854,GET,/jobs/002,404,80.85389994084835
23,2026-09-08T00:09:50.238657,1000,855,GET,/jobs/001,200,117.78480000793934
23,2026-09-08T00:09:50.238657,1000,856,POST,/jobs,201,117.1202000696212
23,2026-09-08T00:09:50.238657,1000,857,POST,/jobs,201,124.52329997904599
23,2026-09-08T00:09:50.238657,1000,858,GET,/jobs,200,83.00039998721331
23,2026-09-08T00:09:50.238657,1000,859,PUT,/jobs/1000,404,114.9718000087887
23,2026-09-08T00:09:50.238657,1000,860,PUT,/jobs/001,200,114.43389998748899
23,2026-09-08T00:09:50.238657,1000,861,GET,/jobs/002,404,86.86719997785985
23,2026-09-08T00:09:50.238657,1000,862,DELETE,/jobs/002,404,80.33649995923042
23,2026-09-08T00:09:50.238657,1000,863,DELETE,/jobs/1000,404,84.01759993284941
23,2026-09-08T00:09:50.238657,1000,864,GET,/jobs,200,83.4703000728041
23,2026-09-08T00:09:50.238657,1000,865,PUT,/jobs/1000,404,113.14449994824827
23,2026-09-08T00:09:50.238657,1000,866,GET,/jobs,200,79.45389999076724
23,2026-09-08T00:09:50.238657,1000,867,PUT,/jobs/001,200,132.4211999308318
23,2026-09-08T00:09:50.238657,1000,868,PUT,/jobs/001,200,133.36009997874498
23,2026-09-08T00:09:50.238657,1000,869,POST,/jobs,201,132.51419994048774
23,2026-09-08T00:09:50.238657,1000,870,PUT,/jobs/1000,404,132.65440007671714
23,2026-09-08T00:09:50.238657,1000,871,PUT,/jobs/1000,404,132.30139994993806
23,2026-09-08T00:09:50.238657,1000,872,PUT,/jobs/002,404,133.08800000231713
23,2026-09-08T00:09:50.238657,1000,873,GET,/jobs,200,80.40930004790425
23,2026-09-08T00:09:50.238657,1000,874,PUT,/jobs/001,200,132.8374999575317
23,2026-09-08T00:09:50.238657,1000,875,POST,/jobs,201,132.8627000330016
23,2026-09-08T00:09:50.238657,1000,876,DELETE,/jobs/1000,404,75.5879000062123
23,2026-09-08T00:09:50.238657,1000,877,POST,/jobs,201,126.5377999516204
23,2026-09-08T00:09:50.238657,1000,878,PUT,/jobs/001,200,125.79750001896173
23,2026-09-08T00:09:50.238657,1000,879,GET,/jobs/002,404,77.45300000533462
23,2026-09-08T00:09:50.238657,1000,880,DELETE,/jobs/1000,404,76.65499998256564
23,2026-09-08T00:09:50.238657,1000,881,DELETE,/jobs/002,404,77.13500002864748
23,2026-09-08T00:09:50.238657,1000,882,PUT,/jobs/002,404,122.46620003134012
23,2026-09-08T00:09:50.238657,1000,883,POST,/jobs,201,121.68300000485033
23,2026-09-08T00:09:50.238657,1000,884,POST,/jobs,201,122.01479997020215
23,2026-09-08T00:09:50.238657,1000,885,GET,/jobs/001,200,112.5093000009656
23,2026-09-08T00:09:50.238657,1000,886,DELETE,/jobs/002,404,70.97759994212538
23,2026-09-08T00:09:50.238657,1000,887,DELETE,/jobs/002,404,78.20119999814779
23,2026-09-08T00:09:50.238657,1000,888,POST,/jobs,201,112.38229996524751
23,2026-09-08T00:09:50.238657,1000,889,GET,/jobs/001,200,121.43890000879765
23,2026-09-08T00:09:50.238657,1000,890,GET,/jobs,200,76.90050010569394
23,2026-09-08T00:09:50.238657,1000,891,GET,/jobs/002,404,78.30809999722987
23,2026-09-08T00:09:50.238657,1000,892,GET,/jobs/001,200,122.7739000460133
23,2026-09-08T00:09:50.238657,1000,893,DELETE,/jobs/002,404,78.91180005390197
23,2026-09-08T00:09:50.238657,1000,894,GET,/jobs,200,77.3106999695301
23,2026-09-08T00:09:50.238657,1000,895,GET,/jobs/1000,404,78.58159998431802
23,2026-09-08T00:09:50.238657,1000,896,PUT,/jobs/002,404,111.3087999401614
23,2026-09-08T00:09:50.238657,1000,897,DELETE,/jobs/1000,404,78.75050010625273
23,2026-09-08T00:09:50.238657,1000,898,DELETE,/jobs/1000,404,91.03070001583546
23,2026-09-08T00:09:50.238657,1000,899,POST,/jobs,201,128.05709999520332
23,2026-09-08T00:09:50.238657,1000,900,PUT,/jobs/001,200,119.35659998562187
23,2026-09-08T00:09:50.238657,1000,901,PUT,/jobs/002,404,127.67920002806932
23,2026-09-08T00:09:50.238657,1000,902,POST,/jobs,201,128.2076999777928
23,2026-09-08T00:09:50.238657,1000,903,POST,/jobs,201,127.00770003721118
23,2026-09-08T00:09:50.238657,1000,904,GET,/jobs,200,76.4620000263676
23,2026-09-08T00:09:50.238657,1000,905,POST,/jobs,201,112.87840001750737
23,2026-09-08T00:09:50.238657,1000,906,GET,/jobs,200,79.46000003721565
23,2026-09-08T00:09:50.238657,1000,907,POST,/jobs,201,128.93349991645664
23,2026-09-08T00:09:50.238657,1000,908,PUT,/jobs/001,200,129.3191999429837
23,2026-09-08T00:09:50.238657,1000,909,GET,/jobs,200,77.20219995826483
23,2026-09-08T00:09:50.238657,1000,910,POST,/jobs,201,127.82719999086112
23,2026-09-08T00:09:50.238657,1000,911,POST,/jobs,201,119.35339996125549
23,2026-09-08T00:09:50.238657,1000,912,GET,/jobs,200,79.31790000293404
23,2026-09-08T00:09:50.238657,1000,913,DELETE,/jobs/1000,404,88.94369995687157
23,2026-09-08T00:09:50.238657,1000,914,PUT,/jobs/1000,404,116.20640009641647
23,2026-09-08T00:09:50.238657,1000,915,DELETE,/jobs/002,404,81.24970004428178
23,2026-09-08T00:09:50.238657,1000,916,PUT,/jobs/1000,404,116.07410002034158
23,2026-09-08T00:09:50.238657,1000,917,GET,/jobs/002,404,82.36070000566542
23,2026-09-08T00:09:50.238657,1000,918,DELETE,/jobs/1000,404,82.74640003219247
23,2026-09-08T00:09:50.238657,1000,919,DELETE,/jobs/002,404,81.77389996126294
23,2026-09-08T00:09:50.238657,1000,920,GET,/jobs,200,73.71369993779808
23,2026-09-08T00:09:50.238657,1000,921,PUT,/jobs/001,200,109.73799997009337
23,2026-09-08T00:09:50.238657,1000,922,POST,/jobs,201,110.34839996136725
23,2026-09-08T00:09:50.238657,1000,923,GET,/jobs,200,70.29139995574951
23,2026-09-08T00:09:50.238657,1000,924,DELETE,/jobs/002,404,78.18039995618165
23,2026-09-08T00:09:50.238657,1000,925,GET,/jobs,200,70.86369988974184
23,2026-09-08T00:09:50.238657,1000,926,GET,/jobs/1000,404,78.26659991405904
23,2026-09-08T00:09:50.238657,1000,927,PUT,/jobs/002,404,114.46489999070764
23,2026-09-08T00:09:50.238657,1000,928,DELETE,/jobs/002,404,77.69540010485798
23,2026-09-08T00:09:50.238657,1000,929,POST,/jobs,201,111.09090002719313
23,2026-09-08T00:09:50.238657,1000,930,POST,/jobs,201,111.44479992799461
23,2026-09-08T00:09:50.238657,1000,931,PUT,/jobs/002,404,112.63079999480397
23,2026-09-08T00:09:50.238657,1000,932,DELETE,/jobs/002,404,91.37110004667193
23,2026-09-08T00:09:50.238657,1000,933,POST,/jobs,201,108.89320005662739
23,2026-09-08T00:09:50.238657,1000,934,POST,/jobs,201,111.35849996935576
23,2026-09-08T00:09:50.238657,1000,935,DELETE,/jobs/1000,404,90.7415000256151
23,2026-09-08T00:09:50.238657,1000,936,POST,/jobs,201,107.46900003869087
23,2026-09-08T00:09:50.238657,1000,937,DELETE,/jobs/002,404,90.93710000161082
23,2026-09-08T00:09:50.238657,1000,938,POST,/jobs,201,113.36199997458607
23,2026-09-08T00:09:50.238657,1000,939,DELETE,/jobs/002,404,90.95510002225637
23,2026-09-08T00:09:50.238657,1000,940,POST,/jobs,201,114.35990000609308
23,2026-09-08T00:09:50.238657,1000,941,PUT,/jobs/001,200,110.95750005915761
23,2026-09-08T00:09:50.238657,1000,942,DELETE,/jobs/002,404,91.58439992461354
23,2026-09-08T00:09:50.238657,1000,943,POST,/jobs,201,107.7792999567464
23,2026-09-08T00:09:50.238657,1000,944,PUT,/jobs/1000,404,112.72929992992431
23,2026-09-08T00:09:50.238657,1000,945,POST,/jobs,201,105.22080003283918
23,2026-09-08T00:09:50.238657,1000,946,GET,/jobs/1000,404,80.50369995180517
23,2026-09-08T00:09:50.238657,1000,947,DELETE,/jobs/002,404,79.30329989176244
23,2026-09-08T00:09:50.238657,1000,948,PUT,/jobs/1000,404,105.46310001518577
23,2026-09-08T00:09:50.238657,1000,949,POST,/jobs,201,105.80190003383905
23,2026-09-08T00:09:50.238657,1000,950,POST,/jobs,201,105.64740002155304
23,2026-09-08T00:09:50.238657,1000,951,GET,/jobs/001,200,101.62089997902513
23,2026-09-08T00:09:50.238657,1000,952,POST,/jobs,201,94.9720999924466
23,2026-09-08T00:09:50.238657,1000,953,PUT,/jobs/001,200,95.1276000123471
23,2026-09-08T00:09:50.238657,1000,954,GET,/jobs/001,200,101.70360002666712
23,2026-09-08T00:09:50.238657,1000,955,GET,/jobs/001,200,101.41060000751168
23,2026-09-08T00:09:50.238657,1000,956,POST,/jobs,201,96.50589991360903
23,2026-09-08T00:09:50.238657,1000,957,GET,/jobs,200,75.83909993991256
23,2026-09-08T00:09:50.238657,1000,958,DELETE,/jobs/002,404,73.43270001001656
23,2026-09-08T00:09:50.238657,1000,959,POST,/jobs,201,95.48419993370771
23,2026-09-08T00:09:50.238657,1000,960,DELETE,/jobs/002,404,70.97919995430857
23,2026-09-08T00:09:50.238657,1000,961,DELETE,/jobs/1000,404,72.51820003148168
23,2026-09-08T00:09:50.238657,1000,962,GET,/jobs/001,200,95.41070007253438
23,2026-09-08T00:09:50.238657,1000,963,GET,/jobs/1000,404,72.19639990944415
23,2026-09-08T00:09:50.238657,1000,964,DELETE,/jobs/002,404,71.83150004129857
23,2026-09-08T00:09:50.238657,1000,965,PUT,/jobs/001,200,90.03550000488758
23,2026-09-08T00:09:50.238657,1000,966,PUT,/jobs/002,404,88.0200999090448
23,2026-09-08T00:09:50.238657,1000,967,GET,/jobs/002,404,71.61440001800656
23,2026-09-08T00:09:50.238657,1000,968,DELETE,/jobs/1000,404,71.30149996373802
23,2026-09-08T00:09:50.238657,1000,969,PUT,/jobs/001,200,82.72399997804314
23,2026-09-08T00:09:50.238657,1000,970,DELETE,/jobs/002,404,62.83180008176714
23,2026-09-08T00:09:50.238657,1000,971,POST,/jobs,201,82.38680008798838
23,2026-09-08T00:09:50.238657,1000,972,PUT,/jobs/001,200,77.63360009994358
23,2026-09-08T00:09:50.238657,1000,973,POST,/jobs,201,77.60880002751946
23,2026-09-08T00:09:50.238657,1000,974,DELETE,/jobs/1000,404,59.88980003166944
23,2026-09-08T00:09:50.238657,1000,975,PUT,/jobs/002,404,77.24379992578179
23,2026-09-08T00:09:50.238657,1000,976,PUT,/jobs/1000,404,77.32560008298606
23,2026-09-08T00:09:50.238657,1000,977,DELETE,/jobs/1000,404,58.98730002809316
23,2026-09-08T00:09:50.238657,1000,978,GET,/jobs/001,200,78.6815999308601
23,2026-09-08T00:09:50.238657,1000,979,DELETE,/jobs/002,404,59.34569996315986
23,2026-09-08T00:09:50.238657,1000,980,POST,/jobs,201,67.70879996474832
23,2026-09-08T00:09:50.238657,1000,981,PUT,/jobs/002,404,67.34309997409582
23,2026-09-08T00:09:50.238657,1000,982,DELETE,/jobs/002,404,55.89519999921322
23,2026-09-08T00:09:50.238657,1000,983,DELETE,/jobs/002,404,52.93919995892793
23,2026-09-08T00:09:50.238657,1000,984,POST,/jobs,201,61.64249998982996
23,2026-09-08T00:09:50.238657,1000,985,GET,/jobs/002,404,51.067100022919476
23,2026-09-08T00:09:50.238657,1000,986,PUT,/jobs/1000,404,61.82579998858273
23,2026-09-08T00:09:50.238657,1000,987,GET,/jobs/002,404,54.77449996396899
23,2026-09-08T00:09:50.238657,1000,988,GET,/jobs,200,54.33740001171827
23,2026-09-08T00:09:50.238657,1000,989,GET,/jobs/002,404,48.35469997487962
23,2026-09-08T00:09:50.238657,1000,990,POST,/jobs,201,59.20760007575154
23,2026-09-08T00:09:50.238657,1000,991,PUT,/jobs/001,200,59.12569991778582
23,2026-09-08T00:09:50.238657,1000,992,PUT,/jobs/1000,404,62.717200024053454
23,2026-09-08T00:09:50.238657,1000,993,POST,/jobs,201,62.954199966043234
23,2026-09-08T00:09:50.238657,1000,994,PUT,/jobs/001,200,61.92930007819086
23,2026-09-08T00:09:50.238657,1000,995,POST,/jobs,201,61.985100037418306
23,2026-09-08T00:09:50.238657,1000,996,GET,/jobs,200,54.4541000854224
23,2026-09-08T00:09:50.238657,1000,997,POST,/jobs,201,62.811800045892596
23,2026-09-08T00:09:50.238657,1000,998,POST,/jobs,201,47.923200065270066
23,2026-09-08T00:09:50.238657,1000,999,GET,/jobs/001,200,48.108299961313605
23,2026-09-08T00:09:50.238657,1000,1000,GET,/jobs,200,40.19190010149032
24,2026-09-08T00:09:51.903537,1000,1,GET,/jobs,200,44.12810003850609
24,2026-09-08T00:09:51.903537,1000,2,GET,/jobs,200,44.438600074499846
24,2026-09-08T00:09:51.903537,1000,3,POST,/jobs,201,182.52309993840754
24,2026-09-08T00:09:51.903537,1000,4,GET,/jobs/001,200,62.33460002113134
24,2026-09-08T00:09:51.903537,1000,5,GET,/jobs,200,48.31059998832643
24,2026-09-08T00:09:51.903537,1000,6,DELETE,/jobs/002,404,60.712300008162856
24,2026-09-08T00:09:51.903537,1000,7,DELETE,/jobs/1000,404,56.903099990449846
24,2026-09-08T00:09:51.903537,1000,8,GET,/jobs,200,53.8853999460116
24,2026-09-08T00:09:51.903537,1000,9,GET,/jobs,200,49.20789995230734
24,2026-09-08T00:09:51.903537,1000,10,GET,/jobs,200,50.14790000859648
24,2026-09-08T00:09:51.903537,1000,11,GET,/jobs/001,200,131.0083999997005
24,2026-09-08T00:09:51.903537,1000,12,DELETE,/jobs/002,200,55.16770004760474
24,2026-09-08T00:09:51.903537,1000,13,DELETE,/jobs/002,404,76.74789999146014
24,2026-09-08T00:09:51.903537,1000,14,DELETE,/jobs/1000,404,66.21139997150749
24,2026-09-08T00:09:51.903537,1000,15,GET,/jobs/002,404,62.87240004166961
24,2026-09-08T00:09:51.903537,1000,16,DELETE,/jobs/1000,404,59.17250004131347
24,2026-09-08T00:09:51.903537,1000,17,GET,/jobs,200,52.339799934998155
24,2026-09-08T00:09:51.903537,1000,18,GET,/jobs/1000,404,69.35939996037632
24,2026-09-08T00:09:51.903537,1000,19,PUT,/jobs/002,404,177.75979998987168
24,2026-09-08T00:09:51.903537,1000,20,POST,/jobs,201,174.91850000806153
24,2026-09-08T00:09:51.903537,1000,21,GET,/jobs/002,404,97.84550010226667
24,2026-09-08T00:09:51.903537,1000,22,GET,/jobs,200,65.69930003024638
24,2026-09-08T00:09:51.903537,1000,23,GET,/jobs,200,61.5817999932915
24,2026-09-08T00:09:51.903537,1000,24,PUT,/jobs/001,200,176.0501000098884
24,2026-09-08T00:09:51.903537,1000,25,POST,/jobs,201,175.27100001461804
24,2026-09-08T00:09:51.903537,1000,26,POST,/jobs,201,176.67560011614114
24,2026-09-08T00:09:51.903537,1000,27,POST,/jobs,201,175.97300000488758
24,2026-09-08T00:09:51.903537,1000,28,GET,/jobs,200,74.35760006774217
24,2026-09-08T00:09:51.903537,1000,29,PUT,/jobs/1000,404,174.49589993339032
24,2026-09-08T00:09:51.903537,1000,30,GET,/jobs,200,70.37610001862049
24,2026-09-08T00:09:51.903537,1000,31,PUT,/jobs/001,200,179.38859993591905
24,2026-09-08T00:09:51.903537,1000,32,DELETE,/jobs/1000,404,102.54160000476986
24,2026-09-08T00:09:51.903537,1000,33,DELETE,/jobs/1000,404,104.058500030078
24,2026-09-08T00:09:51.903537,1000,34,DELETE,/jobs/002,404,99.09489995334297
24,2026-09-08T00:09:51.903537,1000,35,GET,/jobs,200,59.59900002926588
24,2026-09-08T00:09:51.903537,1000,36,GET,/jobs,200,67.47320003341883
24,2026-09-08T00:09:51.903537,1000,37,GET,/jobs/002,404,102.86490002181381
24,2026-09-08T00:09:51.903537,1000,38,GET,/jobs,200,68.74699995387346
24,2026-09-08T00:09:51.903537,1000,39,GET,/jobs/001,200,199.94119997136295
24,2026-09-08T00:09:51.903537,1000,40,PUT,/jobs/002,404,171.69909994117916
24,2026-09-08T00:09:51.903537,1000,41,PUT,/jobs/1000,404,182.6353999786079
24,2026-09-08T00:09:51.903537,1000,42,POST,/jobs,201,185.9245999949053
24,2026-09-08T00:09:51.903537,1000,43,POST,/jobs,201,171.1920000379905
24,2026-09-08T00:09:51.903537,1000,44,GET,/jobs/1000,404,144.86120000947267
24,2026-09-08T00:09:51.903537,1000,45,POST,/jobs,201,177.77259997092187
24,2026-09-08T00:09:51.903537,1000,46,GET,/jobs,200,104.5831999508664
24,2026-09-08T00:09:51.903537,1000,47,DELETE,/jobs/002,404,138.38920008856803
24,2026-09-08T00:09:51.903537,1000,48,DELETE,/jobs/002,404,119.20949991326779
24,2026-09-08T00:09:51.903537,1000,49,GET,/jobs/002,404,130.41740003973246
24,2026-09-08T00:09:51.903537,1000,50,PUT,/jobs/002,404,182.85219999961555
24,2026-09-08T00:09:51.903537,1000,51,DELETE,/jobs/002,404,130.18730003386736
24,2026-09-08T00:09:51.903537,1000,52,POST,/jobs,201,171.49259999860078
24,2026-09-08T00:09:51.903537,1000,53,GET,/jobs,200,78.1142000341788
24,2026-09-08T00:09:51.903537,1000,54,GET,/jobs/001,200,188.00810002721846
24,2026-09-08T00:09:51.903537,1000,55,POST,/jobs,201,182.96180001925677
24,2026-09-08T00:09:51.903537,1000,56,POST,/jobs,201,182.39380000159144
24,2026-09-08T00:09:51.903537,1000,57,GET,/jobs/1000,404,96.97549999691546
24,2026-09-08T00:09:51.903537,1000,58,POST,/jobs,201,178.69109997991472
24,2026-09-08T00:09:51.903537,1000,59,PUT,/jobs/002,404,184.71800000406802
24,2026-09-08T00:09:51.903537,1000,60,PUT,/jobs/001,200,174.3931999662891
24,2026-09-08T00:09:51.903537,1000,61,POST,/jobs,201,173.0241000186652
24,2026-09-08T00:09:51.903537,1000,62,GET,/jobs/1000,404,131.81839999742806
24,2026-09-08T00:09:51.903537,1000,63,DELETE,/jobs/1000,404,145.46779997181147
24,2026-09-08T00:09:51.903537,1000,64,DELETE,/jobs/1000,404,123.6963999690488
24,2026-09-08T00:09:51.903537,1000,65,DELETE,/jobs/1000,404,133.87230003718287
24,2026-09-08T00:09:51.903537,1000,66,POST,/jobs,201,185.7118000043556
24,2026-09-08T00:09:51.903537,1000,67,GET,/jobs/1000,404,141.2882999284193
24,2026-09-08T00:09:51.903537,1000,68,PUT,/jobs/001,200,179.62750000879169
24,2026-09-08T00:09:51.903537,1000,69,GET,/jobs,200,138.84549995418638
24,2026-09-08T00:09:51.903537,1000,70,GET,/jobs,200,79.80000006500632
24,2026-09-08T00:09:51.903537,1000,71,GET,/jobs/1000,404,104.32819998823106
24,2026-09-08T00:09:51.903537,1000,72,GET,/jobs/1000,404,144.37250001356006
24,2026-09-08T00:09:51.903537,1000,73,PUT,/jobs/1000,404,184.32230001781136
24,2026-09-08T00:09:51.903537,1000,74,GET,/jobs,200,90.60710004996508
24,2026-09-08T00:09:51.903537,1000,75,PUT,/jobs/002,404,172.2468000371009
24,2026-09-08T00:09:51.903537,1000,76,DELETE,/jobs/1000,404,109.14960002992302
24,2026-09-08T00:09:51.903537,1000,77,DELETE,/jobs/1000,404,107.29879990685731
24,2026-09-08T00:09:51.903537,1000,78,DELETE,/jobs/002,404,141.59630006179214
24,2026-09-08T00:09:51.903537,1000,79,GET,/jobs,200,78.82759999483824
24,2026-09-08T00:09:51.903537,1000,80,DELETE,/jobs/1000,404,131.28910004161298
24,2026-09-08T00:09:51.903537,1000,81,POST,/jobs,201,184.52390003949404
24,2026-09-08T00:09:51.903537,1000,82,POST,/jobs,201,177.2607999155298
24,2026-09-08T00:09:51.903537,1000,83,GET,/jobs/002,404,112.01830010395497
24,2026-09-08T00:09:51.903537,1000,84,GET,/jobs,200,77.79780006967485
24,2026-09-08T00:09:51.903537,1000,85,POST,/jobs,201,173.5046999529004
24,2026-09-08T00:09:51.903537,1000,86,GET,/jobs/1000,404,108.2189999287948
24,2026-09-08T00:09:51.903537,1000,87,GET,/jobs,200,79.10360000096262
24,2026-09-08T00:09:51.903537,1000,88,POST,/jobs,201,172.79390001203865
24,2026-09-08T00:09:51.903537,1000,89,DELETE,/jobs/002,404,138.06340005248785
24,2026-09-08T00:09:51.903537,1000,90,GET,/jobs/002,404,122.8048000484705
24,2026-09-08T00:09:51.903537,1000,91,GET,/jobs/1000,404,102.16200002469122
24,2026-09-08T00:09:51.903537,1000,92,DELETE,/jobs/002,404,156.07949998229742
24,2026-09-08T00:09:51.903537,1000,93,DELETE,/jobs/1000,404,132.58900004439056
24,2026-09-08T00:09:51.903537,1000,94,PUT,/jobs/001,200,170.71890004444867
24,2026-09-08T00:09:51.903537,1000,95,GET,/jobs,200,102.73990000132471
24,2026-09-08T00:09:51.903537,1000,96,POST,/jobs,201,177.74389998521656
24,2026-09-08T00:09:51.903537,1000,97,POST,/jobs,201,187.26160004734993
24,2026-09-08T00:09:51.903537,1000,98,GET,/jobs,200,108.03220001980662
24,2026-09-08T00:09:51.903537,1000,99,GET,/jobs/1000,404,113.33159997593611
24,2026-09-08T00:09:51.903537,1000,100,GET,/jobs,200,131.0704000061378
24,2026-09-08T00:09:51.903537,1000,101,GET,/jobs,200,144.12569999694824
24,2026-09-08T00:09:51.903537,1000,102,PUT,/jobs/001,200,158.93170004710555
24,2026-09-08T00:09:51.903537,1000,103,DELETE,/jobs/002,404,152.63469994533807
24,2026-09-08T00:09:51.903537,1000,104,GET,/jobs/1000,404,148.4675999963656
24,2026-09-08T00:09:51.903537,1000,105,PUT,/jobs/1000,404,156.6294999793172
24,2026-09-08T00:09:51.903537,1000,106,GET,/jobs/002,404,140.6491999514401
24,2026-09-08T00:09:51.903537,1000,107,DELETE,/jobs/1000,404,140.84369991905987
24,2026-09-08T00:09:51.903537,1000,108,GET,/jobs/1000,404,139.13719996344298
24,2026-09-08T00:09:51.903537,1000,109,GET,/jobs/1000,404,138.3038000203669
24,2026-09-08T00:09:51.903537,1000,110,POST,/jobs,201,140.6809000764042
24,2026-09-08T00:09:51.903537,1000,111,POST,/jobs,201,140.6070999801159
24,2026-09-08T00:09:51.903537,1000,112,DELETE,/jobs/1000,404,132.57170002907515
24,2026-09-08T00:09:51.903537,1000,113,GET,/jobs,200,118.76480001956224
24,2026-09-08T00:09:51.903537,1000,114,GET,/jobs/001,200,164.94620009325445
24,2026-09-08T00:09:51.903537,1000,115,GET,/jobs,200,118.18280001170933
24,2026-09-08T00:09:51.903537,1000,116,POST,/jobs,201,129.1565999854356
24,2026-09-08T00:09:51.903537,1000,117,DELETE,/jobs/002,404,119.69670001417398
24,2026-09-08T00:09:51.903537,1000,118,DELETE,/jobs/002,404,120.11889996938407
24,2026-09-08T00:09:51.903537,1000,119,GET,/jobs,200,113.44280000776052
24,2026-09-08T00:09:51.903537,1000,120,GET,/jobs,200,113.88780002016574
24,2026-09-08T00:09:51.903537,1000,121,GET,/jobs,200,113.44270000699908
24,2026-09-08T00:09:51.903537,1000,122,GET,/jobs/001,200,151.61669999361038
24,2026-09-08T00:09:51.903537,1000,123,GET,/jobs,200,106.75399994943291
24,2026-09-08T00:09:51.903537,1000,124,POST,/jobs,201,108.28619997482747
24,2026-09-08T00:09:51.903537,1000,125,DELETE,/jobs/002,404,100.63420003280044
24,2026-09-08T00:09:51.903537,1000,126,POST,/jobs,201,108.47879992797971
24,2026-09-08T00:09:51.903537,1000,127,PUT,/jobs/001,200,108.33720001392066
24,2026-09-08T00:09:51.903537,1000,128,DELETE,/jobs/002,404,100.61009996570647
24,2026-09-08T00:09:51.903537,1000,129,DELETE,/jobs/1000,404,87.5025000423193
24,2026-09-08T00:09:51.903537,1000,130,GET,/jobs/002,404,87.24330004770309
24,2026-09-08T00:09:51.903537,1000,131,PUT,/jobs/001,200,91.66199993342161
24,2026-09-08T00:09:51.903537,1000,132,GET,/jobs,200,75.04140003584325
24,2026-09-08T00:09:51.903537,1000,133,GET,/jobs,200,75.00370009802282
24,2026-09-08T00:09:51.903537,1000,134,PUT,/jobs/002,404,91.46879997570068
24,2026-09-08T00:09:51.903537,1000,135,PUT,/jobs/002,404,93.2040000334382
24,2026-09-08T00:09:51.903537,1000,136,PUT,/jobs/1000,404,93.43100001569837
24,2026-09-08T00:09:51.903537,1000,137,GET,/jobs,200,73.73179995920509
24,2026-09-08T00:09:51.903537,1000,138,GET,/jobs,200,66.9734999537468
24,2026-09-08T00:09:51.903537,1000,139,GET,/jobs,200,72.84789998084307
24,2026-09-08T00:09:51.903537,1000,140,PUT,/jobs/1000,404,94.31099996436387
24,2026-09-08T00:09:51.903537,1000,141,POST,/jobs,201,95.57760006282479
24,2026-09-08T00:09:51.903537,1000,142,GET,/jobs,200,66.14469992928207
24,2026-09-08T00:09:51.903537,1000,143,GET,/jobs/001,200,108.13029995188117
24,2026-09-08T00:09:51.903537,1000,144,GET,/jobs/1000,404,66.46620004903525
24,2026-09-08T00:09:51.903537,1000,145,PUT,/jobs/001,200,94.45239999331534
24,2026-09-08T00:09:51.903537,1000,146,PUT,/jobs/001,200,102.32679999899119
24,2026-09-08T00:09:51.903537,1000,147,POST,/jobs,201,98.88509998563677
24,2026-09-08T00:09:51.903537,1000,148,GET,/jobs/001,200,96.35209990665317
24,2026-09-08T00:09:51.903537,1000,149,PUT,/jobs/1000,404,92.42809994611889
24,2026-09-08T00:09:51.903537,1000,150,GET,/jobs,200,57.171399937942624
24,2026-09-08T00:09:51.903537,1000,151,GET,/jobs,200,58.11559990979731
24,2026-09-08T00:09:51.903537,1000,152,DELETE,/jobs/002,404,63.96000005770475
24,2026-09-08T00:09:51.903537,1000,153,GET,/jobs,200,63.4885000763461
24,2026-09-08T00:09:51.903537,1000,154,GET,/jobs/001,200,92.53749996423721
24,2026-09-08T00:09:51.903537,1000,155,PUT,/jobs/002,404,92.14000008068979
24,2026-09-08T00:09:51.903537,1000,156,PUT,/jobs/001,200,92.81119995284826
24,2026-09-08T00:09:51.903537,1000,157,PUT,/jobs/001,200,98.11119991354644
24,2026-09-08T00:09:51.903537,1000,158,GET,/jobs/002,404,56.99019995518029
24,2026-09-08T00:09:51.903537,1000,159,GET,/jobs,200,57.28469998575747
24,2026-09-08T00:09:51.903537,1000,160,PUT,/jobs/002,404,98.73240010347217
24,2026-09-08T00:09:51.903537,1000,161,PUT,/jobs/002,404,98.97440008353442
24,2026-09-08T00:09:51.903537,1000,162,PUT,/jobs/1000,404,94.29769997950643
24,2026-09-08T00:09:51.903537,1000,163,DELETE,/jobs/1000,404,67.00999999884516
24,2026-09-08T00:09:51.903537,1000,164,GET,/jobs/001,200,101.88690002541989
24,2026-09-08T00:09:51.903537,1000,165,POST,/jobs,201,95.51520005334169
24,2026-09-08T00:09:51.903537,1000,166,GET,/jobs,200,66.0296999849379
24,2026-09-08T00:09:51.903537,1000,167,DELETE,/jobs/002,404,66.33370008785278
24,2026-09-08T00:09:51.903537,1000,168,POST,/jobs,201,97.13819995522499
24,2026-09-08T00:09:51.903537,1000,169,GET,/jobs,200,61.61079998128116
24,2026-09-08T00:09:51.903537,1000,170,DELETE,/jobs/1000,404,66.89070002175868
24,2026-09-08T00:09:51.903537,1000,171,DELETE,/jobs/002,404,67.36990006174892
24,2026-09-08T00:09:51.903537,1000,172,GET,/jobs,200,62.195700011216104
24,2026-09-08T00:09:51.903537,1000,173,DELETE,/jobs/002,404,67.16790003702044
24,2026-09-08T00:09:51.903537,1000,174,GET,/jobs/001,200,111.80630000308156
24,2026-09-08T00:09:51.903537,1000,175,DELETE,/jobs/002,404,64.36859990935773
24,2026-09-08T00:09:51.903537,1000,176,GET,/jobs/002,404,63.85700008831918
24,2026-09-08T00:09:51.903537,1000,177,GET,/jobs,200,61.81829993147403
24,2026-09-08T00:09:51.903537,1000,178,DELETE,/jobs/002,404,64.83079993631691
24,2026-09-08T00:09:51.903537,1000,179,DELETE,/jobs/002,404,68.37920006364584
24,2026-09-08T00:09:51.903537,1000,180,DELETE,/jobs/002,404,63.33540007472038
24,2026-09-08T00:09:51.903537,1000,181,PUT,/jobs/1000,404,97.78650000225753
24,2026-09-08T00:09:51.903537,1000,182,DELETE,/jobs/1000,404,64.14219993166625
24,2026-09-08T00:09:51.903537,1000,183,POST,/jobs,201,97.92249999009073
24,2026-09-08T00:09:51.903537,1000,184,POST,/jobs,201,103.4781999187544
24,2026-09-08T00:09:51.903537,1000,185,POST,/jobs,201,109.79240003507584
24,2026-09-08T00:09:51.903537,1000,186,GET,/jobs/1000,404,64.93650004267693
24,2026-09-08T00:09:51.903537,1000,187,POST,/jobs,201,110.8692999696359
24,2026-09-08T00:09:51.903537,1000,188,POST,/jobs,201,110.10839999653399
24,2026-09-08T00:09:51.903537,1000,189,GET,/jobs,200,57.59580002631992
24,2026-09-08T00:09:51.903537,1000,190,GET,/jobs,200,58.83110000286251
24,2026-09-08T00:09:51.903537,1000,191,PUT,/jobs/1000,404,104.7281000064686
24,2026-09-08T00:09:51.903537,1000,192,DELETE,/jobs/002,404,67.95180006884038
24,2026-09-08T00:09:51.903537,1000,193,GET,/jobs,200,60.358299990184605
24,2026-09-08T00:09:51.903537,1000,194,DELETE,/jobs/002,404,64.24360000528395
24,2026-09-08T00:09:51.903537,1000,195,DELETE,/jobs/1000,404,67.1861000591889
24,2026-09-08T00:09:51.903537,1000,196,GET,/jobs/002,404,63.92240000423044
24,2026-09-08T00:09:51.903537,1000,197,GET,/jobs,200,61.631300020962954
24,2026-09-08T00:09:51.903537,1000,198,GET,/jobs/002,404,65.65010000485927
24,2026-09-08T00:09:51.903537,1000,199,POST,/jobs,201,103.00040000583977
24,2026-09-08T00:09:51.903537,1000,200,PUT,/jobs/1000,404,109.22340000979602
24,2026-09-08T00:09:51.903537,1000,201,POST,/jobs,201,107.61449998244643
24,2026-09-08T00:09:51.903537,1000,202,DELETE,/jobs/002,404,69.96410002466291
24,2026-09-08T00:09:51.903537,1000,203,DELETE,/jobs/1000,404,70.33739995677024
24,2026-09-08T00:09:51.903537,1000,204,GET,/jobs,200,69.41840006038547
24,2026-09-08T00:09:51.903537,1000,205,GET,/jobs/002,404,71.5848000254482
24,2026-09-08T00:09:51.903537,1000,206,GET,/jobs,200,60.88669993914664
24,2026-09-08T00:09:51.903537,1000,207,GET,/jobs,200,61.62310007493943
24,2026-09-08T00:09:51.903537,1000,208,DELETE,/jobs/002,404,68.66450002416968
24,2026-09-08T00:09:51.903537,1000,209,POST,/jobs,201,118.77239996101707
24,2026-09-08T00:09:51.903537,1000,210,DELETE,/jobs/002,404,71.37890008743852
24,2026-09-08T00:09:51.903537,1000,211,POST,/jobs,201,106.07430001255125
24,2026-09-08T00:09:51.903537,1000,212,POST,/jobs,201,111.33889993652701
24,2026-09-08T00:09:51.903537,1000,213,PUT,/jobs/002,404,124.89089998416603
24,2026-09-08T00:09:51.903537,1000,214,GET,/jobs,200,72.57590000517666
24,2026-09-08T00:09:51.903537,1000,215,GET,/jobs,200,65.9987999824807
24,2026-09-08T00:09:51.903537,1000,216,PUT,/jobs/002,404,122.49130010604858
24,2026-09-08T00:09:51.903537,1000,217,GET,/jobs,200,74.48220008518547
24,2026-09-08T00:09:51.903537,1000,218,GET,/jobs,200,72.87819997873157
24,2026-09-08T00:09:51.903537,1000,219,POST,/jobs,201,120.16779999248683
24,2026-09-08T00:09:51.903537,1000,220,GET,/jobs/1000,404,77.07989995833486
24,2026-09-08T00:09:51.903537,1000,221,POST,/jobs,201,110.33940000925213
24,2026-09-08T00:09:51.903537,1000,222,PUT,/jobs/1000,404,111.90770007669926
24,2026-09-08T00:09:51.903537,1000,223,PUT,/jobs/1000,404,121.41290004365146
24,2026-09-08T00:09:51.903537,1000,224,GET,/jobs,200,76.76540000829846
24,2026-09-08T00:09:51.903537,1000,225,GET,/jobs,200,65.5954999383539
24,2026-09-08T00:09:51.903537,1000,226,GET,/jobs,200,72.06400006543845
24,2026-09-08T00:09:51.903537,1000,227,GET,/jobs/1000,404,73.89990007504821
24,2026-09-08T00:09:51.903537,1000,228,GET,/jobs,200,71.6356000630185
24,2026-09-08T00:09:51.903537,1000,229,POST,/jobs,201,114.60169998463243
24,2026-09-08T00:09:51.903537,1000,230,DELETE,/jobs/002,404,72.7914999006316
24,2026-09-08T00:09:51.903537,1000,231,PUT,/jobs/001,200,114.1473000170663
24,2026-09-08T00:09:51.903537,1000,232,GET,/jobs,200,66.26190000679344
24,2026-09-08T00:09:51.903537,1000,233,POST,/jobs,201,114.97059999965131
24,2026-09-08T00:09:51.903537,1000,234,GET,/jobs,200,71.2737999856472
24,2026-09-08T00:09:51.903537,1000,235,POST,/jobs,201,122.15609999839216
24,2026-09-08T00:09:51.903537,1000,236,GET,/jobs/1000,404,68.8792000291869
24,2026-09-08T00:09:51.903537,1000,237,GET,/jobs,200,69.90689993835986
24,2026-09-08T00:09:51.903537,1000,238,POST,/jobs,201,123.0038000503555
24,2026-09-08T00:09:51.903537,1000,239,DELETE,/jobs/1000,404,70.45890006702393
24,2026-09-08T00:09:51.903537,1000,240,DELETE,/jobs/002,404,83.97749997675419
24,2026-09-08T00:09:51.903537,1000,241,GET,/jobs/001,200,133.50899994838983
24,2026-09-08T00:09:51.903537,1000,242,GET,/jobs/002,404,83.80910009145737
24,2026-09-08T00:09:51.903537,1000,243,GET,/jobs,200,74.54750000033528
24,2026-09-08T00:09:51.903537,1000,244,GET,/jobs/1000,404,83.5679000010714
24,2026-09-08T00:09:51.903537,1000,245,POST,/jobs,201,123.84950008708984
24,2026-09-08T00:09:51.903537,1000,246,PUT,/jobs/1000,404,125.66360004711896
24,2026-09-08T00:09:51.903537,1000,247,GET,/jobs/002,404,89.25249997992069
24,2026-09-08T00:09:51.903537,1000,248,GET,/jobs/1000,404,89.09410005435348
24,2026-09-08T00:09:51.903537,1000,249,GET,/jobs,200,86.05229994282126
24,2026-09-08T00:09:51.903537,1000,250,PUT,/jobs/001,200,126.19470001664013
24,2026-09-08T00:09:51.903537,1000,251,PUT,/jobs/001,200,124.49089996516705
24,2026-09-08T00:09:51.903537,1000,252,GET,/jobs/002,404,82.55810011178255
24,2026-09-08T00:09:51.903537,1000,253,POST,/jobs,201,125.63120003324002
24,2026-09-08T00:09:51.903537,1000,254,GET,/jobs/001,200,135.02439996227622
24,2026-09-08T00:09:51.903537,1000,255,GET,/jobs,200,84.461500053294
24,2026-09-08T00:09:51.903537,1000,256,GET,/jobs/002,404,88.0853000562638
24,2026-09-08T00:09:51.903537,1000,257,POST,/jobs,201,129.24799998290837
24,2026-09-08T00:09:51.903537,1000,258,GET,/jobs,200,89.38430005218834
24,2026-09-08T00:09:51.903537,1000,259,POST,/jobs,201,128.6463999422267
24,2026-09-08T00:09:51.903537,1000,260,DELETE,/jobs/1000,404,95.08660004939884
24,2026-09-08T00:09:51.903537,1000,261,DELETE,/jobs/1000,404,95.51230003125966
24,2026-09-08T00:09:51.903537,1000,262,GET,/jobs,200,94.38120003324002
24,2026-09-08T00:09:51.903537,1000,263,GET,/jobs,200,88.25559995602816
24,2026-09-08T00:09:51.903537,1000,264,POST,/jobs,201,128.38949996512383
24,2026-09-08T00:09:51.903537,1000,265,DELETE,/jobs/1000,404,95.0704999268055
24,2026-09-08T00:09:51.903537,1000,266,GET,/jobs,200,94.08609999809414
24,2026-09-08T00:09:51.903537,1000,267,GET,/jobs,200,83.4821000462398
24,2026-09-08T00:09:51.903537,1000,268,DELETE,/jobs/1000,404,84.27969994954765
24,2026-09-08T00:09:51.903537,1000,269,POST,/jobs,201,123.63739998545498
24,2026-09-08T00:09:51.903537,1000,270,POST,/jobs,201,123.86379996314645
24,2026-09-08T00:09:51.903537,1000,271,DELETE,/jobs/002,404,82.85030000843108
24,2026-09-08T00:09:51.903537,1000,272,PUT,/jobs/1000,404,123.8472000695765
24,2026-09-08T00:09:51.903537,1000,273,GET,/jobs/002,404,82.92650000657886
24,2026-09-08T00:09:51.903537,1000,274,GET,/jobs,200,83.37739994749427
24,2026-09-08T00:09:51.903537,1000,275,PUT,/jobs/001,200,122.90640000719577
24,2026-09-08T00:09:51.903537,1000,276,DELETE,/jobs/002,404,82.24999997764826
24,2026-09-08T00:09:51.903537,1000,277,POST,/jobs,201,121.89599999692291
24,2026-09-08T00:09:51.903537,1000,278,GET,/jobs,200,81.11250004731119
24,2026-09-08T00:09:51.903537,1000,279,POST,/jobs,201,122.32049996964633
24,2026-09-08T00:09:51.903537,1000,280,POST,/jobs,201,122.6802000310272
24,2026-09-08T00:09:51.903537,1000,281,GET,/jobs,200,81.48090005852282
24,2026-09-08T00:09:51.903537,1000,282,POST,/jobs,201,121.83319998439401
24,2026-09-08T00:09:51.903537,1000,283,POST,/jobs,201,120.79830002039671
24,2026-09-08T00:09:51.903537,1000,284,PUT,/jobs/002,404,121.95499998051673
24,2026-09-08T00:09:51.903537,1000,285,PUT,/jobs/1000,404,121.78879999555647
24,2026-09-08T00:09:51.903537,1000,286,POST,/jobs,201,119.35789999552071
24,2026-09-08T00:09:51.903537,1000,287,GET,/jobs/001,200,120.34020002465695
24,2026-09-08T00:09:51.903537,1000,288,PUT,/jobs/1000,404,116.6224000044167
24,2026-09-08T00:09:51.903537,1000,289,PUT,/jobs/1000,404,122.54220002796501
24,2026-09-08T00:09:51.903537,1000,290,GET,/jobs/1000,404,76.97619998361915
24,2026-09-08T00:09:51.903537,1000,291,DELETE,/jobs/1000,404,77.53390003927052
24,2026-09-08T00:09:51.903537,1000,292,PUT,/jobs/1000,404,122.80490004923195
24,2026-09-08T00:09:51.903537,1000,293,GET,/jobs,200,80.68460004869848
24,2026-09-08T00:09:51.903537,1000,294,POST,/jobs,201,122.33069993089885
24,2026-09-08T00:09:51.903537,1000,295,GET,/jobs/002,404,85.11009998619556
24,2026-09-08T00:09:51.903537,1000,296,DELETE,/jobs/1000,404,81.69500005897135
24,2026-09-08T00:09:51.903537,1000,297,PUT,/jobs/002,404,114.55230007413775
24,2026-09-08T00:09:51.903537,1000,298,PUT,/jobs/1000,404,122.81810003332794
24,2026-09-08T00:09:51.903537,1000,299,GET,/jobs/1000,404,86.11259993631393
24,2026-09-08T00:09:51.903537,1000,300,PUT,/jobs/1000,404,110.73720001149923
24,2026-09-08T00:09:51.903537,1000,301,GET,/jobs/1000,404,80.28709993232042
24,2026-09-08T00:09:51.903537,1000,302,GET,/jobs,200,84.69429996330291
24,2026-09-08T00:09:51.903537,1000,303,POST,/jobs,201,112.37929994240403
24,2026-09-08T00:09:51.903537,1000,304,DELETE,/jobs/1000,404,77.10500003304332
24,2026-09-08T00:09:51.903537,1000,305,GET,/jobs,200,84.40250006970018
24,2026-09-08T00:09:51.903537,1000,306,GET,/jobs/1000,404,85.87860001716763
24,2026-09-08T00:09:51.903537,1000,307,POST,/jobs,201,112.38259996753186
24,2026-09-08T00:09:51.903537,1000,308,GET,/jobs/001,200,122.46439990121871
24,2026-09-08T00:09:51.903537,1000,309,GET,/jobs,200,77.44290004484355
24,2026-09-08T00:09:51.903537,1000,310,GET,/jobs,200,85.579700069502
24,2026-09-08T00:09:51.903537,1000,311,GET,/jobs/002,404,86.83689997997135
24,2026-09-08T00:09:51.903537,1000,312,DELETE,/jobs/002,404,85.80399991478771
24,2026-09-08T00:09:51.903537,1000,313,PUT,/jobs/002,404,116.10009998548776
24,2026-09-08T00:09:51.903537,1000,314,DELETE,/jobs/002,404,78.30309995915741
24,2026-09-08T00:09:51.903537,1000,315,PUT,/jobs/002,404,107.61690000072122
24,2026-09-08T00:09:51.903537,1000,316,PUT,/jobs/001,200,108.08260005433112
24,2026-09-08T00:09:51.903537,1000,317,GET,/jobs/1000,404,78.22879997547716
24,2026-09-08T00:09:51.903537,1000,318,GET,/jobs,200,77.30869995430112
24,2026-09-08T00:09:51.903537,1000,319,GET,/jobs,200,77.10540003608912
24,2026-09-08T00:09:51.903537,1000,320,PUT,/jobs/001,200,108.66459994576871
24,2026-09-08T00:09:51.903537,1000,321,GET,/jobs/1000,404,73.25100002344698
24,2026-09-08T00:09:51.903537,1000,322,DELETE,/jobs/1000,404,73.74820008408278
24,2026-09-08T00:09:51.903537,1000,323,GET,/jobs,200,76.67979993857443
24,2026-09-08T00:09:51.903537,1000,324,DELETE,/jobs/002,404,71.2382000638172
24,2026-09-08T00:09:51.903537,1000,325,GET,/jobs,200,68.55849991552532
24,2026-09-08T00:09:51.903537,1000,326,PUT,/jobs/001,200,102.99790010321885
24,2026-09-08T00:09:51.903537,1000,327,PUT,/jobs/1000,404,111.18999996688217
24,2026-09-08T00:09:51.903537,1000,328,DELETE,/jobs/1000,404,72.07589992322028
24,2026-09-08T00:09:51.903537,1000,329,PUT,/jobs/1000,404,104.9376999726519
24,2026-09-08T00:09:51.903537,1000,330,DELETE,/jobs/1000,404,71.70319999568164
24,2026-09-08T00:09:51.903537,1000,331,DELETE,/jobs/1000,404,72.6083000190556
24,2026-09-08T00:09:51.903537,1000,332,GET,/jobs/1000,404,72.466199984774
24,2026-09-08T00:09:51.903537,1000,333,PUT,/jobs/002,404,115.0585999712348
24,2026-09-08T00:09:51.903537,1000,334,POST,/jobs,201,104.25730003044009
24,2026-09-08T00:09:51.903537,1000,335,GET,/jobs/1000,404,69.66199993621558
24,2026-09-08T00:09:51.903537,1000,336,POST,/jobs,201,106.83549998793751
24,2026-09-08T00:09:51.903537,1000,337,DELETE,/jobs/1000,404,62.325399951078
24,2026-09-08T00:09:51.903537,1000,338,GET,/jobs/002,404,63.163000042550266
24,2026-09-08T00:09:51.903537,1000,339,PUT,/jobs/001,200,104.59739994257689
24,2026-09-08T00:09:51.903537,1000,340,POST,/jobs,201,106.15589993540198
24,2026-09-08T00:09:51.903537,1000,341,POST,/jobs,201,104.58929999731481
24,2026-09-08T00:09:51.903537,1000,342,POST,/jobs,201,112.80589993111789
24,2026-09-08T00:09:51.903537,1000,343,GET,/jobs,200,63.96119995042682
24,2026-09-08T00:09:51.903537,1000,344,GET,/jobs/001,200,114.23589999321848
24,2026-09-08T00:09:51.903537,1000,345,GET,/jobs/002,404,70.5737000098452
24,2026-09-08T00:09:51.903537,1000,346,GET,/jobs/1000,404,71.1178999627009
24,2026-09-08T00:09:51.903537,1000,347,GET,/jobs/001,200,105.91949999798089
24,2026-09-08T00:09:51.903537,1000,348,PUT,/jobs/002,404,106.94520000834018
24,2026-09-08T00:09:51.903537,1000,349,POST,/jobs,201,104.93460006546229
24,2026-09-08T00:09:51.903537,1000,350,PUT,/jobs/002,404,105.02220003399998
24,2026-09-08T00:09:51.903537,1000,351,GET,/jobs,200,70.46169997192919
24,2026-09-08T00:09:51.903537,1000,352,GET,/jobs/002,404,70.26700000278652
24,2026-09-08T00:09:51.903537,1000,353,PUT,/jobs/1000,404,115.9290000796318
24,2026-09-08T00:09:51.903537,1000,354,GET,/jobs,200,68.46720003522933
24,2026-09-08T00:09:51.903537,1000,355,DELETE,/jobs/1000,404,70.5722999991849
24,2026-09-08T00:09:51.903537,1000,356,PUT,/jobs/001,200,114.07720006536692
24,2026-09-08T00:09:51.903537,1000,357,POST,/jobs,201,113.14709996804595
24,2026-09-08T00:09:51.903537,1000,358,PUT,/jobs/002,404,105.64920003525913
24,2026-09-08T00:09:51.903537,1000,359,DELETE,/jobs/002,404,69.53670002985746
24,2026-09-08T00:09:51.903537,1000,360,PUT,/jobs/001,200,115.51510007120669
24,2026-09-08T00:09:51.903537,1000,361,POST,/jobs,201,113.866199972108
24,2026-09-08T00:09:51.903537,1000,362,PUT,/jobs/001,200,112.71090002264827
24,2026-09-08T00:09:51.903537,1000,363,PUT,/jobs/002,404,117.73700010962784
24,2026-09-08T00:09:51.903537,1000,364,PUT,/jobs/1000,404,117.63559991959482
24,2026-09-08T00:09:51.903537,1000,365,GET,/jobs/002,404,68.94379993900657
24,2026-09-08T00:09:51.903537,1000,366,GET,/jobs/1000,404,69.93790005799383
24,2026-09-08T00:09:51.903537,1000,367,DELETE,/jobs/002,404,69.63269994594157
24,2026-09-08T00:09:51.903537,1000,368,PUT,/jobs/1000,404,117.48509993776679
24,2026-09-08T00:09:51.903537,1000,369,DELETE,/jobs/002,404,71.69890007935464
24,2026-09-08T00:09:51.903537,1000,370,GET,/jobs,200,70.87340008001775
24,2026-09-08T00:09:51.903537,1000,371,PUT,/jobs/001,200,115.84199999924749
24,2026-09-08T00:09:51.903537,1000,372,PUT,/jobs/001,200,115.96809991169721
24,2026-09-08T00:09:51.903537,1000,373,GET,/jobs,200,71.05229992885143
24,2026-09-08T00:09:51.903537,1000,374,POST,/jobs,201,116.99139990378171
24,2026-09-08T00:09:51.903537,1000,375,POST,/jobs,201,113.05210005957633
24,2026-09-08T00:09:51.903537,1000,376,PUT,/jobs/002,404,111.59730004146695
24,2026-09-08T00:09:51.903537,1000,377,POST,/jobs,201,111.79130000527948
24,2026-09-08T00:09:51.903537,1000,378,PUT,/jobs/002,404,111.36390001047403
24,2026-09-08T00:09:51.903537,1000,379,PUT,/jobs/002,404,113.0925000179559
24,2026-09-08T00:09:51.903537,1000,380,GET,/jobs,200,76.39339996967465
24,2026-09-08T00:09:51.903537,1000,381,PUT,/jobs/001,200,119.3094999762252
24,2026-09-08T00:09:51.903537,1000,382,DELETE,/jobs/002,404,92.89060009177774
24,2026-09-08T00:09:51.903537,1000,383,POST,/jobs,201,111.87380005139858
24,2026-09-08T00:09:51.903537,1000,384,GET,/jobs,200,76.08029991388321
24,2026-09-08T00:09:51.903537,1000,385,GET,/jobs,200,74.28569998592138
24,2026-09-08T00:09:51.903537,1000,386,GET,/jobs,200,75.93519997317344
24,2026-09-08T00:09:51.903537,1000,387,GET,/jobs/001,200,123.00710007548332
24,2026-09-08T00:09:51.903537,1000,388,GET,/jobs,200,83.13519996590912
24,2026-09-08T00:09:51.903537,1000,389,DELETE,/jobs/002,404,85.15110006555915
24,2026-09-08T00:09:51.903537,1000,390,GET,/jobs/001,200,120.44490000698715
24,2026-09-08T00:09:51.903537,1000,391,PUT,/jobs/1000,404,111.12200003117323
24,2026-09-08T00:09:51.903537,1000,392,GET,/jobs,200,83.01190007477999
24,2026-09-08T00:09:51.903537,1000,393,DELETE,/jobs/002,404,84.72900011111051
24,2026-09-08T00:09:51.903537,1000,394,PUT,/jobs/1000,404,118.29969997052103
24,2026-09-08T00:09:51.903537,1000,395,POST,/jobs,201,117.80850007198751
24,2026-09-08T00:09:51.903537,1000,396,POST,/jobs,201,110.87590001989156
24,2026-09-08T00:09:51.903537,1000,397,DELETE,/jobs/002,404,84.83770000748336
24,2026-09-08T00:09:51.903537,1000,398,GET,/jobs/002,404,84.5720999641344
24,2026-09-08T00:09:51.903537,1000,399,GET,/jobs,200,78.85519997216761
24,2026-09-08T00:09:51.903537,1000,400,DELETE,/jobs/002,404,80.2356000058353
24,2026-09-08T00:09:51.903537,1000,401,POST,/jobs,201,109.01599994394928
24,2026-09-08T00:09:51.903537,1000,402,PUT,/jobs/002,404,107.4442999670282
24,2026-09-08T00:09:51.903537,1000,403,GET,/jobs/001,200,117.28730006143451
24,2026-09-08T00:09:51.903537,1000,404,DELETE,/jobs/002,404,80.30949998646975
24,2026-09-08T00:09:51.903537,1000,405,GET,/jobs,200,75.8407999528572
24,2026-09-08T00:09:51.903537,1000,406,POST,/jobs,201,109.5923000248149
24,2026-09-08T00:09:51.903537,1000,407,DELETE,/jobs/002,404,79.97489999979734
24,2026-09-08T00:09:51.903537,1000,408,DELETE,/jobs/002,404,78.93650000914931
24,2026-09-08T00:09:51.903537,1000,409,POST,/jobs,201,109.2709000222385
24,2026-09-08T00:09:51.903537,1000,410,PUT,/jobs/1000,404,110.00950005836785
24,2026-09-08T00:09:51.903537,1000,411,POST,/jobs,201,115.40719994809479
24,2026-09-08T00:09:51.903537,1000,412,DELETE,/jobs/1000,404,79.20649996958673
24,2026-09-08T00:09:51.903537,1000,413,GET,/jobs,200,77.9611999168992
24,2026-09-08T00:09:51.903537,1000,414,PUT,/jobs/002,404,108.72929997276515
24,2026-09-08T00:09:51.903537,1000,415,GET,/jobs,200,74.84780007507652
24,2026-09-08T00:09:51.903537,1000,416,PUT,/jobs/002,404,108.73099998570979
24,2026-09-08T00:09:51.903537,1000,417,PUT,/jobs/1000,404,104.78299995884299
24,2026-09-08T00:09:51.903537,1000,418,GET,/jobs/002,404,74.84180002938956
24,2026-09-08T00:09:51.903537,1000,419,GET,/jobs/1000,404,75.63490001484752
24,2026-09-08T00:09:51.903537,1000,420,DELETE,/jobs/1000,404,74.21450002584606
24,2026-09-08T00:09:51.903537,1000,421,DELETE,/jobs/1000,404,74.5759999845177
24,2026-09-08T00:09:51.903537,1000,422,PUT,/jobs/002,404,111.37820000294596
24,2026-09-08T00:09:51.903537,1000,423,DELETE,/jobs/1000,404,75.9523999877274
24,2026-09-08T00:09:51.903537,1000,424,POST,/jobs,201,105.43150000739843
24,2026-09-08T00:09:51.903537,1000,425,GET,/jobs/001,200,112.84939991310239
24,2026-09-08T00:09:51.903537,1000,426,POST,/jobs,201,112.35459998715669
24,2026-09-08T00:09:51.903537,1000,427,GET,/jobs/002,404,75.00569999683648
24,2026-09-08T00:09:51.903537,1000,428,DELETE,/jobs/1000,404,73.52800003718585
24,2026-09-08T00:09:51.903537,1000,429,POST,/jobs,201,105.16660008579493
24,2026-09-08T00:09:51.903537,1000,430,PUT,/jobs/002,404,103.10060007032007
24,2026-09-08T00:09:51.903537,1000,431,GET,/jobs/002,404,73.81879992317408
24,2026-09-08T00:09:51.903537,1000,432,GET,/jobs/002,404,73.51940008811653
24,2026-09-08T00:09:51.903537,1000,433,POST,/jobs,201,112.31659993063658
24,2026-09-08T00:09:51.903537,1000,434,POST,/jobs,201,105.20609992090613
24,2026-09-08T00:09:51.903537,1000,435,POST,/jobs,201,104.57069997210056
24,2026-09-08T00:09:51.903537,1000,436,GET,/jobs,200,67.06759997177869
24,2026-09-08T00:09:51.903537,1000,437,DELETE,/jobs/002,404,71.61370001267642
24,2026-09-08T00:09:51.903537,1000,438,GET,/jobs,200,73.53260007221252
24,2026-09-08T00:09:51.903537,1000,439,GET,/jobs/1000,404,74.3454999756068
24,2026-09-08T00:09:51.903537,1000,440,PUT,/jobs/002,404,111.49439995642751
24,2026-09-08T00:09:51.903537,1000,441,DELETE,/jobs/002,404,74.65930003672838
24,2026-09-08T00:09:51.903537,1000,442,PUT,/jobs/1000,404,104.22370000742376
24,2026-09-08T00:09:51.903537,1000,443,PUT,/jobs/002,404,104.59100001025945
24,2026-09-08T00:09:51.903537,1000,444,GET,/jobs,200,69.20610007364303
24,2026-09-08T00:09:51.903537,1000,445,GET,/jobs,200,64.6014999365434
24,2026-09-08T00:09:51.903537,1000,446,POST,/jobs,201,103.3379000145942
24,2026-09-08T00:09:51.903537,1000,447,PUT,/jobs/1000,404,112.01600008644164
24,2026-09-08T00:09:51.903537,1000,448,GET,/jobs/002,404,66.84950005728751
24,2026-09-08T00:09:51.903537,1000,449,DELETE,/jobs/1000,404,66.69820006936789
24,2026-09-08T00:09:51.903537,1000,450,PUT,/jobs/1000,404,102.04819997306913
24,2026-09-08T00:09:51.903537,1000,451,DELETE,/jobs/1000,404,74.00200003758073
24,2026-09-08T00:09:51.903537,1000,452,PUT,/jobs/1000,404,106.03319993242621
24,2026-09-08T00:09:51.903537,1000,453,DELETE,/jobs/1000,404,68.09600000269711
24,2026-09-08T00:09:51.903537,1000,454,POST,/jobs,201,106.64090001955628
24,2026-09-08T00:09:51.903537,1000,455,PUT,/jobs/002,404,104.93150004185736
24,2026-09-08T00:09:51.903537,1000,456,POST,/jobs,201,96.37679997831583
24,2026-09-08T00:09:51.903537,1000,457,GET,/jobs/001,200,104.23870000522584
24,2026-09-08T00:09:51.903537,1000,458,GET,/jobs/002,404,69.11849998869002
24,2026-09-08T00:09:51.903537,1000,459,GET,/jobs,200,67.18639994505793
24,2026-09-08T00:09:51.903537,1000,460,DELETE,/jobs/002,404,69.54100006259978
24,2026-09-08T00:09:51.903537,1000,461,GET,/jobs/001,200,105.2096999483183
24,2026-09-08T00:09:51.903537,1000,462,PUT,/jobs/002,404,99.84430007170886
24,2026-09-08T00:09:51.903537,1000,463,DELETE,/jobs/1000,404,72.63609999790788
24,2026-09-08T00:09:51.903537,1000,464,GET,/jobs,200,65.92950003687292
24,2026-09-08T00:09:51.903537,1000,465,GET,/jobs/002,404,71.2977999355644
24,2026-09-08T00:09:51.903537,1000,466,GET,/jobs/002,404,69.40840010065585
24,2026-09-08T00:09:51.903537,1000,467,GET,/jobs/002,404,71.16369996219873
24,2026-09-08T00:09:51.903537,1000,468,GET,/jobs,200,65.22400001995265
24,2026-09-08T00:09:51.903537,1000,469,DELETE,/jobs/002,404,68.9859000267461
24,2026-09-08T00:09:51.903537,1000,470,POST,/jobs,201,97.99370006658137
24,2026-09-08T00:09:51.903537,1000,471,GET,/jobs,200,64.41260001156479
24,2026-09-08T00:09:51.903537,1000,472,DELETE,/jobs/1000,404,69.21210000291467
24,2026-09-08T00:09:51.903537,1000,473,GET,/jobs/1000,404,69.71850001718849
24,2026-09-08T00:09:51.903537,1000,474,PUT,/jobs/001,200,104.52519997488707
24,2026-09-08T00:09:51.903537,1000,475,GET,/jobs,200,67.88630003575236
24,2026-09-08T00:09:51.903537,1000,476,DELETE,/jobs/1000,404,70.13390003703535
24,2026-09-08T00:09:51.903537,1000,477,PUT,/jobs/002,404,104.79469993151724
24,2026-09-08T00:09:51.903537,1000,478,PUT,/jobs/002,404,104.01240002829581
24,2026-09-08T00:09:51.903537,1000,479,GET,/jobs/001,200,105.58179998770356
24,2026-09-08T00:09:51.903537,1000,480,POST,/jobs,201,101.95200005546212
24,2026-09-08T00:09:51.903537,1000,481,PUT,/jobs/001,200,103.68719999678433
24,2026-09-08T00:09:51.903537,1000,482,GET,/jobs,200,67.45450000744313
24,2026-09-08T00:09:51.903537,1000,483,PUT,/jobs/002,404,97.71360002923757
24,2026-09-08T00:09:51.903537,1000,484,GET,/jobs,200,67.53259990364313
24,2026-09-08T00:09:51.903537,1000,485,DELETE,/jobs/002,404,70.23279997520149
24,2026-09-08T00:09:51.903537,1000,486,GET,/jobs/001,200,105.25430005509406
24,2026-09-08T00:09:51.903537,1000,487,DELETE,/jobs/1000,404,70.0762999476865
24,2026-09-08T00:09:51.903537,1000,488,GET,/jobs,200,67.93249992188066
24,2026-09-08T00:09:51.903537,1000,489,GET,/jobs/001,200,105.31400004401803
24,2026-09-08T00:09:51.903537,1000,490,DELETE,/jobs/1000,404,70.44349994976074
24,2026-09-08T00:09:51.903537,1000,491,DELETE,/jobs/002,404,69.48160007596016
24,2026-09-08T00:09:51.903537,1000,492,DELETE,/jobs/1000,404,70.33580006100237
24,2026-09-08T00:09:51.903537,1000,493,PUT,/jobs/002,404,102.93159994762391
24,2026-09-08T00:09:51.903537,1000,494,POST,/jobs,201,104.35919999144971
24,2026-09-08T00:09:51.903537,1000,495,DELETE,/jobs/1000,404,69.23360005021095
24,2026-09-08T00:09:51.903537,1000,496,POST,/jobs,201,96.93970007356256
24,2026-09-08T00:09:51.903537,1000,497,DELETE,/jobs/002,404,68.30749998334795
24,2026-09-08T00:09:51.903537,1000,498,DELETE,/jobs/002,404,67.44840007741004
24,2026-09-08T00:09:51.903537,1000,499,GET,/jobs/1000,404,67.73449992761016
24,2026-09-08T00:09:51.903537,1000,500,GET,/jobs/002,404,68.02290002815425
24,2026-09-08T00:09:51.903537,1000,501,GET,/jobs,200,66.00310001522303
24,2026-09-08T00:09:51.903537,1000,502,GET,/jobs/001,200,108.36519999429584
24,2026-09-08T00:09:51.903537,1000,503,GET,/jobs/1000,404,62.73969996254891
24,2026-09-08T00:09:51.903537,1000,504,GET,/jobs,200,66.54859997797757
24,2026-09-08T00:09:51.903537,1000,505,GET,/jobs/001,200,105.62149994075298
24,2026-09-08T00:09:51.903537,1000,506,PUT,/jobs/002,404,99.68029998708516
24,2026-09-08T00:09:51.903537,1000,507,DELETE,/jobs/1000,404,69.69459995161742
24,2026-09-08T00:09:51.903537,1000,508,POST,/jobs,201,99.53030000906438
24,2026-09-08T00:09:51.903537,1000,509,GET,/jobs/002,404,67.13139999192208
24,2026-09-08T00:09:51.903537,1000,510,POST,/jobs,201,98.95669994875789
24,2026-09-08T00:09:51.903537,1000,511,PUT,/jobs/001,200,97.3006000276655
24,2026-09-08T00:09:51.903537,1000,512,GET,/jobs/002,404,74.51029994990677
24,2026-09-08T00:09:51.903537,1000,513,DELETE,/jobs/002,404,65.94889995176345
24,2026-09-08T00:09:51.903537,1000,514,PUT,/jobs/001,200,104.33390003163368
24,2026-09-08T00:09:51.903537,1000,515,DELETE,/jobs/002,404,68.23560001794249
24,2026-09-08T00:09:51.903537,1000,516,GET,/jobs/002,404,67.13330000638962
24,2026-09-08T00:09:51.903537,1000,517,GET,/jobs/001,200,106.89160006586462
24,2026-09-08T00:09:51.903537,1000,518,GET,/jobs,200,63.060900080017745
24,2026-09-08T00:09:51.903537,1000,519,GET,/jobs/002,404,73.41890002135187
24,2026-09-08T00:09:51.903537,1000,520,DELETE,/jobs/1000,404,66.3915000623092
24,2026-09-08T00:09:51.903537,1000,521,PUT,/jobs/001,200,99.08969991374761
24,2026-09-08T00:09:51.903537,1000,522,PUT,/jobs/1000,404,106.69110005255789
24,2026-09-08T00:09:51.903537,1000,523,POST,/jobs,201,97.4485999904573
24,2026-09-08T00:09:51.903537,1000,524,PUT,/jobs/002,404,107.40630002692342
24,2026-09-08T00:09:51.903537,1000,525,DELETE,/jobs/1000,404,66.63129990920424
24,2026-09-08T00:09:51.903537,1000,526,PUT,/jobs/001,200,106.87799996230751
24,2026-09-08T00:09:51.903537,1000,527,DELETE,/jobs/002,404,66.8236999772489
24,2026-09-08T00:09:51.903537,1000,528,PUT,/jobs/1000,404,100.3713000100106
24,2026-09-08T00:09:51.903537,1000,529,POST,/jobs,201,99.38310005236417
24,2026-09-08T00:09:51.903537,1000,530,POST,/jobs,201,105.32530001364648
24,2026-09-08T00:09:51.903537,1000,531,GET,/jobs,200,66.5957999881357
24,2026-09-08T00:09:51.903537,1000,532,GET,/jobs/1000,404,58.72440000530332
24,2026-09-08T00:09:51.903537,1000,533,DELETE,/jobs/002,404,59.40749996807426
24,2026-09-08T00:09:51.903537,1000,534,POST,/jobs,201,109.13300001993775
24,2026-09-08T00:09:51.903537,1000,535,GET,/jobs,200,66.12059997860342
24,2026-09-08T00:09:51.903537,1000,536,GET,/jobs/002,404,66.8824000749737
24,2026-09-08T00:09:51.903537,1000,537,DELETE,/jobs/1000,404,67.15369992889464
24,2026-09-08T00:09:51.903537,1000,538,POST,/jobs,201,108.39109995868057
24,2026-09-08T00:09:51.903537,1000,539,DELETE,/jobs/1000,404,66.29959994461387
24,2026-09-08T00:09:51.903537,1000,540,PUT,/jobs/001,200,104.81609997805208
24,2026-09-08T00:09:51.903537,1000,541,PUT,/jobs/002,404,99.10719993058592
24,2026-09-08T00:09:51.903537,1000,542,PUT,/jobs/002,404,99.20009993948042
24,2026-09-08T00:09:51.903537,1000,543,POST,/jobs,201,109.36630005016923
24,2026-09-08T00:09:51.903537,1000,544,GET,/jobs,200,61.58470001537353
24,2026-09-08T00:09:51.903537,1000,545,GET,/jobs/002,404,67.9111999925226
24,2026-09-08T00:09:51.903537,1000,546,PUT,/jobs/1000,404,107.91050002444535
24,2026-09-08T00:09:51.903537,1000,547,PUT,/jobs/002,404,108.22910000570118
24,2026-09-08T00:09:51.903537,1000,548,PUT,/jobs/1000,404,106.77890002261847
24,2026-09-08T00:09:51.903537,1000,549,GET,/jobs,200,68.34540003910661
24,2026-09-08T00:09:51.903537,1000,550,PUT,/jobs/001,200,110.8144000172615
24,2026-09-08T00:09:51.903537,1000,551,POST,/jobs,201,110.62339995987713
24,2026-09-08T00:09:51.903537,1000,552,POST,/jobs,201,110.2692000567913
24,2026-09-08T00:09:51.903537,1000,553,PUT,/jobs/1000,404,111.35410005226731
24,2026-09-08T00:09:51.903537,1000,554,GET,/jobs,200,62.30880005750805
24,2026-09-08T00:09:51.903537,1000,555,DELETE,/jobs/1000,404,72.20240007154644
24,2026-09-08T00:09:51.903537,1000,556,PUT,/jobs/001,200,105.84660002496094
24,2026-09-08T00:09:51.903537,1000,557,GET,/jobs/1000,404,72.52209994476289
24,2026-09-08T00:09:51.903537,1000,558,POST,/jobs,201,108.8416000129655
24,2026-09-08T00:09:51.903537,1000,559,PUT,/jobs/1000,404,108.20020001847297
24,2026-09-08T00:09:51.903537,1000,560,PUT,/jobs/001,200,108.9670000365004
24,2026-09-08T00:09:51.903537,1000,561,GET,/jobs/002,404,73.05620005354285
24,2026-09-08T00:09:51.903537,1000,562,DELETE,/jobs/002,404,71.89729996025562
24,2026-09-08T00:09:51.903537,1000,563,POST,/jobs,201,114.98289997689426
24,2026-09-08T00:09:51.903537,1000,564,PUT,/jobs/001,200,105.2369000390172
24,2026-09-08T00:09:51.903537,1000,565,GET,/jobs,200,72.78970000334084
24,2026-09-08T00:09:51.903537,1000,566,DELETE,/jobs/002,404,77.26720010396093
24,2026-09-08T00:09:51.903537,1000,567,GET,/jobs/002,404,76.28059992566705
24,2026-09-08T00:09:51.903537,1000,568,DELETE,/jobs/002,404,76.70460001099855
24,2026-09-08T00:09:51.903537,1000,569,DELETE,/jobs/1000,404,75.95410000067204
24,2026-09-08T00:09:51.903537,1000,570,GET,/jobs,200,71.84479990974069
24,2026-09-08T00:09:51.903537,1000,571,GET,/jobs/001,200,118.89139993581921
24,2026-09-08T00:09:51.903537,1000,572,PUT,/jobs/001,200,118.5884999576956
24,2026-09-08T00:09:51.903537,1000,573,GET,/jobs/002,404,74.0296000149101
24,2026-09-08T00:09:51.903537,1000,574,POST,/jobs,201,117.36439995002002
24,2026-09-08T00:09:51.903537,1000,575,POST,/jobs,201,104.59289990831167
24,2026-09-08T00:09:51.903537,1000,576,PUT,/jobs/002,404,117.29500000365078
24,2026-09-08T00:09:51.903537,1000,577,GET,/jobs/002,404,73.77240003552288
24,2026-09-08T00:09:51.903537,1000,578,DELETE,/jobs/002,404,73.39679996948689
24,2026-09-08T00:09:51.903537,1000,579,PUT,/jobs/001,200,117.45819996576756
24,2026-09-08T00:09:51.903537,1000,580,DELETE,/jobs/002,404,74.77449998259544
24,2026-09-08T00:09:51.903537,1000,581,GET,/jobs,200,70.60760003514588
24,2026-09-08T00:09:51.903537,1000,582,POST,/jobs,201,104.85690005589277
24,2026-09-08T00:09:51.903537,1000,583,PUT,/jobs/002,404,107.9353999812156
24,2026-09-08T00:09:51.903537,1000,584,DELETE,/jobs/1000,404,73.25310003943741
24,2026-09-08T00:09:51.903537,1000,585,GET,/jobs,200,71.33929990231991
24,2026-09-08T00:09:51.903537,1000,586,POST,/jobs,201,108.7283999659121
24,2026-09-08T00:09:51.903537,1000,587,POST,/jobs,201,107.42470005061477
24,2026-09-08T00:09:51.903537,1000,588,DELETE,/jobs/1000,404,73.60120001249015
24,2026-09-08T00:09:51.903537,1000,589,GET,/jobs/002,404,73.38139996863902
24,2026-09-08T00:09:51.903537,1000,590,DELETE,/jobs/1000,404,71.20980008039623
24,2026-09-08T00:09:51.903537,1000,591,POST,/jobs,201,106.42560000997037
24,2026-09-08T00:09:51.903537,1000,592,DELETE,/jobs/1000,404,71.16649998351932
24,2026-09-08T00:09:51.903537,1000,593,PUT,/jobs/002,404,115.23409991059452
24,2026-09-08T00:09:51.903537,1000,594,GET,/jobs/1000,404,71.64159999229014
24,2026-09-08T00:09:51.903537,1000,595,GET,/jobs/1000,404,73.85239994619042
24,2026-09-08T00:09:51.903537,1000,596,PUT,/jobs/001,200,116.68099998496473
24,2026-09-08T00:09:51.903537,1000,597,PUT,/jobs/001,200,115.48639996908605
24,2026-09-08T00:09:51.903537,1000,598,POST,/jobs,201,113.8873000163585
24,2026-09-08T00:09:51.903537,1000,599,PUT,/jobs/1000,404,108.92000002786517
24,2026-09-08T00:09:51.903537,1000,600,PUT,/jobs/002,404,116.41909996978939
24,2026-09-08T00:09:51.903537,1000,601,GET,/jobs/002,404,74.57910000812262
24,2026-09-08T00:09:51.903537,1000,602,GET,/jobs,200,73.63790005911142
24,2026-09-08T00:09:51.903537,1000,603,GET,/jobs/1000,404,74.76230000611395
24,2026-09-08T00:09:51.903537,1000,604,DELETE,/jobs/1000,404,75.39939996786416
24,2026-09-08T00:09:51.903537,1000,605,GET,/jobs,200,71.001400006935
24,2026-09-08T00:09:51.903537,1000,606,PUT,/jobs/001,200,116.53819994535297
24,2026-09-08T00:09:51.903537,1000,607,DELETE,/jobs/1000,404,77.59740005712956
24,2026-09-08T00:09:51.903537,1000,608,GET,/jobs,200,74.10840003285557
24,2026-09-08T00:09:51.903537,1000,609,GET,/jobs/002,404,77.98930001445115
24,2026-09-08T00:09:51.903537,1000,610,GET,/jobs/001,200,118.54080006014556
24,2026-09-08T00:09:51.903537,1000,611,PUT,/jobs/002,404,115.49050000030547
24,2026-09-08T00:09:51.903537,1000,612,POST,/jobs,201,108.84480003733188
24,2026-09-08T00:09:51.903537,1000,613,PUT,/jobs/1000,404,116.66729999706149
24,2026-09-08T00:09:51.903537,1000,614,GET,/jobs,200,75.16790006775409
24,2026-09-08T00:09:51.903537,1000,615,POST,/jobs,201,117.53280006814748
24,2026-09-08T00:09:51.903537,1000,616,DELETE,/jobs/1000,404,77.52869999967515
24,2026-09-08T00:09:51.903537,1000,617,POST,/jobs,201,109.24780007917434
24,2026-09-08T00:09:51.903537,1000,618,PUT,/jobs/1000,404,110.25679996237159
24,2026-09-08T00:09:51.903537,1000,619,GET,/jobs,200,70.5667999573052
24,2026-09-08T00:09:51.903537,1000,620,DELETE,/jobs/002,404,71.0835000500083
24,2026-09-08T00:09:51.903537,1000,621,GET,/jobs/1000,404,78.20300001185387
24,2026-09-08T00:09:51.903537,1000,622,POST,/jobs,201,114.52469998039305
24,2026-09-08T00:09:51.903537,1000,623,GET,/jobs,200,71.26440003048629
24,2026-09-08T00:09:51.903537,1000,624,PUT,/jobs/001,200,123.86829999741167
24,2026-09-08T00:09:51.903537,1000,625,GET,/jobs,200,75.65090002026409
24,2026-09-08T00:09:51.903537,1000,626,PUT,/jobs/001,200,115.5879000434652
24,2026-09-08T00:09:51.903537,1000,627,POST,/jobs,201,122.40410002414137
24,2026-09-08T00:09:51.903537,1000,628,GET,/jobs,200,75.72079997044057
24,2026-09-08T00:09:51.903537,1000,629,POST,/jobs,201,119.56869997084141
24,2026-09-08T00:09:51.903537,1000,630,GET,/jobs,200,73.06880003307015
24,2026-09-08T00:09:51.903537,1000,631,POST,/jobs,201,119.31119998916984
24,2026-09-08T00:09:51.903537,1000,632,POST,/jobs,201,113.74060006346554
24,2026-09-08T00:09:51.903537,1000,633,GET,/jobs/001,200,121.40409997664392
24,2026-09-08T00:09:51.903537,1000,634,DELETE,/jobs/1000,404,76.05519995559007
24,2026-09-08T00:09:51.903537,1000,635,DELETE,/jobs/002,404,75.83159999921918
24,2026-09-08T00:09:51.903537,1000,636,GET,/jobs/001,200,122.13180004619062
24,2026-09-08T00:09:51.903537,1000,637,GET,/jobs,200,75.01879998017102
24,2026-09-08T00:09:51.903537,1000,638,DELETE,/jobs/1000,404,78.4860000712797
24,2026-09-08T00:09:51.903537,1000,639,DELETE,/jobs/002,404,78.12790002208203
24,2026-09-08T00:09:51.903537,1000,640,PUT,/jobs/1000,404,111.88540002331138
24,2026-09-08T00:09:51.903537,1000,641,GET,/jobs/001,200,122.1263000043109
24,2026-09-08T00:09:51.903537,1000,642,PUT,/jobs/1000,404,114.7664999589324
24,2026-09-08T00:09:51.903537,1000,643,POST,/jobs,201,115.14119990170002
24,2026-09-08T00:09:51.903537,1000,644,POST,/jobs,201,116.65870004799217
24,2026-09-08T00:09:51.903537,1000,645,GET,/jobs,200,72.21749995369464
24,2026-09-08T00:09:51.903537,1000,646,PUT,/jobs/002,404,114.61609997786582
24,2026-09-08T00:09:51.903537,1000,647,DELETE,/jobs/002,404,75.28210000600666
24,2026-09-08T00:09:51.903537,1000,648,GET,/jobs,200,81.52809995226562
24,2026-09-08T00:09:51.903537,1000,649,PUT,/jobs/002,404,123.40419995598495
24,2026-09-08T00:09:51.903537,1000,650,DELETE,/jobs/1000,404,83.98480003233999
24,2026-09-08T00:09:51.903537,1000,651,PUT,/jobs/1000,404,122.70169996190816
24,2026-09-08T00:09:51.903537,1000,652,POST,/jobs,201,122.96770000830293
24,2026-09-08T00:09:51.903537,1000,653,POST,/jobs,201,122.1506999572739
24,2026-09-08T00:09:51.903537,1000,654,PUT,/jobs/002,404,118.2179000461474
24,2026-09-08T00:09:51.903537,1000,655,GET,/jobs,200,77.87680008914322
24,2026-09-08T00:09:51.903537,1000,656,GET,/jobs/002,404,83.88079993892461
24,2026-09-08T00:09:51.903537,1000,657,DELETE,/jobs/1000,404,82.46489998418838
24,2026-09-08T00:09:51.903537,1000,658,DELETE,/jobs/1000,404,79.8501999815926
24,2026-09-08T00:09:51.903537,1000,659,POST,/jobs,201,122.99830000847578
24,2026-09-08T00:09:51.903537,1000,660,PUT,/jobs/002,404,114.09449996426702
24,2026-09-08T00:09:51.903537,1000,661,GET,/jobs,200,77.97089999075979
24,2026-09-08T00:09:51.903537,1000,662,DELETE,/jobs/002,404,79.24770005047321
24,2026-09-08T00:09:51.903537,1000,663,DELETE,/jobs/1000,404,79.51630000025034
24,2026-09-08T00:09:51.903537,1000,664,POST,/jobs,201,114.23730000387877
24,2026-09-08T00:09:51.903537,1000,665,GET,/jobs/1000,404,80.14730003196746
24,2026-09-08T00:09:51.903537,1000,666,POST,/jobs,201,112.40009998437017
24,2026-09-08T00:09:51.903537,1000,667,GET,/jobs/1000,404,77.38859998062253
24,2026-09-08T00:09:51.903537,1000,668,POST,/jobs,201,113.07999992277473
24,2026-09-08T00:09:51.903537,1000,669,GET,/jobs/1000,404,70.59730007313192
24,2026-09-08T00:09:51.903537,1000,670,GET,/jobs,200,69.43519995547831
24,2026-09-08T00:09:51.903537,1000,671,GET,/jobs,200,70.25270001031458
24,2026-09-08T00:09:51.903537,1000,672,POST,/jobs,201,112.04379994887859
24,2026-09-08T00:09:51.903537,1000,673,PUT,/jobs/001,200,112.86270001437515
24,2026-09-08T00:09:51.903537,1000,674,DELETE,/jobs/1000,404,69.04920004308224
24,2026-09-08T00:09:51.903537,1000,675,GET,/jobs/001,200,119.57490001805127
24,2026-09-08T00:09:51.903537,1000,676,POST,/jobs,201,113.70969994459301
24,2026-09-08T00:09:51.903537,1000,677,PUT,/jobs/001,200,113.99420001544058
24,2026-09-08T00:09:51.903537,1000,678,GET,/jobs/001,200,122.3454000428319
24,2026-09-08T00:09:51.903537,1000,679,DELETE,/jobs/1000,404,77.54309999290854
24,2026-09-08T00:09:51.903537,1000,680,DELETE,/jobs/1000,404,78.1800999538973
24,2026-09-08T00:09:51.903537,1000,681,GET,/jobs/002,404,72.32849998399615
24,2026-09-08T00:09:51.903537,1000,682,PUT,/jobs/002,404,122.25809996016324
24,2026-09-08T00:09:51.903537,1000,683,POST,/jobs,201,123.02070006262511
24,2026-09-08T00:09:51.903537,1000,684,GET,/jobs,200,77.71869993302971
24,2026-09-08T00:09:51.903537,1000,685,PUT,/jobs/001,200,123.20699996780604
24,2026-09-08T00:09:51.903537,1000,686,GET,/jobs/001,200,122.65719997230917
24,2026-09-08T00:09:51.903537,1000,687,PUT,/jobs/1000,404,120.99219998344779
24,2026-09-08T00:09:51.903537,1000,688,POST,/jobs,201,121.83219997677952
24,2026-09-08T00:09:51.903537,1000,689,PUT,/jobs/001,200,114.59460004698485
24,2026-09-08T00:09:51.903537,1000,690,POST,/jobs,201,121.58759997691959
24,2026-09-08T00:09:51.903537,1000,691,GET,/jobs,200,78.76679999753833
24,2026-09-08T00:09:51.903537,1000,692,PUT,/jobs/002,404,123.67969995830208
24,2026-09-08T00:09:51.903537,1000,693,POST,/jobs,201,122.54559993743896
24,2026-09-08T00:09:51.903537,1000,694,PUT,/jobs/1000,404,112.16669995337725
24,2026-09-08T00:09:51.903537,1000,695,POST,/jobs,201,122.18340008985251
24,2026-09-08T00:09:51.903537,1000,696,GET,/jobs/002,404,80.75800002552569
24,2026-09-08T00:09:51.903537,1000,697,GET,/jobs,200,79.12799995392561
24,2026-09-08T00:09:51.903537,1000,698,DELETE,/jobs/1000,404,80.93840000219643
24,2026-09-08T00:09:51.903537,1000,699,DELETE,/jobs/002,404,80.44749998953193
24,2026-09-08T00:09:51.903537,1000,700,GET,/jobs,200,73.62620008643717
24,2026-09-08T00:09:51.903537,1000,701,PUT,/jobs/1000,404,123.24910005554557
24,2026-09-08T00:09:51.903537,1000,702,POST,/jobs,201,125.76530000660568
24,2026-09-08T00:09:51.903537,1000,703,PUT,/jobs/001,200,126.02359999436885
24,2026-09-08T00:09:51.903537,1000,704,GET,/jobs/001,200,121.345299994573
24,2026-09-08T00:09:51.903537,1000,705,GET,/jobs,200,78.42269993852824
24,2026-09-08T00:09:51.903537,1000,706,POST,/jobs,201,119.75600000005215
24,2026-09-08T00:09:51.903537,1000,707,GET,/jobs,200,68.09960003010929
24,2026-09-08T00:09:51.903537,1000,708,GET,/jobs,200,67.525599966757
24,2026-09-08T00:09:51.903537,1000,709,GET,/jobs/1000,404,68.12820001505315
24,2026-09-08T00:09:51.903537,1000,710,GET,/jobs/002,404,71.6321999207139
24,2026-09-08T00:09:51.903537,1000,711,PUT,/jobs/002,404,111.33119999431074
24,2026-09-08T00:09:51.903537,1000,712,DELETE,/jobs/1000,404,72.20960000995547
24,2026-09-08T00:09:51.903537,1000,713,DELETE,/jobs/002,404,78.0426999554038
24,2026-09-08T00:09:51.903537,1000,714,PUT,/jobs/1000,404,120.57759996969253
24,2026-09-08T00:09:51.903537,1000,715,GET,/jobs,200,74.6882000239566
24,2026-09-08T00:09:51.903537,1000,716,PUT,/jobs/1000,404,113.67130000144243
24,2026-09-08T00:09:51.903537,1000,717,PUT,/jobs/002,404,120.17979996744543
24,2026-09-08T00:09:51.903537,1000,718,GET,/jobs,200,73.88109993189573
24,2026-09-08T00:09:51.903537,1000,719,POST,/jobs,201,122.41770001128316
24,2026-09-08T00:09:51.903537,1000,720,PUT,/jobs/002,404,121.3207000400871
24,2026-09-08T00:09:51.903537,1000,721,GET,/jobs/002,404,78.61860003322363
24,2026-09-08T00:09:51.903537,1000,722,GET,/jobs,200,73.85240006260574
24,2026-09-08T00:09:51.903537,1000,723,POST,/jobs,201,119.80839993339032
24,2026-09-08T00:09:51.903537,1000,724,POST,/jobs,201,118.98490006569773
24,2026-09-08T00:09:51.903537,1000,725,PUT,/jobs/002,404,119.62989997118711
24,2026-09-08T00:09:51.903537,1000,726,GET,/jobs/001,200,121.29269994329661
24,2026-09-08T00:09:51.903537,1000,727,PUT,/jobs/001,200,119.98280009720474
24,2026-09-08T00:09:51.903537,1000,728,GET,/jobs/1000,404,77.90460006799549
24,2026-09-08T00:09:51.903537,1000,729,DELETE,/jobs/002,404,78.38820002507418
24,2026-09-08T00:09:51.903537,1000,730,GET,/jobs,200,75.08209999650717
24,2026-09-08T00:09:51.903537,1000,731,POST,/jobs,201,110.6281999964267
24,2026-09-08T00:09:51.903537,1000,732,GET,/jobs/1000,404,78.74149992130697
24,2026-09-08T00:09:51.903537,1000,733,GET,/jobs/001,200,120.83440006244928
24,2026-09-08T00:09:51.903537,1000,734,DELETE,/jobs/002,404,80.1065000705421
24,2026-09-08T00:09:51.903537,1000,735,DELETE,/jobs/002,404,80.26830002199858
24,2026-09-08T00:09:51.903537,1000,736,GET,/jobs/002,404,78.80499993916601
24,2026-09-08T00:09:51.903537,1000,737,GET,/jobs/1000,404,77.82970007974654
24,2026-09-08T00:09:51.903537,1000,738,GET,/jobs,200,74.79680003598332
24,2026-09-08T00:09:51.903537,1000,739,POST,/jobs,201,111.2624000525102
24,2026-09-08T00:09:51.903537,1000,740,GET,/jobs/001,200,118.76630003098398
24,2026-09-08T00:09:51.903537,1000,741,DELETE,/jobs/1000,404,71.2494000326842
24,2026-09-08T00:09:51.903537,1000,742,GET,/jobs/001,200,118.26760007534176
24,2026-09-08T00:09:51.903537,1000,743,GET,/jobs,200,76.08359993901104
24,2026-09-08T00:09:51.903537,1000,744,GET,/jobs/001,200,119.59620006382465
24,2026-09-08T00:09:51.903537,1000,745,POST,/jobs,201,108.6690000956878
24,2026-09-08T00:09:51.903537,1000,746,GET,/jobs/1000,404,80.01069992315024
24,2026-09-08T00:09:51.903537,1000,747,POST,/jobs,201,120.5082000233233
24,2026-09-08T00:09:51.903537,1000,748,GET,/jobs/002,404,78.78400001209229
24,2026-09-08T00:09:51.903537,1000,749,GET,/jobs,200,76.88099995721132
24,2026-09-08T00:09:51.903537,1000,750,GET,/jobs/1000,404,78.98809993639588
24,2026-09-08T00:09:51.903537,1000,751,PUT,/jobs/1000,404,117.37270001322031
24,2026-09-08T00:09:51.903537,1000,752,GET,/jobs,200,73.84580001235008
24,2026-09-08T00:09:51.903537,1000,753,GET,/jobs,200,76.41510001849383
24,2026-09-08T00:09:51.903537,1000,754,PUT,/jobs/002,404,118.67650004569441
24,2026-09-08T00:09:51.903537,1000,755,POST,/jobs,201,110.21199997048825
24,2026-09-08T00:09:51.903537,1000,756,DELETE,/jobs/002,404,79.64689994696528
24,2026-09-08T00:09:51.903537,1000,757,PUT,/jobs/1000,404,110.07789999712259
24,2026-09-08T00:09:51.903537,1000,758,GET,/jobs/1000,404,79.42289998754859
24,2026-09-08T00:09:51.903537,1000,759,GET,/jobs,200,77.74520001839846
24,2026-09-08T00:09:51.903537,1000,760,DELETE,/jobs/1000,404,78.6240000743419
24,2026-09-08T00:09:51.903537,1000,761,PUT,/jobs/1000,404,109.87449996173382
24,2026-09-08T00:09:51.903537,1000,762,GET,/jobs,200,77.54460000433028
24,2026-09-08T00:09:51.903537,1000,763,GET,/jobs,200,71.5976000064984
24,2026-09-08T00:09:51.903537,1000,764,PUT,/jobs/002,404,114.80620002839714
24,2026-09-08T00:09:51.903537,1000,765,PUT,/jobs/1000,404,113.70819993317127
24,2026-09-08T00:09:51.903537,1000,766,GET,/jobs,200,71.17260002996773
24,2026-09-08T00:09:51.903537,1000,767,PUT,/jobs/1000,404,113.91299997922033
24,2026-09-08T00:09:51.903537,1000,768,PUT,/jobs/001,200,115.42969988659024
24,2026-09-08T00:09:51.903537,1000,769,GET,/jobs,200,73.67269997484982
24,2026-09-08T00:09:51.903537,1000,770,POST,/jobs,201,115.07480009458959
24,2026-09-08T00:09:51.903537,1000,771,GET,/jobs/001,200,123.04569990374148
24,2026-09-08T00:09:51.903537,1000,772,GET,/jobs/002,404,78.60309991519898
24,2026-09-08T00:09:51.903537,1000,773,DELETE,/jobs/1000,404,73.35740001872182
24,2026-09-08T00:09:51.903537,1000,774,PUT,/jobs/1000,404,114.8276999592781
24,2026-09-08T00:09:51.903537,1000,775,DELETE,/jobs/1000,404,77.76270003523678
24,2026-09-08T00:09:51.903537,1000,776,PUT,/jobs/1000,404,123.10430000070482
24,2026-09-08T00:09:51.903537,1000,777,DELETE,/jobs/1000,404,78.85470008477569
24,2026-09-08T00:09:51.903537,1000,778,GET,/jobs,200,76.02969999425113
24,2026-09-08T00:09:51.903537,1000,779,GET,/jobs,200,72.43880000896752
24,2026-09-08T00:09:51.903537,1000,780,DELETE,/jobs/002,404,77.94560003094375
24,2026-09-08T00:09:51.903537,1000,781,PUT,/jobs/002,404,122.83950007986277
24,2026-09-08T00:09:51.903537,1000,782,GET,/jobs/002,404,77.57439999841154
24,2026-09-08T00:09:51.903537,1000,783,POST,/jobs,201,122.26850003935397
24,2026-09-08T00:09:51.903537,1000,784,PUT,/jobs/002,404,123.58990008942783
24,2026-09-08T00:09:51.903537,1000,785,PUT,/jobs/1000,404,123.35529993288219
24,2026-09-08T00:09:51.903537,1000,786,GET,/jobs,200,78.85209994856268
24,2026-09-08T00:09:51.903537,1000,787,POST,/jobs,201,111.99120001401752
24,2026-09-08T00:09:51.903537,1000,788,POST,/jobs,201,112.61780001223087
24,2026-09-08T00:09:51.903537,1000,789,POST,/jobs,201,112.33340005856007
24,2026-09-08T00:09:51.903537,1000,790,GET,/jobs/1000,404,68.86600004509091
24,2026-09-08T00:09:51.903537,1000,791,PUT,/jobs/001,200,114.39290002454072
24,2026-09-08T00:09:51.903537,1000,792,GET,/jobs,200,71.7651000013575
24,2026-09-08T00:09:51.903537,1000,793,GET,/jobs,200,73.72460002079606
24,2026-09-08T00:09:51.903537,1000,794,GET,/jobs,200,72.19719991553575
24,2026-09-08T00:09:51.903537,1000,795,PUT,/jobs/001,200,114.4442999502644
24,2026-09-08T00:09:51.903537,1000,796,POST,/jobs,201,113.41620003804564
24,2026-09-08T00:09:51.903537,1000,797,GET,/jobs/1000,404,80.36929997615516
24,2026-09-08T00:09:51.903537,1000,798,GET,/jobs,200,76.07710000593215
24,2026-09-08T00:09:51.903537,1000,799,DELETE,/jobs/1000,404,80.66259999759495
24,2026-09-08T00:09:51.903537,1000,800,GET,/jobs,200,79.59480001591146
24,2026-09-08T00:09:51.903537,1000,801,PUT,/jobs/002,404,120.32559991348535
24,2026-09-08T00:09:51.903537,1000,802,PUT,/jobs/1000,404,121.08339997939765
24,2026-09-08T00:09:51.903537,1000,803,GET,/jobs,200,76.69979997444898
24,2026-09-08T00:09:51.903537,1000,804,POST,/jobs,201,113.12019999604672
24,2026-09-08T00:09:51.903537,1000,805,POST,/jobs,201,118.77330008428544
24,2026-09-08T00:09:51.903537,1000,806,GET,/jobs,200,77.03210006002337
24,2026-09-08T00:09:51.903537,1000,807,DELETE,/jobs/002,404,78.48669996019453
24,2026-09-08T00:09:51.903537,1000,808,GET,/jobs/1000,404,78.3225999912247
24,2026-09-08T00:09:51.903537,1000,809,PUT,/jobs/001,200,119.56260004080832
24,2026-09-08T00:09:51.903537,1000,810,GET,/jobs,200,75.85749996360391
24,2026-09-08T00:09:51.903537,1000,811,POST,/jobs,201,119.86340000294149
24,2026-09-08T00:09:51.903537,1000,812,DELETE,/jobs/1000,404,80.71200002450496
24,2026-09-08T00:09:51.903537,1000,813,GET,/jobs,200,71.94870000239462
24,2026-09-08T00:09:51.903537,1000,814,POST,/jobs,201,112.71590006072074
24,2026-09-08T00:09:51.903537,1000,815,GET,/jobs/002,404,80.77820006292313
24,2026-09-08T00:09:51.903537,1000,816,DELETE,/jobs/002,404,81.31659997161478
24,2026-09-08T00:09:51.903537,1000,817,DELETE,/jobs/1000,404,81.55650005210191
24,2026-09-08T00:09:51.903537,1000,818,GET,/jobs,200,79.49380006175488
24,2026-09-08T00:09:51.903537,1000,819,GET,/jobs/002,404,80.64489997923374
24,2026-09-08T00:09:51.903537,1000,820,POST,/jobs,201,112.69780003931373
24,2026-09-08T00:09:51.903537,1000,821,POST,/jobs,201,112.70870000589639
24,2026-09-08T00:09:51.903537,1000,822,GET,/jobs/001,200,123.68620000779629
24,2026-09-08T00:09:51.903537,1000,823,DELETE,/jobs/1000,404,80.5299999192357
24,2026-09-08T00:09:51.903537,1000,824,GET,/jobs,200,72.98180006910115
24,2026-09-08T00:09:51.903537,1000,825,GET,/jobs/1000,404,74.52609995380044
24,2026-09-08T00:09:51.903537,1000,826,GET,/jobs,200,73.72620003297925
24,2026-09-08T00:09:51.903537,1000,827,GET,/jobs,200,73.40590003877878
24,2026-09-08T00:09:51.903537,1000,828,DELETE,/jobs/002,404,72.42690003477037
24,2026-09-08T00:09:51.903537,1000,829,PUT,/jobs/002,404,113.92519995570183
24,2026-09-08T00:09:51.903537,1000,830,PUT,/jobs/002,404,118.67480003274977
24,2026-09-08T00:09:51.903537,1000,831,GET,/jobs/002,404,80.44679998420179
24,2026-09-08T00:09:51.903537,1000,832,POST,/jobs,201,117.62019991874695
24,2026-09-08T00:09:51.903537,1000,833,POST,/jobs,201,117.37420002464205
24,2026-09-08T00:09:51.903537,1000,834,DELETE,/jobs/002,404,81.1972999945283
24,2026-09-08T00:09:51.903537,1000,835,GET,/jobs,200,78.36799998767674
24,2026-09-08T00:09:51.903537,1000,836,GET,/jobs/001,200,119.3527999566868
24,2026-09-08T00:09:51.903537,1000,837,DELETE,/jobs/002,404,80.67339996341616
24,2026-09-08T00:09:51.903537,1000,838,GET,/jobs,200,78.48330005072057
24,2026-09-08T00:09:51.903537,1000,839,POST,/jobs,201,118.339299922809
24,2026-09-08T00:09:51.903537,1000,840,PUT,/jobs/002,404,112.94110002927482
24,2026-09-08T00:09:51.903537,1000,841,DELETE,/jobs/1000,404,79.46109992917627
24,2026-09-08T00:09:51.903537,1000,842,PUT,/jobs/002,404,114.44859998300672
24,2026-09-08T00:09:51.903537,1000,843,GET,/jobs/1000,404,79.59390000905842
24,2026-09-08T00:09:51.903537,1000,844,GET,/jobs,200,77.69299997016788
24,2026-09-08T00:09:51.903537,1000,845,POST,/jobs,201,107.38349996972829
24,2026-09-08T00:09:51.903537,1000,846,GET,/jobs,200,78.01240007393062
24,2026-09-08T00:09:51.903537,1000,847,POST,/jobs,201,107.70230006892234
24,2026-09-08T00:09:51.903537,1000,848,DELETE,/jobs/1000,404,79.30880005005747
24,2026-09-08T00:09:51.903537,1000,849,DELETE,/jobs/1000,404,79.34920000843704
24,2026-09-08T00:09:51.903537,1000,850,GET,/jobs,200,77.6221000123769
24,2026-09-08T00:09:51.903537,1000,851,GET,/jobs/002,404,79.16550000663847
24,2026-09-08T00:09:51.903537,1000,852,DELETE,/jobs/002,404,79.78899998124689
24,2026-09-08T00:09:51.903537,1000,853,GET,/jobs,200,69.43859998136759
24,2026-09-08T00:09:51.903537,1000,854,GET,/jobs/002,404,69.98809997458011
24,2026-09-08T00:09:51.903537,1000,855,GET,/jobs/001,200,104.8208000138402
24,2026-09-08T00:09:51.903537,1000,856,POST,/jobs,201,104.05139997601509
24,2026-09-08T00:09:51.903537,1000,857,POST,/jobs,201,107.53319994546473
24,2026-09-08T00:09:51.903537,1000,858,GET,/jobs,200,71.83979998808354
24,2026-09-08T00:09:51.903537,1000,859,PUT,/jobs/1000,404,107.2721000527963
24,2026-09-08T00:09:51.903537,1000,860,PUT,/jobs/001,200,107.89680003654212
24,2026-09-08T00:09:51.903537,1000,861,GET,/jobs/002,404,72.41779996547848
24,2026-09-08T00:09:51.903537,1000,862,DELETE,/jobs/002,404,71.86779996845871
24,2026-09-08T00:09:51.903537,1000,863,DELETE,/jobs/1000,404,74.74730000831187
24,2026-09-08T00:09:51.903537,1000,864,GET,/jobs,200,71.00889994762838
24,2026-09-08T00:09:51.903537,1000,865,PUT,/jobs/1000,404,111.55660008080304
24,2026-09-08T00:09:51.903537,1000,866,GET,/jobs,200,69.76440001744777
24,2026-09-08T00:09:51.903537,1000,867,PUT,/jobs/001,200,112.83879994880408
24,2026-09-08T00:09:51.903537,1000,868,PUT,/jobs/001,200,113.18530002608895
24,2026-09-08T00:09:51.903537,1000,869,POST,/jobs,201,112.36589995678514
24,2026-09-08T00:09:51.903537,1000,870,PUT,/jobs/1000,404,122.98540002666414
24,2026-09-08T00:09:51.903537,1000,871,PUT,/jobs/1000,404,114.01739995926619
24,2026-09-08T00:09:51.903537,1000,872,PUT,/jobs/002,404,114.73549995571375
24,2026-09-08T00:09:51.903537,1000,873,GET,/jobs,200,72.17910001054406
24,2026-09-08T00:09:51.903537,1000,874,PUT,/jobs/001,200,112.62419994454831
24,2026-09-08T00:09:51.903537,1000,875,POST,/jobs,201,113.21260000113398
24,2026-09-08T00:09:51.903537,1000,876,DELETE,/jobs/1000,404,70.94060000963509
24,2026-09-08T00:09:51.903537,1000,877,POST,/jobs,201,115.42519996874034
24,2026-09-08T00:09:51.903537,1000,878,PUT,/jobs/001,200,114.64360007084906
24,2026-09-08T00:09:51.903537,1000,879,GET,/jobs/002,404,69.72590007353574
24,2026-09-08T00:09:51.903537,1000,880,DELETE,/jobs/1000,404,69.3589000729844
24,2026-09-08T00:09:51.903537,1000,881,DELETE,/jobs/002,404,68.23710002936423
24,2026-09-08T00:09:51.903537,1000,882,PUT,/jobs/002,404,108.71019994374365
24,2026-09-08T00:09:51.903537,1000,883,POST,/jobs,201,112.00570000801235
24,2026-09-08T00:09:51.903537,1000,884,POST,/jobs,201,108.49769995547831
24,2026-09-08T00:09:51.903537,1000,885,GET,/jobs/001,200,113.03180002141744
24,2026-09-08T00:09:51.903537,1000,886,DELETE,/jobs/002,404,66.20579992886633
24,2026-09-08T00:09:51.903537,1000,887,DELETE,/jobs/002,404,65.65000000409782
24,2026-09-08T00:09:51.903537,1000,888,POST,/jobs,201,104.3065000558272
24,2026-09-08T00:09:51.903537,1000,889,GET,/jobs/001,200,113.35360002703965
24,2026-09-08T00:09:51.903537,1000,890,GET,/jobs,200,73.43799993395805
24,2026-09-08T00:09:51.903537,1000,891,GET,/jobs/002,404,74.87170002423227
24,2026-09-08T00:09:51.903537,1000,892,GET,/jobs/001,200,121.05730001349002
24,2026-09-08T00:09:51.903537,1000,893,DELETE,/jobs/002,404,81.68459997978061
24,2026-09-08T00:09:51.903537,1000,894,GET,/jobs,200,69.95040003675967
24,2026-09-08T00:09:51.903537,1000,895,GET,/jobs/1000,404,82.19139999710023
24,2026-09-08T00:09:51.903537,1000,896,PUT,/jobs/002,404,108.99460001382977
24,2026-09-08T00:09:51.903537,1000,897,DELETE,/jobs/1000,404,82.35100004822016
24,2026-09-08T00:09:51.903537,1000,898,DELETE,/jobs/1000,404,81.47169998846948
24,2026-09-08T00:09:51.903537,1000,899,POST,/jobs,201,110.03330000676215
24,2026-09-08T00:09:51.903537,1000,900,PUT,/jobs/001,200,108.45509998034686
24,2026-09-08T00:09:51.903537,1000,901,PUT,/jobs/002,404,110.53209996316582
24,2026-09-08T00:09:51.903537,1000,902,POST,/jobs,201,107.40140010602772
24,2026-09-08T00:09:51.903537,1000,903,POST,/jobs,201,104.42550003062934
24,2026-09-08T00:09:51.903537,1000,904,GET,/jobs,200,70.82689995877445
24,2026-09-08T00:09:51.903537,1000,905,POST,/jobs,201,108.80109993740916
24,2026-09-08T00:09:51.903537,1000,906,GET,/jobs,200,70.393200032413
24,2026-09-08T00:09:51.903537,1000,907,POST,/jobs,201,108.40489994734526
24,2026-09-08T00:09:51.903537,1000,908,PUT,/jobs/001,200,108.58939995523542
24,2026-09-08T00:09:51.903537,1000,909,GET,/jobs,200,69.64329991023988
24,2026-09-08T00:09:51.903537,1000,910,POST,/jobs,201,108.70049998629838
24,2026-09-08T00:09:51.903537,1000,911,POST,/jobs,201,108.97790000308305
24,2026-09-08T00:09:51.903537,1000,912,GET,/jobs,200,70.25450002402067
24,2026-09-08T00:09:51.903537,1000,913,DELETE,/jobs/1000,404,72.01890007127076
24,2026-09-08T00:09:51.903537,1000,914,PUT,/jobs/1000,404,108.21360000409186
24,2026-09-08T00:09:51.903537,1000,915,DELETE,/jobs/002,404,72.22550001461059
24,2026-09-08T00:09:51.903537,1000,916,PUT,/jobs/1000,404,109.16919994633645
24,2026-09-08T00:09:51.903537,1000,917,GET,/jobs/002,404,72.26389995776117
24,2026-09-08T00:09:51.903537,1000,918,DELETE,/jobs/1000,404,68.75639990903437
24,2026-09-08T00:09:51.903537,1000,919,DELETE,/jobs/002,404,68.52130009792745
24,2026-09-08T00:09:51.903537,1000,920,GET,/jobs,200,73.43410002067685
24,2026-09-08T00:09:51.903537,1000,921,PUT,/jobs/001,200,101.51060007046908
24,2026-09-08T00:09:51.903537,1000,922,POST,/jobs,201,105.88410007767379
24,2026-09-08T00:09:51.903537,1000,923,GET,/jobs,200,67.72209994960576
24,2026-09-08T00:09:51.903537,1000,924,DELETE,/jobs/002,404,66.93599990103394
24,2026-09-08T00:09:51.903537,1000,925,GET,/jobs,200,74.16389998979867
24,2026-09-08T00:09:51.903537,1000,926,GET,/jobs/1000,404,74.35759995132685
24,2026-09-08T00:09:51.903537,1000,927,PUT,/jobs/002,404,101.95599996950477
24,2026-09-08T00:09:51.903537,1000,928,DELETE,/jobs/002,404,74.34189994819462
24,2026-09-08T00:09:51.903537,1000,929,POST,/jobs,201,101.53819993138313
24,2026-09-08T00:09:51.903537,1000,930,POST,/jobs,201,102.48689993750304
24,2026-09-08T00:09:51.903537,1000,931,PUT,/jobs/002,404,105.54999997839332
24,2026-09-08T00:09:51.903537,1000,932,DELETE,/jobs/002,404,75.11660002637655
24,2026-09-08T00:09:51.903537,1000,933,POST,/jobs,201,100.02989997155964
24,2026-09-08T00:09:51.903537,1000,934,POST,/jobs,201,105.06339999847114
24,2026-09-08T00:09:51.903537,1000,935,DELETE,/jobs/1000,404,74.60749999154359
24,2026-09-08T00:09:51.903537,1000,936,POST,/jobs,201,102.05900005530566
24,2026-09-08T00:09:51.903537,1000,937,DELETE,/jobs/002,404,75.85369993466884
24,2026-09-08T00:09:51.903537,1000,938,POST,/jobs,201,102.81340009532869
24,2026-09-08T00:09:51.903537,1000,939,DELETE,/jobs/002,404,75.32379997428507
24,2026-09-08T00:09:51.903537,1000,940,POST,/jobs,201,102.26610000245273
24,2026-09-08T00:09:51.903537,1000,941,PUT,/jobs/001,200,101.83889989275485
24,2026-09-08T00:09:51.903537,1000,942,DELETE,/jobs/002,404,75.10210003238171
24,2026-09-08T00:09:51.903537,1000,943,POST,/jobs,201,103.06240001227707
24,2026-09-08T00:09:51.903537,1000,944,PUT,/jobs/1000,404,97.26479998789728
24,2026-09-08T00:09:51.903537,1000,945,POST,/jobs,201,98.22699998039752
24,2026-09-08T00:09:51.903537,1000,946,GET,/jobs/1000,404,72.89089995902032
24,2026-09-08T00:09:51.903537,1000,947,DELETE,/jobs/002,404,72.89849990047514
24,2026-09-08T00:09:51.903537,1000,948,PUT,/jobs/1000,404,97.8376999264583
24,2026-09-08T00:09:51.903537,1000,949,POST,/jobs,201,93.10669999103993
24,2026-09-08T00:09:51.903537,1000,950,POST,/jobs,201,91.96029999293387
24,2026-09-08T00:09:51.903537,1000,951,GET,/jobs/001,200,95.66979994997382
24,2026-09-08T00:09:51.903537,1000,952,POST,/jobs,201,94.38240004237741
24,2026-09-08T00:09:51.903537,1000,953,PUT,/jobs/001,200,96.80069994647056
24,2026-09-08T00:09:51.903537,1000,954,GET,/jobs/001,200,95.06910003256053
24,2026-09-08T00:09:51.903537,1000,955,GET,/jobs/001,200,90.82489996217191
24,2026-09-08T00:09:51.903537,1000,956,POST,/jobs,201,96.26610006671399
24,2026-09-08T00:09:51.903537,1000,957,GET,/jobs,200,64.76379989180714
24,2026-09-08T00:09:51.903537,1000,958,DELETE,/jobs/002,404,66.899299970828
24,2026-09-08T00:09:51.903537,1000,959,POST,/jobs,201,89.44070001598448
24,2026-09-08T00:09:51.903537,1000,960,DELETE,/jobs/002,404,65.65090001095086
24,2026-09-08T00:09:51.903537,1000,961,DELETE,/jobs/1000,404,62.44480004534125
24,2026-09-08T00:09:51.903537,1000,962,GET,/jobs/001,200,92.72489999420941
24,2026-09-08T00:09:51.903537,1000,963,GET,/jobs/1000,404,63.99910000618547
24,2026-09-08T00:09:51.903537,1000,964,DELETE,/jobs/002,404,62.741499976255
24,2026-09-08T00:09:51.903537,1000,965,PUT,/jobs/001,200,91.25920000951737
24,2026-09-08T00:09:51.903537,1000,966,PUT,/jobs/002,404,91.3281999528408
24,2026-09-08T00:09:51.903537,1000,967,GET,/jobs/002,404,62.97299999278039
24,2026-09-08T00:09:51.903537,1000,968,DELETE,/jobs/1000,404,57.93649994302541
24,2026-09-08T00:09:51.903537,1000,969,PUT,/jobs/001,200,82.98499998636544
24,2026-09-08T00:09:51.903537,1000,970,DELETE,/jobs/002,404,58.15040005836636
24,2026-09-08T00:09:51.903537,1000,971,POST,/jobs,201,82.56450004409999
24,2026-09-08T00:09:51.903537,1000,972,PUT,/jobs/001,200,82.38530007656664
24,2026-09-08T00:09:51.903537,1000,973,POST,/jobs,201,78.31860007718205
24,2026-09-08T00:09:51.903537,1000,974,DELETE,/jobs/1000,404,52.599400049075484
24,2026-09-08T00:09:51.903537,1000,975,PUT,/jobs/002,404,73.10420006979257
24,2026-09-08T00:09:51.903537,1000,976,PUT,/jobs/1000,404,74.34179994743317
24,2026-09-08T00:09:51.903537,1000,977,DELETE,/jobs/1000,404,61.5502999862656
24,2026-09-08T00:09:51.903537,1000,978,GET,/jobs/001,200,75.9729000274092
24,2026-09-08T00:09:51.903537,1000,979,DELETE,/jobs/002,404,59.92970010265708
24,2026-09-08T00:09:51.903537,1000,980,POST,/jobs,201,73.50619998760521
24,2026-09-08T00:09:51.903537,1000,981,PUT,/jobs/002,404,73.74340004753321
24,2026-09-08T00:09:51.903537,1000,982,DELETE,/jobs/002,404,60.67199993412942
24,2026-09-08T00:09:51.903537,1000,983,DELETE,/jobs/002,404,60.19580003339797
24,2026-09-08T00:09:51.903537,1000,984,POST,/jobs,201,73.85629997588694
24,2026-09-08T00:09:51.903537,1000,985,GET,/jobs/002,404,55.24070002138615
24,2026-09-08T00:09:51.903537,1000,986,PUT,/jobs/1000,404,63.93910001497716
24,2026-09-08T00:09:51.903537,1000,987,GET,/jobs/002,404,51.11200001556426
24,2026-09-08T00:09:51.903537,1000,988,GET,/jobs,200,51.8261999823153
24,2026-09-08T00:09:51.903537,1000,989,GET,/jobs/002,404,53.13680006656796
24,2026-09-08T00:09:51.903537,1000,990,POST,/jobs,201,65.91480004135519
24,2026-09-08T00:09:51.903537,1000,991,PUT,/jobs/001,200,64.88170009106398
24,2026-09-08T00:09:51.903537,1000,992,PUT,/jobs/1000,404,66.11419992987067
24,2026-09-08T00:09:51.903537,1000,993,POST,/jobs,201,64.46580006740987
24,2026-09-08T00:09:51.903537,1000,994,PUT,/jobs/001,200,65.33699994906783
24,2026-09-08T00:09:51.903537,1000,995,POST,/jobs,201,65.57370000518858
24,2026-09-08T00:09:51.903537,1000,996,GET,/jobs,200,53.26810001861304
24,2026-09-08T00:09:51.903537,1000,997,POST,/jobs,201,63.409100053831935
24,2026-09-08T00:09:51.903537,1000,998,POST,/jobs,201,64.66359994374216
24,2026-09-08T00:09:51.903537,1000,999,GET,/jobs/001,200,66.92659994587302
24,2026-09-08T00:09:51.903537,1000,1000,GET,/jobs,200,45.1971999136731
25,2026-09-08T00:09:53.454984,1000,1,GET,/jobs,200,7.514700060710311
25,2026-09-08T00:09:53.454984,1000,2,GET,/jobs,200,35.22510000038892
25,2026-09-08T00:09:53.454984,1000,3,POST,/jobs,201,133.39159998577088
25,2026-09-08T00:09:53.454984,1000,4,GET,/jobs/001,200,91.40310005750507
25,2026-09-08T00:09:53.454984,1000,5,GET,/jobs,200,47.24099999293685
25,2026-09-08T00:09:53.454984,1000,6,DELETE,/jobs/002,200,42.44390001986176
25,2026-09-08T00:09:53.454984,1000,7,DELETE,/jobs/1000,404,48.47190005239099
25,2026-09-08T00:09:53.454984,1000,8,GET,/jobs,200,45.5864000832662
25,2026-09-08T00:09:53.454984,1000,9,GET,/jobs,200,46.940899919718504
25,2026-09-08T00:09:53.454984,1000,10,GET,/jobs,200,47.354500042274594
25,2026-09-08T00:09:53.454984,1000,11,GET,/jobs/001,200,103.58700004871935
25,2026-09-08T00:09:53.454984,1000,12,DELETE,/jobs/002,404,50.406499998643994
25,2026-09-08T00:09:53.454984,1000,13,DELETE,/jobs/002,404,51.873099990189075
25,2026-09-08T00:09:53.454984,1000,14,DELETE,/jobs/1000,404,53.94100002013147
25,2026-09-08T00:09:53.454984,1000,15,GET,/jobs/002,404,54.912300081923604
25,2026-09-08T00:09:53.454984,1000,16,DELETE,/jobs/1000,404,50.75140006374568
25,2026-09-08T00:09:53.454984,1000,17,GET,/jobs,200,46.41569999512285
25,2026-09-08T00:09:53.454984,1000,18,GET,/jobs/1000,404,54.71679999027401
25,2026-09-08T00:09:53.454984,1000,19,PUT,/jobs/002,404,118.80789999850094
25,2026-09-08T00:09:53.454984,1000,20,POST,/jobs,201,128.53520002681762
25,2026-09-08T00:09:53.454984,1000,21,GET,/jobs/002,404,53.54250001255423
25,2026-09-08T00:09:53.454984,1000,22,GET,/jobs,200,46.70989990700036
25,2026-09-08T00:09:53.454984,1000,23,GET,/jobs,200,46.86660005245358
25,2026-09-08T00:09:53.454984,1000,24,PUT,/jobs/001,200,113.87420003302395
25,2026-09-08T00:09:53.454984,1000,25,POST,/jobs,201,123.21270001120865
25,2026-09-08T00:09:53.454984,1000,26,POST,/jobs,201,118.00259992014617
25,2026-09-08T00:09:53.454984,1000,27,POST,/jobs,201,118.65650000981987
25,2026-09-08T00:09:53.454984,1000,28,GET,/jobs,200,57.082199957221746
25,2026-09-08T00:09:53.454984,1000,29,PUT,/jobs/1000,404,116.23469996266067
25,2026-09-08T00:09:53.454984,1000,30,GET,/jobs,200,54.57160004880279
25,2026-09-08T00:09:53.454984,1000,31,PUT,/jobs/001,200,117.46249999850988
25,2026-09-08T00:09:53.454984,1000,32,DELETE,/jobs/1000,404,76.78310002665967
25,2026-09-08T00:09:53.454984,1000,33,DELETE,/jobs/1000,404,69.57099994178861
25,2026-09-08T00:09:53.454984,1000,34,DELETE,/jobs/002,404,73.61199997831136
25,2026-09-08T00:09:53.454984,1000,35,GET,/jobs,200,50.9037000592798
25,2026-09-08T00:09:53.454984,1000,36,GET,/jobs,200,56.73790001310408
25,2026-09-08T00:09:53.454984,1000,37,GET,/jobs/002,404,73.32149997819215
25,2026-09-08T00:09:53.454984,1000,38,GET,/jobs,200,55.09529996197671
25,2026-09-08T00:09:53.454984,1000,39,GET,/jobs/001,200,125.12800004333258
25,2026-09-08T00:09:53.454984,1000,40,PUT,/jobs/002,404,114.47869997937232
25,2026-09-08T00:09:53.454984,1000,41,PUT,/jobs/1000,404,113.33469999954104
25,2026-09-08T00:09:53.454984,1000,42,POST,/jobs,201,122.59289994835854
25,2026-09-08T00:09:53.454984,1000,43,POST,/jobs,201,121.83379998896271
25,2026-09-08T00:09:53.454984,1000,44,GET,/jobs/1000,404,70.67849999293685
25,2026-09-08T00:09:53.454984,1000,45,POST,/jobs,201,115.66979996860027
25,2026-09-08T00:09:53.454984,1000,46,GET,/jobs,200,50.54500000551343
25,2026-09-08T00:09:53.454984,1000,47,DELETE,/jobs/002,404,72.99110002350062
25,2026-09-08T00:09:53.454984,1000,48,DELETE,/jobs/002,404,77.12350005749613
25,2026-09-08T00:09:53.454984,1000,49,GET,/jobs/002,404,58.950399979949
25,2026-09-08T00:09:53.454984,1000,50,PUT,/jobs/002,404,121.58020003698766
25,2026-09-08T00:09:53.454984,1000,51,DELETE,/jobs/002,404,77.20689999405295
25,2026-09-08T00:09:53.454984,1000,52,POST,/jobs,201,123.52030002512038
25,2026-09-08T00:09:53.454984,1000,53,GET,/jobs,200,68.22829996235669
25,2026-09-08T00:09:53.454984,1000,54,GET,/jobs/001,200,139.77279991377145
25,2026-09-08T00:09:53.454984,1000,55,POST,/jobs,201,136.40059996396303
25,2026-09-08T00:09:53.454984,1000,56,POST,/jobs,201,127.07149994093925
25,2026-09-08T00:09:53.454984,1000,57,GET,/jobs/1000,404,81.04180009104311
25,2026-09-08T00:09:53.454984,1000,58,POST,/jobs,201,130.69420005194843
25,2026-09-08T00:09:53.454984,1000,59,PUT,/jobs/002,404,129.71869995817542
25,2026-09-08T00:09:53.454984,1000,60,PUT,/jobs/001,200,128.32160003017634
25,2026-09-08T00:09:53.454984,1000,61,POST,/jobs,201,130.30279998201877
25,2026-09-08T00:09:53.454984,1000,62,GET,/jobs/1000,404,80.69329999852926
25,2026-09-08T00:09:53.454984,1000,63,DELETE,/jobs/1000,404,81.41679991967976
25,2026-09-08T00:09:53.454984,1000,64,DELETE,/jobs/1000,404,75.74660005047917
25,2026-09-08T00:09:53.454984,1000,65,DELETE,/jobs/1000,404,88.12030008994043
25,2026-09-08T00:09:53.454984,1000,66,POST,/jobs,201,128.79440002143383
25,2026-09-08T00:09:53.454984,1000,67,GET,/jobs/1000,404,76.36009994894266
25,2026-09-08T00:09:53.454984,1000,68,PUT,/jobs/001,200,128.70330002624542
25,2026-09-08T00:09:53.454984,1000,69,GET,/jobs,200,61.25910009723157
25,2026-09-08T00:09:53.454984,1000,70,GET,/jobs,200,53.547500050626695
25,2026-09-08T00:09:53.454984,1000,71,GET,/jobs/1000,404,87.83209999091923
25,2026-09-08T00:09:53.454984,1000,72,GET,/jobs/1000,404,85.35810001194477
25,2026-09-08T00:09:53.454984,1000,73,PUT,/jobs/1000,404,131.38889998663217
25,2026-09-08T00:09:53.454984,1000,74,GET,/jobs,200,63.144000014290214
25,2026-09-08T00:09:53.454984,1000,75,PUT,/jobs/002,404,129.08610003069043
25,2026-09-08T00:09:53.454984,1000,76,DELETE,/jobs/1000,404,73.935899999924
25,2026-09-08T00:09:53.454984,1000,77,DELETE,/jobs/1000,404,73.47439997829497
25,2026-09-08T00:09:53.454984,1000,78,DELETE,/jobs/002,404,86.91740001086146
25,2026-09-08T00:09:53.454984,1000,79,GET,/jobs,200,62.66779999714345
25,2026-09-08T00:09:53.454984,1000,80,DELETE,/jobs/1000,404,80.9308000607416
25,2026-09-08T00:09:53.454984,1000,81,POST,/jobs,201,129.33599995449185
25,2026-09-08T00:09:53.454984,1000,82,POST,/jobs,201,130.0323000177741
25,2026-09-08T00:09:53.454984,1000,83,GET,/jobs/002,404,79.40669998060912
25,2026-09-08T00:09:53.454984,1000,84,GET,/jobs,200,62.32759996782988
25,2026-09-08T00:09:53.454984,1000,85,POST,/jobs,201,130.73960004840046
25,2026-09-08T00:09:53.454984,1000,86,GET,/jobs/1000,404,81.8233999889344
25,2026-09-08T00:09:53.454984,1000,87,GET,/jobs,200,63.02439991850406
25,2026-09-08T00:09:53.454984,1000,88,POST,/jobs,201,129.8841000534594
25,2026-09-08T00:09:53.454984,1000,89,DELETE,/jobs/002,404,79.83060006517917
25,2026-09-08T00:09:53.454984,1000,90,GET,/jobs/002,404,74.72769997548312
25,2026-09-08T00:09:53.454984,1000,91,GET,/jobs/1000,404,83.4542999509722
25,2026-09-08T00:09:53.454984,1000,92,DELETE,/jobs/002,404,73.93660000525415
25,2026-09-08T00:09:53.454984,1000,93,DELETE,/jobs/1000,404,81.67040010448545
25,2026-09-08T00:09:53.454984,1000,94,PUT,/jobs/001,200,122.52460001036525
25,2026-09-08T00:09:53.454984,1000,95,GET,/jobs,200,62.75499996263534
25,2026-09-08T00:09:53.454984,1000,96,POST,/jobs,201,120.9989000344649
25,2026-09-08T00:09:53.454984,1000,97,POST,/jobs,201,121.50960008148104
25,2026-09-08T00:09:53.454984,1000,98,GET,/jobs,200,68.74949997290969
25,2026-09-08T00:09:53.454984,1000,99,GET,/jobs/1000,404,84.05730000231415
25,2026-09-08T00:09:53.454984,1000,100,GET,/jobs,200,70.29469998087734
25,2026-09-08T00:09:53.454984,1000,101,GET,/jobs,200,86.56159997917712
25,2026-09-08T00:09:53.454984,1000,102,PUT,/jobs/001,200,112.95900004915893
25,2026-09-08T00:09:53.454984,1000,103,DELETE,/jobs/002,404,96.5535999275744
25,2026-09-08T00:09:53.454984,1000,104,GET,/jobs/1000,404,93.12630002386868
25,2026-09-08T00:09:53.454984,1000,105,PUT,/jobs/1000,404,106.83619999326766
25,2026-09-08T00:09:53.454984,1000,106,GET,/jobs/002,404,100.04699998535216
25,2026-09-08T00:09:53.454984,1000,107,DELETE,/jobs/1000,404,92.47899998445064
25,2026-09-08T00:09:53.454984,1000,108,GET,/jobs/1000,404,99.799899966456
25,2026-09-08T00:09:53.454984,1000,109,GET,/jobs/1000,404,99.10830005537719
25,2026-09-08T00:09:53.454984,1000,110,POST,/jobs,201,105.1053999690339
25,2026-09-08T00:09:53.454984,1000,111,POST,/jobs,201,109.09819998778403
25,2026-09-08T00:09:53.454984,1000,112,DELETE,/jobs/1000,404,91.24800004065037
25,2026-09-08T00:09:53.454984,1000,113,GET,/jobs,200,88.03790004458278
25,2026-09-08T00:09:53.454984,1000,114,GET,/jobs/001,200,137.85939989611506
25,2026-09-08T00:09:53.454984,1000,115,GET,/jobs,200,81.25489996746182
25,2026-09-08T00:09:53.454984,1000,116,POST,/jobs,201,99.70249992329627
25,2026-09-08T00:09:53.454984,1000,117,DELETE,/jobs/002,404,91.00739995483309
25,2026-09-08T00:09:53.454984,1000,118,DELETE,/jobs/002,404,86.42940002027899
25,2026-09-08T00:09:53.454984,1000,119,GET,/jobs,200,83.66609993390739
25,2026-09-08T00:09:53.454984,1000,120,GET,/jobs,200,84.79700004681945
25,2026-09-08T00:09:53.454984,1000,121,GET,/jobs,200,80.18100005574524
25,2026-09-08T00:09:53.454984,1000,122,GET,/jobs/001,200,122.98049998935312
25,2026-09-08T00:09:53.454984,1000,123,GET,/jobs,200,82.0756999310106
25,2026-09-08T00:09:53.454984,1000,124,POST,/jobs,201,106.33689991664141
25,2026-09-08T00:09:53.454984,1000,125,DELETE,/jobs/002,404,82.4502999894321
25,2026-09-08T00:09:53.454984,1000,126,POST,/jobs,201,105.96259997691959
25,2026-09-08T00:09:53.454984,1000,127,PUT,/jobs/001,200,110.30159995425493
25,2026-09-08T00:09:53.454984,1000,128,DELETE,/jobs/002,404,76.6295000212267
25,2026-09-08T00:09:53.454984,1000,129,DELETE,/jobs/1000,404,76.36629999615252
25,2026-09-08T00:09:53.454984,1000,130,GET,/jobs/002,404,77.1094000665471
25,2026-09-08T00:09:53.454984,1000,131,PUT,/jobs/001,200,111.4183000754565
25,2026-09-08T00:09:53.454984,1000,132,GET,/jobs,200,76.85090007726103
25,2026-09-08T00:09:53.454984,1000,133,GET,/jobs,200,77.43259996641427
25,2026-09-08T00:09:53.454984,1000,134,PUT,/jobs/002,404,110.03580002579838
25,2026-09-08T00:09:53.454984,1000,135,PUT,/jobs/002,404,116.03140004444867
25,2026-09-08T00:09:53.454984,1000,136,PUT,/jobs/1000,404,109.71600003540516
25,2026-09-08T00:09:53.454984,1000,137,GET,/jobs,200,66.32189999800175
25,2026-09-08T00:09:53.454984,1000,138,GET,/jobs,200,65.59130002278835
25,2026-09-08T00:09:53.454984,1000,139,GET,/jobs,200,67.18470004852861
25,2026-09-08T00:09:53.454984,1000,140,PUT,/jobs/1000,404,110.64929992426187
25,2026-09-08T00:09:53.454984,1000,141,POST,/jobs,201,112.89049999322742
25,2026-09-08T00:09:53.454984,1000,142,GET,/jobs,200,69.62209998164326
25,2026-09-08T00:09:53.454984,1000,143,GET,/jobs/001,200,111.46859999280423
25,2026-09-08T00:09:53.454984,1000,144,GET,/jobs/1000,404,70.05009998101741
25,2026-09-08T00:09:53.454984,1000,145,PUT,/jobs/001,200,113.1908999523148
25,2026-09-08T00:09:53.454984,1000,146,PUT,/jobs/001,200,139.33059992268682
25,2026-09-08T00:09:53.454984,1000,147,POST,/jobs,201,137.7816000021994
25,2026-09-08T00:09:53.454984,1000,148,GET,/jobs/001,200,127.72150000091642
25,2026-09-08T00:09:53.454984,1000,149,PUT,/jobs/1000,404,138.48790002521127
25,2026-09-08T00:09:53.454984,1000,150,GET,/jobs,200,79.47029999922961
25,2026-09-08T00:09:53.454984,1000,151,GET,/jobs,200,71.76299998536706
25,2026-09-08T00:09:53.454984,1000,152,DELETE,/jobs/002,404,79.91639990359545
25,2026-09-08T00:09:53.454984,1000,153,GET,/jobs,200,79.16750002186745
25,2026-09-08T00:09:53.454984,1000,154,GET,/jobs/001,200,128.08059994131327
25,2026-09-08T00:09:53.454984,1000,155,PUT,/jobs/002,404,151.3925000326708
25,2026-09-08T00:09:53.454984,1000,156,PUT,/jobs/001,200,151.1737999971956
25,2026-09-08T00:09:53.454984,1000,157,PUT,/jobs/001,200,151.72409999649972
25,2026-09-08T00:09:53.454984,1000,158,GET,/jobs/002,404,79.17929999530315
25,2026-09-08T00:09:53.454984,1000,159,GET,/jobs,200,78.3742000348866
25,2026-09-08T00:09:53.454984,1000,160,PUT,/jobs/002,404,147.18149998225272
25,2026-09-08T00:09:53.454984,1000,161,PUT,/jobs/002,404,150.4677999764681
25,2026-09-08T00:09:53.454984,1000,162,PUT,/jobs/1000,404,150.83170006982982
25,2026-09-08T00:09:53.454984,1000,163,DELETE,/jobs/1000,404,78.9234999101609
25,2026-09-08T00:09:53.454984,1000,164,GET,/jobs/001,200,138.12589994631708
25,2026-09-08T00:09:53.454984,1000,165,POST,/jobs,201,160.78459995333105
25,2026-09-08T00:09:53.454984,1000,166,GET,/jobs,200,72.89830001536757
25,2026-09-08T00:09:53.454984,1000,167,DELETE,/jobs/002,404,82.22199999727309
25,2026-09-08T00:09:53.454984,1000,168,POST,/jobs,201,164.17760006152093
25,2026-09-08T00:09:53.454984,1000,169,GET,/jobs,200,84.7770000109449
25,2026-09-08T00:09:53.454984,1000,170,DELETE,/jobs/1000,404,94.28759990260005
25,2026-09-08T00:09:53.454984,1000,171,DELETE,/jobs/002,404,95.4935000045225
25,2026-09-08T00:09:53.454984,1000,172,GET,/jobs,200,79.90160002373159
25,2026-09-08T00:09:53.454984,1000,173,DELETE,/jobs/002,404,97.51670004334301
25,2026-09-08T00:09:53.454984,1000,174,GET,/jobs/001,200,156.78979991935194
25,2026-09-08T00:09:53.454984,1000,175,DELETE,/jobs/002,404,85.30969999264926
25,2026-09-08T00:09:53.454984,1000,176,GET,/jobs/002,404,98.11469994019717
25,2026-09-08T00:09:53.454984,1000,177,GET,/jobs,200,85.28579992707819
25,2026-09-08T00:09:53.454984,1000,178,DELETE,/jobs/002,404,98.3171999687329
25,2026-09-08T00:09:53.454984,1000,179,DELETE,/jobs/002,404,102.45679994113743
25,2026-09-08T00:09:53.454984,1000,180,DELETE,/jobs/002,404,113.20239992346615
25,2026-09-08T00:09:53.454984,1000,181,PUT,/jobs/1000,404,155.66899999976158
25,2026-09-08T00:09:53.454984,1000,182,DELETE,/jobs/1000,404,113.761099986732
25,2026-09-08T00:09:53.454984,1000,183,POST,/jobs,201,155.37280007265508
25,2026-09-08T00:09:53.454984,1000,184,POST,/jobs,201,162.0886999880895
25,2026-09-08T00:09:53.454984,1000,185,POST,/jobs,201,158.78009994048625
25,2026-09-08T00:09:53.454984,1000,186,GET,/jobs/1000,404,122.42189992684871
25,2026-09-08T00:09:53.454984,1000,187,POST,/jobs,201,158.39549992233515
25,2026-09-08T00:09:53.454984,1000,188,POST,/jobs,201,159.2857000650838
25,2026-09-08T00:09:53.454984,1000,189,GET,/jobs,200,92.22590003628284
25,2026-09-08T00:09:53.454984,1000,190,GET,/jobs,200,92.61060005519539
25,2026-09-08T00:09:53.454984,1000,191,PUT,/jobs/1000,404,160.28720000758767
25,2026-09-08T00:09:53.454984,1000,192,DELETE,/jobs/002,404,117.88590007927269
25,2026-09-08T00:09:53.454984,1000,193,GET,/jobs,200,91.77609998732805
25,2026-09-08T00:09:53.454984,1000,194,DELETE,/jobs/002,404,120.22010004147887
25,2026-09-08T00:09:53.454984,1000,195,DELETE,/jobs/1000,404,113.07700001634657
25,2026-09-08T00:09:53.454984,1000,196,GET,/jobs/002,404,119.90589997731149
25,2026-09-08T00:09:53.454984,1000,197,GET,/jobs,200,105.58730002958328
25,2026-09-08T00:09:53.454984,1000,198,GET,/jobs/002,404,129.05849993694574
25,2026-09-08T00:09:53.454984,1000,199,POST,/jobs,201,149.4109999621287
25,2026-09-08T00:09:53.454984,1000,200,PUT,/jobs/1000,404,151.9740999210626
25,2026-09-08T00:09:53.454984,1000,201,POST,/jobs,201,148.5017000231892
25,2026-09-08T00:09:53.454984,1000,202,DELETE,/jobs/002,404,124.44069993216544
25,2026-09-08T00:09:53.454984,1000,203,DELETE,/jobs/1000,404,118.19820001255721
25,2026-09-08T00:09:53.454984,1000,204,GET,/jobs,200,105.16809998080134
25,2026-09-08T00:09:53.454984,1000,205,GET,/jobs/002,404,119.0131000475958
25,2026-09-08T00:09:53.454984,1000,206,GET,/jobs,200,112.50589997507632
25,2026-09-08T00:09:53.454984,1000,207,GET,/jobs,200,108.60929999034852
25,2026-09-08T00:09:53.454984,1000,208,DELETE,/jobs/002,404,120.6314000301063
25,2026-09-08T00:09:53.454984,1000,209,POST,/jobs,201,143.48369999788702
25,2026-09-08T00:09:53.454984,1000,210,DELETE,/jobs/002,404,123.23479994665831
25,2026-09-08T00:09:53.454984,1000,211,POST,/jobs,201,148.0779000557959
25,2026-09-08T00:09:53.454984,1000,212,POST,/jobs,201,151.63019997999072
25,2026-09-08T00:09:53.454984,1000,213,PUT,/jobs/002,404,144.19140003155917
25,2026-09-08T00:09:53.454984,1000,214,GET,/jobs,200,109.87410007510334
25,2026-09-08T00:09:53.454984,1000,215,GET,/jobs,200,109.3985999468714
25,2026-09-08T00:09:53.454984,1000,216,PUT,/jobs/002,404,142.293700017035
25,2026-09-08T00:09:53.454984,1000,217,GET,/jobs,200,111.42289999406785
25,2026-09-08T00:09:53.454984,1000,218,GET,/jobs,200,105.91879999265075
25,2026-09-08T00:09:53.454984,1000,219,POST,/jobs,201,154.5577000360936
25,2026-09-08T00:09:53.454984,1000,220,GET,/jobs/1000,404,110.9715000493452
25,2026-09-08T00:09:53.454984,1000,221,POST,/jobs,201,154.18239997234195
25,2026-09-08T00:09:53.454984,1000,222,PUT,/jobs/1000,404,145.04430000670254
25,2026-09-08T00:09:53.454984,1000,223,PUT,/jobs/1000,404,158.5789000382647
25,2026-09-08T00:09:53.454984,1000,224,GET,/jobs,200,108.39209996629506
25,2026-09-08T00:09:53.454984,1000,225,GET,/jobs,200,106.42470000311732
25,2026-09-08T00:09:53.454984,1000,226,GET,/jobs,200,107.3078999761492
25,2026-09-08T00:09:53.454984,1000,227,GET,/jobs/1000,404,111.48469999898225
25,2026-09-08T00:09:53.454984,1000,228,GET,/jobs,200,109.20679999981076
25,2026-09-08T00:09:53.454984,1000,229,POST,/jobs,201,156.22340003028512
25,2026-09-08T00:09:53.454984,1000,230,DELETE,/jobs/002,404,113.77219995483756
25,2026-09-08T00:09:53.454984,1000,231,PUT,/jobs/001,200,148.9776000380516
25,2026-09-08T00:09:53.454984,1000,232,GET,/jobs,200,114.37389999628067
25,2026-09-08T00:09:53.454984,1000,233,POST,/jobs,201,152.56770001724362
25,2026-09-08T00:09:53.454984,1000,234,GET,/jobs,200,104.69069995451719
25,2026-09-08T00:09:53.454984,1000,235,POST,/jobs,201,152.0765998866409
25,2026-09-08T00:09:53.454984,1000,236,GET,/jobs/1000,404,109.32490008417517
25,2026-09-08T00:09:53.454984,1000,237,GET,/jobs,200,105.3539999993518
25,2026-09-08T00:09:53.454984,1000,238,POST,/jobs,201,152.31609996408224
25,2026-09-08T00:09:53.454984,1000,239,DELETE,/jobs/1000,404,109.02259999420494
25,2026-09-08T00:09:53.454984,1000,240,DELETE,/jobs/002,404,110.7404000358656
25,2026-09-08T00:09:53.454984,1000,241,GET,/jobs/001,200,164.7548999171704
25,2026-09-08T00:09:53.454984,1000,242,GET,/jobs/002,404,108.64170000422746
25,2026-09-08T00:09:53.454984,1000,243,GET,/jobs,200,108.89679996762425
25,2026-09-08T00:09:53.454984,1000,244,GET,/jobs/1000,404,109.9539001006633
25,2026-09-08T00:09:53.454984,1000,245,POST,/jobs,201,149.97660007793456
25,2026-09-08T00:09:53.454984,1000,246,PUT,/jobs/1000,404,148.73150002676994
25,2026-09-08T00:09:53.454984,1000,247,GET,/jobs/002,404,110.3179999627173
25,2026-09-08T00:09:53.454984,1000,248,GET,/jobs/1000,404,109.90719997789711
25,2026-09-08T00:09:53.454984,1000,249,GET,/jobs,200,93.70750002563
25,2026-09-08T00:09:53.454984,1000,250,PUT,/jobs/001,200,147.97639998141676
25,2026-09-08T00:09:53.454984,1000,251,PUT,/jobs/001,200,145.99449990782887
25,2026-09-08T00:09:53.454984,1000,252,GET,/jobs/002,404,98.84410002268851
25,2026-09-08T00:09:53.454984,1000,253,POST,/jobs,201,146.33220003452152
25,2026-09-08T00:09:53.454984,1000,254,GET,/jobs/001,200,142.6901000086218
25,2026-09-08T00:09:53.454984,1000,255,GET,/jobs,200,101.96250001899898
25,2026-09-08T00:09:53.454984,1000,256,GET,/jobs/002,404,102.04809997230768
25,2026-09-08T00:09:53.454984,1000,257,POST,/jobs,201,142.26079999934882
25,2026-09-08T00:09:53.454984,1000,258,GET,/jobs,200,94.5322000188753
25,2026-09-08T00:09:53.454984,1000,259,POST,/jobs,201,137.96480000019073
25,2026-09-08T00:09:53.454984,1000,260,DELETE,/jobs/1000,404,95.51219991408288
25,2026-09-08T00:09:53.454984,1000,261,DELETE,/jobs/1000,404,95.99469997920096
25,2026-09-08T00:09:53.454984,1000,262,GET,/jobs,200,93.81490002851933
25,2026-09-08T00:09:53.454984,1000,263,GET,/jobs,200,94.18730007018894
25,2026-09-08T00:09:53.454984,1000,264,POST,/jobs,201,138.08149995747954
25,2026-09-08T00:09:53.454984,1000,265,DELETE,/jobs/1000,404,101.11699998378754
25,2026-09-08T00:09:53.454984,1000,266,GET,/jobs,200,96.34290006943047
25,2026-09-08T00:09:53.454984,1000,267,GET,/jobs,200,94.46900000330061
25,2026-09-08T00:09:53.454984,1000,268,DELETE,/jobs/1000,404,100.6319000152871
25,2026-09-08T00:09:53.454984,1000,269,POST,/jobs,201,135.7166999951005
25,2026-09-08T00:09:53.454984,1000,270,POST,/jobs,201,136.05859992094338
25,2026-09-08T00:09:53.454984,1000,271,DELETE,/jobs/002,404,93.96379999816418
25,2026-09-08T00:09:53.454984,1000,272,PUT,/jobs/1000,404,136.36409991886467
25,2026-09-08T00:09:53.454984,1000,273,GET,/jobs/002,404,97.39040001295507
25,2026-09-08T00:09:53.454984,1000,274,GET,/jobs,200,87.55840000230819
25,2026-09-08T00:09:53.454984,1000,275,PUT,/jobs/001,200,147.65900000929832
25,2026-09-08T00:09:53.454984,1000,276,DELETE,/jobs/002,404,97.1564999781549
25,2026-09-08T00:09:53.454984,1000,277,POST,/jobs,201,138.68070009630173
25,2026-09-08T00:09:53.454984,1000,278,GET,/jobs,200,88.97050004452467
25,2026-09-08T00:09:53.454984,1000,279,POST,/jobs,201,139.19299992267042
25,2026-09-08T00:09:53.454984,1000,280,POST,/jobs,201,140.55570005439222
25,2026-09-08T00:09:53.454984,1000,281,GET,/jobs,200,86.81870007421821
25,2026-09-08T00:09:53.454984,1000,282,POST,/jobs,201,143.18310003727674
25,2026-09-08T00:09:53.454984,1000,283,POST,/jobs,201,144.4232000503689
25,2026-09-08T00:09:53.454984,1000,284,PUT,/jobs/002,404,153.4395000198856
25,2026-09-08T00:09:53.454984,1000,285,PUT,/jobs/1000,404,145.60980000533164
25,2026-09-08T00:09:53.454984,1000,286,POST,/jobs,201,146.97700005490333
25,2026-09-08T00:09:53.454984,1000,287,GET,/jobs/001,200,138.13259999733418
25,2026-09-08T00:09:53.454984,1000,288,PUT,/jobs/1000,404,141.48969994857907
25,2026-09-08T00:09:53.454984,1000,289,PUT,/jobs/1000,404,145.26909997221082
25,2026-09-08T00:09:53.454984,1000,290,GET,/jobs/1000,404,86.46749996114522
25,2026-09-08T00:09:53.454984,1000,291,DELETE,/jobs/1000,404,82.58909999858588
25,2026-09-08T00:09:53.454984,1000,292,PUT,/jobs/1000,404,147.0375000499189
25,2026-09-08T00:09:53.454984,1000,293,GET,/jobs,200,83.21039995644242
25,2026-09-08T00:09:53.454984,1000,294,POST,/jobs,201,145.67750005517155
25,2026-09-08T00:09:53.454984,1000,295,GET,/jobs/002,404,85.45669994782656
25,2026-09-08T00:09:53.454984,1000,296,DELETE,/jobs/1000,404,84.95639998000115
25,2026-09-08T00:09:53.454984,1000,297,PUT,/jobs/002,404,141.19979995302856
25,2026-09-08T00:09:53.454984,1000,298,PUT,/jobs/1000,404,145.86450008209795
25,2026-09-08T00:09:53.454984,1000,299,GET,/jobs/1000,404,89.63810000568628
25,2026-09-08T00:09:53.454984,1000,300,PUT,/jobs/1000,404,140.8298999303952
25,2026-09-08T00:09:53.454984,1000,301,GET,/jobs/1000,404,91.99730004183948
25,2026-09-08T00:09:53.454984,1000,302,GET,/jobs,200,88.41830003075302
25,2026-09-08T00:09:53.454984,1000,303,POST,/jobs,201,140.65990003291517
25,2026-09-08T00:09:53.454984,1000,304,DELETE,/jobs/1000,404,91.056999983266
25,2026-09-08T00:09:53.454984,1000,305,GET,/jobs,200,86.2147998996079
25,2026-09-08T00:09:53.454984,1000,306,GET,/jobs/1000,404,88.923400035128
25,2026-09-08T00:09:53.454984,1000,307,POST,/jobs,201,144.1518000792712
25,2026-09-08T00:09:53.454984,1000,308,GET,/jobs/001,200,145.664400071837
25,2026-09-08T00:09:53.454984,1000,309,GET,/jobs,200,77.84710009582341
25,2026-09-08T00:09:53.454984,1000,310,GET,/jobs,200,86.49559994228184
25,2026-09-08T00:09:53.454984,1000,311,GET,/jobs/002,404,88.24379998259246
25,2026-09-08T00:09:53.454984,1000,312,DELETE,/jobs/002,404,88.43850006815046
25,2026-09-08T00:09:53.454984,1000,313,PUT,/jobs/002,404,135.4408001061529
25,2026-09-08T00:09:53.454984,1000,314,DELETE,/jobs/002,404,95.026999944821
25,2026-09-08T00:09:53.454984,1000,315,PUT,/jobs/002,404,133.07280000299215
25,2026-09-08T00:09:53.454984,1000,316,PUT,/jobs/001,200,135.36189997103065
25,2026-09-08T00:09:53.454984,1000,317,GET,/jobs/1000,404,93.74759998172522
25,2026-09-08T00:09:53.454984,1000,318,GET,/jobs,200,87.73250004742295
25,2026-09-08T00:09:53.454984,1000,319,GET,/jobs,200,88.25979998800904
25,2026-09-08T00:09:53.454984,1000,320,PUT,/jobs/001,200,132.3213999858126
25,2026-09-08T00:09:53.454984,1000,321,GET,/jobs/1000,404,93.43300003092736
25,2026-09-08T00:09:53.454984,1000,322,DELETE,/jobs/1000,404,91.1371000111103
25,2026-09-08T00:09:53.454984,1000,323,GET,/jobs,200,84.73549992777407
25,2026-09-08T00:09:53.454984,1000,324,DELETE,/jobs/002,404,93.12709991354495
25,2026-09-08T00:09:53.454984,1000,325,GET,/jobs,200,88.04349997080863
25,2026-09-08T00:09:53.454984,1000,326,PUT,/jobs/001,200,136.51859993115067
25,2026-09-08T00:09:53.454984,1000,327,PUT,/jobs/1000,404,140.00879996456206
25,2026-09-08T00:09:53.454984,1000,328,DELETE,/jobs/1000,404,100.16720008570701
25,2026-09-08T00:09:53.454984,1000,329,PUT,/jobs/1000,404,142.6512999460101
25,2026-09-08T00:09:53.454984,1000,330,DELETE,/jobs/1000,404,97.62369992677122
25,2026-09-08T00:09:53.454984,1000,331,DELETE,/jobs/1000,404,98.0043999152258
25,2026-09-08T00:09:53.454984,1000,332,GET,/jobs/1000,404,100.48909997567534
25,2026-09-08T00:09:53.454984,1000,333,PUT,/jobs/002,404,138.72219994664192
25,2026-09-08T00:09:53.454984,1000,334,POST,/jobs,201,149.17970006354153
25,2026-09-08T00:09:53.454984,1000,335,GET,/jobs/1000,404,92.54999994300306
25,2026-09-08T00:09:53.454984,1000,336,POST,/jobs,201,148.72930001001805
25,2026-09-08T00:09:53.454984,1000,337,DELETE,/jobs/1000,404,104.8513000132516
25,2026-09-08T00:09:53.454984,1000,338,GET,/jobs/002,404,91.60200005862862
25,2026-09-08T00:09:53.454984,1000,339,PUT,/jobs/001,200,136.48600003216416
25,2026-09-08T00:09:53.454984,1000,340,POST,/jobs,201,139.94080002885312
25,2026-09-08T00:09:53.454984,1000,341,POST,/jobs,201,138.31059995573014
25,2026-09-08T00:09:53.454984,1000,342,POST,/jobs,201,149.67409998644143
25,2026-09-08T00:09:53.454984,1000,343,GET,/jobs,200,90.69490002002567
25,2026-09-08T00:09:53.454984,1000,344,GET,/jobs/001,200,152.27750001940876
25,2026-09-08T00:09:53.454984,1000,345,GET,/jobs/002,404,93.42189994640648
25,2026-09-08T00:09:53.454984,1000,346,GET,/jobs/1000,404,94.07690004445612
25,2026-09-08T00:09:53.454984,1000,347,GET,/jobs/001,200,151.11129998695105
25,2026-09-08T00:09:53.454984,1000,348,PUT,/jobs/002,404,149.7417000355199
25,2026-09-08T00:09:53.454984,1000,349,POST,/jobs,201,150.04779992159456
25,2026-09-08T00:09:53.454984,1000,350,PUT,/jobs/002,404,151.25820005778223
25,2026-09-08T00:09:53.454984,1000,351,GET,/jobs,200,93.47259998321533
25,2026-09-08T00:09:53.454984,1000,352,GET,/jobs/002,404,102.17940004076809
25,2026-09-08T00:09:53.454984,1000,353,PUT,/jobs/1000,404,152.08340005483478
25,2026-09-08T00:09:53.454984,1000,354,GET,/jobs,200,101.50170000270009
25,2026-09-08T00:09:53.454984,1000,355,DELETE,/jobs/1000,404,104.11610000301152
25,2026-09-08T00:09:53.454984,1000,356,PUT,/jobs/001,200,162.3082000296563
25,2026-09-08T00:09:53.454984,1000,357,POST,/jobs,201,157.60190004948527
25,2026-09-08T00:09:53.454984,1000,358,PUT,/jobs/002,404,165.71710002608597
25,2026-09-08T00:09:53.454984,1000,359,DELETE,/jobs/002,404,104.86099997069687
25,2026-09-08T00:09:53.454984,1000,360,PUT,/jobs/001,200,161.88599995803088
25,2026-09-08T00:09:53.454984,1000,361,POST,/jobs,201,163.1510000443086
25,2026-09-08T00:09:53.454984,1000,362,PUT,/jobs/001,200,162.76809992268682
25,2026-09-08T00:09:53.454984,1000,363,PUT,/jobs/002,404,150.67570004612207
25,2026-09-08T00:09:53.454984,1000,364,PUT,/jobs/1000,404,161.61419998388737
25,2026-09-08T00:09:53.454984,1000,365,GET,/jobs/002,404,106.58680007327348
25,2026-09-08T00:09:53.454984,1000,366,GET,/jobs/1000,404,101.42600000835955
25,2026-09-08T00:09:53.454984,1000,367,DELETE,/jobs/002,404,101.91950004082173
25,2026-09-08T00:09:53.454984,1000,368,PUT,/jobs/1000,404,154.0835000341758
25,2026-09-08T00:09:53.454984,1000,369,DELETE,/jobs/002,404,90.31380002852529
25,2026-09-08T00:09:53.454984,1000,370,GET,/jobs,200,90.56130005046725
25,2026-09-08T00:09:53.454984,1000,371,PUT,/jobs/001,200,161.12429997883737
25,2026-09-08T00:09:53.454984,1000,372,PUT,/jobs/001,200,160.94349999912083
25,2026-09-08T00:09:53.454984,1000,373,GET,/jobs,200,99.67269992921501
25,2026-09-08T00:09:53.454984,1000,374,POST,/jobs,201,152.33800001442432
25,2026-09-08T00:09:53.454984,1000,375,POST,/jobs,201,153.125400072895
25,2026-09-08T00:09:53.454984,1000,376,PUT,/jobs/002,404,159.93409999646246
25,2026-09-08T00:09:53.454984,1000,377,POST,/jobs,201,158.13979995436966
25,2026-09-08T00:09:53.454984,1000,378,PUT,/jobs/002,404,158.33930007647723
25,2026-09-08T00:09:53.454984,1000,379,PUT,/jobs/002,404,156.16510005202144
25,2026-09-08T00:09:53.454984,1000,380,GET,/jobs,200,110.07610009983182
25,2026-09-08T00:09:53.454984,1000,381,PUT,/jobs/001,200,150.92099993489683
25,2026-09-08T00:09:53.454984,1000,382,DELETE,/jobs/002,404,112.61059995740652
25,2026-09-08T00:09:53.454984,1000,383,POST,/jobs,201,159.3851000070572
25,2026-09-08T00:09:53.454984,1000,384,GET,/jobs,200,110.67199998069555
25,2026-09-08T00:09:53.454984,1000,385,GET,/jobs,200,105.76429998036474
25,2026-09-08T00:09:53.454984,1000,386,GET,/jobs,200,106.00649996194988
25,2026-09-08T00:09:53.454984,1000,387,GET,/jobs/001,200,156.85789997223765
25,2026-09-08T00:09:53.454984,1000,388,GET,/jobs,200,105.34460004419088
25,2026-09-08T00:09:53.454984,1000,389,DELETE,/jobs/002,404,110.82129995338619
25,2026-09-08T00:09:53.454984,1000,390,GET,/jobs/001,200,156.67670010589063
25,2026-09-08T00:09:53.454984,1000,391,PUT,/jobs/1000,404,154.5122000388801
25,2026-09-08T00:09:53.454984,1000,392,GET,/jobs,200,106.36129998601973
25,2026-09-08T00:09:53.454984,1000,393,DELETE,/jobs/002,404,109.37060008291155
25,2026-09-08T00:09:53.454984,1000,394,PUT,/jobs/1000,404,154.02630006428808
25,2026-09-08T00:09:53.454984,1000,395,POST,/jobs,201,154.03210010845214
25,2026-09-08T00:09:53.454984,1000,396,POST,/jobs,201,154.27950001321733
25,2026-09-08T00:09:53.454984,1000,397,DELETE,/jobs/002,404,103.58749993611127
25,2026-09-08T00:09:53.454984,1000,398,GET,/jobs/002,404,104.02169998269528
25,2026-09-08T00:09:53.454984,1000,399,GET,/jobs,200,100.55659990757704
25,2026-09-08T00:09:53.454984,1000,400,DELETE,/jobs/002,404,107.10770008154213
25,2026-09-08T00:09:53.454984,1000,401,POST,/jobs,201,144.17250000406057
25,2026-09-08T00:09:53.454984,1000,402,PUT,/jobs/002,404,144.4599999813363
25,2026-09-08T00:09:53.454984,1000,403,GET,/jobs/001,200,152.74240006692708
25,2026-09-08T00:09:53.454984,1000,404,DELETE,/jobs/002,404,103.82449999451637
25,2026-09-08T00:09:53.454984,1000,405,GET,/jobs,200,98.83519995491952
25,2026-09-08T00:09:53.454984,1000,406,POST,/jobs,201,142.62719999533147
25,2026-09-08T00:09:53.454984,1000,407,DELETE,/jobs/002,404,93.61959993839264
25,2026-09-08T00:09:53.454984,1000,408,DELETE,/jobs/002,404,95.08960007224232
25,2026-09-08T00:09:53.454984,1000,409,POST,/jobs,201,140.69519995246083
25,2026-09-08T00:09:53.454984,1000,410,PUT,/jobs/1000,404,140.90200001373887
25,2026-09-08T00:09:53.454984,1000,411,POST,/jobs,201,141.27740007825196
25,2026-09-08T00:09:53.454984,1000,412,DELETE,/jobs/1000,404,106.55020002741367
25,2026-09-08T00:09:53.454984,1000,413,GET,/jobs,200,94.04969995375723
25,2026-09-08T00:09:53.454984,1000,414,PUT,/jobs/002,404,146.67559997178614
25,2026-09-08T00:09:53.454984,1000,415,GET,/jobs,200,97.86259999964386
25,2026-09-08T00:09:53.454984,1000,416,PUT,/jobs/002,404,142.88149995263666
25,2026-09-08T00:09:53.454984,1000,417,PUT,/jobs/1000,404,147.0907999901101
25,2026-09-08T00:09:53.454984,1000,418,GET,/jobs/002,404,103.31319994293153
25,2026-09-08T00:09:53.454984,1000,419,GET,/jobs/1000,404,104.2244000127539
25,2026-09-08T00:09:53.454984,1000,420,DELETE,/jobs/1000,404,102.10989997722208
25,2026-09-08T00:09:53.454984,1000,421,DELETE,/jobs/1000,404,105.52550002466887
25,2026-09-08T00:09:53.454984,1000,422,PUT,/jobs/002,404,141.3336000405252
25,2026-09-08T00:09:53.454984,1000,423,DELETE,/jobs/1000,404,102.51270001754165
25,2026-09-08T00:09:53.454984,1000,424,POST,/jobs,201,142.95309991575778
25,2026-09-08T00:09:53.454984,1000,425,GET,/jobs/001,200,142.49789994210005
25,2026-09-08T00:09:53.454984,1000,426,POST,/jobs,201,134.78780002333224
25,2026-09-08T00:09:53.454984,1000,427,GET,/jobs/002,404,94.31910002604127
25,2026-09-08T00:09:53.454984,1000,428,DELETE,/jobs/1000,404,94.58459995221347
25,2026-09-08T00:09:53.454984,1000,429,POST,/jobs,201,134.16940008755773
25,2026-09-08T00:09:53.454984,1000,430,PUT,/jobs/002,404,139.9554000236094
25,2026-09-08T00:09:53.454984,1000,431,GET,/jobs/002,404,94.76239990908653
25,2026-09-08T00:09:53.454984,1000,432,GET,/jobs/002,404,100.69810005370528
25,2026-09-08T00:09:53.454984,1000,433,POST,/jobs,201,140.60259994585067
25,2026-09-08T00:09:53.454984,1000,434,POST,/jobs,201,140.90750005561858
25,2026-09-08T00:09:53.454984,1000,435,POST,/jobs,201,141.26299996860325
25,2026-09-08T00:09:53.454984,1000,436,GET,/jobs,200,92.03079994767904
25,2026-09-08T00:09:53.454984,1000,437,DELETE,/jobs/002,404,87.09789998829365
25,2026-09-08T00:09:53.454984,1000,438,GET,/jobs,200,87.5966000603512
25,2026-09-08T00:09:53.454984,1000,439,GET,/jobs/1000,404,94.7926000226289
25,2026-09-08T00:09:53.454984,1000,440,PUT,/jobs/002,404,131.5804000478238
25,2026-09-08T00:09:53.454984,1000,441,DELETE,/jobs/002,404,95.27829999569803
25,2026-09-08T00:09:53.454984,1000,442,PUT,/jobs/1000,404,131.4633000874892
25,2026-09-08T00:09:53.454984,1000,443,PUT,/jobs/002,404,127.68789997790009
25,2026-09-08T00:09:53.454984,1000,444,GET,/jobs,200,85.21419996395707
25,2026-09-08T00:09:53.454984,1000,445,GET,/jobs,200,84.34689999558032
25,2026-09-08T00:09:53.454984,1000,446,POST,/jobs,201,128.24580003507435
25,2026-09-08T00:09:53.454984,1000,447,PUT,/jobs/1000,404,128.52790008764714
25,2026-09-08T00:09:53.454984,1000,448,GET,/jobs/002,404,87.78980001807213
25,2026-09-08T00:09:53.454984,1000,449,DELETE,/jobs/1000,404,88.72930007055402
25,2026-09-08T00:09:53.454984,1000,450,PUT,/jobs/1000,404,136.25629991292953
25,2026-09-08T00:09:53.454984,1000,451,DELETE,/jobs/1000,404,88.52340001612902
25,2026-09-08T00:09:53.454984,1000,452,PUT,/jobs/1000,404,135.35379990935326
25,2026-09-08T00:09:53.454984,1000,453,DELETE,/jobs/1000,404,85.50239994656295
25,2026-09-08T00:09:53.454984,1000,454,POST,/jobs,201,135.93730004504323
25,2026-09-08T00:09:53.454984,1000,455,PUT,/jobs/002,404,137.33960001263767
25,2026-09-08T00:09:53.454984,1000,456,POST,/jobs,201,136.7448999080807
25,2026-09-08T00:09:53.454984,1000,457,GET,/jobs/001,200,135.43529994785786
25,2026-09-08T00:09:53.454984,1000,458,GET,/jobs/002,404,87.26560010109097
25,2026-09-08T00:09:53.454984,1000,459,GET,/jobs,200,84.67450004536659
25,2026-09-08T00:09:53.454984,1000,460,DELETE,/jobs/002,404,87.56040001753718
25,2026-09-08T00:09:53.454984,1000,461,GET,/jobs/001,200,135.51389996428043
25,2026-09-08T00:09:53.454984,1000,462,PUT,/jobs/002,404,123.0024000396952
25,2026-09-08T00:09:53.454984,1000,463,DELETE,/jobs/1000,404,77.86810002289712
25,2026-09-08T00:09:53.454984,1000,464,GET,/jobs,200,88.45419995486736
25,2026-09-08T00:09:53.454984,1000,465,GET,/jobs/002,404,93.04690000135452
25,2026-09-08T00:09:53.454984,1000,466,GET,/jobs/002,404,91.18170000147074
25,2026-09-08T00:09:53.454984,1000,467,GET,/jobs/002,404,91.55509993433952
25,2026-09-08T00:09:53.454984,1000,468,GET,/jobs,200,83.27320008538663
25,2026-09-08T00:09:53.454984,1000,469,DELETE,/jobs/002,404,91.74410009291023
25,2026-09-08T00:09:53.454984,1000,470,POST,/jobs,201,122.60060000699013
25,2026-09-08T00:09:53.454984,1000,471,GET,/jobs,200,90.17290000338107
25,2026-09-08T00:09:53.454984,1000,472,DELETE,/jobs/1000,404,86.132200085558
25,2026-09-08T00:09:53.454984,1000,473,GET,/jobs/1000,404,85.80040000379086
25,2026-09-08T00:09:53.454984,1000,474,PUT,/jobs/001,200,125.30640000477433
25,2026-09-08T00:09:53.454984,1000,475,GET,/jobs,200,82.73460005875677
25,2026-09-08T00:09:53.454984,1000,476,DELETE,/jobs/1000,404,86.4714999916032
25,2026-09-08T00:09:53.454984,1000,477,PUT,/jobs/002,404,128.184900037013
25,2026-09-08T00:09:53.454984,1000,478,PUT,/jobs/002,404,124.74130000919104
25,2026-09-08T00:09:53.454984,1000,479,GET,/jobs/001,200,126.88750005327165
25,2026-09-08T00:09:53.454984,1000,480,POST,/jobs,201,122.31120001524687
25,2026-09-08T00:09:53.454984,1000,481,PUT,/jobs/001,200,126.34680001065135
25,2026-09-08T00:09:53.454984,1000,482,GET,/jobs,200,80.49710001796484
25,2026-09-08T00:09:53.454984,1000,483,PUT,/jobs/002,404,127.53080006223172
25,2026-09-08T00:09:53.454984,1000,484,GET,/jobs,200,75.12500009033829
25,2026-09-08T00:09:53.454984,1000,485,DELETE,/jobs/002,404,87.24550006445497
25,2026-09-08T00:09:53.454984,1000,486,GET,/jobs/001,200,129.00050007738173
25,2026-09-08T00:09:53.454984,1000,487,DELETE,/jobs/1000,404,82.38160004839301
25,2026-09-08T00:09:53.454984,1000,488,GET,/jobs,200,81.06909994967282
25,2026-09-08T00:09:53.454984,1000,489,GET,/jobs/001,200,129.98710002284497
25,2026-09-08T00:09:53.454984,1000,490,DELETE,/jobs/1000,404,85.44179995078593
25,2026-09-08T00:09:53.454984,1000,491,DELETE,/jobs/002,404,85.7350000878796
25,2026-09-08T00:09:53.454984,1000,492,DELETE,/jobs/1000,404,82.43399998173118
25,2026-09-08T00:09:53.454984,1000,493,PUT,/jobs/002,404,118.69990010745823
25,2026-09-08T00:09:53.454984,1000,494,POST,/jobs,201,119.1184000344947
25,2026-09-08T00:09:53.454984,1000,495,DELETE,/jobs/1000,404,84.18429992161691
25,2026-09-08T00:09:53.454984,1000,496,POST,/jobs,201,119.34189999010414
25,2026-09-08T00:09:53.454984,1000,497,DELETE,/jobs/002,404,84.56540002953261
25,2026-09-08T00:09:53.454984,1000,498,DELETE,/jobs/002,404,84.80549999512732
25,2026-09-08T00:09:53.454984,1000,499,GET,/jobs/1000,404,74.97129996772856
25,2026-09-08T00:09:53.454984,1000,500,GET,/jobs/002,404,85.5835999827832
25,2026-09-08T00:09:53.454984,1000,501,GET,/jobs,200,76.92199992015958
25,2026-09-08T00:09:53.454984,1000,502,GET,/jobs/001,200,131.78509997669607
25,2026-09-08T00:09:53.454984,1000,503,GET,/jobs/1000,404,83.90779991168529
25,2026-09-08T00:09:53.454984,1000,504,GET,/jobs,200,75.46279998496175
25,2026-09-08T00:09:53.454984,1000,505,GET,/jobs/001,200,129.75949991960078
25,2026-09-08T00:09:53.454984,1000,506,PUT,/jobs/002,404,119.13150001782924
25,2026-09-08T00:09:53.454984,1000,507,DELETE,/jobs/1000,404,81.3703000312671
25,2026-09-08T00:09:53.454984,1000,508,POST,/jobs,201,118.10890003107488
25,2026-09-08T00:09:53.454984,1000,509,GET,/jobs/002,404,82.4062000028789
25,2026-09-08T00:09:53.454984,1000,510,POST,/jobs,201,124.67519997153431
25,2026-09-08T00:09:53.454984,1000,511,PUT,/jobs/001,200,123.8096000161022
25,2026-09-08T00:09:53.454984,1000,512,GET,/jobs/002,404,80.6936000008136
25,2026-09-08T00:09:53.454984,1000,513,DELETE,/jobs/002,404,81.72359992749989
25,2026-09-08T00:09:53.454984,1000,514,PUT,/jobs/001,200,119.91040001157671
25,2026-09-08T00:09:53.454984,1000,515,DELETE,/jobs/002,404,80.06009995006025
25,2026-09-08T00:09:53.454984,1000,516,GET,/jobs/002,404,81.53000008314848
25,2026-09-08T00:09:53.454984,1000,517,GET,/jobs/001,200,126.85699993744493
25,2026-09-08T00:09:53.454984,1000,518,GET,/jobs,200,77.14200008194894
25,2026-09-08T00:09:53.454984,1000,519,GET,/jobs/002,404,80.32329997513443
25,2026-09-08T00:09:53.454984,1000,520,DELETE,/jobs/1000,404,80.42520005255938
25,2026-09-08T00:09:53.454984,1000,521,PUT,/jobs/001,200,121.70949997380376
25,2026-09-08T00:09:53.454984,1000,522,PUT,/jobs/1000,404,122.5562000181526
25,2026-09-08T00:09:53.454984,1000,523,POST,/jobs,201,121.90770008601248
25,2026-09-08T00:09:53.454984,1000,524,PUT,/jobs/002,404,123.05639998521656
25,2026-09-08T00:09:53.454984,1000,525,DELETE,/jobs/1000,404,79.8489999724552
25,2026-09-08T00:09:53.454984,1000,526,PUT,/jobs/001,200,122.7936000796035
25,2026-09-08T00:09:53.454984,1000,527,DELETE,/jobs/002,404,79.42119997460395
25,2026-09-08T00:09:53.454984,1000,528,PUT,/jobs/1000,404,115.63580005895346
25,2026-09-08T00:09:53.454984,1000,529,POST,/jobs,201,121.49829999543726
25,2026-09-08T00:09:53.454984,1000,530,POST,/jobs,201,116.94079998414963
25,2026-09-08T00:09:53.454984,1000,531,GET,/jobs,200,73.86180001776665
25,2026-09-08T00:09:53.454984,1000,532,GET,/jobs/1000,404,84.32780008297414
25,2026-09-08T00:09:53.454984,1000,533,DELETE,/jobs/002,404,84.09979997668415
25,2026-09-08T00:09:53.454984,1000,534,POST,/jobs,201,127.51629995182157
25,2026-09-08T00:09:53.454984,1000,535,GET,/jobs,200,74.99009999446571
25,2026-09-08T00:09:53.454984,1000,536,GET,/jobs/002,404,74.4515999685973
25,2026-09-08T00:09:53.454984,1000,537,DELETE,/jobs/1000,404,85.62920009717345
25,2026-09-08T00:09:53.454984,1000,538,POST,/jobs,201,127.85869999788702
25,2026-09-08T00:09:53.454984,1000,539,DELETE,/jobs/1000,404,84.7824999364093
25,2026-09-08T00:09:53.454984,1000,540,PUT,/jobs/001,200,116.66860000696033
25,2026-09-08T00:09:53.454984,1000,541,PUT,/jobs/002,404,126.09779997728765
25,2026-09-08T00:09:53.454984,1000,542,PUT,/jobs/002,404,122.9017999721691
25,2026-09-08T00:09:53.454984,1000,543,POST,/jobs,201,123.2205000706017
25,2026-09-08T00:09:53.454984,1000,544,GET,/jobs,200,77.43900001514703
25,2026-09-08T00:09:53.454984,1000,545,GET,/jobs/002,404,78.21740000508726
25,2026-09-08T00:09:53.454984,1000,546,PUT,/jobs/1000,404,121.76350003574044
25,2026-09-08T00:09:53.454984,1000,547,PUT,/jobs/002,404,123.57150006573647
25,2026-09-08T00:09:53.454984,1000,548,PUT,/jobs/1000,404,119.2283999407664
25,2026-09-08T00:09:53.454984,1000,549,GET,/jobs,200,74.98879998456687
25,2026-09-08T00:09:53.454984,1000,550,PUT,/jobs/001,200,120.34759996458888
25,2026-09-08T00:09:53.454984,1000,551,POST,/jobs,201,121.04340002406389
25,2026-09-08T00:09:53.454984,1000,552,POST,/jobs,201,115.58139999397099
25,2026-09-08T00:09:53.454984,1000,553,PUT,/jobs/1000,404,123.14989999867976
25,2026-09-08T00:09:53.454984,1000,554,GET,/jobs,200,78.957200050354
25,2026-09-08T00:09:53.454984,1000,555,DELETE,/jobs/1000,404,80.96110005863011
25,2026-09-08T00:09:53.454984,1000,556,PUT,/jobs/001,200,122.8788000298664
25,2026-09-08T00:09:53.454984,1000,557,GET,/jobs/1000,404,78.32739991135895
25,2026-09-08T00:09:53.454984,1000,558,POST,/jobs,201,120.21509988699108
25,2026-09-08T00:09:53.454984,1000,559,PUT,/jobs/1000,404,119.38400007784367
25,2026-09-08T00:09:53.454984,1000,560,PUT,/jobs/001,200,117.20380000770092
25,2026-09-08T00:09:53.454984,1000,561,GET,/jobs/002,404,78.31370003987104
25,2026-09-08T00:09:53.454984,1000,562,DELETE,/jobs/002,404,74.89319995511323
25,2026-09-08T00:09:53.454984,1000,563,POST,/jobs,201,125.49999996554106
25,2026-09-08T00:09:53.454984,1000,564,PUT,/jobs/001,200,126.766899949871
25,2026-09-08T00:09:53.454984,1000,565,GET,/jobs,200,82.40630000364035
25,2026-09-08T00:09:53.454984,1000,566,DELETE,/jobs/002,404,84.79230001103133
25,2026-09-08T00:09:53.454984,1000,567,GET,/jobs/002,404,85.09149996098131
25,2026-09-08T00:09:53.454984,1000,568,DELETE,/jobs/002,404,84.63729999493808
25,2026-09-08T00:09:53.454984,1000,569,DELETE,/jobs/1000,404,84.31870001368225
25,2026-09-08T00:09:53.454984,1000,570,GET,/jobs,200,83.19930010475218
25,2026-09-08T00:09:53.454984,1000,571,GET,/jobs/001,200,128.218499943614
25,2026-09-08T00:09:53.454984,1000,572,PUT,/jobs/001,200,119.85999997705221
25,2026-09-08T00:09:53.454984,1000,573,GET,/jobs/002,404,79.06989997718483
25,2026-09-08T00:09:53.454984,1000,574,POST,/jobs,201,127.6308000087738
25,2026-09-08T00:09:53.454984,1000,575,POST,/jobs,201,115.06500001996756
25,2026-09-08T00:09:53.454984,1000,576,PUT,/jobs/002,404,127.53669999074191
25,2026-09-08T00:09:53.454984,1000,577,GET,/jobs/002,404,79.39779991284013
25,2026-09-08T00:09:53.454984,1000,578,DELETE,/jobs/002,404,79.76640004198998
25,2026-09-08T00:09:53.454984,1000,579,PUT,/jobs/001,200,127.87769990973175
25,2026-09-08T00:09:53.454984,1000,580,DELETE,/jobs/002,404,78.67469999473542
25,2026-09-08T00:09:53.454984,1000,581,GET,/jobs,200,73.89410003088415
25,2026-09-08T00:09:53.454984,1000,582,POST,/jobs,201,127.2815999109298
25,2026-09-08T00:09:53.454984,1000,583,PUT,/jobs/002,404,118.38440003339201
25,2026-09-08T00:09:53.454984,1000,584,DELETE,/jobs/1000,404,76.5910999616608
25,2026-09-08T00:09:53.454984,1000,585,GET,/jobs,200,70.59980009216815
25,2026-09-08T00:09:53.454984,1000,586,POST,/jobs,201,118.12710005324334
25,2026-09-08T00:09:53.454984,1000,587,POST,/jobs,201,123.55389993172139
25,2026-09-08T00:09:53.454984,1000,588,DELETE,/jobs/1000,404,83.0070999218151
25,2026-09-08T00:09:53.454984,1000,589,GET,/jobs/002,404,82.53969997167587
25,2026-09-08T00:09:53.454984,1000,590,DELETE,/jobs/1000,404,77.49479997437447
25,2026-09-08T00:09:53.454984,1000,591,POST,/jobs,201,123.94690001383424
25,2026-09-08T00:09:53.454984,1000,592,DELETE,/jobs/1000,404,77.04170001670718
25,2026-09-08T00:09:53.454984,1000,593,PUT,/jobs/002,404,127.30449996888638
25,2026-09-08T00:09:53.454984,1000,594,GET,/jobs/1000,404,78.96319997962564
25,2026-09-08T00:09:53.454984,1000,595,GET,/jobs/1000,404,80.71429992560297
25,2026-09-08T00:09:53.454984,1000,596,PUT,/jobs/001,200,127.69250001292676
25,2026-09-08T00:09:53.454984,1000,597,PUT,/jobs/001,200,127.87560001015663
25,2026-09-08T00:09:53.454984,1000,598,POST,/jobs,201,119.04509994201362
25,2026-09-08T00:09:53.454984,1000,599,PUT,/jobs/1000,404,119.296699995175
25,2026-09-08T00:09:53.454984,1000,600,PUT,/jobs/002,404,126.8404999282211
25,2026-09-08T00:09:53.454984,1000,601,GET,/jobs/002,404,80.15970000997186
25,2026-09-08T00:09:53.454984,1000,602,GET,/jobs,200,73.32550000865012
25,2026-09-08T00:09:53.454984,1000,603,GET,/jobs/1000,404,79.13069997448474
25,2026-09-08T00:09:53.454984,1000,604,DELETE,/jobs/1000,404,80.46820003073663
25,2026-09-08T00:09:53.454984,1000,605,GET,/jobs,200,77.91069999802858
25,2026-09-08T00:09:53.454984,1000,606,PUT,/jobs/001,200,117.58090008515865
25,2026-09-08T00:09:53.454984,1000,607,DELETE,/jobs/1000,404,85.58949991129339
25,2026-09-08T00:09:53.454984,1000,608,GET,/jobs,200,82.91570004075766
25,2026-09-08T00:09:53.454984,1000,609,GET,/jobs/002,404,83.93720001913607
25,2026-09-08T00:09:53.454984,1000,610,GET,/jobs/001,200,130.81270002294332
25,2026-09-08T00:09:53.454984,1000,611,PUT,/jobs/002,404,117.3547999933362
25,2026-09-08T00:09:53.454984,1000,612,POST,/jobs,201,129.90170007105917
25,2026-09-08T00:09:53.454984,1000,613,PUT,/jobs/1000,404,130.17790007870644
25,2026-09-08T00:09:53.454984,1000,614,GET,/jobs,200,75.7200000807643
25,2026-09-08T00:09:53.454984,1000,615,POST,/jobs,201,122.39880010019988
25,2026-09-08T00:09:53.454984,1000,616,DELETE,/jobs/1000,404,76.56259997747838
25,2026-09-08T00:09:53.454984,1000,617,POST,/jobs,201,121.48560001514852
25,2026-09-08T00:09:53.454984,1000,618,PUT,/jobs/1000,404,121.67300004512072
25,2026-09-08T00:09:53.454984,1000,619,GET,/jobs,200,77.95120007358491
25,2026-09-08T00:09:53.454984,1000,620,DELETE,/jobs/002,404,85.9419999178499
25,2026-09-08T00:09:53.454984,1000,621,GET,/jobs/1000,404,81.37000002898276
25,2026-09-08T00:09:53.454984,1000,622,POST,/jobs,201,132.0221999194473
25,2026-09-08T00:09:53.454984,1000,623,GET,/jobs,200,78.57469993177801
25,2026-09-08T00:09:53.454984,1000,624,PUT,/jobs/001,200,131.6948999883607
25,2026-09-08T00:09:53.454984,1000,625,GET,/jobs,200,81.04109996929765
25,2026-09-08T00:09:53.454984,1000,626,PUT,/jobs/001,200,134.1815999476239
25,2026-09-08T00:09:53.454984,1000,627,POST,/jobs,201,142.76230009272695
25,2026-09-08T00:09:53.454984,1000,628,GET,/jobs,200,84.5361000392586
25,2026-09-08T00:09:53.454984,1000,629,POST,/jobs,201,148.47200002986938
25,2026-09-08T00:09:53.454984,1000,630,GET,/jobs,200,84.90580006036907
25,2026-09-08T00:09:53.454984,1000,631,POST,/jobs,201,149.64309998322278
25,2026-09-08T00:09:53.454984,1000,632,POST,/jobs,201,141.75690000411123
25,2026-09-08T00:09:53.454984,1000,633,GET,/jobs/001,200,152.4288000073284
25,2026-09-08T00:09:53.454984,1000,634,DELETE,/jobs/1000,404,87.28199999313802
25,2026-09-08T00:09:53.454984,1000,635,DELETE,/jobs/002,404,86.90150000620633
25,2026-09-08T00:09:53.454984,1000,636,GET,/jobs/001,200,160.51230009179562
25,2026-09-08T00:09:53.454984,1000,637,GET,/jobs,200,84.99360003042966
25,2026-09-08T00:09:53.454984,1000,638,DELETE,/jobs/1000,404,87.97140000388026
25,2026-09-08T00:09:53.454984,1000,639,DELETE,/jobs/002,404,86.71810000669211
25,2026-09-08T00:09:53.454984,1000,640,PUT,/jobs/1000,404,158.82400004193187
25,2026-09-08T00:09:53.454984,1000,641,GET,/jobs/001,200,160.17579997424036
25,2026-09-08T00:09:53.454984,1000,642,PUT,/jobs/1000,404,157.83729997929186
25,2026-09-08T00:09:53.454984,1000,643,POST,/jobs,201,156.81949991267174
25,2026-09-08T00:09:53.454984,1000,644,POST,/jobs,201,157.3785999789834
25,2026-09-08T00:09:53.454984,1000,645,GET,/jobs,200,78.76229996327311
25,2026-09-08T00:09:53.454984,1000,646,PUT,/jobs/002,404,150.33109998330474
25,2026-09-08T00:09:53.454984,1000,647,DELETE,/jobs/002,404,103.48209994845092
25,2026-09-08T00:09:53.454984,1000,648,GET,/jobs,200,98.69130002334714
25,2026-09-08T00:09:53.454984,1000,649,PUT,/jobs/002,404,154.80060002300888
25,2026-09-08T00:09:53.454984,1000,650,DELETE,/jobs/1000,404,103.98509993683547
25,2026-09-08T00:09:53.454984,1000,651,PUT,/jobs/1000,404,156.09119995497167
25,2026-09-08T00:09:53.454984,1000,652,POST,/jobs,201,159.18259997852147
25,2026-09-08T00:09:53.454984,1000,653,POST,/jobs,201,163.80400001071393
25,2026-09-08T00:09:53.454984,1000,654,PUT,/jobs/002,404,156.86549991369247
25,2026-09-08T00:09:53.454984,1000,655,GET,/jobs,200,99.28199998103082
25,2026-09-08T00:09:53.454984,1000,656,GET,/jobs/002,404,104.70440005883574
25,2026-09-08T00:09:53.454984,1000,657,DELETE,/jobs/1000,404,102.5122000137344
25,2026-09-08T00:09:53.454984,1000,658,DELETE,/jobs/1000,404,101.6978999832645
25,2026-09-08T00:09:53.454984,1000,659,POST,/jobs,201,164.8469000356272
25,2026-09-08T00:09:53.454984,1000,660,PUT,/jobs/002,404,166.47189995273948
25,2026-09-08T00:09:53.454984,1000,661,GET,/jobs,200,97.43470000103116
25,2026-09-08T00:09:53.454984,1000,662,DELETE,/jobs/002,404,103.9261999540031
25,2026-09-08T00:09:53.454984,1000,663,DELETE,/jobs/1000,404,100.35680001601577
25,2026-09-08T00:09:53.454984,1000,664,POST,/jobs,201,167.16189996805042
25,2026-09-08T00:09:53.454984,1000,665,GET,/jobs/1000,404,99.23430008348078
25,2026-09-08T00:09:53.454984,1000,666,POST,/jobs,201,152.13530010078102
25,2026-09-08T00:09:53.454984,1000,667,GET,/jobs/1000,404,99.96160003356636
25,2026-09-08T00:09:53.454984,1000,668,POST,/jobs,201,167.55560005549341
25,2026-09-08T00:09:53.454984,1000,669,GET,/jobs/1000,404,102.02819993719459
25,2026-09-08T00:09:53.454984,1000,670,GET,/jobs,200,92.70849998574704
25,2026-09-08T00:09:53.454984,1000,671,GET,/jobs,200,105.510100023821
25,2026-09-08T00:09:53.454984,1000,672,POST,/jobs,201,172.60409996379167
25,2026-09-08T00:09:53.454984,1000,673,PUT,/jobs/001,200,156.86380001716316
25,2026-09-08T00:09:53.454984,1000,674,DELETE,/jobs/1000,404,109.07420003786683
25,2026-09-08T00:09:53.454984,1000,675,GET,/jobs/001,200,173.1265999842435
25,2026-09-08T00:09:53.454984,1000,676,POST,/jobs,201,172.2159000346437
25,2026-09-08T00:09:53.454984,1000,677,PUT,/jobs/001,200,170.74750002939254
25,2026-09-08T00:09:53.454984,1000,678,GET,/jobs/001,200,177.4902999168262
25,2026-09-08T00:09:53.454984,1000,679,DELETE,/jobs/1000,404,104.2050999822095
25,2026-09-08T00:09:53.454984,1000,680,DELETE,/jobs/1000,404,114.38239994458854
25,2026-09-08T00:09:53.454984,1000,681,GET,/jobs/002,404,105.69230001419783
25,2026-09-08T00:09:53.454984,1000,682,PUT,/jobs/002,404,182.02540010679513
25,2026-09-08T00:09:53.454984,1000,683,POST,/jobs,201,170.83680001087487
25,2026-09-08T00:09:53.454984,1000,684,GET,/jobs,200,110.75120000168681
25,2026-09-08T00:09:53.454984,1000,685,PUT,/jobs/001,200,171.91060003824532
25,2026-09-08T00:09:53.454984,1000,686,GET,/jobs/001,200,183.72090009506792
25,2026-09-08T00:09:53.454984,1000,687,PUT,/jobs/1000,404,168.97479991894215
25,2026-09-08T00:09:53.454984,1000,688,POST,/jobs,201,169.08690007403493
25,2026-09-08T00:09:53.454984,1000,689,PUT,/jobs/001,200,182.40559997502714
25,2026-09-08T00:09:53.454984,1000,690,POST,/jobs,201,169.5454999571666
25,2026-09-08T00:09:53.454984,1000,691,GET,/jobs,200,116.94820004049689
25,2026-09-08T00:09:53.454984,1000,692,PUT,/jobs/002,404,173.52750001009554
25,2026-09-08T00:09:53.454984,1000,693,POST,/jobs,201,185.3981000604108
25,2026-09-08T00:09:53.454984,1000,694,PUT,/jobs/1000,404,184.838299988769
25,2026-09-08T00:09:53.454984,1000,695,POST,/jobs,201,185.09759998414665
25,2026-09-08T00:09:53.454984,1000,696,GET,/jobs/002,404,124.11810003686696
25,2026-09-08T00:09:53.454984,1000,697,GET,/jobs,200,121.22870003804564
25,2026-09-08T00:09:53.454984,1000,698,DELETE,/jobs/1000,404,123.92019992694259
25,2026-09-08T00:09:53.454984,1000,699,DELETE,/jobs/002,404,123.78659995738417
25,2026-09-08T00:09:53.454984,1000,700,GET,/jobs,200,121.01260002236813
25,2026-09-08T00:09:53.454984,1000,701,PUT,/jobs/1000,404,172.67160001210868
25,2026-09-08T00:09:53.454984,1000,702,POST,/jobs,201,183.7952999630943
25,2026-09-08T00:09:53.454984,1000,703,PUT,/jobs/001,200,166.32339998614043
25,2026-09-08T00:09:53.454984,1000,704,GET,/jobs/001,200,180.03829999361187
25,2026-09-08T00:09:53.454984,1000,705,GET,/jobs,200,128.57669999357313
25,2026-09-08T00:09:53.454984,1000,706,POST,/jobs,201,190.1714000850916
25,2026-09-08T00:09:53.454984,1000,707,GET,/jobs,200,103.4621000289917
25,2026-09-08T00:09:53.454984,1000,708,GET,/jobs,200,106.23979999218136
25,2026-09-08T00:09:53.454984,1000,709,GET,/jobs/1000,404,108.01359999459237
25,2026-09-08T00:09:53.454984,1000,710,GET,/jobs/002,404,106.81180004030466
25,2026-09-08T00:09:53.454984,1000,711,PUT,/jobs/002,404,168.32890000659972
25,2026-09-08T00:09:53.454984,1000,712,DELETE,/jobs/1000,404,120.46409992035478
25,2026-09-08T00:09:53.454984,1000,713,DELETE,/jobs/002,404,121.3205000385642
25,2026-09-08T00:09:53.454984,1000,714,PUT,/jobs/1000,404,170.3059000428766
25,2026-09-08T00:09:53.454984,1000,715,GET,/jobs,200,109.72559999208897
25,2026-09-08T00:09:53.454984,1000,716,PUT,/jobs/1000,404,169.31560006923974
25,2026-09-08T00:09:53.454984,1000,717,PUT,/jobs/002,404,168.07529993820935
25,2026-09-08T00:09:53.454984,1000,718,GET,/jobs,200,118.08040004689246
25,2026-09-08T00:09:53.454984,1000,719,POST,/jobs,201,174.67320000287145
25,2026-09-08T00:09:53.454984,1000,720,PUT,/jobs/002,404,174.0055000409484
25,2026-09-08T00:09:53.454984,1000,721,GET,/jobs/002,404,120.77250005677342
25,2026-09-08T00:09:53.454984,1000,722,GET,/jobs,200,113.0528999492526
25,2026-09-08T00:09:53.454984,1000,723,POST,/jobs,201,174.83719997107983
25,2026-09-08T00:09:53.454984,1000,724,POST,/jobs,201,175.0890000257641
25,2026-09-08T00:09:53.454984,1000,725,PUT,/jobs/002,404,172.28980001527816
25,2026-09-08T00:09:53.454984,1000,726,GET,/jobs/001,200,176.16399994585663
25,2026-09-08T00:09:53.454984,1000,727,PUT,/jobs/001,200,174.6603000210598
25,2026-09-08T00:09:53.454984,1000,728,GET,/jobs/1000,404,120.25669997092336
25,2026-09-08T00:09:53.454984,1000,729,DELETE,/jobs/002,404,117.10530007258058
25,2026-09-08T00:09:53.454984,1000,730,GET,/jobs,200,113.3840000256896
25,2026-09-08T00:09:53.454984,1000,731,POST,/jobs,201,165.60329997446388
25,2026-09-08T00:09:53.454984,1000,732,GET,/jobs/1000,404,113.70940005872399
25,2026-09-08T00:09:53.454984,1000,733,GET,/jobs/001,200,171.92749993409961
25,2026-09-08T00:09:53.454984,1000,734,DELETE,/jobs/002,404,114.27169991657138
25,2026-09-08T00:09:53.454984,1000,735,DELETE,/jobs/002,404,110.40499992668629
25,2026-09-08T00:09:53.454984,1000,736,GET,/jobs/002,404,105.84129998460412
25,2026-09-08T00:09:53.454984,1000,737,GET,/jobs/1000,404,106.42349999397993
25,2026-09-08T00:09:53.454984,1000,738,GET,/jobs,200,104.75030005909503
25,2026-09-08T00:09:53.454984,1000,739,POST,/jobs,201,160.872699925676
25,2026-09-08T00:09:53.454984,1000,740,GET,/jobs/001,200,161.642299965024
25,2026-09-08T00:09:53.454984,1000,741,DELETE,/jobs/1000,404,104.1618000017479
25,2026-09-08T00:09:53.454984,1000,742,GET,/jobs/001,200,167.99920005723834
25,2026-09-08T00:09:53.454984,1000,743,GET,/jobs,200,113.47840004600585
25,2026-09-08T00:09:53.454984,1000,744,GET,/jobs/001,200,169.23640004824847
25,2026-09-08T00:09:53.454984,1000,745,POST,/jobs,201,158.76020002178848
25,2026-09-08T00:09:53.454984,1000,746,GET,/jobs/1000,404,120.16859999857843
25,2026-09-08T00:09:53.454984,1000,747,POST,/jobs,201,159.23720004502684
25,2026-09-08T00:09:53.454984,1000,748,GET,/jobs/002,404,115.95339991617948
25,2026-09-08T00:09:53.454984,1000,749,GET,/jobs,200,113.25569998007268
25,2026-09-08T00:09:53.454984,1000,750,GET,/jobs/1000,404,115.84300000686198
25,2026-09-08T00:09:53.454984,1000,751,PUT,/jobs/1000,404,154.94449995458126
25,2026-09-08T00:09:53.454984,1000,752,GET,/jobs,200,110.41119997389615
25,2026-09-08T00:09:53.454984,1000,753,GET,/jobs,200,119.3015999160707
25,2026-09-08T00:09:53.454984,1000,754,PUT,/jobs/002,404,156.65589994750917
25,2026-09-08T00:09:53.454984,1000,755,POST,/jobs,201,173.38930000551045
25,2026-09-08T00:09:53.454984,1000,756,DELETE,/jobs/002,404,113.5748999658972
25,2026-09-08T00:09:53.454984,1000,757,PUT,/jobs/1000,404,168.2428999338299
25,2026-09-08T00:09:53.454984,1000,758,GET,/jobs/1000,404,113.47530002240092
25,2026-09-08T00:09:53.454984,1000,759,GET,/jobs,200,111.13189999014139
25,2026-09-08T00:09:53.454984,1000,760,DELETE,/jobs/1000,404,109.83229998964816
25,2026-09-08T00:09:53.454984,1000,761,PUT,/jobs/1000,404,166.44990001805127
25,2026-09-08T00:09:53.454984,1000,762,GET,/jobs,200,112.33659996651113
25,2026-09-08T00:09:53.454984,1000,763,GET,/jobs,200,107.09900001529604
25,2026-09-08T00:09:53.454984,1000,764,PUT,/jobs/002,404,173.17540000658482
25,2026-09-08T00:09:53.454984,1000,765,PUT,/jobs/1000,404,171.41319997608662
25,2026-09-08T00:09:53.454984,1000,766,GET,/jobs,200,98.6206999514252
25,2026-09-08T00:09:53.454984,1000,767,PUT,/jobs/1000,404,157.4493000516668
25,2026-09-08T00:09:53.454984,1000,768,PUT,/jobs/001,200,171.1283999029547
25,2026-09-08T00:09:53.454984,1000,769,GET,/jobs,200,97.35459997318685
25,2026-09-08T00:09:53.454984,1000,770,POST,/jobs,201,157.634099945426
25,2026-09-08T00:09:53.454984,1000,771,GET,/jobs/001,200,161.6789000108838
25,2026-09-08T00:09:53.454984,1000,772,GET,/jobs/002,404,101.96070000529289
25,2026-09-08T00:09:53.454984,1000,773,DELETE,/jobs/1000,404,101.02320008445531
25,2026-09-08T00:09:53.454984,1000,774,PUT,/jobs/1000,404,169.41869992297143
25,2026-09-08T00:09:53.454984,1000,775,DELETE,/jobs/1000,404,100.71870009414852
25,2026-09-08T00:09:53.454984,1000,776,PUT,/jobs/1000,404,158.0628000665456
25,2026-09-08T00:09:53.454984,1000,777,DELETE,/jobs/1000,404,100.66050000023097
25,2026-09-08T00:09:53.454984,1000,778,GET,/jobs,200,99.70299992710352
25,2026-09-08T00:09:53.454984,1000,779,GET,/jobs,200,94.93110002949834
25,2026-09-08T00:09:53.454984,1000,780,DELETE,/jobs/002,404,94.57680000923574
25,2026-09-08T00:09:53.454984,1000,781,PUT,/jobs/002,404,169.18170009739697
25,2026-09-08T00:09:53.454984,1000,782,GET,/jobs/002,404,95.32119997311383
25,2026-09-08T00:09:53.454984,1000,783,POST,/jobs,201,157.99909993074834
25,2026-09-08T00:09:53.454984,1000,784,PUT,/jobs/002,404,161.08500002883375
25,2026-09-08T00:09:53.454984,1000,785,PUT,/jobs/1000,404,166.73709999304265
25,2026-09-08T00:09:53.454984,1000,786,GET,/jobs,200,110.0132999708876
25,2026-09-08T00:09:53.454984,1000,787,POST,/jobs,201,171.0875000571832
25,2026-09-08T00:09:53.454984,1000,788,POST,/jobs,201,169.7157999733463
25,2026-09-08T00:09:53.454984,1000,789,POST,/jobs,201,166.64619999937713
25,2026-09-08T00:09:53.454984,1000,790,GET,/jobs/1000,404,107.76889999397099
25,2026-09-08T00:09:53.454984,1000,791,PUT,/jobs/001,200,169.8884000070393
25,2026-09-08T00:09:53.454984,1000,792,GET,/jobs,200,109.24400005023926
25,2026-09-08T00:09:53.454984,1000,793,GET,/jobs,200,109.37910003121942
25,2026-09-08T00:09:53.454984,1000,794,GET,/jobs,200,108.22429996915162
25,2026-09-08T00:09:53.454984,1000,795,PUT,/jobs/001,200,168.99489995557815
25,2026-09-08T00:09:53.454984,1000,796,POST,/jobs,201,168.01470005884767
25,2026-09-08T00:09:53.454984,1000,797,GET,/jobs/1000,404,110.47390010207891
25,2026-09-08T00:09:53.454984,1000,798,GET,/jobs,200,107.24089993163943
25,2026-09-08T00:09:53.454984,1000,799,DELETE,/jobs/1000,404,112.18279995955527
25,2026-09-08T00:09:53.454984,1000,800,GET,/jobs,200,99.33759993873537
25,2026-09-08T00:09:53.454984,1000,801,PUT,/jobs/002,404,157.05020003952086
25,2026-09-08T00:09:53.454984,1000,802,PUT,/jobs/1000,404,157.48009993694723
25,2026-09-08T00:09:53.454984,1000,803,GET,/jobs,200,99.81459996197373
25,2026-09-08T00:09:53.454984,1000,804,POST,/jobs,201,154.95130000635982
25,2026-09-08T00:09:53.454984,1000,805,POST,/jobs,201,157.95699995942414
25,2026-09-08T00:09:53.454984,1000,806,GET,/jobs,200,98.60819997265935
25,2026-09-08T00:09:53.454984,1000,807,DELETE,/jobs/002,404,100.44149996247143
25,2026-09-08T00:09:53.454984,1000,808,GET,/jobs/1000,404,109.62910007219762
25,2026-09-08T00:09:53.454984,1000,809,PUT,/jobs/001,200,152.53810002468526
25,2026-09-08T00:09:53.454984,1000,810,GET,/jobs,200,106.84779996518046
25,2026-09-08T00:09:53.454984,1000,811,POST,/jobs,201,159.29599991068244
25,2026-09-08T00:09:53.454984,1000,812,DELETE,/jobs/1000,404,109.79689995292574
25,2026-09-08T00:09:53.454984,1000,813,GET,/jobs,200,105.40899995248765
25,2026-09-08T00:09:53.454984,1000,814,POST,/jobs,201,152.12149999570101
25,2026-09-08T00:09:53.454984,1000,815,GET,/jobs/002,404,109.28500001318753
25,2026-09-08T00:09:53.454984,1000,816,DELETE,/jobs/002,404,110.6483000330627
25,2026-09-08T00:09:53.454984,1000,817,DELETE,/jobs/1000,404,110.14300002716482
25,2026-09-08T00:09:53.454984,1000,818,GET,/jobs,200,105.71039991918951
25,2026-09-08T00:09:53.454984,1000,819,GET,/jobs/002,404,108.11579995788634
25,2026-09-08T00:09:53.454984,1000,820,POST,/jobs,201,150.35120001994073
25,2026-09-08T00:09:53.454984,1000,821,POST,/jobs,201,149.48200003709644
25,2026-09-08T00:09:53.454984,1000,822,GET,/jobs/001,200,168.833400006406
25,2026-09-08T00:09:53.454984,1000,823,DELETE,/jobs/1000,404,109.71359990071505
25,2026-09-08T00:09:53.454984,1000,824,GET,/jobs,200,104.0180999552831
25,2026-09-08T00:09:53.454984,1000,825,GET,/jobs/1000,404,108.87800005730242
25,2026-09-08T00:09:53.454984,1000,826,GET,/jobs,200,106.39460000675172
25,2026-09-08T00:09:53.454984,1000,827,GET,/jobs,200,101.0283000068739
25,2026-09-08T00:09:53.454984,1000,828,DELETE,/jobs/002,404,111.589299980551
25,2026-09-08T00:09:53.454984,1000,829,PUT,/jobs/002,404,167.2017000382766
25,2026-09-08T00:09:53.454984,1000,830,PUT,/jobs/002,404,160.64050002023578
25,2026-09-08T00:09:53.454984,1000,831,GET,/jobs/002,404,112.52239998430014
25,2026-09-08T00:09:53.454984,1000,832,POST,/jobs,201,160.1285000797361
25,2026-09-08T00:09:53.454984,1000,833,POST,/jobs,201,159.93449999950826
25,2026-09-08T00:09:53.454984,1000,834,DELETE,/jobs/002,404,113.25349996332079
25,2026-09-08T00:09:53.454984,1000,835,GET,/jobs,200,109.6559000434354
25,2026-09-08T00:09:53.454984,1000,836,GET,/jobs/001,200,168.09739999007434
25,2026-09-08T00:09:53.454984,1000,837,DELETE,/jobs/002,404,113.67699992842972
25,2026-09-08T00:09:53.454984,1000,838,GET,/jobs,200,112.73809999693185
25,2026-09-08T00:09:53.454984,1000,839,POST,/jobs,201,159.69609993044287
25,2026-09-08T00:09:53.454984,1000,840,PUT,/jobs/002,404,149.128400022164
25,2026-09-08T00:09:53.454984,1000,841,DELETE,/jobs/1000,404,100.92390002682805
25,2026-09-08T00:09:53.454984,1000,842,PUT,/jobs/002,404,145.97820001654327
25,2026-09-08T00:09:53.454984,1000,843,GET,/jobs/1000,404,101.57920001074672
25,2026-09-08T00:09:53.454984,1000,844,GET,/jobs,200,93.0182000156492
25,2026-09-08T00:09:53.454984,1000,845,POST,/jobs,201,145.86429996415973
25,2026-09-08T00:09:53.454984,1000,846,GET,/jobs,200,99.51199998613447
25,2026-09-08T00:09:53.454984,1000,847,POST,/jobs,201,150.41950007434934
25,2026-09-08T00:09:53.454984,1000,848,DELETE,/jobs/1000,404,100.56429996620864
25,2026-09-08T00:09:53.454984,1000,849,DELETE,/jobs/1000,404,101.37480008415878
25,2026-09-08T00:09:53.454984,1000,850,GET,/jobs,200,99.74179998971522
25,2026-09-08T00:09:53.454984,1000,851,GET,/jobs/002,404,102.36509994138032
25,2026-09-08T00:09:53.454984,1000,852,DELETE,/jobs/002,404,100.73989990632981
25,2026-09-08T00:09:53.454984,1000,853,GET,/jobs,200,92.33999997377396
25,2026-09-08T00:09:53.454984,1000,854,GET,/jobs/002,404,109.38559996429831
25,2026-09-08T00:09:53.454984,1000,855,GET,/jobs/001,200,155.68720002193004
25,2026-09-08T00:09:53.454984,1000,856,POST,/jobs,201,148.7212999491021
25,2026-09-08T00:09:53.454984,1000,857,POST,/jobs,201,148.1954000191763
25,2026-09-08T00:09:53.454984,1000,858,GET,/jobs,200,89.76320002693683
25,2026-09-08T00:09:53.454984,1000,859,PUT,/jobs/1000,404,143.20549997501075
25,2026-09-08T00:09:53.454984,1000,860,PUT,/jobs/001,200,143.81250005681068
25,2026-09-08T00:09:53.454984,1000,861,GET,/jobs/002,404,105.7503999909386
25,2026-09-08T00:09:53.454984,1000,862,DELETE,/jobs/002,404,105.4590999847278
25,2026-09-08T00:09:53.454984,1000,863,DELETE,/jobs/1000,404,105.57390004396439
25,2026-09-08T00:09:53.454984,1000,864,GET,/jobs,200,104.6212000073865
25,2026-09-08T00:09:53.454984,1000,865,PUT,/jobs/1000,404,151.34370001032948
25,2026-09-08T00:09:53.454984,1000,866,GET,/jobs,200,93.40559993870556
25,2026-09-08T00:09:53.454984,1000,867,PUT,/jobs/001,200,155.88969993405044
25,2026-09-08T00:09:53.454984,1000,868,PUT,/jobs/001,200,155.22640000563115
25,2026-09-08T00:09:53.454984,1000,869,POST,/jobs,201,150.76619992032647
25,2026-09-08T00:09:53.454984,1000,870,PUT,/jobs/1000,404,142.08210003562272
25,2026-09-08T00:09:53.454984,1000,871,PUT,/jobs/1000,404,156.25970007386059
25,2026-09-08T00:09:53.454984,1000,872,PUT,/jobs/002,404,158.98950002156198
25,2026-09-08T00:09:53.454984,1000,873,GET,/jobs,200,101.573699968867
25,2026-09-08T00:09:53.454984,1000,874,PUT,/jobs/001,200,147.54440006799996
25,2026-09-08T00:09:53.454984,1000,875,POST,/jobs,201,155.28589999303222
25,2026-09-08T00:09:53.454984,1000,876,DELETE,/jobs/1000,404,101.75360005814582
25,2026-09-08T00:09:53.454984,1000,877,POST,/jobs,201,154.03049997985363
25,2026-09-08T00:09:53.454984,1000,878,PUT,/jobs/001,200,155.74009995907545
25,2026-09-08T00:09:53.454984,1000,879,GET,/jobs/002,404,102.16110001783818
25,2026-09-08T00:09:53.454984,1000,880,DELETE,/jobs/1000,404,86.30119997542351
25,2026-09-08T00:09:53.454984,1000,881,DELETE,/jobs/002,404,96.24220000114292
25,2026-09-08T00:09:53.454984,1000,882,PUT,/jobs/002,404,150.76079999562353
25,2026-09-08T00:09:53.454984,1000,883,POST,/jobs,201,150.9307000087574
25,2026-09-08T00:09:53.454984,1000,884,POST,/jobs,201,151.46459999959916
25,2026-09-08T00:09:53.454984,1000,885,GET,/jobs/001,200,148.22329999879003
25,2026-09-08T00:09:53.454984,1000,886,DELETE,/jobs/002,404,95.04429996013641
25,2026-09-08T00:09:53.454984,1000,887,DELETE,/jobs/002,404,95.5095998942852
25,2026-09-08T00:09:53.454984,1000,888,POST,/jobs,201,151.05149999726564
25,2026-09-08T00:09:53.454984,1000,889,GET,/jobs/001,200,139.61299997754395
25,2026-09-08T00:09:53.454984,1000,890,GET,/jobs,200,86.47139999084175
25,2026-09-08T00:09:53.454984,1000,891,GET,/jobs/002,404,97.42550004739314
25,2026-09-08T00:09:53.454984,1000,892,GET,/jobs/001,200,137.24139996338636
25,2026-09-08T00:09:53.454984,1000,893,DELETE,/jobs/002,404,84.76629992946982
25,2026-09-08T00:09:53.454984,1000,894,GET,/jobs,200,83.90480000525713
25,2026-09-08T00:09:53.454984,1000,895,GET,/jobs/1000,404,106.08349996618927
25,2026-09-08T00:09:53.454984,1000,896,PUT,/jobs/002,404,145.3887999523431
25,2026-09-08T00:09:53.454984,1000,897,DELETE,/jobs/1000,404,105.852400069125
25,2026-09-08T00:09:53.454984,1000,898,DELETE,/jobs/1000,404,106.80900001898408
25,2026-09-08T00:09:53.454984,1000,899,POST,/jobs,201,140.425999998115
25,2026-09-08T00:09:53.454984,1000,900,PUT,/jobs/001,200,146.29970001988113
25,2026-09-08T00:09:53.454984,1000,901,PUT,/jobs/002,404,146.61699999123812
25,2026-09-08T00:09:53.454984,1000,902,POST,/jobs,201,143.97309999912977
25,2026-09-08T00:09:53.454984,1000,903,POST,/jobs,201,144.53040005173534
25,2026-09-08T00:09:53.454984,1000,904,GET,/jobs,200,86.64310001768172
25,2026-09-08T00:09:53.454984,1000,905,POST,/jobs,201,129.0417000418529
25,2026-09-08T00:09:53.454984,1000,906,GET,/jobs,200,87.25450001657009
25,2026-09-08T00:09:53.454984,1000,907,POST,/jobs,201,128.524599946104
25,2026-09-08T00:09:53.454984,1000,908,PUT,/jobs/001,200,128.69909999426454
25,2026-09-08T00:09:53.454984,1000,909,GET,/jobs,200,86.79710002616048
25,2026-09-08T00:09:53.454984,1000,910,POST,/jobs,201,128.64260002970695
25,2026-09-08T00:09:53.454984,1000,911,POST,/jobs,201,128.38149990420789
25,2026-09-08T00:09:53.454984,1000,912,GET,/jobs,200,86.54269995167851
25,2026-09-08T00:09:53.454984,1000,913,DELETE,/jobs/1000,404,92.80480002053082
25,2026-09-08T00:09:53.454984,1000,914,PUT,/jobs/1000,404,127.99549999181181
25,2026-09-08T00:09:53.454984,1000,915,DELETE,/jobs/002,404,90.8998999511823
25,2026-09-08T00:09:53.454984,1000,916,PUT,/jobs/1000,404,121.43420008942485
25,2026-09-08T00:09:53.454984,1000,917,GET,/jobs/002,404,94.84899998642504
25,2026-09-08T00:09:53.454984,1000,918,DELETE,/jobs/1000,404,95.41420009918511
25,2026-09-08T00:09:53.454984,1000,919,DELETE,/jobs/002,404,94.31319998111576
25,2026-09-08T00:09:53.454984,1000,920,GET,/jobs,200,91.84480004478246
25,2026-09-08T00:09:53.454984,1000,921,PUT,/jobs/001,200,119.89279999397695
25,2026-09-08T00:09:53.454984,1000,922,POST,/jobs,201,128.39279999025166
25,2026-09-08T00:09:53.454984,1000,923,GET,/jobs,200,90.46959993429482
25,2026-09-08T00:09:53.454984,1000,924,DELETE,/jobs/002,404,95.0336999958381
25,2026-09-08T00:09:53.454984,1000,925,GET,/jobs,200,84.4550000037998
25,2026-09-08T00:09:53.454984,1000,926,GET,/jobs/1000,404,90.24879999924451
25,2026-09-08T00:09:53.454984,1000,927,PUT,/jobs/002,404,120.13689999002963
25,2026-09-08T00:09:53.454984,1000,928,DELETE,/jobs/002,404,89.14140006527305
25,2026-09-08T00:09:53.454984,1000,929,POST,/jobs,201,125.37030002567917
25,2026-09-08T00:09:53.454984,1000,930,POST,/jobs,201,126.62370002362877
25,2026-09-08T00:09:53.454984,1000,931,PUT,/jobs/002,404,120.77100004535168
25,2026-09-08T00:09:53.454984,1000,932,DELETE,/jobs/002,404,88.72130000963807
25,2026-09-08T00:09:53.454984,1000,933,POST,/jobs,201,121.97920004837215
25,2026-09-08T00:09:53.454984,1000,934,POST,/jobs,201,117.33709997497499
25,2026-09-08T00:09:53.454984,1000,935,DELETE,/jobs/1000,404,86.64340001996607
25,2026-09-08T00:09:53.454984,1000,936,POST,/jobs,201,119.14720002096146
25,2026-09-08T00:09:53.454984,1000,937,DELETE,/jobs/002,404,87.46399998199195
25,2026-09-08T00:09:53.454984,1000,938,POST,/jobs,201,119.00999990757555
25,2026-09-08T00:09:53.454984,1000,939,DELETE,/jobs/002,404,87.68739993683994
25,2026-09-08T00:09:53.454984,1000,940,POST,/jobs,201,119.19989995658398
25,2026-09-08T00:09:53.454984,1000,941,PUT,/jobs/001,200,118.79300000146031
25,2026-09-08T00:09:53.454984,1000,942,DELETE,/jobs/002,404,86.74679999239743
25,2026-09-08T00:09:53.454984,1000,943,POST,/jobs,201,119.35029993765056
25,2026-09-08T00:09:53.454984,1000,944,PUT,/jobs/1000,404,112.36160004045814
25,2026-09-08T00:09:53.454984,1000,945,POST,/jobs,201,115.14900007750839
25,2026-09-08T00:09:53.454984,1000,946,GET,/jobs/1000,404,86.37099992483854
25,2026-09-08T00:09:53.454984,1000,947,DELETE,/jobs/002,404,86.10069996211678
25,2026-09-08T00:09:53.454984,1000,948,PUT,/jobs/1000,404,112.79430007562041
25,2026-09-08T00:09:53.454984,1000,949,POST,/jobs,201,114.65740005951375
25,2026-09-08T00:09:53.454984,1000,950,POST,/jobs,201,107.41579998284578
25,2026-09-08T00:09:53.454984,1000,951,GET,/jobs/001,200,113.93250001128763
25,2026-09-08T00:09:53.454984,1000,952,POST,/jobs,201,114.80950005352497
25,2026-09-08T00:09:53.454984,1000,953,PUT,/jobs/001,200,114.78319996967912
25,2026-09-08T00:09:53.454984,1000,954,GET,/jobs/001,200,113.66540007293224
25,2026-09-08T00:09:53.454984,1000,955,GET,/jobs/001,200,114.25089999102056
25,2026-09-08T00:09:53.454984,1000,956,POST,/jobs,201,99.72059994470328
25,2026-09-08T00:09:53.454984,1000,957,GET,/jobs,200,73.4138999832794
25,2026-09-08T00:09:53.454984,1000,958,DELETE,/jobs/002,404,77.51329999882728
25,2026-09-08T00:09:53.454984,1000,959,POST,/jobs,201,100.2895999699831
25,2026-09-08T00:09:53.454984,1000,960,DELETE,/jobs/002,404,78.18919990677387
25,2026-09-08T00:09:53.454984,1000,961,DELETE,/jobs/1000,404,68.16240004263818
25,2026-09-08T00:09:53.454984,1000,962,GET,/jobs/001,200,96.73489991109818
25,2026-09-08T00:09:53.454984,1000,963,GET,/jobs/1000,404,68.40810005087405
25,2026-09-08T00:09:53.454984,1000,964,DELETE,/jobs/002,404,67.96570005826652
25,2026-09-08T00:09:53.454984,1000,965,PUT,/jobs/001,200,92.39010000601411
25,2026-09-08T00:09:53.454984,1000,966,PUT,/jobs/002,404,93.17400003783405
25,2026-09-08T00:09:53.454984,1000,967,GET,/jobs/002,404,68.63220001105219
25,2026-09-08T00:09:53.454984,1000,968,DELETE,/jobs/1000,404,61.803000047802925
25,2026-09-08T00:09:53.454984,1000,969,PUT,/jobs/001,200,83.8031000457704
25,2026-09-08T00:09:53.454984,1000,970,DELETE,/jobs/002,404,59.17420005425811
25,2026-09-08T00:09:53.454984,1000,971,POST,/jobs,201,86.37160004582256
25,2026-09-08T00:09:53.454984,1000,972,PUT,/jobs/001,200,84.16510000824928
25,2026-09-08T00:09:53.454984,1000,973,POST,/jobs,201,85.20949992816895
25,2026-09-08T00:09:53.454984,1000,974,DELETE,/jobs/1000,404,62.19480000436306
25,2026-09-08T00:09:53.454984,1000,975,PUT,/jobs/002,404,85.72890004143119
25,2026-09-08T00:09:53.454984,1000,976,PUT,/jobs/1000,404,84.7026000265032
25,2026-09-08T00:09:53.454984,1000,977,DELETE,/jobs/1000,404,57.127000065520406
25,2026-09-08T00:09:53.454984,1000,978,GET,/jobs/001,200,74.21729993075132
25,2026-09-08T00:09:53.454984,1000,979,DELETE,/jobs/002,404,59.39319997560233
25,2026-09-08T00:09:53.454984,1000,980,POST,/jobs,201,73.48160003311932
25,2026-09-08T00:09:53.454984,1000,981,PUT,/jobs/002,404,74.63089993689209
25,2026-09-08T00:09:53.454984,1000,982,DELETE,/jobs/002,404,55.46059994958341
25,2026-09-08T00:09:53.454984,1000,983,DELETE,/jobs/002,404,59.842800023034215
25,2026-09-08T00:09:53.454984,1000,984,POST,/jobs,201,74.30269999895245
25,2026-09-08T00:09:53.454984,1000,985,GET,/jobs/002,404,59.19589998666197
25,2026-09-08T00:09:53.454984,1000,986,PUT,/jobs/1000,404,66.95850007236004
25,2026-09-08T00:09:53.454984,1000,987,GET,/jobs/002,404,52.6909000473097
25,2026-09-08T00:09:53.454984,1000,988,GET,/jobs,200,51.61880003288388
25,2026-09-08T00:09:53.454984,1000,989,GET,/jobs/002,404,53.39429993182421
25,2026-09-08T00:09:53.454984,1000,990,POST,/jobs,201,67.09189992398024
25,2026-09-08T00:09:53.454984,1000,991,PUT,/jobs/001,200,65.1118999812752
25,2026-09-08T00:09:53.454984,1000,992,PUT,/jobs/1000,404,65.9573000157252
25,2026-09-08T00:09:53.454984,1000,993,POST,/jobs,201,64.94160008151084
25,2026-09-08T00:09:53.454984,1000,994,PUT,/jobs/001,200,66.3347999798134
25,2026-09-08T00:09:53.454984,1000,995,POST,/jobs,201,67.27100000716746
25,2026-09-08T00:09:53.454984,1000,996,GET,/jobs,200,53.31670003943145
25,2026-09-08T00:09:53.454984,1000,997,POST,/jobs,201,65.52550010383129
25,2026-09-08T00:09:53.454984,1000,998,POST,/jobs,201,56.088500074110925
25,2026-09-08T00:09:53.454984,1000,999,GET,/jobs/001,200,56.771400035358965
25,2026-09-08T00:09:53.454984,1000,1000,GET,/jobs,200,45.70889996830374
26,2026-09-08T00:09:55.312451,1000,1,GET,/jobs,200,10.865800082683563
26,2026-09-08T00:09:55.312451,1000,2,GET,/jobs,200,42.020299937576056
26,2026-09-08T00:09:55.312451,1000,3,POST,/jobs,201,120.89239992201328
26,2026-09-08T00:09:55.312451,1000,4,GET,/jobs/001,200,54.846700048074126
26,2026-09-08T00:09:55.312451,1000,5,GET,/jobs,200,43.182200053706765
26,2026-09-08T00:09:55.312451,1000,6,DELETE,/jobs/002,200,43.56520005967468
26,2026-09-08T00:09:55.312451,1000,7,DELETE,/jobs/1000,404,36.63460002280772
26,2026-09-08T00:09:55.312451,1000,8,GET,/jobs,200,40.37990001961589
26,2026-09-08T00:09:55.312451,1000,9,GET,/jobs,200,42.71189996507019
26,2026-09-08T00:09:55.312451,1000,10,GET,/jobs,200,41.2973000202328
26,2026-09-08T00:09:55.312451,1000,11,GET,/jobs/001,200,63.17450001370162
26,2026-09-08T00:09:55.312451,1000,12,DELETE,/jobs/002,404,45.02419999334961
26,2026-09-08T00:09:55.312451,1000,13,DELETE,/jobs/002,404,43.509299983270466
26,2026-09-08T00:09:55.312451,1000,14,DELETE,/jobs/1000,404,46.64089996367693
26,2026-09-08T00:09:55.312451,1000,15,GET,/jobs/002,404,44.428299996070564
26,2026-09-08T00:09:55.312451,1000,16,DELETE,/jobs/1000,404,45.835500000976026
26,2026-09-08T00:09:55.312451,1000,17,GET,/jobs,200,42.20649995841086
26,2026-09-08T00:09:55.312451,1000,18,GET,/jobs/1000,404,43.91290002968162
26,2026-09-08T00:09:55.312451,1000,19,PUT,/jobs/002,404,109.33320003096014
26,2026-09-08T00:09:55.312451,1000,20,POST,/jobs,201,109.56210002768785
26,2026-09-08T00:09:55.312451,1000,21,GET,/jobs/002,404,46.26620002090931
26,2026-09-08T00:09:55.312451,1000,22,GET,/jobs,200,42.641200008802116
26,2026-09-08T00:09:55.312451,1000,23,GET,/jobs,200,53.88869997113943
26,2026-09-08T00:09:55.312451,1000,24,PUT,/jobs/001,200,114.55269996076822
26,2026-09-08T00:09:55.312451,1000,25,POST,/jobs,201,106.34410008788109
26,2026-09-08T00:09:55.312451,1000,26,POST,/jobs,201,105.60410004109144
26,2026-09-08T00:09:55.312451,1000,27,POST,/jobs,201,115.35610002465546
26,2026-09-08T00:09:55.312451,1000,28,GET,/jobs,200,49.692199914716184
26,2026-09-08T00:09:55.312451,1000,29,PUT,/jobs/1000,404,112.91929997969419
26,2026-09-08T00:09:55.312451,1000,30,GET,/jobs,200,54.28849998861551
26,2026-09-08T00:09:55.312451,1000,31,PUT,/jobs/001,200,113.76340000424534
26,2026-09-08T00:09:55.312451,1000,32,DELETE,/jobs/1000,404,49.37430005520582
26,2026-09-08T00:09:55.312451,1000,33,DELETE,/jobs/1000,404,57.84020002465695
26,2026-09-08T00:09:55.312451,1000,34,DELETE,/jobs/002,404,54.603599943220615
26,2026-09-08T00:09:55.312451,1000,35,GET,/jobs,200,51.15260009188205
26,2026-09-08T00:09:55.312451,1000,36,GET,/jobs,200,56.19859998114407
26,2026-09-08T00:09:55.312451,1000,37,GET,/jobs/002,404,79.38950008247048
26,2026-09-08T00:09:55.312451,1000,38,GET,/jobs,200,57.00000002980232
26,2026-09-08T00:09:55.312451,1000,39,GET,/jobs/001,200,134.68339992687106
26,2026-09-08T00:09:55.312451,1000,40,PUT,/jobs/002,404,117.15229996480048
26,2026-09-08T00:09:55.312451,1000,41,PUT,/jobs/1000,404,116.61510006524622
26,2026-09-08T00:09:55.312451,1000,42,POST,/jobs,201,126.68049999047071
26,2026-09-08T00:09:55.312451,1000,43,POST,/jobs,201,116.36840004939586
26,2026-09-08T00:09:55.312451,1000,44,GET,/jobs/1000,404,71.78990007378161
26,2026-09-08T00:09:55.312451,1000,45,POST,/jobs,201,125.66789996344596
26,2026-09-08T00:09:55.312451,1000,46,GET,/jobs,200,56.75720004364848
26,2026-09-08T00:09:55.312451,1000,47,DELETE,/jobs/002,404,78.53940001223236
26,2026-09-08T00:09:55.312451,1000,48,DELETE,/jobs/002,404,75.0720000360161
26,2026-09-08T00:09:55.312451,1000,49,GET,/jobs/002,404,75.30889997724444
26,2026-09-08T00:09:55.312451,1000,50,PUT,/jobs/002,404,111.64999997708946
26,2026-09-08T00:09:55.312451,1000,51,DELETE,/jobs/002,404,69.08280006609857
26,2026-09-08T00:09:55.312451,1000,52,POST,/jobs,201,110.77979998663068
26,2026-09-08T00:09:55.312451,1000,53,GET,/jobs,200,53.2865000423044
26,2026-09-08T00:09:55.312451,1000,54,GET,/jobs/001,200,134.35020006727427
26,2026-09-08T00:09:55.312451,1000,55,POST,/jobs,201,115.13679998461157
26,2026-09-08T00:09:55.312451,1000,56,POST,/jobs,201,116.87459994573146
26,2026-09-08T00:09:55.312451,1000,57,GET,/jobs/1000,404,81.99910004623234
26,2026-09-08T00:09:55.312451,1000,58,POST,/jobs,201,114.99830009415746
26,2026-09-08T00:09:55.312451,1000,59,PUT,/jobs/002,404,118.13399998936802
26,2026-09-08T00:09:55.312451,1000,60,PUT,/jobs/001,200,126.66710000485182
26,2026-09-08T00:09:55.312451,1000,61,POST,/jobs,201,116.572399972938
26,2026-09-08T00:09:55.312451,1000,62,GET,/jobs/1000,404,66.19720009621233
26,2026-09-08T00:09:55.312451,1000,63,DELETE,/jobs/1000,404,77.46509998105466
26,2026-09-08T00:09:55.312451,1000,64,DELETE,/jobs/1000,404,69.27129998803139
26,2026-09-08T00:09:55.312451,1000,65,DELETE,/jobs/1000,404,68.22710006963462
26,2026-09-08T00:09:55.312451,1000,66,POST,/jobs,201,119.88060001749545
26,2026-09-08T00:09:55.312451,1000,67,GET,/jobs/1000,404,60.563000035472214
26,2026-09-08T00:09:55.312451,1000,68,PUT,/jobs/001,200,117.29019996710122
26,2026-09-08T00:09:55.312451,1000,69,GET,/jobs,200,53.223200025968254
26,2026-09-08T00:09:55.312451,1000,70,GET,/jobs,200,52.44290002156049
26,2026-09-08T00:09:55.312451,1000,71,GET,/jobs/1000,404,79.7941000200808
26,2026-09-08T00:09:55.312451,1000,72,GET,/jobs/1000,404,77.73730007465929
26,2026-09-08T00:09:55.312451,1000,73,PUT,/jobs/1000,404,116.28550000023097
26,2026-09-08T00:09:55.312451,1000,74,GET,/jobs,200,53.13419993035495
26,2026-09-08T00:09:55.312451,1000,75,PUT,/jobs/002,404,127.46550003066659
26,2026-09-08T00:09:55.312451,1000,76,DELETE,/jobs/1000,404,77.15849997475743
26,2026-09-08T00:09:55.312451,1000,77,DELETE,/jobs/1000,404,67.34040006995201
26,2026-09-08T00:09:55.312451,1000,78,DELETE,/jobs/002,404,75.38799999747425
26,2026-09-08T00:09:55.312451,1000,79,GET,/jobs,200,56.62639997899532
26,2026-09-08T00:09:55.312451,1000,80,DELETE,/jobs/1000,404,71.5473999734968
26,2026-09-08T00:09:55.312451,1000,81,POST,/jobs,201,125.34519995097071
26,2026-09-08T00:09:55.312451,1000,82,POST,/jobs,201,110.82109995186329
26,2026-09-08T00:09:55.312451,1000,83,GET,/jobs/002,404,81.10919990576804
26,2026-09-08T00:09:55.312451,1000,84,GET,/jobs,200,58.99360007606447
26,2026-09-08T00:09:55.312451,1000,85,POST,/jobs,201,115.69209990557283
26,2026-09-08T00:09:55.312451,1000,86,GET,/jobs/1000,404,81.079600029625
26,2026-09-08T00:09:55.312451,1000,87,GET,/jobs,200,66.09660002868623
26,2026-09-08T00:09:55.312451,1000,88,POST,/jobs,201,115.78629992436618
26,2026-09-08T00:09:55.312451,1000,89,DELETE,/jobs/002,404,69.04099998064339
26,2026-09-08T00:09:55.312451,1000,90,GET,/jobs/002,404,77.11069996003062
26,2026-09-08T00:09:55.312451,1000,91,GET,/jobs/1000,404,80.8997000567615
26,2026-09-08T00:09:55.312451,1000,92,DELETE,/jobs/002,404,81.59449999220669
26,2026-09-08T00:09:55.312451,1000,93,DELETE,/jobs/1000,404,68.26379999984056
26,2026-09-08T00:09:55.312451,1000,94,PUT,/jobs/001,200,119.88729995209724
26,2026-09-08T00:09:55.312451,1000,95,GET,/jobs,200,74.97899990994483
26,2026-09-08T00:09:55.312451,1000,96,POST,/jobs,201,116.37290008366108
26,2026-09-08T00:09:55.312451,1000,97,POST,/jobs,201,115.58889993466437
26,2026-09-08T00:09:55.312451,1000,98,GET,/jobs,200,73.67169996723533
26,2026-09-08T00:09:55.312451,1000,99,GET,/jobs/1000,404,75.35389997065067
26,2026-09-08T00:09:55.312451,1000,100,GET,/jobs,200,51.36020004283637
26,2026-09-08T00:09:55.312451,1000,101,GET,/jobs,200,70.05049998406321
26,2026-09-08T00:09:55.312451,1000,102,PUT,/jobs/001,200,104.3115999782458
26,2026-09-08T00:09:55.312451,1000,103,DELETE,/jobs/002,404,88.73780001886189
26,2026-09-08T00:09:55.312451,1000,104,GET,/jobs/1000,404,90.41910001542419
26,2026-09-08T00:09:55.312451,1000,105,PUT,/jobs/1000,404,102.79569996055216
26,2026-09-08T00:09:55.312451,1000,106,GET,/jobs/002,404,87.41949999239296
26,2026-09-08T00:09:55.312451,1000,107,DELETE,/jobs/1000,404,87.67979999538511
26,2026-09-08T00:09:55.312451,1000,108,GET,/jobs/1000,404,89.17610009666532
26,2026-09-08T00:09:55.312451,1000,109,GET,/jobs/1000,404,88.21449999231845
26,2026-09-08T00:09:55.312451,1000,110,POST,/jobs,201,100.01280007418245
26,2026-09-08T00:09:55.312451,1000,111,POST,/jobs,201,100.03740002866834
26,2026-09-08T00:09:55.312451,1000,112,DELETE,/jobs/1000,404,83.99040007498115
26,2026-09-08T00:09:55.312451,1000,113,GET,/jobs,200,80.87230008095503
26,2026-09-08T00:09:55.312451,1000,114,GET,/jobs/001,200,123.32909996621311
26,2026-09-08T00:09:55.312451,1000,115,GET,/jobs,200,80.79080004245043
26,2026-09-08T00:09:55.312451,1000,116,POST,/jobs,201,101.70140000991523
26,2026-09-08T00:09:55.312451,1000,117,DELETE,/jobs/002,404,85.76119993813336
26,2026-09-08T00:09:55.312451,1000,118,DELETE,/jobs/002,404,84.9439000012353
26,2026-09-08T00:09:55.312451,1000,119,GET,/jobs,200,83.99979991372675
26,2026-09-08T00:09:55.312451,1000,120,GET,/jobs,200,83.56399997137487
26,2026-09-08T00:09:55.312451,1000,121,GET,/jobs,200,83.14280002377927
26,2026-09-08T00:09:55.312451,1000,122,GET,/jobs/001,200,118.70140000246465
26,2026-09-08T00:09:55.312451,1000,123,GET,/jobs,200,79.5499999076128
26,2026-09-08T00:09:55.312451,1000,124,POST,/jobs,201,99.83930003363639
26,2026-09-08T00:09:55.312451,1000,125,DELETE,/jobs/002,404,80.62010002322495
26,2026-09-08T00:09:55.312451,1000,126,POST,/jobs,201,102.06970002036542
26,2026-09-08T00:09:55.312451,1000,127,PUT,/jobs/001,200,101.98549996130168
26,2026-09-08T00:09:55.312451,1000,128,DELETE,/jobs/002,404,73.91460007056594
26,2026-09-08T00:09:55.312451,1000,129,DELETE,/jobs/1000,404,74.5396000565961
26,2026-09-08T00:09:55.312451,1000,130,GET,/jobs/002,404,81.27439999952912
26,2026-09-08T00:09:55.312451,1000,131,PUT,/jobs/001,200,103.9446999784559
26,2026-09-08T00:09:55.312451,1000,132,GET,/jobs,200,67.18509993515909
26,2026-09-08T00:09:55.312451,1000,133,GET,/jobs,200,71.17220002692193
26,2026-09-08T00:09:55.312451,1000,134,PUT,/jobs/002,404,103.8711000001058
26,2026-09-08T00:09:55.312451,1000,135,PUT,/jobs/002,404,104.79100001975894
26,2026-09-08T00:09:55.312451,1000,136,PUT,/jobs/1000,404,107.25350002758205
26,2026-09-08T00:09:55.312451,1000,137,GET,/jobs,200,65.75820001307875
26,2026-09-08T00:09:55.312451,1000,138,GET,/jobs,200,65.21360005717725
26,2026-09-08T00:09:55.312451,1000,139,GET,/jobs,200,64.60179993882775
26,2026-09-08T00:09:55.312451,1000,140,PUT,/jobs/1000,404,104.40850001759827
26,2026-09-08T00:09:55.312451,1000,141,POST,/jobs,201,105.03849992528558
26,2026-09-08T00:09:55.312451,1000,142,GET,/jobs,200,69.05499997083098
26,2026-09-08T00:09:55.312451,1000,143,GET,/jobs/001,200,110.27609999291599
26,2026-09-08T00:09:55.312451,1000,144,GET,/jobs/1000,404,69.74419998005033
26,2026-09-08T00:09:55.312451,1000,145,PUT,/jobs/001,200,108.85100008454174
26,2026-09-08T00:09:55.312451,1000,146,PUT,/jobs/001,200,109.70179992727935
26,2026-09-08T00:09:55.312451,1000,147,POST,/jobs,201,110.21780001465231
26,2026-09-08T00:09:55.312451,1000,148,GET,/jobs/001,200,125.85770001169294
26,2026-09-08T00:09:55.312451,1000,149,PUT,/jobs/1000,404,128.70720005594194
26,2026-09-08T00:09:55.312451,1000,150,GET,/jobs,200,66.13650009967387
26,2026-09-08T00:09:55.312451,1000,151,GET,/jobs,200,73.59939999878407
26,2026-09-08T00:09:55.312451,1000,152,DELETE,/jobs/002,404,74.01969993952662
26,2026-09-08T00:09:55.312451,1000,153,GET,/jobs,200,67.82039999961853
26,2026-09-08T00:09:55.312451,1000,154,GET,/jobs/001,200,112.86899994593114
26,2026-09-08T00:09:55.312451,1000,155,PUT,/jobs/002,404,129.72830003127456
26,2026-09-08T00:09:55.312451,1000,156,PUT,/jobs/001,200,128.25529999099672
26,2026-09-08T00:09:55.312451,1000,157,PUT,/jobs/001,200,127.72049999330193
26,2026-09-08T00:09:55.312451,1000,158,GET,/jobs/002,404,66.70610001310706
26,2026-09-08T00:09:55.312451,1000,159,GET,/jobs,200,65.93289994634688
26,2026-09-08T00:09:55.312451,1000,160,PUT,/jobs/002,404,122.90690001100302
26,2026-09-08T00:09:55.312451,1000,161,PUT,/jobs/002,404,134.27339994814247
26,2026-09-08T00:09:55.312451,1000,162,PUT,/jobs/1000,404,141.35529997292906
26,2026-09-08T00:09:55.312451,1000,163,DELETE,/jobs/1000,404,77.45169999543577
26,2026-09-08T00:09:55.312451,1000,164,GET,/jobs/001,200,126.74460001289845
26,2026-09-08T00:09:55.312451,1000,165,POST,/jobs,201,143.97490001283586
26,2026-09-08T00:09:55.312451,1000,166,GET,/jobs,200,72.70110002718866
26,2026-09-08T00:09:55.312451,1000,167,DELETE,/jobs/002,404,75.87869989220053
26,2026-09-08T00:09:55.312451,1000,168,POST,/jobs,201,146.14419999998063
26,2026-09-08T00:09:55.312451,1000,169,GET,/jobs,200,67.66210007481277
26,2026-09-08T00:09:55.312451,1000,170,DELETE,/jobs/1000,404,78.00570002291352
26,2026-09-08T00:09:55.312451,1000,171,DELETE,/jobs/002,404,79.38539993483573
26,2026-09-08T00:09:55.312451,1000,172,GET,/jobs,200,71.34639995638281
26,2026-09-08T00:09:55.312451,1000,173,DELETE,/jobs/002,404,81.31380006670952
26,2026-09-08T00:09:55.312451,1000,174,GET,/jobs/001,200,147.13239995762706
26,2026-09-08T00:09:55.312451,1000,175,DELETE,/jobs/002,404,82.95349997933954
26,2026-09-08T00:09:55.312451,1000,176,GET,/jobs/002,404,84.92779999505728
26,2026-09-08T00:09:55.312451,1000,177,GET,/jobs,200,78.09239998459816
26,2026-09-08T00:09:55.312451,1000,178,DELETE,/jobs/002,404,80.42720006778836
26,2026-09-08T00:09:55.312451,1000,179,DELETE,/jobs/002,404,89.99749994836748
26,2026-09-08T00:09:55.312451,1000,180,DELETE,/jobs/002,404,90.3740000212565
26,2026-09-08T00:09:55.312451,1000,181,PUT,/jobs/1000,404,136.55809999909252
26,2026-09-08T00:09:55.312451,1000,182,DELETE,/jobs/1000,404,90.91440006159246
26,2026-09-08T00:09:55.312451,1000,183,POST,/jobs,201,148.0803000740707
26,2026-09-08T00:09:55.312451,1000,184,POST,/jobs,201,145.34639997873455
26,2026-09-08T00:09:55.312451,1000,185,POST,/jobs,201,147.2770000109449
26,2026-09-08T00:09:55.312451,1000,186,GET,/jobs/1000,404,89.63340008631349
26,2026-09-08T00:09:55.312451,1000,187,POST,/jobs,201,148.12230004463345
26,2026-09-08T00:09:55.312451,1000,188,POST,/jobs,201,143.77769990824163
26,2026-09-08T00:09:55.312451,1000,189,GET,/jobs,200,82.62010000180453
26,2026-09-08T00:09:55.312451,1000,190,GET,/jobs,200,88.4570999769494
26,2026-09-08T00:09:55.312451,1000,191,PUT,/jobs/1000,404,138.01080000121146
26,2026-09-08T00:09:55.312451,1000,192,DELETE,/jobs/002,404,93.35719991941005
26,2026-09-08T00:09:55.312451,1000,193,GET,/jobs,200,90.17589990980923
26,2026-09-08T00:09:55.312451,1000,194,DELETE,/jobs/002,404,94.86139996442944
26,2026-09-08T00:09:55.312451,1000,195,DELETE,/jobs/1000,404,92.41869999095798
26,2026-09-08T00:09:55.312451,1000,196,GET,/jobs/002,404,106.03299993090332
26,2026-09-08T00:09:55.312451,1000,197,GET,/jobs,200,90.86190001107752
26,2026-09-08T00:09:55.312451,1000,198,GET,/jobs/002,404,94.23669998068362
26,2026-09-08T00:09:55.312451,1000,199,POST,/jobs,201,141.0130999283865
26,2026-09-08T00:09:55.312451,1000,200,PUT,/jobs/1000,404,139.79250006377697
26,2026-09-08T00:09:55.312451,1000,201,POST,/jobs,201,149.52890004497021
26,2026-09-08T00:09:55.312451,1000,202,DELETE,/jobs/002,404,103.38979994412512
26,2026-09-08T00:09:55.312451,1000,203,DELETE,/jobs/1000,404,104.92930002510548
26,2026-09-08T00:09:55.312451,1000,204,GET,/jobs,200,98.03929994814098
26,2026-09-08T00:09:55.312451,1000,205,GET,/jobs/002,404,104.55689998343587
26,2026-09-08T00:09:55.312451,1000,206,GET,/jobs,200,102.60810004547238
26,2026-09-08T00:09:55.312451,1000,207,GET,/jobs,200,98.86389994062483
26,2026-09-08T00:09:55.312451,1000,208,DELETE,/jobs/002,404,105.12820002622902
26,2026-09-08T00:09:55.312451,1000,209,POST,/jobs,201,148.11179996468127
26,2026-09-08T00:09:55.312451,1000,210,DELETE,/jobs/002,404,104.49539998080581
26,2026-09-08T00:09:55.312451,1000,211,POST,/jobs,201,147.30700000654906
26,2026-09-08T00:09:55.312451,1000,212,POST,/jobs,201,154.36389995738864
26,2026-09-08T00:09:55.312451,1000,213,PUT,/jobs/002,404,140.53010009229183
26,2026-09-08T00:09:55.312451,1000,214,GET,/jobs,200,97.33969997614622
26,2026-09-08T00:09:55.312451,1000,215,GET,/jobs,200,102.68969996832311
26,2026-09-08T00:09:55.312451,1000,216,PUT,/jobs/002,404,152.35830005258322
26,2026-09-08T00:09:55.312451,1000,217,GET,/jobs,200,96.82530001737177
26,2026-09-08T00:09:55.312451,1000,218,GET,/jobs,200,96.55200003180653
26,2026-09-08T00:09:55.312451,1000,219,POST,/jobs,201,141.23309997376055
26,2026-09-08T00:09:55.312451,1000,220,GET,/jobs/1000,404,103.2256999751553
26,2026-09-08T00:09:55.312451,1000,221,POST,/jobs,201,151.75369998905808
26,2026-09-08T00:09:55.312451,1000,222,PUT,/jobs/1000,404,152.73059997707605
26,2026-09-08T00:09:55.312451,1000,223,PUT,/jobs/1000,404,140.88800002355129
26,2026-09-08T00:09:55.312451,1000,224,GET,/jobs,200,105.92020000331104
26,2026-09-08T00:09:55.312451,1000,225,GET,/jobs,200,106.22670000884682
26,2026-09-08T00:09:55.312451,1000,226,GET,/jobs,200,105.0543999299407
26,2026-09-08T00:09:55.312451,1000,227,GET,/jobs/1000,404,108.45119995065033
26,2026-09-08T00:09:55.312451,1000,228,GET,/jobs,200,107.2885999456048
26,2026-09-08T00:09:55.312451,1000,229,POST,/jobs,201,149.5363999856636
26,2026-09-08T00:09:55.312451,1000,230,DELETE,/jobs/002,404,107.06030006986111
26,2026-09-08T00:09:55.312451,1000,231,PUT,/jobs/001,200,145.545499981381
26,2026-09-08T00:09:55.312451,1000,232,GET,/jobs,200,101.49050003383309
26,2026-09-08T00:09:55.312451,1000,233,POST,/jobs,201,142.12299999780953
26,2026-09-08T00:09:55.312451,1000,234,GET,/jobs,200,97.27819997351617
26,2026-09-08T00:09:55.312451,1000,235,POST,/jobs,201,145.87959996424615
26,2026-09-08T00:09:55.312451,1000,236,GET,/jobs/1000,404,105.0501000136137
26,2026-09-08T00:09:55.312451,1000,237,GET,/jobs,200,103.46590005792677
26,2026-09-08T00:09:55.312451,1000,238,POST,/jobs,201,139.70900001004338
26,2026-09-08T00:09:55.312451,1000,239,DELETE,/jobs/1000,404,102.9285000404343
26,2026-09-08T00:09:55.312451,1000,240,DELETE,/jobs/002,404,103.21829991880804
26,2026-09-08T00:09:55.312451,1000,241,GET,/jobs/001,200,147.3528000060469
26,2026-09-08T00:09:55.312451,1000,242,GET,/jobs/002,404,103.15650003030896
26,2026-09-08T00:09:55.312451,1000,243,GET,/jobs,200,100.37220001686364
26,2026-09-08T00:09:55.312451,1000,244,GET,/jobs/1000,404,105.7825000025332
26,2026-09-08T00:09:55.312451,1000,245,POST,/jobs,201,133.24340002145618
26,2026-09-08T00:09:55.312451,1000,246,PUT,/jobs/1000,404,134.88380005583167
26,2026-09-08T00:09:55.312451,1000,247,GET,/jobs/002,404,92.06679998897016
26,2026-09-08T00:09:55.312451,1000,248,GET,/jobs/1000,404,92.2172999707982
26,2026-09-08T00:09:55.312451,1000,249,GET,/jobs,200,91.01740003097802
26,2026-09-08T00:09:55.312451,1000,250,PUT,/jobs/001,200,130.2191000431776
26,2026-09-08T00:09:55.312451,1000,251,PUT,/jobs/001,200,129.7521999804303
26,2026-09-08T00:09:55.312451,1000,252,GET,/jobs/002,404,91.58600005321205
26,2026-09-08T00:09:55.312451,1000,253,POST,/jobs,201,134.68540005851537
26,2026-09-08T00:09:55.312451,1000,254,GET,/jobs/001,200,131.99369993526489
26,2026-09-08T00:09:55.312451,1000,255,GET,/jobs,200,82.22829992882907
26,2026-09-08T00:09:55.312451,1000,256,GET,/jobs/002,404,91.93340002093464
26,2026-09-08T00:09:55.312451,1000,257,POST,/jobs,201,124.68020000960678
26,2026-09-08T00:09:55.312451,1000,258,GET,/jobs,200,82.62670005206019
26,2026-09-08T00:09:55.312451,1000,259,POST,/jobs,201,125.1004000660032
26,2026-09-08T00:09:55.312451,1000,260,DELETE,/jobs/1000,404,78.91429995652288
26,2026-09-08T00:09:55.312451,1000,261,DELETE,/jobs/1000,404,78.84209998883307
26,2026-09-08T00:09:55.312451,1000,262,GET,/jobs,200,73.81500001065433
26,2026-09-08T00:09:55.312451,1000,263,GET,/jobs,200,74.57359996624291
26,2026-09-08T00:09:55.312451,1000,264,POST,/jobs,201,117.76369996368885
26,2026-09-08T00:09:55.312451,1000,265,DELETE,/jobs/1000,404,79.33540001977235
26,2026-09-08T00:09:55.312451,1000,266,GET,/jobs,200,73.33270006347448
26,2026-09-08T00:09:55.312451,1000,267,GET,/jobs,200,74.73910006228834
26,2026-09-08T00:09:55.312451,1000,268,DELETE,/jobs/1000,404,81.87760005239397
26,2026-09-08T00:09:55.312451,1000,269,POST,/jobs,201,115.11310003697872
26,2026-09-08T00:09:55.312451,1000,270,POST,/jobs,201,115.48250005580485
26,2026-09-08T00:09:55.312451,1000,271,DELETE,/jobs/002,404,80.97439992707223
26,2026-09-08T00:09:55.312451,1000,272,PUT,/jobs/1000,404,117.02640005387366
26,2026-09-08T00:09:55.312451,1000,273,GET,/jobs/002,404,73.03540001157671
26,2026-09-08T00:09:55.312451,1000,274,GET,/jobs,200,73.18139995913953
26,2026-09-08T00:09:55.312451,1000,275,PUT,/jobs/001,200,116.12080002669245
26,2026-09-08T00:09:55.312451,1000,276,DELETE,/jobs/002,404,80.77520004007965
26,2026-09-08T00:09:55.312451,1000,277,POST,/jobs,201,115.83989998325706
26,2026-09-08T00:09:55.312451,1000,278,GET,/jobs,200,78.08959996327758
26,2026-09-08T00:09:55.312451,1000,279,POST,/jobs,201,122.220000019297
26,2026-09-08T00:09:55.312451,1000,280,POST,/jobs,201,122.38690000958741
26,2026-09-08T00:09:55.312451,1000,281,GET,/jobs,200,74.17979999445379
26,2026-09-08T00:09:55.312451,1000,282,POST,/jobs,201,123.14549996517599
26,2026-09-08T00:09:55.312451,1000,283,POST,/jobs,201,117.51640005968511
26,2026-09-08T00:09:55.312451,1000,284,PUT,/jobs/002,404,124.68230002559721
26,2026-09-08T00:09:55.312451,1000,285,PUT,/jobs/1000,404,124.28510002791882
26,2026-09-08T00:09:55.312451,1000,286,POST,/jobs,201,118.50099998991936
26,2026-09-08T00:09:55.312451,1000,287,GET,/jobs/001,200,125.09769992902875
26,2026-09-08T00:09:55.312451,1000,288,PUT,/jobs/1000,404,125.6275000050664
26,2026-09-08T00:09:55.312451,1000,289,PUT,/jobs/1000,404,122.75219999719411
26,2026-09-08T00:09:55.312451,1000,290,GET,/jobs/1000,404,81.89120003953576
26,2026-09-08T00:09:55.312451,1000,291,DELETE,/jobs/1000,404,82.14799989946187
26,2026-09-08T00:09:55.312451,1000,292,PUT,/jobs/1000,404,123.63100005313754
26,2026-09-08T00:09:55.312451,1000,293,GET,/jobs,200,71.63699995726347
26,2026-09-08T00:09:55.312451,1000,294,POST,/jobs,201,126.05570000596344
26,2026-09-08T00:09:55.312451,1000,295,GET,/jobs/002,404,82.55729998927563
26,2026-09-08T00:09:55.312451,1000,296,DELETE,/jobs/1000,404,82.36020000185817
26,2026-09-08T00:09:55.312451,1000,297,PUT,/jobs/002,404,123.87450004462153
26,2026-09-08T00:09:55.312451,1000,298,PUT,/jobs/1000,404,124.00579999666661
26,2026-09-08T00:09:55.312451,1000,299,GET,/jobs/1000,404,84.29299993440509
26,2026-09-08T00:09:55.312451,1000,300,PUT,/jobs/1000,404,115.68839999381453
26,2026-09-08T00:09:55.312451,1000,301,GET,/jobs/1000,404,82.79829996172339
26,2026-09-08T00:09:55.312451,1000,302,GET,/jobs,200,72.67590006813407
26,2026-09-08T00:09:55.312451,1000,303,POST,/jobs,201,112.31809994205832
26,2026-09-08T00:09:55.312451,1000,304,DELETE,/jobs/1000,404,74.95549996383488
26,2026-09-08T00:09:55.312451,1000,305,GET,/jobs,200,77.78419996611774
26,2026-09-08T00:09:55.312451,1000,306,GET,/jobs/1000,404,80.24300006218255
26,2026-09-08T00:09:55.312451,1000,307,POST,/jobs,201,120.20550004672259
26,2026-09-08T00:09:55.312451,1000,308,GET,/jobs/001,200,123.08679998386651
26,2026-09-08T00:09:55.312451,1000,309,GET,/jobs,200,80.79799998085946
26,2026-09-08T00:09:55.312451,1000,310,GET,/jobs,200,79.32929997332394
26,2026-09-08T00:09:55.312451,1000,311,GET,/jobs/002,404,83.50710000377148
26,2026-09-08T00:09:55.312451,1000,312,DELETE,/jobs/002,404,82.73599995300174
26,2026-09-08T00:09:55.312451,1000,313,PUT,/jobs/002,404,116.81109992787242
26,2026-09-08T00:09:55.312451,1000,314,DELETE,/jobs/002,404,81.04459999594837
26,2026-09-08T00:09:55.312451,1000,315,PUT,/jobs/002,404,120.92299992218614
26,2026-09-08T00:09:55.312451,1000,316,PUT,/jobs/001,200,122.63480003457516
26,2026-09-08T00:09:55.312451,1000,317,GET,/jobs/1000,404,81.43060002475977
26,2026-09-08T00:09:55.312451,1000,318,GET,/jobs,200,78.89879995491356
26,2026-09-08T00:09:55.312451,1000,319,GET,/jobs,200,76.62119995802641
26,2026-09-08T00:09:55.312451,1000,320,PUT,/jobs/001,200,112.45619994588196
26,2026-09-08T00:09:55.312451,1000,321,GET,/jobs/1000,404,79.0242999792099
26,2026-09-08T00:09:55.312451,1000,322,DELETE,/jobs/1000,404,82.80039997771382
26,2026-09-08T00:09:55.312451,1000,323,GET,/jobs,200,80.40259999688715
26,2026-09-08T00:09:55.312451,1000,324,DELETE,/jobs/002,404,82.88640005048364
26,2026-09-08T00:09:55.312451,1000,325,GET,/jobs,200,80.090899951756
26,2026-09-08T00:09:55.312451,1000,326,PUT,/jobs/001,200,123.04189999122173
26,2026-09-08T00:09:55.312451,1000,327,PUT,/jobs/1000,404,122.46240000240505
26,2026-09-08T00:09:55.312451,1000,328,DELETE,/jobs/1000,404,82.40370010025799
26,2026-09-08T00:09:55.312451,1000,329,PUT,/jobs/1000,404,122.67609999980778
26,2026-09-08T00:09:55.312451,1000,330,DELETE,/jobs/1000,404,82.7737000072375
26,2026-09-08T00:09:55.312451,1000,331,DELETE,/jobs/1000,404,80.86550002917647
26,2026-09-08T00:09:55.312451,1000,332,GET,/jobs/1000,404,73.44690000172704
26,2026-09-08T00:09:55.312451,1000,333,PUT,/jobs/002,404,113.59939991962165
26,2026-09-08T00:09:55.312451,1000,334,POST,/jobs,201,114.5881999982521
26,2026-09-08T00:09:55.312451,1000,335,GET,/jobs/1000,404,81.64119999855757
26,2026-09-08T00:09:55.312451,1000,336,POST,/jobs,201,113.98769996594638
26,2026-09-08T00:09:55.312451,1000,337,DELETE,/jobs/1000,404,81.12929994240403
26,2026-09-08T00:09:55.312451,1000,338,GET,/jobs/002,404,74.71349998377264
26,2026-09-08T00:09:55.312451,1000,339,PUT,/jobs/001,200,114.80159999337047
26,2026-09-08T00:09:55.312451,1000,340,POST,/jobs,201,115.68209994584322
26,2026-09-08T00:09:55.312451,1000,341,POST,/jobs,201,114.71059999894351
26,2026-09-08T00:09:55.312451,1000,342,POST,/jobs,201,115.16769998706877
26,2026-09-08T00:09:55.312451,1000,343,GET,/jobs,200,73.64720001351088
26,2026-09-08T00:09:55.312451,1000,344,GET,/jobs/001,200,121.88340001739562
26,2026-09-08T00:09:55.312451,1000,345,GET,/jobs/002,404,79.32170003186911
26,2026-09-08T00:09:55.312451,1000,346,GET,/jobs/1000,404,77.07589992787689
26,2026-09-08T00:09:55.312451,1000,347,GET,/jobs/001,200,117.14940005913377
26,2026-09-08T00:09:55.312451,1000,348,PUT,/jobs/002,404,117.59179993532598
26,2026-09-08T00:09:55.312451,1000,349,POST,/jobs,201,116.10380001366138
26,2026-09-08T00:09:55.312451,1000,350,PUT,/jobs/002,404,115.19410007167608
26,2026-09-08T00:09:55.312451,1000,351,GET,/jobs,200,72.10920006036758
26,2026-09-08T00:09:55.312451,1000,352,GET,/jobs/002,404,79.19550000224262
26,2026-09-08T00:09:55.312451,1000,353,PUT,/jobs/1000,404,126.6071000136435
26,2026-09-08T00:09:55.312451,1000,354,GET,/jobs,200,77.25129998289049
26,2026-09-08T00:09:55.312451,1000,355,DELETE,/jobs/1000,404,79.26079991739243
26,2026-09-08T00:09:55.312451,1000,356,PUT,/jobs/001,200,127.82870000228286
26,2026-09-08T00:09:55.312451,1000,357,POST,/jobs,201,120.91880000662059
26,2026-09-08T00:09:55.312451,1000,358,PUT,/jobs/002,404,127.1285000257194
26,2026-09-08T00:09:55.312451,1000,359,DELETE,/jobs/002,404,79.15220002178103
26,2026-09-08T00:09:55.312451,1000,360,PUT,/jobs/001,200,128.77189996652305
26,2026-09-08T00:09:55.312451,1000,361,POST,/jobs,201,129.2070000199601
26,2026-09-08T00:09:55.312451,1000,362,PUT,/jobs/001,200,117.42889997549355
26,2026-09-08T00:09:55.312451,1000,363,PUT,/jobs/002,404,118.40750009287149
26,2026-09-08T00:09:55.312451,1000,364,PUT,/jobs/1000,404,127.42049992084503
26,2026-09-08T00:09:55.312451,1000,365,GET,/jobs/002,404,68.22710006963462
26,2026-09-08T00:09:55.312451,1000,366,GET,/jobs/1000,404,69.65720001608133
26,2026-09-08T00:09:55.312451,1000,367,DELETE,/jobs/002,404,69.12250001914799
26,2026-09-08T00:09:55.312451,1000,368,PUT,/jobs/1000,404,120.47480000182986
26,2026-09-08T00:09:55.312451,1000,369,DELETE,/jobs/002,404,72.18210003338754
26,2026-09-08T00:09:55.312451,1000,370,GET,/jobs,200,77.16590003110468
26,2026-09-08T00:09:55.312451,1000,371,PUT,/jobs/001,200,120.10270007885993
26,2026-09-08T00:09:55.312451,1000,372,PUT,/jobs/001,200,124.09079994540662
26,2026-09-08T00:09:55.312451,1000,373,GET,/jobs,200,76.27999992109835
26,2026-09-08T00:09:55.312451,1000,374,POST,/jobs,201,134.3966000713408
26,2026-09-08T00:09:55.312451,1000,375,POST,/jobs,201,122.49450001399964
26,2026-09-08T00:09:55.312451,1000,376,PUT,/jobs/002,404,134.12920001428574
26,2026-09-08T00:09:55.312451,1000,377,POST,/jobs,201,127.1730000153184
26,2026-09-08T00:09:55.312451,1000,378,PUT,/jobs/002,404,122.57519992999732
26,2026-09-08T00:09:55.312451,1000,379,PUT,/jobs/002,404,124.78740001097322
26,2026-09-08T00:09:55.312451,1000,380,GET,/jobs,200,76.09260000754148
26,2026-09-08T00:09:55.312451,1000,381,PUT,/jobs/001,200,125.66459993831813
26,2026-09-08T00:09:55.312451,1000,382,DELETE,/jobs/002,404,76.98150002397597
26,2026-09-08T00:09:55.312451,1000,383,POST,/jobs,201,130.89099992066622
26,2026-09-08T00:09:55.312451,1000,384,GET,/jobs,200,78.62150005530566
26,2026-09-08T00:09:55.312451,1000,385,GET,/jobs,200,80.44069993775338
26,2026-09-08T00:09:55.312451,1000,386,GET,/jobs,200,79.59399989340454
26,2026-09-08T00:09:55.312451,1000,387,GET,/jobs/001,200,133.18820006679744
26,2026-09-08T00:09:55.312451,1000,388,GET,/jobs,200,78.92979995813221
26,2026-09-08T00:09:55.312451,1000,389,DELETE,/jobs/002,404,83.82840000558645
26,2026-09-08T00:09:55.312451,1000,390,GET,/jobs/001,200,141.2496999837458
26,2026-09-08T00:09:55.312451,1000,391,PUT,/jobs/1000,404,126.30180001724511
26,2026-09-08T00:09:55.312451,1000,392,GET,/jobs,200,77.94790004845709
26,2026-09-08T00:09:55.312451,1000,393,DELETE,/jobs/002,404,87.66089996788651
26,2026-09-08T00:09:55.312451,1000,394,PUT,/jobs/1000,404,124.91469993256032
26,2026-09-08T00:09:55.312451,1000,395,POST,/jobs,201,125.08680007886142
26,2026-09-08T00:09:55.312451,1000,396,POST,/jobs,201,125.45789999421686
26,2026-09-08T00:09:55.312451,1000,397,DELETE,/jobs/002,404,86.68090007267892
26,2026-09-08T00:09:55.312451,1000,398,GET,/jobs/002,404,87.21290004905313
26,2026-09-08T00:09:55.312451,1000,399,GET,/jobs,200,78.38659989647567
26,2026-09-08T00:09:55.312451,1000,400,DELETE,/jobs/002,404,84.48760001920164
26,2026-09-08T00:09:55.312451,1000,401,POST,/jobs,201,132.82719999551773
26,2026-09-08T00:09:55.312451,1000,402,PUT,/jobs/002,404,131.48219999857247
26,2026-09-08T00:09:55.312451,1000,403,GET,/jobs/001,200,137.46779994107783
26,2026-09-08T00:09:55.312451,1000,404,DELETE,/jobs/002,404,85.58519999496639
26,2026-09-08T00:09:55.312451,1000,405,GET,/jobs,200,84.30549991317093
26,2026-09-08T00:09:55.312451,1000,406,POST,/jobs,201,132.2500000242144
26,2026-09-08T00:09:55.312451,1000,407,DELETE,/jobs/002,404,79.57080006599426
26,2026-09-08T00:09:55.312451,1000,408,DELETE,/jobs/002,404,92.48190000653267
26,2026-09-08T00:09:55.312451,1000,409,POST,/jobs,201,136.55290007591248
26,2026-09-08T00:09:55.312451,1000,410,PUT,/jobs/1000,404,133.53550003375858
26,2026-09-08T00:09:55.312451,1000,411,POST,/jobs,201,132.2957999072969
26,2026-09-08T00:09:55.312451,1000,412,DELETE,/jobs/1000,404,94.92459998000413
26,2026-09-08T00:09:55.312451,1000,413,GET,/jobs,200,89.37679999507964
26,2026-09-08T00:09:55.312451,1000,414,PUT,/jobs/002,404,135.69609995465726
26,2026-09-08T00:09:55.312451,1000,415,GET,/jobs,200,90.86949995253235
26,2026-09-08T00:09:55.312451,1000,416,PUT,/jobs/002,404,131.99389993678778
26,2026-09-08T00:09:55.312451,1000,417,PUT,/jobs/1000,404,133.27440002467483
26,2026-09-08T00:09:55.312451,1000,418,GET,/jobs/002,404,92.01040002517402
26,2026-09-08T00:09:55.312451,1000,419,GET,/jobs/1000,404,100.8075000718236
26,2026-09-08T00:09:55.312451,1000,420,DELETE,/jobs/1000,404,87.45560003444552
26,2026-09-08T00:09:55.312451,1000,421,DELETE,/jobs/1000,404,89.21559993177652
26,2026-09-08T00:09:55.312451,1000,422,PUT,/jobs/002,404,135.24900004267693
26,2026-09-08T00:09:55.312451,1000,423,DELETE,/jobs/1000,404,89.44819995667785
26,2026-09-08T00:09:55.312451,1000,424,POST,/jobs,201,140.50520001910627
26,2026-09-08T00:09:55.312451,1000,425,GET,/jobs/001,200,143.70470005087554
26,2026-09-08T00:09:55.312451,1000,426,POST,/jobs,201,133.55150003917515
26,2026-09-08T00:09:55.312451,1000,427,GET,/jobs/002,404,88.72939995490015
26,2026-09-08T00:09:55.312451,1000,428,DELETE,/jobs/1000,404,87.41320006083697
26,2026-09-08T00:09:55.312451,1000,429,POST,/jobs,201,146.08129998669028
26,2026-09-08T00:09:55.312451,1000,430,PUT,/jobs/002,404,145.08670009672642
26,2026-09-08T00:09:55.312451,1000,431,GET,/jobs/002,404,94.24990008119494
26,2026-09-08T00:09:55.312451,1000,432,GET,/jobs/002,404,83.776899962686
26,2026-09-08T00:09:55.312451,1000,433,POST,/jobs,201,145.73939994443208
26,2026-09-08T00:09:55.312451,1000,434,POST,/jobs,201,133.8770999573171
26,2026-09-08T00:09:55.312451,1000,435,POST,/jobs,201,133.49380006548017
26,2026-09-08T00:09:55.312451,1000,436,GET,/jobs,200,82.34299998730421
26,2026-09-08T00:09:55.312451,1000,437,DELETE,/jobs/002,404,86.3977000117302
26,2026-09-08T00:09:55.312451,1000,438,GET,/jobs,200,96.79829992819577
26,2026-09-08T00:09:55.312451,1000,439,GET,/jobs/1000,404,100.80719995312393
26,2026-09-08T00:09:55.312451,1000,440,PUT,/jobs/002,404,137.627899996005
26,2026-09-08T00:09:55.312451,1000,441,DELETE,/jobs/002,404,99.6716000372544
26,2026-09-08T00:09:55.312451,1000,442,PUT,/jobs/1000,404,137.3989999992773
26,2026-09-08T00:09:55.312451,1000,443,PUT,/jobs/002,404,143.98660010192543
26,2026-09-08T00:09:55.312451,1000,444,GET,/jobs,200,98.17829995881766
26,2026-09-08T00:09:55.312451,1000,445,GET,/jobs,200,98.2804000377655
26,2026-09-08T00:09:55.312451,1000,446,POST,/jobs,201,145.24470001924783
26,2026-09-08T00:09:55.312451,1000,447,PUT,/jobs/1000,404,138.37419997435063
26,2026-09-08T00:09:55.312451,1000,448,GET,/jobs/002,404,99.31429999414831
26,2026-09-08T00:09:55.312451,1000,449,DELETE,/jobs/1000,404,98.95260003395379
26,2026-09-08T00:09:55.312451,1000,450,PUT,/jobs/1000,404,136.89500000327826
26,2026-09-08T00:09:55.312451,1000,451,DELETE,/jobs/1000,404,94.83519999776036
26,2026-09-08T00:09:55.312451,1000,452,PUT,/jobs/1000,404,136.33839995600283
26,2026-09-08T00:09:55.312451,1000,453,DELETE,/jobs/1000,404,95.20559990778565
26,2026-09-08T00:09:55.312451,1000,454,POST,/jobs,201,135.63280005473644
26,2026-09-08T00:09:55.312451,1000,455,PUT,/jobs/002,404,141.93090004846454
26,2026-09-08T00:09:55.312451,1000,456,POST,/jobs,201,138.99529993068427
26,2026-09-08T00:09:55.312451,1000,457,GET,/jobs/001,200,141.0351999802515
26,2026-09-08T00:09:55.312451,1000,458,GET,/jobs/002,404,97.81130007468164
26,2026-09-08T00:09:55.312451,1000,459,GET,/jobs,200,93.04579999297857
26,2026-09-08T00:09:55.312451,1000,460,DELETE,/jobs/002,404,96.94399998988956
26,2026-09-08T00:09:55.312451,1000,461,GET,/jobs/001,200,140.40030003525317
26,2026-09-08T00:09:55.312451,1000,462,PUT,/jobs/002,404,139.01779998559505
26,2026-09-08T00:09:55.312451,1000,463,DELETE,/jobs/1000,404,97.44260006118566
26,2026-09-08T00:09:55.312451,1000,464,GET,/jobs,200,87.68280001822859
26,2026-09-08T00:09:55.312451,1000,465,GET,/jobs/002,404,97.99619996920228
26,2026-09-08T00:09:55.312451,1000,466,GET,/jobs/002,404,99.81539996806532
26,2026-09-08T00:09:55.312451,1000,467,GET,/jobs/002,404,100.1222999766469
26,2026-09-08T00:09:55.312451,1000,468,GET,/jobs,200,91.96620003785938
26,2026-09-08T00:09:55.312451,1000,469,DELETE,/jobs/002,404,99.56389991566539
26,2026-09-08T00:09:55.312451,1000,470,POST,/jobs,201,138.89830000698566
26,2026-09-08T00:09:55.312451,1000,471,GET,/jobs,200,94.26739998161793
26,2026-09-08T00:09:55.312451,1000,472,DELETE,/jobs/1000,404,99.09749997314066
26,2026-09-08T00:09:55.312451,1000,473,GET,/jobs/1000,404,99.2004000581801
26,2026-09-08T00:09:55.312451,1000,474,PUT,/jobs/001,200,142.37510005477816
26,2026-09-08T00:09:55.312451,1000,475,GET,/jobs,200,97.9578000260517
26,2026-09-08T00:09:55.312451,1000,476,DELETE,/jobs/1000,404,96.49170003831387
26,2026-09-08T00:09:55.312451,1000,477,PUT,/jobs/002,404,135.54060005117208
26,2026-09-08T00:09:55.312451,1000,478,PUT,/jobs/002,404,135.76470001135021
26,2026-09-08T00:09:55.312451,1000,479,GET,/jobs/001,200,135.5073000304401
26,2026-09-08T00:09:55.312451,1000,480,POST,/jobs,201,128.50190000608563
26,2026-09-08T00:09:55.312451,1000,481,PUT,/jobs/001,200,141.9182000681758
26,2026-09-08T00:09:55.312451,1000,482,GET,/jobs,200,89.70410004258156
26,2026-09-08T00:09:55.312451,1000,483,PUT,/jobs/002,404,128.6569000221789
26,2026-09-08T00:09:55.312451,1000,484,GET,/jobs,200,89.46229994762689
26,2026-09-08T00:09:55.312451,1000,485,DELETE,/jobs/002,404,95.16719996463507
26,2026-09-08T00:09:55.312451,1000,486,GET,/jobs/001,200,131.94480002857745
26,2026-09-08T00:09:55.312451,1000,487,DELETE,/jobs/1000,404,86.23090002220124
26,2026-09-08T00:09:55.312451,1000,488,GET,/jobs,200,81.21269999537617
26,2026-09-08T00:09:55.312451,1000,489,GET,/jobs/001,200,131.69619999825954
26,2026-09-08T00:09:55.312451,1000,490,DELETE,/jobs/1000,404,86.50600002147257
26,2026-09-08T00:09:55.312451,1000,491,DELETE,/jobs/002,404,87.18959998805076
26,2026-09-08T00:09:55.312451,1000,492,DELETE,/jobs/1000,404,88.05349993053824
26,2026-09-08T00:09:55.312451,1000,493,PUT,/jobs/002,404,126.21000001672655
26,2026-09-08T00:09:55.312451,1000,494,POST,/jobs,201,126.69530010316521
26,2026-09-08T00:09:55.312451,1000,495,DELETE,/jobs/1000,404,87.3825999442488
26,2026-09-08T00:09:55.312451,1000,496,POST,/jobs,201,123.69520007632673
26,2026-09-08T00:09:55.312451,1000,497,DELETE,/jobs/002,404,90.85020003840327
26,2026-09-08T00:09:55.312451,1000,498,DELETE,/jobs/002,404,87.47980010230094
26,2026-09-08T00:09:55.312451,1000,499,GET,/jobs/1000,404,90.50109994132072
26,2026-09-08T00:09:55.312451,1000,500,GET,/jobs/002,404,91.13169996999204
26,2026-09-08T00:09:55.312451,1000,501,GET,/jobs,200,88.75700004864484
26,2026-09-08T00:09:55.312451,1000,502,GET,/jobs/001,200,135.39499999023974
26,2026-09-08T00:09:55.312451,1000,503,GET,/jobs/1000,404,84.1854999307543
26,2026-09-08T00:09:55.312451,1000,504,GET,/jobs,200,77.96759996563196
26,2026-09-08T00:09:55.312451,1000,505,GET,/jobs/001,200,135.24460000917315
26,2026-09-08T00:09:55.312451,1000,506,PUT,/jobs/002,404,123.3924999833107
26,2026-09-08T00:09:55.312451,1000,507,DELETE,/jobs/1000,404,84.75000003818423
26,2026-09-08T00:09:55.312451,1000,508,POST,/jobs,201,135.04399999510497
26,2026-09-08T00:09:55.312451,1000,509,GET,/jobs/002,404,84.407800110057
26,2026-09-08T00:09:55.312451,1000,510,POST,/jobs,201,135.0788000272587
26,2026-09-08T00:09:55.312451,1000,511,PUT,/jobs/001,200,135.19110006745905
26,2026-09-08T00:09:55.312451,1000,512,GET,/jobs/002,404,85.27229994069785
26,2026-09-08T00:09:55.312451,1000,513,DELETE,/jobs/002,404,84.97269998770207
26,2026-09-08T00:09:55.312451,1000,514,PUT,/jobs/001,200,122.5944000761956
26,2026-09-08T00:09:55.312451,1000,515,DELETE,/jobs/002,404,84.67030001338571
26,2026-09-08T00:09:55.312451,1000,516,GET,/jobs/002,404,84.94500000961125
26,2026-09-08T00:09:55.312451,1000,517,GET,/jobs/001,200,137.3806999763474
26,2026-09-08T00:09:55.312451,1000,518,GET,/jobs,200,82.55299995653331
26,2026-09-08T00:09:55.312451,1000,519,GET,/jobs/002,404,86.16229996550828
26,2026-09-08T00:09:55.312451,1000,520,DELETE,/jobs/1000,404,86.28909999970347
26,2026-09-08T00:09:55.312451,1000,521,PUT,/jobs/001,200,123.43389994930476
26,2026-09-08T00:09:55.312451,1000,522,PUT,/jobs/1000,404,134.71289991866797
26,2026-09-08T00:09:55.312451,1000,523,POST,/jobs,201,128.84789996314794
26,2026-09-08T00:09:55.312451,1000,524,PUT,/jobs/002,404,135.56029996834695
26,2026-09-08T00:09:55.312451,1000,525,DELETE,/jobs/1000,404,78.88669997919351
26,2026-09-08T00:09:55.312451,1000,526,PUT,/jobs/001,200,134.28060000296682
26,2026-09-08T00:09:55.312451,1000,527,DELETE,/jobs/002,404,81.59459999296814
26,2026-09-08T00:09:55.312451,1000,528,PUT,/jobs/1000,404,130.05730009172112
26,2026-09-08T00:09:55.312451,1000,529,POST,/jobs,201,129.77520003914833
26,2026-09-08T00:09:55.312451,1000,530,POST,/jobs,201,123.61200002487749
26,2026-09-08T00:09:55.312451,1000,531,GET,/jobs,200,74.07949992921203
26,2026-09-08T00:09:55.312451,1000,532,GET,/jobs/1000,404,83.86250003241003
26,2026-09-08T00:09:55.312451,1000,533,DELETE,/jobs/002,404,84.37880000565201
26,2026-09-08T00:09:55.312451,1000,534,POST,/jobs,201,124.2997000226751
26,2026-09-08T00:09:55.312451,1000,535,GET,/jobs,200,83.49360001739115
26,2026-09-08T00:09:55.312451,1000,536,GET,/jobs/002,404,84.77079996373504
26,2026-09-08T00:09:55.312451,1000,537,DELETE,/jobs/1000,404,85.17960004974157
26,2026-09-08T00:09:55.312451,1000,538,POST,/jobs,201,132.27149995509535
26,2026-09-08T00:09:55.312451,1000,539,DELETE,/jobs/1000,404,84.90350004285574
26,2026-09-08T00:09:55.312451,1000,540,PUT,/jobs/001,200,132.64020008500665
26,2026-09-08T00:09:55.312451,1000,541,PUT,/jobs/002,404,120.56239997036755
26,2026-09-08T00:09:55.312451,1000,542,PUT,/jobs/002,404,121.7739999992773
26,2026-09-08T00:09:55.312451,1000,543,POST,/jobs,201,131.68340001720935
26,2026-09-08T00:09:55.312451,1000,544,GET,/jobs,200,78.28919996973127
26,2026-09-08T00:09:55.312451,1000,545,GET,/jobs/002,404,79.96519992593676
26,2026-09-08T00:09:55.312451,1000,546,PUT,/jobs/1000,404,127.08819995168597
26,2026-09-08T00:09:55.312451,1000,547,PUT,/jobs/002,404,124.9182999599725
26,2026-09-08T00:09:55.312451,1000,548,PUT,/jobs/1000,404,126.58500007819384
26,2026-09-08T00:09:55.312451,1000,549,GET,/jobs,200,78.81590002216399
26,2026-09-08T00:09:55.312451,1000,550,PUT,/jobs/001,200,125.52420003339648
26,2026-09-08T00:09:55.312451,1000,551,POST,/jobs,201,124.4389999192208
26,2026-09-08T00:09:55.312451,1000,552,POST,/jobs,201,124.78319997899234
26,2026-09-08T00:09:55.312451,1000,553,PUT,/jobs/1000,404,124.56979998387396
26,2026-09-08T00:09:55.312451,1000,554,GET,/jobs,200,89.45570001378655
26,2026-09-08T00:09:55.312451,1000,555,DELETE,/jobs/1000,404,91.52010001707822
26,2026-09-08T00:09:55.312451,1000,556,PUT,/jobs/001,200,132.02000001911074
26,2026-09-08T00:09:55.312451,1000,557,GET,/jobs/1000,404,86.27949992660433
26,2026-09-08T00:09:55.312451,1000,558,POST,/jobs,201,132.09650001954287
26,2026-09-08T00:09:55.312451,1000,559,PUT,/jobs/1000,404,125.33729989081621
26,2026-09-08T00:09:55.312451,1000,560,PUT,/jobs/001,200,132.4541000649333
26,2026-09-08T00:09:55.312451,1000,561,GET,/jobs/002,404,86.89039992168546
26,2026-09-08T00:09:55.312451,1000,562,DELETE,/jobs/002,404,87.0195000898093
26,2026-09-08T00:09:55.312451,1000,563,POST,/jobs,201,132.27129995357245
26,2026-09-08T00:09:55.312451,1000,564,PUT,/jobs/001,200,125.25959999766201
26,2026-09-08T00:09:55.312451,1000,565,GET,/jobs,200,81.39740000478923
26,2026-09-08T00:09:55.312451,1000,566,DELETE,/jobs/002,404,88.33120006602257
26,2026-09-08T00:09:55.312451,1000,567,GET,/jobs/002,404,87.72399998269975
26,2026-09-08T00:09:55.312451,1000,568,DELETE,/jobs/002,404,86.99079998768866
26,2026-09-08T00:09:55.312451,1000,569,DELETE,/jobs/1000,404,85.9807999804616
26,2026-09-08T00:09:55.312451,1000,570,GET,/jobs,200,84.80459998827428
26,2026-09-08T00:09:55.312451,1000,571,GET,/jobs/001,200,134.05949994921684
26,2026-09-08T00:09:55.312451,1000,572,PUT,/jobs/001,200,121.65609991643578
26,2026-09-08T00:09:55.312451,1000,573,GET,/jobs/002,404,87.62350003235042
26,2026-09-08T00:09:55.312451,1000,574,POST,/jobs,201,126.75779999699444
26,2026-09-08T00:09:55.312451,1000,575,POST,/jobs,201,129.00790001731366
26,2026-09-08T00:09:55.312451,1000,576,PUT,/jobs/002,404,142.86079991143197
26,2026-09-08T00:09:55.312451,1000,577,GET,/jobs/002,404,87.89979992434382
26,2026-09-08T00:09:55.312451,1000,578,DELETE,/jobs/002,404,87.86410000175238
26,2026-09-08T00:09:55.312451,1000,579,PUT,/jobs/001,200,127.52980005461723
26,2026-09-08T00:09:55.312451,1000,580,DELETE,/jobs/002,404,87.717599933967
26,2026-09-08T00:09:55.312451,1000,581,GET,/jobs,200,87.0547000085935
26,2026-09-08T00:09:55.312451,1000,582,POST,/jobs,201,128.38320003356785
26,2026-09-08T00:09:55.312451,1000,583,PUT,/jobs/002,404,135.73320000432432
26,2026-09-08T00:09:55.312451,1000,584,DELETE,/jobs/1000,404,87.96300005633384
26,2026-09-08T00:09:55.312451,1000,585,GET,/jobs,200,75.14830003492534
26,2026-09-08T00:09:55.312451,1000,586,POST,/jobs,201,129.76879999041557
26,2026-09-08T00:09:55.312451,1000,587,POST,/jobs,201,135.33039996400476
26,2026-09-08T00:09:55.312451,1000,588,DELETE,/jobs/1000,404,86.16149995941669
26,2026-09-08T00:09:55.312451,1000,589,GET,/jobs/002,404,88.53210008237511
26,2026-09-08T00:09:55.312451,1000,590,DELETE,/jobs/1000,404,86.37969999108464
26,2026-09-08T00:09:55.312451,1000,591,POST,/jobs,201,132.8856999753043
26,2026-09-08T00:09:55.312451,1000,592,DELETE,/jobs/1000,404,87.46850001625717
26,2026-09-08T00:09:55.312451,1000,593,PUT,/jobs/002,404,136.93399995099753
26,2026-09-08T00:09:55.312451,1000,594,GET,/jobs/1000,404,87.81950001139194
26,2026-09-08T00:09:55.312451,1000,595,GET,/jobs/1000,404,87.82660006545484
26,2026-09-08T00:09:55.312451,1000,596,PUT,/jobs/001,200,137.40070001222193
26,2026-09-08T00:09:55.312451,1000,597,PUT,/jobs/001,200,137.688499991782
26,2026-09-08T00:09:55.312451,1000,598,POST,/jobs,201,136.10910007264465
26,2026-09-08T00:09:55.312451,1000,599,PUT,/jobs/1000,404,133.9604000095278
26,2026-09-08T00:09:55.312451,1000,600,PUT,/jobs/002,404,128.57210007496178
26,2026-09-08T00:09:55.312451,1000,601,GET,/jobs/002,404,88.49890006240457
26,2026-09-08T00:09:55.312451,1000,602,GET,/jobs,200,78.89869995415211
26,2026-09-08T00:09:55.312451,1000,603,GET,/jobs/1000,404,85.20720002707094
26,2026-09-08T00:09:55.312451,1000,604,DELETE,/jobs/1000,404,83.89420004095882
26,2026-09-08T00:09:55.312451,1000,605,GET,/jobs,200,82.52779999747872
26,2026-09-08T00:09:55.312451,1000,606,PUT,/jobs/001,200,122.9837000137195
26,2026-09-08T00:09:55.312451,1000,607,DELETE,/jobs/1000,404,73.6716000828892
26,2026-09-08T00:09:55.312451,1000,608,GET,/jobs,200,82.70699996501207
26,2026-09-08T00:09:55.312451,1000,609,GET,/jobs/002,404,84.57110007293522
26,2026-09-08T00:09:55.312451,1000,610,GET,/jobs/001,200,134.29159997031093
26,2026-09-08T00:09:55.312451,1000,611,PUT,/jobs/002,404,125.36499998532236
26,2026-09-08T00:09:55.312451,1000,612,POST,/jobs,201,124.405000009574
26,2026-09-08T00:09:55.312451,1000,613,PUT,/jobs/1000,404,123.51780000608414
26,2026-09-08T00:09:55.312451,1000,614,GET,/jobs,200,77.85660005174577
26,2026-09-08T00:09:55.312451,1000,615,POST,/jobs,201,124.12799999583513
26,2026-09-08T00:09:55.312451,1000,616,DELETE,/jobs/1000,404,90.2928999857977
26,2026-09-08T00:09:55.312451,1000,617,POST,/jobs,201,129.4478999916464
26,2026-09-08T00:09:55.312451,1000,618,PUT,/jobs/1000,404,137.58710003457963
26,2026-09-08T00:09:55.312451,1000,619,GET,/jobs,200,88.37150002364069
26,2026-09-08T00:09:55.312451,1000,620,DELETE,/jobs/002,404,89.78190005291253
26,2026-09-08T00:09:55.312451,1000,621,GET,/jobs/1000,404,89.6976999938488
26,2026-09-08T00:09:55.312451,1000,622,POST,/jobs,201,130.62169996555895
26,2026-09-08T00:09:55.312451,1000,623,GET,/jobs,200,83.9006999740377
26,2026-09-08T00:09:55.312451,1000,624,PUT,/jobs/001,200,137.65400007832795
26,2026-09-08T00:09:55.312451,1000,625,GET,/jobs,200,83.52570002898574
26,2026-09-08T00:09:55.312451,1000,626,PUT,/jobs/001,200,137.0536999311298
26,2026-09-08T00:09:55.312451,1000,627,POST,/jobs,201,137.3746000463143
26,2026-09-08T00:09:55.312451,1000,628,GET,/jobs,200,84.05649999622256
26,2026-09-08T00:09:55.312451,1000,629,POST,/jobs,201,125.89919997844845
26,2026-09-08T00:09:55.312451,1000,630,GET,/jobs,200,83.14660005271435
26,2026-09-08T00:09:55.312451,1000,631,POST,/jobs,201,140.47340000979602
26,2026-09-08T00:09:55.312451,1000,632,POST,/jobs,201,140.23359993007034
26,2026-09-08T00:09:55.312451,1000,633,GET,/jobs/001,200,134.88659996073693
26,2026-09-08T00:09:55.312451,1000,634,DELETE,/jobs/1000,404,78.04990001022816
26,2026-09-08T00:09:55.312451,1000,635,DELETE,/jobs/002,404,85.34640003927052
26,2026-09-08T00:09:55.312451,1000,636,GET,/jobs/001,200,147.77819998562336
26,2026-09-08T00:09:55.312451,1000,637,GET,/jobs,200,94.20090005733073
26,2026-09-08T00:09:55.312451,1000,638,DELETE,/jobs/1000,404,93.58620003331453
26,2026-09-08T00:09:55.312451,1000,639,DELETE,/jobs/002,404,97.16110001318157
26,2026-09-08T00:09:55.312451,1000,640,PUT,/jobs/1000,404,133.1040000077337
26,2026-09-08T00:09:55.312451,1000,641,GET,/jobs/001,200,147.5707000354305
26,2026-09-08T00:09:55.312451,1000,642,PUT,/jobs/1000,404,134.5743000274524
26,2026-09-08T00:09:55.312451,1000,643,POST,/jobs,201,135.7364000286907
26,2026-09-08T00:09:55.312451,1000,644,POST,/jobs,201,143.045200034976
26,2026-09-08T00:09:55.312451,1000,645,GET,/jobs,200,90.05739993881434
26,2026-09-08T00:09:55.312451,1000,646,PUT,/jobs/002,404,144.05749994330108
26,2026-09-08T00:09:55.312451,1000,647,DELETE,/jobs/002,404,91.67290001641959
26,2026-09-08T00:09:55.312451,1000,648,GET,/jobs,200,90.34170000813901
26,2026-09-08T00:09:55.312451,1000,649,PUT,/jobs/002,404,132.60060001630336
26,2026-09-08T00:09:55.312451,1000,650,DELETE,/jobs/1000,404,91.20340005028993
26,2026-09-08T00:09:55.312451,1000,651,PUT,/jobs/1000,404,142.06390001345426
26,2026-09-08T00:09:55.312451,1000,652,POST,/jobs,201,139.83799994457513
26,2026-09-08T00:09:55.312451,1000,653,POST,/jobs,201,141.5374999633059
26,2026-09-08T00:09:55.312451,1000,654,PUT,/jobs/002,404,145.85269999224693
26,2026-09-08T00:09:55.312451,1000,655,GET,/jobs,200,90.30629997141659
26,2026-09-08T00:09:55.312451,1000,656,GET,/jobs/002,404,93.36260007694364
26,2026-09-08T00:09:55.312451,1000,657,DELETE,/jobs/1000,404,93.03550003096461
26,2026-09-08T00:09:55.312451,1000,658,DELETE,/jobs/1000,404,92.4778999760747
26,2026-09-08T00:09:55.312451,1000,659,POST,/jobs,201,146.73129993025213
26,2026-09-08T00:09:55.312451,1000,660,PUT,/jobs/002,404,146.08599990606308
26,2026-09-08T00:09:55.312451,1000,661,GET,/jobs,200,89.87229992635548
26,2026-09-08T00:09:55.312451,1000,662,DELETE,/jobs/002,404,92.23199996631593
26,2026-09-08T00:09:55.312451,1000,663,DELETE,/jobs/1000,404,92.70030003972352
26,2026-09-08T00:09:55.312451,1000,664,POST,/jobs,201,142.71130005363375
26,2026-09-08T00:09:55.312451,1000,665,GET,/jobs/1000,404,85.34540003165603
26,2026-09-08T00:09:55.312451,1000,666,POST,/jobs,201,137.99620000645518
26,2026-09-08T00:09:55.312451,1000,667,GET,/jobs/1000,404,85.00920003280044
26,2026-09-08T00:09:55.312451,1000,668,POST,/jobs,201,147.7671000175178
26,2026-09-08T00:09:55.312451,1000,669,GET,/jobs/1000,404,89.94490001350641
26,2026-09-08T00:09:55.312451,1000,670,GET,/jobs,200,84.50640004593879
26,2026-09-08T00:09:55.312451,1000,671,GET,/jobs,200,78.58530001249164
26,2026-09-08T00:09:55.312451,1000,672,POST,/jobs,201,134.73900000099093
26,2026-09-08T00:09:55.312451,1000,673,PUT,/jobs/001,200,136.46670000161976
26,2026-09-08T00:09:55.312451,1000,674,DELETE,/jobs/1000,404,87.22840005066246
26,2026-09-08T00:09:55.312451,1000,675,GET,/jobs/001,200,142.6809000549838
26,2026-09-08T00:09:55.312451,1000,676,POST,/jobs,201,134.55879990942776
26,2026-09-08T00:09:55.312451,1000,677,PUT,/jobs/001,200,140.4475000454113
26,2026-09-08T00:09:55.312451,1000,678,GET,/jobs/001,200,155.99709993693978
26,2026-09-08T00:09:55.312451,1000,679,DELETE,/jobs/1000,404,97.45859995018691
26,2026-09-08T00:09:55.312451,1000,680,DELETE,/jobs/1000,404,100.87650001514703
26,2026-09-08T00:09:55.312451,1000,681,GET,/jobs/002,404,97.22699993290007
26,2026-09-08T00:09:55.312451,1000,682,PUT,/jobs/002,404,152.49440004117787
26,2026-09-08T00:09:55.312451,1000,683,POST,/jobs,201,151.94010001141578
26,2026-09-08T00:09:55.312451,1000,684,GET,/jobs,200,92.80260000377893
26,2026-09-08T00:09:55.312451,1000,685,PUT,/jobs/001,200,151.66680002585053
26,2026-09-08T00:09:55.312451,1000,686,GET,/jobs/001,200,154.13729997817427
26,2026-09-08T00:09:55.312451,1000,687,PUT,/jobs/1000,404,150.56610002648085
26,2026-09-08T00:09:55.312451,1000,688,POST,/jobs,201,147.9571999516338
26,2026-09-08T00:09:55.312451,1000,689,PUT,/jobs/001,200,149.31429992429912
26,2026-09-08T00:09:55.312451,1000,690,POST,/jobs,201,149.65460007078946
26,2026-09-08T00:09:55.312451,1000,691,GET,/jobs,200,96.09250002540648
26,2026-09-08T00:09:55.312451,1000,692,PUT,/jobs/002,404,149.07160005532205
26,2026-09-08T00:09:55.312451,1000,693,POST,/jobs,201,148.36069999728352
26,2026-09-08T00:09:55.312451,1000,694,PUT,/jobs/1000,404,147.76069996878505
26,2026-09-08T00:09:55.312451,1000,695,POST,/jobs,201,148.7525999546051
26,2026-09-08T00:09:55.312451,1000,696,GET,/jobs/002,404,97.98980003688484
26,2026-09-08T00:09:55.312451,1000,697,GET,/jobs,200,95.32500000204891
26,2026-09-08T00:09:55.312451,1000,698,DELETE,/jobs/1000,404,98.32800005096942
26,2026-09-08T00:09:55.312451,1000,699,DELETE,/jobs/002,404,94.42580002360046
26,2026-09-08T00:09:55.312451,1000,700,GET,/jobs,200,92.68860006704926
26,2026-09-08T00:09:55.312451,1000,701,PUT,/jobs/1000,404,135.78959996812046
26,2026-09-08T00:09:55.312451,1000,702,POST,/jobs,201,140.97670000046492
26,2026-09-08T00:09:55.312451,1000,703,PUT,/jobs/001,200,141.93019992671907
26,2026-09-08T00:09:55.312451,1000,704,GET,/jobs/001,200,148.41749996412545
26,2026-09-08T00:09:55.312451,1000,705,GET,/jobs,200,91.1464000819251
26,2026-09-08T00:09:55.312451,1000,706,POST,/jobs,201,141.21709996834397
26,2026-09-08T00:09:55.312451,1000,707,GET,/jobs,200,90.56450007483363
26,2026-09-08T00:09:55.312451,1000,708,GET,/jobs,200,92.02360000927001
26,2026-09-08T00:09:55.312451,1000,709,GET,/jobs/1000,404,105.76529998797923
26,2026-09-08T00:09:55.312451,1000,710,GET,/jobs/002,404,103.72969997115433
26,2026-09-08T00:09:55.312451,1000,711,PUT,/jobs/002,404,144.75179999135435
26,2026-09-08T00:09:55.312451,1000,712,DELETE,/jobs/1000,404,104.04040000867099
26,2026-09-08T00:09:55.312451,1000,713,DELETE,/jobs/002,404,104.90400006528944
26,2026-09-08T00:09:55.312451,1000,714,PUT,/jobs/1000,404,151.44899999722838
26,2026-09-08T00:09:55.312451,1000,715,GET,/jobs,200,101.57169995363802
26,2026-09-08T00:09:55.312451,1000,716,PUT,/jobs/1000,404,149.54590005800128
26,2026-09-08T00:09:55.312451,1000,717,PUT,/jobs/002,404,142.85079995170236
26,2026-09-08T00:09:55.312451,1000,718,GET,/jobs,200,100.95310001634061
26,2026-09-08T00:09:55.312451,1000,719,POST,/jobs,201,142.65030005481094
26,2026-09-08T00:09:55.312451,1000,720,PUT,/jobs/002,404,156.75879991613328
26,2026-09-08T00:09:55.312451,1000,721,GET,/jobs/002,404,101.18310002144426
26,2026-09-08T00:09:55.312451,1000,722,GET,/jobs,200,97.6268999511376
26,2026-09-08T00:09:55.312451,1000,723,POST,/jobs,201,140.34150005318224
26,2026-09-08T00:09:55.312451,1000,724,POST,/jobs,201,155.41469992604107
26,2026-09-08T00:09:55.312451,1000,725,PUT,/jobs/002,404,156.0950999846682
26,2026-09-08T00:09:55.312451,1000,726,GET,/jobs/001,200,159.24199996516109
26,2026-09-08T00:09:55.312451,1000,727,PUT,/jobs/001,200,143.9022000413388
26,2026-09-08T00:09:55.312451,1000,728,GET,/jobs/1000,404,96.60180006176233
26,2026-09-08T00:09:55.312451,1000,729,DELETE,/jobs/002,404,96.20240004733205
26,2026-09-08T00:09:55.312451,1000,730,GET,/jobs,200,87.90909999515861
26,2026-09-08T00:09:55.312451,1000,731,POST,/jobs,201,152.33109996188432
26,2026-09-08T00:09:55.312451,1000,732,GET,/jobs/1000,404,97.47679997235537
26,2026-09-08T00:09:55.312451,1000,733,GET,/jobs/001,200,164.14140001870692
26,2026-09-08T00:09:55.312451,1000,734,DELETE,/jobs/002,404,92.2475999686867
26,2026-09-08T00:09:55.312451,1000,735,DELETE,/jobs/002,404,98.47899992018938
26,2026-09-08T00:09:55.312451,1000,736,GET,/jobs/002,404,98.77329994924366
26,2026-09-08T00:09:55.312451,1000,737,GET,/jobs/1000,404,97.08370000589639
26,2026-09-08T00:09:55.312451,1000,738,GET,/jobs,200,96.14529996179044
26,2026-09-08T00:09:55.312451,1000,739,POST,/jobs,201,174.24970003776252
26,2026-09-08T00:09:55.312451,1000,740,GET,/jobs/001,200,177.33259999658912
26,2026-09-08T00:09:55.312451,1000,741,DELETE,/jobs/1000,404,97.88350004237145
26,2026-09-08T00:09:55.312451,1000,742,GET,/jobs/001,200,176.02310003712773
26,2026-09-08T00:09:55.312451,1000,743,GET,/jobs,200,95.92210000846535
26,2026-09-08T00:09:55.312451,1000,744,GET,/jobs/001,200,177.16180009301752
26,2026-09-08T00:09:55.312451,1000,745,POST,/jobs,201,173.6861999379471
26,2026-09-08T00:09:55.312451,1000,746,GET,/jobs/1000,404,95.07589996792376
26,2026-09-08T00:09:55.312451,1000,747,POST,/jobs,201,173.05850004777312
26,2026-09-08T00:09:55.312451,1000,748,GET,/jobs/002,404,97.43630001321435
26,2026-09-08T00:09:55.312451,1000,749,GET,/jobs,200,95.32139997463673
26,2026-09-08T00:09:55.312451,1000,750,GET,/jobs/1000,404,99.72759999800473
26,2026-09-08T00:09:55.312451,1000,751,PUT,/jobs/1000,404,183.75660001765937
26,2026-09-08T00:09:55.312451,1000,752,GET,/jobs,200,97.01789997052401
26,2026-09-08T00:09:55.312451,1000,753,GET,/jobs,200,99.70020002219826
26,2026-09-08T00:09:55.312451,1000,754,PUT,/jobs/002,404,165.4134999262169
26,2026-09-08T00:09:55.312451,1000,755,POST,/jobs,201,184.22779999673367
26,2026-09-08T00:09:55.312451,1000,756,DELETE,/jobs/002,404,102.83089999575168
26,2026-09-08T00:09:55.312451,1000,757,PUT,/jobs/1000,404,183.26710001565516
26,2026-09-08T00:09:55.312451,1000,758,GET,/jobs/1000,404,102.59620007127523
26,2026-09-08T00:09:55.312451,1000,759,GET,/jobs,200,89.65470001567155
26,2026-09-08T00:09:55.312451,1000,760,DELETE,/jobs/1000,404,103.09390001930296
26,2026-09-08T00:09:55.312451,1000,761,PUT,/jobs/1000,404,171.57059989403933
26,2026-09-08T00:09:55.312451,1000,762,GET,/jobs,200,101.32799996063113
26,2026-09-08T00:09:55.312451,1000,763,GET,/jobs,200,100.52709991578013
26,2026-09-08T00:09:55.312451,1000,764,PUT,/jobs/002,404,182.42690002080053
26,2026-09-08T00:09:55.312451,1000,765,PUT,/jobs/1000,404,187.36920005176216
26,2026-09-08T00:09:55.312451,1000,766,GET,/jobs,200,99.23019993584603
26,2026-09-08T00:09:55.312451,1000,767,PUT,/jobs/1000,404,182.11019993759692
26,2026-09-08T00:09:55.312451,1000,768,PUT,/jobs/001,200,188.24589997529984
26,2026-09-08T00:09:55.312451,1000,769,GET,/jobs,200,102.26460010744631
26,2026-09-08T00:09:55.312451,1000,770,POST,/jobs,201,183.6412000702694
26,2026-09-08T00:09:55.312451,1000,771,GET,/jobs/001,200,193.7338000861928
26,2026-09-08T00:09:55.312451,1000,772,GET,/jobs/002,404,120.7923999754712
26,2026-09-08T00:09:55.312451,1000,773,DELETE,/jobs/1000,404,120.41130010038614
26,2026-09-08T00:09:55.312451,1000,774,PUT,/jobs/1000,404,194.86459996551275
26,2026-09-08T00:09:55.312451,1000,775,DELETE,/jobs/1000,404,119.03619999065995
26,2026-09-08T00:09:55.312451,1000,776,PUT,/jobs/1000,404,194.7167000034824
26,2026-09-08T00:09:55.312451,1000,777,DELETE,/jobs/1000,404,119.4458999671042
26,2026-09-08T00:09:55.312451,1000,778,GET,/jobs,200,104.32169993873686
26,2026-09-08T00:09:55.312451,1000,779,GET,/jobs,200,126.65670004207641
26,2026-09-08T00:09:55.312451,1000,780,DELETE,/jobs/002,404,129.29740000981838
26,2026-09-08T00:09:55.312451,1000,781,PUT,/jobs/002,404,195.91190002392977
26,2026-09-08T00:09:55.312451,1000,782,GET,/jobs/002,404,128.74019995797426
26,2026-09-08T00:09:55.312451,1000,783,POST,/jobs,201,196.53659989126027
26,2026-09-08T00:09:55.312451,1000,784,PUT,/jobs/002,404,195.63500001095235
26,2026-09-08T00:09:55.312451,1000,785,PUT,/jobs/1000,404,196.8931999290362
26,2026-09-08T00:09:55.312451,1000,786,GET,/jobs,200,125.9572000708431
26,2026-09-08T00:09:55.312451,1000,787,POST,/jobs,201,194.4624000461772
26,2026-09-08T00:09:55.312451,1000,788,POST,/jobs,201,184.45539998356253
26,2026-09-08T00:09:55.312451,1000,789,POST,/jobs,201,189.19750000350177
26,2026-09-08T00:09:55.312451,1000,790,GET,/jobs/1000,404,122.52749991603196
26,2026-09-08T00:09:55.312451,1000,791,PUT,/jobs/001,200,202.3950000293553
26,2026-09-08T00:09:55.312451,1000,792,GET,/jobs,200,138.55100004002452
26,2026-09-08T00:09:55.312451,1000,793,GET,/jobs,200,142.42629997897893
26,2026-09-08T00:09:55.312451,1000,794,GET,/jobs,200,139.38740000594407
26,2026-09-08T00:09:55.312451,1000,795,PUT,/jobs/001,200,202.09260005503893
26,2026-09-08T00:09:55.312451,1000,796,POST,/jobs,201,201.70760003384203
26,2026-09-08T00:09:55.312451,1000,797,GET,/jobs/1000,404,154.27140006795526
26,2026-09-08T00:09:55.312451,1000,798,GET,/jobs,200,143.46710010431707
26,2026-09-08T00:09:55.312451,1000,799,DELETE,/jobs/1000,404,155.0885000033304
26,2026-09-08T00:09:55.312451,1000,800,GET,/jobs,200,140.72729996405542
26,2026-09-08T00:09:55.312451,1000,801,PUT,/jobs/002,404,203.15179997123778
26,2026-09-08T00:09:55.312451,1000,802,PUT,/jobs/1000,404,195.42200001887977
26,2026-09-08T00:09:55.312451,1000,803,GET,/jobs,200,136.39549992512912
26,2026-09-08T00:09:55.312451,1000,804,POST,/jobs,201,193.45899997279048
26,2026-09-08T00:09:55.312451,1000,805,POST,/jobs,201,194.53870004508644
26,2026-09-08T00:09:55.312451,1000,806,GET,/jobs,200,136.54610002413392
26,2026-09-08T00:09:55.312451,1000,807,DELETE,/jobs/002,404,139.1412999946624
26,2026-09-08T00:09:55.312451,1000,808,GET,/jobs/1000,404,139.47900000493973
26,2026-09-08T00:09:55.312451,1000,809,PUT,/jobs/001,200,194.84240002930164
26,2026-09-08T00:09:55.312451,1000,810,GET,/jobs,200,137.98420003149658
26,2026-09-08T00:09:55.312451,1000,811,POST,/jobs,201,194.6851999964565
26,2026-09-08T00:09:55.312451,1000,812,DELETE,/jobs/1000,404,138.86969990562648
26,2026-09-08T00:09:55.312451,1000,813,GET,/jobs,200,136.86219998635352
26,2026-09-08T00:09:55.312451,1000,814,POST,/jobs,201,178.13470005057752
26,2026-09-08T00:09:55.312451,1000,815,GET,/jobs/002,404,137.1866000117734
26,2026-09-08T00:09:55.312451,1000,816,DELETE,/jobs/002,404,142.1509999781847
26,2026-09-08T00:09:55.312451,1000,817,DELETE,/jobs/1000,404,136.77099999040365
26,2026-09-08T00:09:55.312451,1000,818,GET,/jobs,200,133.6363999871537
26,2026-09-08T00:09:55.312451,1000,819,GET,/jobs/002,404,141.94330002646893
26,2026-09-08T00:09:55.312451,1000,820,POST,/jobs,201,177.27700003888458
26,2026-09-08T00:09:55.312451,1000,821,POST,/jobs,201,177.13629989884794
26,2026-09-08T00:09:55.312451,1000,822,GET,/jobs/001,200,198.45949998125434
26,2026-09-08T00:09:55.312451,1000,823,DELETE,/jobs/1000,404,133.13580001704395
26,2026-09-08T00:09:55.312451,1000,824,GET,/jobs,200,125.06250001024455
26,2026-09-08T00:09:55.312451,1000,825,GET,/jobs/1000,404,125.643799896352
26,2026-09-08T00:09:55.312451,1000,826,GET,/jobs,200,126.05890003032982
26,2026-09-08T00:09:55.312451,1000,827,GET,/jobs,200,117.541000014171
26,2026-09-08T00:09:55.312451,1000,828,DELETE,/jobs/002,404,132.78500002343208
26,2026-09-08T00:09:55.312451,1000,829,PUT,/jobs/002,404,182.66960000619292
26,2026-09-08T00:09:55.312451,1000,830,PUT,/jobs/002,404,193.9985000062734
26,2026-09-08T00:09:55.312451,1000,831,GET,/jobs/002,404,124.78090007789433
26,2026-09-08T00:09:55.312451,1000,832,POST,/jobs,201,193.53539997246116
26,2026-09-08T00:09:55.312451,1000,833,POST,/jobs,201,192.77289998717606
26,2026-09-08T00:09:55.312451,1000,834,DELETE,/jobs/002,404,131.71220000367612
26,2026-09-08T00:09:55.312451,1000,835,GET,/jobs,200,121.86379998456687
26,2026-09-08T00:09:55.312451,1000,836,GET,/jobs/001,200,194.5197000168264
26,2026-09-08T00:09:55.312451,1000,837,DELETE,/jobs/002,404,119.51779993250966
26,2026-09-08T00:09:55.312451,1000,838,GET,/jobs,200,116.19059997610748
26,2026-09-08T00:09:55.312451,1000,839,POST,/jobs,201,187.88000009953976
26,2026-09-08T00:09:55.312451,1000,840,PUT,/jobs/002,404,188.04589996580034
26,2026-09-08T00:09:55.312451,1000,841,DELETE,/jobs/1000,404,119.53270004596561
26,2026-09-08T00:09:55.312451,1000,842,PUT,/jobs/002,404,187.7785000251606
26,2026-09-08T00:09:55.312451,1000,843,GET,/jobs/1000,404,118.88969992287457
26,2026-09-08T00:09:55.312451,1000,844,GET,/jobs,200,117.03299998771399
26,2026-09-08T00:09:55.312451,1000,845,POST,/jobs,201,187.4491999624297
26,2026-09-08T00:09:55.312451,1000,846,GET,/jobs,200,104.39160000532866
26,2026-09-08T00:09:55.312451,1000,847,POST,/jobs,201,166.567699983716
26,2026-09-08T00:09:55.312451,1000,848,DELETE,/jobs/1000,404,105.0728999543935
26,2026-09-08T00:09:55.312451,1000,849,DELETE,/jobs/1000,404,95.92250001151115
26,2026-09-08T00:09:55.312451,1000,850,GET,/jobs,200,96.58159990794957
26,2026-09-08T00:09:55.312451,1000,851,GET,/jobs/002,404,104.97849993407726
26,2026-09-08T00:09:55.312451,1000,852,DELETE,/jobs/002,404,104.97450002003461
26,2026-09-08T00:09:55.312451,1000,853,GET,/jobs,200,103.90849993564188
26,2026-09-08T00:09:55.312451,1000,854,GET,/jobs/002,404,98.31789997406304
26,2026-09-08T00:09:55.312451,1000,855,GET,/jobs/001,200,170.1318999985233
26,2026-09-08T00:09:55.312451,1000,856,POST,/jobs,201,182.64289991930127
26,2026-09-08T00:09:55.312451,1000,857,POST,/jobs,201,181.32219999097288
26,2026-09-08T00:09:55.312451,1000,858,GET,/jobs,200,111.02950002532452
26,2026-09-08T00:09:55.312451,1000,859,PUT,/jobs/1000,404,186.12630001734942
26,2026-09-08T00:09:55.312451,1000,860,PUT,/jobs/001,200,184.04359999112785
26,2026-09-08T00:09:55.312451,1000,861,GET,/jobs/002,404,119.18150004930794
26,2026-09-08T00:09:55.312451,1000,862,DELETE,/jobs/002,404,120.38109998684376
26,2026-09-08T00:09:55.312451,1000,863,DELETE,/jobs/1000,404,117.33010003808886
26,2026-09-08T00:09:55.312451,1000,864,GET,/jobs,200,110.6411999789998
26,2026-09-08T00:09:55.312451,1000,865,PUT,/jobs/1000,404,180.38579996209592
26,2026-09-08T00:09:55.312451,1000,866,GET,/jobs,200,116.05630000121891
26,2026-09-08T00:09:55.312451,1000,867,PUT,/jobs/001,200,188.84669989347458
26,2026-09-08T00:09:55.312451,1000,868,PUT,/jobs/001,200,182.67190002370626
26,2026-09-08T00:09:55.312451,1000,869,POST,/jobs,201,189.71259996760637
26,2026-09-08T00:09:55.312451,1000,870,PUT,/jobs/1000,404,190.48320001456887
26,2026-09-08T00:09:55.312451,1000,871,PUT,/jobs/1000,404,191.3535000057891
26,2026-09-08T00:09:55.312451,1000,872,PUT,/jobs/002,404,191.15790002979338
26,2026-09-08T00:09:55.312451,1000,873,GET,/jobs,200,113.30359999556094
26,2026-09-08T00:09:55.312451,1000,874,PUT,/jobs/001,200,181.6942000295967
26,2026-09-08T00:09:55.312451,1000,875,POST,/jobs,201,189.27279999479651
26,2026-09-08T00:09:55.312451,1000,876,DELETE,/jobs/1000,404,104.76910008583218
26,2026-09-08T00:09:55.312451,1000,877,POST,/jobs,201,182.58440005593002
26,2026-09-08T00:09:55.312451,1000,878,PUT,/jobs/001,200,178.21949999779463
26,2026-09-08T00:09:55.312451,1000,879,GET,/jobs/002,404,120.56640000082552
26,2026-09-08T00:09:55.312451,1000,880,DELETE,/jobs/1000,404,113.29580005258322
26,2026-09-08T00:09:55.312451,1000,881,DELETE,/jobs/002,404,119.45080000441521
26,2026-09-08T00:09:55.312451,1000,882,PUT,/jobs/002,404,177.4081999901682
26,2026-09-08T00:09:55.312451,1000,883,POST,/jobs,201,176.85459996573627
26,2026-09-08T00:09:55.312451,1000,884,POST,/jobs,201,178.25040000025183
26,2026-09-08T00:09:55.312451,1000,885,GET,/jobs/001,200,171.34189989883453
26,2026-09-08T00:09:55.312451,1000,886,DELETE,/jobs/002,404,134.36869997531176
26,2026-09-08T00:09:55.312451,1000,887,DELETE,/jobs/002,404,132.34219991136342
26,2026-09-08T00:09:55.312451,1000,888,POST,/jobs,201,177.50099999830127
26,2026-09-08T00:09:55.312451,1000,889,GET,/jobs/001,200,176.34399991948158
26,2026-09-08T00:09:55.312451,1000,890,GET,/jobs,200,120.0803000247106
26,2026-09-08T00:09:55.312451,1000,891,GET,/jobs/002,404,133.08229995891452
26,2026-09-08T00:09:55.312451,1000,892,GET,/jobs/001,200,167.6492999540642
26,2026-09-08T00:09:55.312451,1000,893,DELETE,/jobs/002,404,128.00070003140718
26,2026-09-08T00:09:55.312451,1000,894,GET,/jobs,200,120.3130999347195
26,2026-09-08T00:09:55.312451,1000,895,GET,/jobs/1000,404,133.63399996887892
26,2026-09-08T00:09:55.312451,1000,896,PUT,/jobs/002,404,176.5751000493765
26,2026-09-08T00:09:55.312451,1000,897,DELETE,/jobs/1000,404,132.0484000025317
26,2026-09-08T00:09:55.312451,1000,898,DELETE,/jobs/1000,404,127.34469992574304
26,2026-09-08T00:09:55.312451,1000,899,POST,/jobs,201,166.10799997579306
26,2026-09-08T00:09:55.312451,1000,900,PUT,/jobs/001,200,163.1309000076726
26,2026-09-08T00:09:55.312451,1000,901,PUT,/jobs/002,404,166.18069994729012
26,2026-09-08T00:09:55.312451,1000,902,POST,/jobs,201,166.1908000241965
26,2026-09-08T00:09:55.312451,1000,903,POST,/jobs,201,162.77669998817146
26,2026-09-08T00:09:55.312451,1000,904,GET,/jobs,200,121.70989997684956
26,2026-09-08T00:09:55.312451,1000,905,POST,/jobs,201,162.80310007277876
26,2026-09-08T00:09:55.312451,1000,906,GET,/jobs,200,121.27280002459884
26,2026-09-08T00:09:55.312451,1000,907,POST,/jobs,201,164.84059998765588
26,2026-09-08T00:09:55.312451,1000,908,PUT,/jobs/001,200,164.09740003291517
26,2026-09-08T00:09:55.312451,1000,909,GET,/jobs,200,123.2632000464946
26,2026-09-08T00:09:55.312451,1000,910,POST,/jobs,201,166.01829999126494
26,2026-09-08T00:09:55.312451,1000,911,POST,/jobs,201,163.5657000588253
26,2026-09-08T00:09:55.312451,1000,912,GET,/jobs,200,124.64729999192059
26,2026-09-08T00:09:55.312451,1000,913,DELETE,/jobs/1000,404,127.06020008772612
26,2026-09-08T00:09:55.312451,1000,914,PUT,/jobs/1000,404,140.2322999201715
26,2026-09-08T00:09:55.312451,1000,915,DELETE,/jobs/002,404,115.05339993163943
26,2026-09-08T00:09:55.312451,1000,916,PUT,/jobs/1000,404,140.14659996610135
26,2026-09-08T00:09:55.312451,1000,917,GET,/jobs/002,404,115.00660004094243
26,2026-09-08T00:09:55.312451,1000,918,DELETE,/jobs/1000,404,115.16699998173863
26,2026-09-08T00:09:55.312451,1000,919,DELETE,/jobs/002,404,114.80400001164526
26,2026-09-08T00:09:55.312451,1000,920,GET,/jobs,200,105.99099996034056
26,2026-09-08T00:09:55.312451,1000,921,PUT,/jobs/001,200,141.4921999676153
26,2026-09-08T00:09:55.312451,1000,922,POST,/jobs,201,139.84039996284992
26,2026-09-08T00:09:55.312451,1000,923,GET,/jobs,200,99.02269998565316
26,2026-09-08T00:09:55.312451,1000,924,DELETE,/jobs/002,404,108.50370000116527
26,2026-09-08T00:09:55.312451,1000,925,GET,/jobs,200,98.163100075908
26,2026-09-08T00:09:55.312451,1000,926,GET,/jobs/1000,404,108.69120003189892
26,2026-09-08T00:09:55.312451,1000,927,PUT,/jobs/002,404,140.2527999598533
26,2026-09-08T00:09:55.312451,1000,928,DELETE,/jobs/002,404,104.64809997938573
26,2026-09-08T00:09:55.312451,1000,929,POST,/jobs,201,140.2694999706
26,2026-09-08T00:09:55.312451,1000,930,POST,/jobs,201,139.7783999564126
26,2026-09-08T00:09:55.312451,1000,931,PUT,/jobs/002,404,136.23129995539784
26,2026-09-08T00:09:55.312451,1000,932,DELETE,/jobs/002,404,108.82049996871501
26,2026-09-08T00:09:55.312451,1000,933,POST,/jobs,201,140.01790003385395
26,2026-09-08T00:09:55.312451,1000,934,POST,/jobs,201,141.57950005028397
26,2026-09-08T00:09:55.312451,1000,935,DELETE,/jobs/1000,404,108.46080002374947
26,2026-09-08T00:09:55.312451,1000,936,POST,/jobs,201,129.28900006227195
26,2026-09-08T00:09:55.312451,1000,937,DELETE,/jobs/002,404,94.07660004217178
26,2026-09-08T00:09:55.312451,1000,938,POST,/jobs,201,128.99799994193017
26,2026-09-08T00:09:55.312451,1000,939,DELETE,/jobs/002,404,97.60689991526306
26,2026-09-08T00:09:55.312451,1000,940,POST,/jobs,201,125.72299991734326
26,2026-09-08T00:09:55.312451,1000,941,PUT,/jobs/001,200,125.58449991047382
26,2026-09-08T00:09:55.312451,1000,942,DELETE,/jobs/002,404,97.4607999669388
26,2026-09-08T00:09:55.312451,1000,943,POST,/jobs,201,128.31109995022416
26,2026-09-08T00:09:55.312451,1000,944,PUT,/jobs/1000,404,115.55019998922944
26,2026-09-08T00:09:55.312451,1000,945,POST,/jobs,201,116.37830000836402
26,2026-09-08T00:09:55.312451,1000,946,GET,/jobs/1000,404,83.37300003040582
26,2026-09-08T00:09:55.312451,1000,947,DELETE,/jobs/002,404,90.52820003125817
26,2026-09-08T00:09:55.312451,1000,948,PUT,/jobs/1000,404,108.0599999986589
26,2026-09-08T00:09:55.312451,1000,949,POST,/jobs,201,108.5070000262931
26,2026-09-08T00:09:55.312451,1000,950,POST,/jobs,201,109.31309999432415
26,2026-09-08T00:09:55.312451,1000,951,GET,/jobs/001,200,117.22879996523261
26,2026-09-08T00:09:55.312451,1000,952,POST,/jobs,201,108.12879994045943
26,2026-09-08T00:09:55.312451,1000,953,PUT,/jobs/001,200,110.12850003316998
26,2026-09-08T00:09:55.312451,1000,954,GET,/jobs/001,200,116.75680009648204
26,2026-09-08T00:09:55.312451,1000,955,GET,/jobs/001,200,117.38329997751862
26,2026-09-08T00:09:55.312451,1000,956,POST,/jobs,201,106.62829992361367
26,2026-09-08T00:09:55.312451,1000,957,GET,/jobs,200,76.85109996236861
26,2026-09-08T00:09:55.312451,1000,958,DELETE,/jobs/002,404,85.1073000812903
26,2026-09-08T00:09:55.312451,1000,959,POST,/jobs,201,111.99599993415177
26,2026-09-08T00:09:55.312451,1000,960,DELETE,/jobs/002,404,80.51840006373823
26,2026-09-08T00:09:55.312451,1000,961,DELETE,/jobs/1000,404,80.18160006031394
26,2026-09-08T00:09:55.312451,1000,962,GET,/jobs/001,200,112.67159995622933
26,2026-09-08T00:09:55.312451,1000,963,GET,/jobs/1000,404,73.48779996391386
26,2026-09-08T00:09:55.312451,1000,964,DELETE,/jobs/002,404,73.31110001541674
26,2026-09-08T00:09:55.312451,1000,965,PUT,/jobs/001,200,93.71879999525845
26,2026-09-08T00:09:55.312451,1000,966,PUT,/jobs/002,404,95.11169989127666
26,2026-09-08T00:09:55.312451,1000,967,GET,/jobs/002,404,70.74370002374053
26,2026-09-08T00:09:55.312451,1000,968,DELETE,/jobs/1000,404,69.92239993996918
26,2026-09-08T00:09:55.312451,1000,969,PUT,/jobs/001,200,94.33950006496161
26,2026-09-08T00:09:55.312451,1000,970,DELETE,/jobs/002,404,66.11150002572685
26,2026-09-08T00:09:55.312451,1000,971,POST,/jobs,201,92.09549997467548
26,2026-09-08T00:09:55.312451,1000,972,PUT,/jobs/001,200,93.12089998275042
26,2026-09-08T00:09:55.312451,1000,973,POST,/jobs,201,91.94900002330542
26,2026-09-08T00:09:55.312451,1000,974,DELETE,/jobs/1000,404,65.76859997585416
26,2026-09-08T00:09:55.312451,1000,975,PUT,/jobs/002,404,94.34299997519702
26,2026-09-08T00:09:55.312451,1000,976,PUT,/jobs/1000,404,87.77980005834252
26,2026-09-08T00:09:55.312451,1000,977,DELETE,/jobs/1000,404,71.38559990562499
26,2026-09-08T00:09:55.312451,1000,978,GET,/jobs/001,200,88.87019997928292
26,2026-09-08T00:09:55.312451,1000,979,DELETE,/jobs/002,404,67.66749999951571
26,2026-09-08T00:09:55.312451,1000,980,POST,/jobs,201,84.18030000757426
26,2026-09-08T00:09:55.312451,1000,981,PUT,/jobs/002,404,88.05210003629327
26,2026-09-08T00:09:55.312451,1000,982,DELETE,/jobs/002,404,66.34060002397746
26,2026-09-08T00:09:55.312451,1000,983,DELETE,/jobs/002,404,67.52709997817874
26,2026-09-08T00:09:55.312451,1000,984,POST,/jobs,201,83.92759994603693
26,2026-09-08T00:09:55.312451,1000,985,GET,/jobs/002,404,71.43280003219843
26,2026-09-08T00:09:55.312451,1000,986,PUT,/jobs/1000,404,86.49220003280789
26,2026-09-08T00:09:55.312451,1000,987,GET,/jobs/002,404,59.87419991288334
26,2026-09-08T00:09:55.312451,1000,988,GET,/jobs,200,60.82280003465712
26,2026-09-08T00:09:55.312451,1000,989,GET,/jobs/002,404,60.14590000268072
26,2026-09-08T00:09:55.312451,1000,990,POST,/jobs,201,75.63239999581128
26,2026-09-08T00:09:55.312451,1000,991,PUT,/jobs/001,200,76.34769997093827
26,2026-09-08T00:09:55.312451,1000,992,PUT,/jobs/1000,404,76.51779998559505
26,2026-09-08T00:09:55.312451,1000,993,POST,/jobs,201,75.73300006333739
26,2026-09-08T00:09:55.312451,1000,994,PUT,/jobs/001,200,67.0462999260053
26,2026-09-08T00:09:55.312451,1000,995,POST,/jobs,201,67.18170002568513
26,2026-09-08T00:09:55.312451,1000,996,GET,/jobs,200,52.615400054492056
26,2026-09-08T00:09:55.312451,1000,997,POST,/jobs,201,64.26950008608401
26,2026-09-08T00:09:55.312451,1000,998,POST,/jobs,201,57.57699999958277
26,2026-09-08T00:09:55.312451,1000,999,GET,/jobs/001,200,58.63440001849085
26,2026-09-08T00:09:55.312451,1000,1000,GET,/jobs,200,49.62950001936406
27,2026-09-08T00:09:57.143609,1000,1,GET,/jobs,200,28.21440005209297
27,2026-09-08T00:09:57.143609,1000,2,GET,/jobs,200,51.07219994533807
27,2026-09-08T00:09:57.143609,1000,3,POST,/jobs,201,136.6789999883622
27,2026-09-08T00:09:57.143609,1000,4,GET,/jobs/001,200,72.22980004735291
27,2026-09-08T00:09:57.143609,1000,5,GET,/jobs,200,53.4690999193117
27,2026-09-08T00:09:57.143609,1000,6,DELETE,/jobs/002,200,59.16499998420477
27,2026-09-08T00:09:57.143609,1000,7,DELETE,/jobs/1000,404,59.85399999190122
27,2026-09-08T00:09:57.143609,1000,8,GET,/jobs,200,58.76649997662753
27,2026-09-08T00:09:57.143609,1000,9,GET,/jobs,200,57.670600013807416
27,2026-09-08T00:09:57.143609,1000,10,GET,/jobs,200,57.96279991045594
27,2026-09-08T00:09:57.143609,1000,11,GET,/jobs/001,200,95.57000000495464
27,2026-09-08T00:09:57.143609,1000,12,DELETE,/jobs/002,404,58.49490000400692
27,2026-09-08T00:09:57.143609,1000,13,DELETE,/jobs/002,404,59.57789998501539
27,2026-09-08T00:09:57.143609,1000,14,DELETE,/jobs/1000,404,56.30970001220703
27,2026-09-08T00:09:57.143609,1000,15,GET,/jobs/002,404,58.869399945251644
27,2026-09-08T00:09:57.143609,1000,16,DELETE,/jobs/1000,404,58.1370999570936
27,2026-09-08T00:09:57.143609,1000,17,GET,/jobs,200,57.458700030110776
27,2026-09-08T00:09:57.143609,1000,18,GET,/jobs/1000,404,59.070799965411425
27,2026-09-08T00:09:57.143609,1000,19,PUT,/jobs/002,404,134.63519990909845
27,2026-09-08T00:09:57.143609,1000,20,POST,/jobs,201,127.15700000990182
27,2026-09-08T00:09:57.143609,1000,21,GET,/jobs/002,404,87.36300002783537
27,2026-09-08T00:09:57.143609,1000,22,GET,/jobs,200,66.43120001535863
27,2026-09-08T00:09:57.143609,1000,23,GET,/jobs,200,64.24539990257472
27,2026-09-08T00:09:57.143609,1000,24,PUT,/jobs/001,200,126.65859994012862
27,2026-09-08T00:09:57.143609,1000,25,POST,/jobs,201,122.38379998598248
27,2026-09-08T00:09:57.143609,1000,26,POST,/jobs,201,133.9974000584334
27,2026-09-08T00:09:57.143609,1000,27,POST,/jobs,201,135.21910004783422
27,2026-09-08T00:09:57.143609,1000,28,GET,/jobs,200,61.12780002877116
27,2026-09-08T00:09:57.143609,1000,29,PUT,/jobs/1000,404,125.75550004839897
27,2026-09-08T00:09:57.143609,1000,30,GET,/jobs,200,63.83670005016029
27,2026-09-08T00:09:57.143609,1000,31,PUT,/jobs/001,200,124.8674999224022
27,2026-09-08T00:09:57.143609,1000,32,DELETE,/jobs/1000,404,89.16929992847145
27,2026-09-08T00:09:57.143609,1000,33,DELETE,/jobs/1000,404,89.44780007004738
27,2026-09-08T00:09:57.143609,1000,34,DELETE,/jobs/002,404,80.29770001303405
27,2026-09-08T00:09:57.143609,1000,35,GET,/jobs,200,59.96300000697374
27,2026-09-08T00:09:57.143609,1000,36,GET,/jobs,200,66.80680008139461
27,2026-09-08T00:09:57.143609,1000,37,GET,/jobs/002,404,62.619299977086484
27,2026-09-08T00:09:57.143609,1000,38,GET,/jobs,200,92.81029994599521
27,2026-09-08T00:09:57.143609,1000,39,GET,/jobs/001,200,149.30329995695502
27,2026-09-08T00:09:57.143609,1000,40,PUT,/jobs/002,404,129.37949993647635
27,2026-09-08T00:09:57.143609,1000,41,PUT,/jobs/1000,404,131.56689994502813
27,2026-09-08T00:09:57.143609,1000,42,POST,/jobs,201,131.30240002647042
27,2026-09-08T00:09:57.143609,1000,43,POST,/jobs,201,141.71430002897978
27,2026-09-08T00:09:57.143609,1000,44,GET,/jobs/1000,404,83.42210005503148
27,2026-09-08T00:09:57.143609,1000,45,POST,/jobs,201,128.2507999567315
27,2026-09-08T00:09:57.143609,1000,46,GET,/jobs,200,60.121199931018054
27,2026-09-08T00:09:57.143609,1000,47,DELETE,/jobs/002,404,105.1637000637129
27,2026-09-08T00:09:57.143609,1000,48,DELETE,/jobs/002,404,83.12500000465661
27,2026-09-08T00:09:57.143609,1000,49,GET,/jobs/002,404,82.77540002018213
27,2026-09-08T00:09:57.143609,1000,50,PUT,/jobs/002,404,133.09399993158877
27,2026-09-08T00:09:57.143609,1000,51,DELETE,/jobs/002,404,82.21120003145188
27,2026-09-08T00:09:57.143609,1000,52,POST,/jobs,201,131.217599962838
27,2026-09-08T00:09:57.143609,1000,53,GET,/jobs,200,61.025000060908496
27,2026-09-08T00:09:57.143609,1000,54,GET,/jobs/001,200,144.89250001497567
27,2026-09-08T00:09:57.143609,1000,55,POST,/jobs,201,135.8789000660181
27,2026-09-08T00:09:57.143609,1000,56,POST,/jobs,201,133.60639999154955
27,2026-09-08T00:09:57.143609,1000,57,GET,/jobs/1000,404,82.47450005728751
27,2026-09-08T00:09:57.143609,1000,58,POST,/jobs,201,130.01740002073348
27,2026-09-08T00:09:57.143609,1000,59,PUT,/jobs/002,404,132.80969997867942
27,2026-09-08T00:09:57.143609,1000,60,PUT,/jobs/001,200,130.77050005085766
27,2026-09-08T00:09:57.143609,1000,61,POST,/jobs,201,135.08540007751435
27,2026-09-08T00:09:57.143609,1000,62,GET,/jobs/1000,404,102.70709998439997
27,2026-09-08T00:09:57.143609,1000,63,DELETE,/jobs/1000,404,105.61339999549091
27,2026-09-08T00:09:57.143609,1000,64,DELETE,/jobs/1000,404,101.24899994116277
27,2026-09-08T00:09:57.143609,1000,65,DELETE,/jobs/1000,404,103.16050006076694
27,2026-09-08T00:09:57.143609,1000,66,POST,/jobs,201,130.76840003486723
27,2026-09-08T00:09:57.143609,1000,67,GET,/jobs/1000,404,82.65570004004985
27,2026-09-08T00:09:57.143609,1000,68,PUT,/jobs/001,200,145.81559994257987
27,2026-09-08T00:09:57.143609,1000,69,GET,/jobs,200,72.16320000588894
27,2026-09-08T00:09:57.143609,1000,70,GET,/jobs,200,60.468200012110174
27,2026-09-08T00:09:57.143609,1000,71,GET,/jobs/1000,404,83.70590000413358
27,2026-09-08T00:09:57.143609,1000,72,GET,/jobs/1000,404,93.57299993280321
27,2026-09-08T00:09:57.143609,1000,73,PUT,/jobs/1000,404,141.4688000222668
27,2026-09-08T00:09:57.143609,1000,74,GET,/jobs,200,68.65269993431866
27,2026-09-08T00:09:57.143609,1000,75,PUT,/jobs/002,404,146.24380005989224
27,2026-09-08T00:09:57.143609,1000,76,DELETE,/jobs/1000,404,95.2949000056833
27,2026-09-08T00:09:57.143609,1000,77,DELETE,/jobs/1000,404,83.35219998843968
27,2026-09-08T00:09:57.143609,1000,78,DELETE,/jobs/002,404,96.59940004348755
27,2026-09-08T00:09:57.143609,1000,79,GET,/jobs,200,68.94959998317063
27,2026-09-08T00:09:57.143609,1000,80,DELETE,/jobs/1000,404,87.85120001994073
27,2026-09-08T00:09:57.143609,1000,81,POST,/jobs,201,140.28119994327426
27,2026-09-08T00:09:57.143609,1000,82,POST,/jobs,201,139.04869998805225
27,2026-09-08T00:09:57.143609,1000,83,GET,/jobs/002,404,102.88200003560632
27,2026-09-08T00:09:57.143609,1000,84,GET,/jobs,200,61.326100025326014
27,2026-09-08T00:09:57.143609,1000,85,POST,/jobs,201,127.91610008571297
27,2026-09-08T00:09:57.143609,1000,86,GET,/jobs/1000,404,87.08970004227012
27,2026-09-08T00:09:57.143609,1000,87,GET,/jobs,200,69.70980006735772
27,2026-09-08T00:09:57.143609,1000,88,POST,/jobs,201,145.4338999465108
27,2026-09-08T00:09:57.143609,1000,89,DELETE,/jobs/002,404,93.71479996480048
27,2026-09-08T00:09:57.143609,1000,90,GET,/jobs/002,404,83.60030001495034
27,2026-09-08T00:09:57.143609,1000,91,GET,/jobs/1000,404,89.00379994884133
27,2026-09-08T00:09:57.143609,1000,92,DELETE,/jobs/002,404,82.01010001357645
27,2026-09-08T00:09:57.143609,1000,93,DELETE,/jobs/1000,404,101.53590003028512
27,2026-09-08T00:09:57.143609,1000,94,PUT,/jobs/001,200,129.1653000516817
27,2026-09-08T00:09:57.143609,1000,95,GET,/jobs,200,94.55259994138032
27,2026-09-08T00:09:57.143609,1000,96,POST,/jobs,201,139.31270001921803
27,2026-09-08T00:09:57.143609,1000,97,POST,/jobs,201,128.95669997669756
27,2026-09-08T00:09:57.143609,1000,98,GET,/jobs,200,60.710999998264015
27,2026-09-08T00:09:57.143609,1000,99,GET,/jobs/1000,404,85.06660000421107
27,2026-09-08T00:09:57.143609,1000,100,GET,/jobs,200,71.29510003142059
27,2026-09-08T00:09:57.143609,1000,101,GET,/jobs,200,103.97200006991625
27,2026-09-08T00:09:57.143609,1000,102,PUT,/jobs/001,200,110.55209999904037
27,2026-09-08T00:09:57.143609,1000,103,DELETE,/jobs/002,404,104.58579997066408
27,2026-09-08T00:09:57.143609,1000,104,GET,/jobs/1000,404,100.42460006661713
27,2026-09-08T00:09:57.143609,1000,105,PUT,/jobs/1000,404,112.756900023669
27,2026-09-08T00:09:57.143609,1000,106,GET,/jobs/002,404,98.89019990805537
27,2026-09-08T00:09:57.143609,1000,107,DELETE,/jobs/1000,404,109.9596000276506
27,2026-09-08T00:09:57.143609,1000,108,GET,/jobs/1000,404,99.93320005014539
27,2026-09-08T00:09:57.143609,1000,109,GET,/jobs/1000,404,99.18009990360588
27,2026-09-08T00:09:57.143609,1000,110,POST,/jobs,201,112.9437000490725
27,2026-09-08T00:09:57.143609,1000,111,POST,/jobs,201,104.76030001882464
27,2026-09-08T00:09:57.143609,1000,112,DELETE,/jobs/1000,404,102.17560001183301
27,2026-09-08T00:09:57.143609,1000,113,GET,/jobs,200,88.98720005527139
27,2026-09-08T00:09:57.143609,1000,114,GET,/jobs/001,200,141.76609995774925
27,2026-09-08T00:09:57.143609,1000,115,GET,/jobs,200,88.96720001939684
27,2026-09-08T00:09:57.143609,1000,116,POST,/jobs,201,101.16799990646541
27,2026-09-08T00:09:57.143609,1000,117,DELETE,/jobs/002,404,98.94920000806451
27,2026-09-08T00:09:57.143609,1000,118,DELETE,/jobs/002,404,98.87190000154078
27,2026-09-08T00:09:57.143609,1000,119,GET,/jobs,200,91.77259996067733
27,2026-09-08T00:09:57.143609,1000,120,GET,/jobs,200,83.67730001918972
27,2026-09-08T00:09:57.143609,1000,121,GET,/jobs,200,84.2005000449717
27,2026-09-08T00:09:57.143609,1000,122,GET,/jobs/001,200,128.9228000678122
27,2026-09-08T00:09:57.143609,1000,123,GET,/jobs,200,88.1597000407055
27,2026-09-08T00:09:57.143609,1000,124,POST,/jobs,201,101.30600002594292
27,2026-09-08T00:09:57.143609,1000,125,DELETE,/jobs/002,404,90.67020006477833
27,2026-09-08T00:09:57.143609,1000,126,POST,/jobs,201,101.84680006932467
27,2026-09-08T00:09:57.143609,1000,127,PUT,/jobs/001,200,101.45830002147704
27,2026-09-08T00:09:57.143609,1000,128,DELETE,/jobs/002,404,81.89259993378073
27,2026-09-08T00:09:57.143609,1000,129,DELETE,/jobs/1000,404,75.64109994564205
27,2026-09-08T00:09:57.143609,1000,130,GET,/jobs/002,404,76.97099994402379
27,2026-09-08T00:09:57.143609,1000,131,PUT,/jobs/001,200,101.45079996436834
27,2026-09-08T00:09:57.143609,1000,132,GET,/jobs,200,77.33690005261451
27,2026-09-08T00:09:57.143609,1000,133,GET,/jobs,200,70.04150003194809
27,2026-09-08T00:09:57.143609,1000,134,PUT,/jobs/002,404,105.86220002733171
27,2026-09-08T00:09:57.143609,1000,135,PUT,/jobs/002,404,106.3846000470221
27,2026-09-08T00:09:57.143609,1000,136,PUT,/jobs/1000,404,110.65559997223318
27,2026-09-08T00:09:57.143609,1000,137,GET,/jobs,200,73.16639996133745
27,2026-09-08T00:09:57.143609,1000,138,GET,/jobs,200,72.12060003075749
27,2026-09-08T00:09:57.143609,1000,139,GET,/jobs,200,72.89070007391274
27,2026-09-08T00:09:57.143609,1000,140,PUT,/jobs/1000,404,108.0470000160858
27,2026-09-08T00:09:57.143609,1000,141,POST,/jobs,201,109.87690009642392
27,2026-09-08T00:09:57.143609,1000,142,GET,/jobs,200,71.28570007625967
27,2026-09-08T00:09:57.143609,1000,143,GET,/jobs/001,200,113.92559995874763
27,2026-09-08T00:09:57.143609,1000,144,GET,/jobs/1000,404,77.10829994175583
27,2026-09-08T00:09:57.143609,1000,145,PUT,/jobs/001,200,114.52420009300113
27,2026-09-08T00:09:57.143609,1000,146,PUT,/jobs/001,200,108.23319992050529
27,2026-09-08T00:09:57.143609,1000,147,POST,/jobs,201,108.61380002461374
27,2026-09-08T00:09:57.143609,1000,148,GET,/jobs/001,200,115.26909994427115
27,2026-09-08T00:09:57.143609,1000,149,PUT,/jobs/1000,404,108.2079999614507
27,2026-09-08T00:09:57.143609,1000,150,GET,/jobs,200,66.79149996489286
27,2026-09-08T00:09:57.143609,1000,151,GET,/jobs,200,67.00179993640631
27,2026-09-08T00:09:57.143609,1000,152,DELETE,/jobs/002,404,73.97260004654527
27,2026-09-08T00:09:57.143609,1000,153,GET,/jobs,200,65.59809995815158
27,2026-09-08T00:09:57.143609,1000,154,GET,/jobs/001,200,101.89469996839762
27,2026-09-08T00:09:57.143609,1000,155,PUT,/jobs/002,404,111.5282999817282
27,2026-09-08T00:09:57.143609,1000,156,PUT,/jobs/001,200,110.29520002193749
27,2026-09-08T00:09:57.143609,1000,157,PUT,/jobs/001,200,111.97680002078414
27,2026-09-08T00:09:57.143609,1000,158,GET,/jobs/002,404,74.42540000192821
27,2026-09-08T00:09:57.143609,1000,159,GET,/jobs,200,69.00839996524155
27,2026-09-08T00:09:57.143609,1000,160,PUT,/jobs/002,404,111.1930999904871
27,2026-09-08T00:09:57.143609,1000,161,PUT,/jobs/002,404,111.68740002904087
27,2026-09-08T00:09:57.143609,1000,162,PUT,/jobs/1000,404,110.97220005467534
27,2026-09-08T00:09:57.143609,1000,163,DELETE,/jobs/1000,404,68.29109997488558
27,2026-09-08T00:09:57.143609,1000,164,GET,/jobs/001,200,113.86449995916337
27,2026-09-08T00:09:57.143609,1000,165,POST,/jobs,201,114.44070003926754
27,2026-09-08T00:09:57.143609,1000,166,GET,/jobs,200,70.89500001166016
27,2026-09-08T00:09:57.143609,1000,167,DELETE,/jobs/002,404,77.87339994683862
27,2026-09-08T00:09:57.143609,1000,168,POST,/jobs,201,115.82170007750392
27,2026-09-08T00:09:57.143609,1000,169,GET,/jobs,200,74.57079994492233
27,2026-09-08T00:09:57.143609,1000,170,DELETE,/jobs/1000,404,75.85919997654855
27,2026-09-08T00:09:57.143609,1000,171,DELETE,/jobs/002,404,77.10869994480163
27,2026-09-08T00:09:57.143609,1000,172,GET,/jobs,200,70.70659997407347
27,2026-09-08T00:09:57.143609,1000,173,DELETE,/jobs/002,404,75.19340002909303
27,2026-09-08T00:09:57.143609,1000,174,GET,/jobs/001,200,121.15949997678399
27,2026-09-08T00:09:57.143609,1000,175,DELETE,/jobs/002,404,73.28050001524389
27,2026-09-08T00:09:57.143609,1000,176,GET,/jobs/002,404,74.6068999869749
27,2026-09-08T00:09:57.143609,1000,177,GET,/jobs,200,68.6625000089407
27,2026-09-08T00:09:57.143609,1000,178,DELETE,/jobs/002,404,76.52130001224577
27,2026-09-08T00:09:57.143609,1000,179,DELETE,/jobs/002,404,76.74509997013956
27,2026-09-08T00:09:57.143609,1000,180,DELETE,/jobs/002,404,73.89180001337081
27,2026-09-08T00:09:57.143609,1000,181,PUT,/jobs/1000,404,120.32260000705719
27,2026-09-08T00:09:57.143609,1000,182,DELETE,/jobs/1000,404,73.54070001747459
27,2026-09-08T00:09:57.143609,1000,183,POST,/jobs,201,121.31019996013492
27,2026-09-08T00:09:57.143609,1000,184,POST,/jobs,201,119.90479996893555
27,2026-09-08T00:09:57.143609,1000,185,POST,/jobs,201,109.93529995903373
27,2026-09-08T00:09:57.143609,1000,186,GET,/jobs/1000,404,67.87919998168945
27,2026-09-08T00:09:57.143609,1000,187,POST,/jobs,201,109.79679995216429
27,2026-09-08T00:09:57.143609,1000,188,POST,/jobs,201,110.60519993770868
27,2026-09-08T00:09:57.143609,1000,189,GET,/jobs,200,63.95810004323721
27,2026-09-08T00:09:57.143609,1000,190,GET,/jobs,200,63.52480000350624
27,2026-09-08T00:09:57.143609,1000,191,PUT,/jobs/1000,404,102.45579993352294
27,2026-09-08T00:09:57.143609,1000,192,DELETE,/jobs/002,404,68.21539998054504
27,2026-09-08T00:09:57.143609,1000,193,GET,/jobs,200,65.63019996974617
27,2026-09-08T00:09:57.143609,1000,194,DELETE,/jobs/002,404,68.50099994335324
27,2026-09-08T00:09:57.143609,1000,195,DELETE,/jobs/1000,404,75.14359999913722
27,2026-09-08T00:09:57.143609,1000,196,GET,/jobs/002,404,67.85929994657636
27,2026-09-08T00:09:57.143609,1000,197,GET,/jobs,200,66.29240000620484
27,2026-09-08T00:09:57.143609,1000,198,GET,/jobs/002,404,79.1488999966532
27,2026-09-08T00:09:57.143609,1000,199,POST,/jobs,201,104.0804999647662
27,2026-09-08T00:09:57.143609,1000,200,PUT,/jobs/1000,404,102.75610000826418
27,2026-09-08T00:09:57.143609,1000,201,POST,/jobs,201,102.97179990448058
27,2026-09-08T00:09:57.143609,1000,202,DELETE,/jobs/002,404,80.7318000588566
27,2026-09-08T00:09:57.143609,1000,203,DELETE,/jobs/1000,404,79.89699998870492
27,2026-09-08T00:09:57.143609,1000,204,GET,/jobs,200,69.92099992930889
27,2026-09-08T00:09:57.143609,1000,205,GET,/jobs/002,404,80.28029999695718
27,2026-09-08T00:09:57.143609,1000,206,GET,/jobs,200,69.39319998491555
27,2026-09-08T00:09:57.143609,1000,207,GET,/jobs,200,68.38980002794415
27,2026-09-08T00:09:57.143609,1000,208,DELETE,/jobs/002,404,79.07109998632222
27,2026-09-08T00:09:57.143609,1000,209,POST,/jobs,201,106.03549994993955
27,2026-09-08T00:09:57.143609,1000,210,DELETE,/jobs/002,404,75.34550002310425
27,2026-09-08T00:09:57.143609,1000,211,POST,/jobs,201,103.45179995056242
27,2026-09-08T00:09:57.143609,1000,212,POST,/jobs,201,102.43869991973042
27,2026-09-08T00:09:57.143609,1000,213,PUT,/jobs/002,404,108.61890006344765
27,2026-09-08T00:09:57.143609,1000,214,GET,/jobs,200,77.08650000859052
27,2026-09-08T00:09:57.143609,1000,215,GET,/jobs,200,78.13010003883392
27,2026-09-08T00:09:57.143609,1000,216,PUT,/jobs/002,404,109.11820002365857
27,2026-09-08T00:09:57.143609,1000,217,GET,/jobs,200,76.34600007440895
27,2026-09-08T00:09:57.143609,1000,218,GET,/jobs,200,69.37299994751811
27,2026-09-08T00:09:57.143609,1000,219,POST,/jobs,201,107.5739999068901
27,2026-09-08T00:09:57.143609,1000,220,GET,/jobs/1000,404,80.82540007308125
27,2026-09-08T00:09:57.143609,1000,221,POST,/jobs,201,109.45170000195503
27,2026-09-08T00:09:57.143609,1000,222,PUT,/jobs/1000,404,101.52470006141812
27,2026-09-08T00:09:57.143609,1000,223,PUT,/jobs/1000,404,101.93310002796352
27,2026-09-08T00:09:57.143609,1000,224,GET,/jobs,200,75.49820002168417
27,2026-09-08T00:09:57.143609,1000,225,GET,/jobs,200,76.74960000440478
27,2026-09-08T00:09:57.143609,1000,226,GET,/jobs,200,77.36160000786185
27,2026-09-08T00:09:57.143609,1000,227,GET,/jobs/1000,404,71.7947999946773
27,2026-09-08T00:09:57.143609,1000,228,GET,/jobs,200,69.09280002582818
27,2026-09-08T00:09:57.143609,1000,229,POST,/jobs,201,113.29830007161945
27,2026-09-08T00:09:57.143609,1000,230,DELETE,/jobs/002,404,71.91190007142723
27,2026-09-08T00:09:57.143609,1000,231,PUT,/jobs/001,200,114.97879994567484
27,2026-09-08T00:09:57.143609,1000,232,GET,/jobs,200,69.28610010072589
27,2026-09-08T00:09:57.143609,1000,233,POST,/jobs,201,112.8624000120908
27,2026-09-08T00:09:57.143609,1000,234,GET,/jobs,200,64.67749993316829
27,2026-09-08T00:09:57.143609,1000,235,POST,/jobs,201,106.69859999325126
27,2026-09-08T00:09:57.143609,1000,236,GET,/jobs/1000,404,66.03520002681762
27,2026-09-08T00:09:57.143609,1000,237,GET,/jobs,200,65.30530005693436
27,2026-09-08T00:09:57.143609,1000,238,POST,/jobs,201,112.64690000098199
27,2026-09-08T00:09:57.143609,1000,239,DELETE,/jobs/1000,404,70.71320002432913
27,2026-09-08T00:09:57.143609,1000,240,DELETE,/jobs/002,404,79.8064999980852
27,2026-09-08T00:09:57.143609,1000,241,GET,/jobs/001,200,126.18509994354099
27,2026-09-08T00:09:57.143609,1000,242,GET,/jobs/002,404,80.42440004646778
27,2026-09-08T00:09:57.143609,1000,243,GET,/jobs,200,79.07789992168546
27,2026-09-08T00:09:57.143609,1000,244,GET,/jobs/1000,404,82.66580000054091
27,2026-09-08T00:09:57.143609,1000,245,POST,/jobs,201,115.75910006649792
27,2026-09-08T00:09:57.143609,1000,246,PUT,/jobs/1000,404,114.32759999297559
27,2026-09-08T00:09:57.143609,1000,247,GET,/jobs/002,404,78.67610000539571
27,2026-09-08T00:09:57.143609,1000,248,GET,/jobs/1000,404,79.38760006800294
27,2026-09-08T00:09:57.143609,1000,249,GET,/jobs,200,78.15339998342097
27,2026-09-08T00:09:57.143609,1000,250,PUT,/jobs/001,200,113.1315000820905
27,2026-09-08T00:09:57.143609,1000,251,PUT,/jobs/001,200,111.07910005375743
27,2026-09-08T00:09:57.143609,1000,252,GET,/jobs/002,404,79.52139992266893
27,2026-09-08T00:09:57.143609,1000,253,POST,/jobs,201,113.71369997505099
27,2026-09-08T00:09:57.143609,1000,254,GET,/jobs/001,200,122.83230002503842
27,2026-09-08T00:09:57.143609,1000,255,GET,/jobs,200,73.84760002605617
27,2026-09-08T00:09:57.143609,1000,256,GET,/jobs/002,404,72.61169992852956
27,2026-09-08T00:09:57.143609,1000,257,POST,/jobs,201,114.56989997532219
27,2026-09-08T00:09:57.143609,1000,258,GET,/jobs,200,74.6064999839291
27,2026-09-08T00:09:57.143609,1000,259,POST,/jobs,201,114.36809995211661
27,2026-09-08T00:09:57.143609,1000,260,DELETE,/jobs/1000,404,73.21110006887466
27,2026-09-08T00:09:57.143609,1000,261,DELETE,/jobs/1000,404,73.57849995605648
27,2026-09-08T00:09:57.143609,1000,262,GET,/jobs,200,73.05959996301681
27,2026-09-08T00:09:57.143609,1000,263,GET,/jobs,200,72.31580000370741
27,2026-09-08T00:09:57.143609,1000,264,POST,/jobs,201,115.72780006099492
27,2026-09-08T00:09:57.143609,1000,265,DELETE,/jobs/1000,404,76.81040000170469
27,2026-09-08T00:09:57.143609,1000,266,GET,/jobs,200,76.37400005478412
27,2026-09-08T00:09:57.143609,1000,267,GET,/jobs,200,81.61120000295341
27,2026-09-08T00:09:57.143609,1000,268,DELETE,/jobs/1000,404,83.52959994226694
27,2026-09-08T00:09:57.143609,1000,269,POST,/jobs,201,118.74579999130219
27,2026-09-08T00:09:57.143609,1000,270,POST,/jobs,201,121.31539999973029
27,2026-09-08T00:09:57.143609,1000,271,DELETE,/jobs/002,404,79.61939997039735
27,2026-09-08T00:09:57.143609,1000,272,PUT,/jobs/1000,404,127.53249995876104
27,2026-09-08T00:09:57.143609,1000,273,GET,/jobs/002,404,79.96640005148947
27,2026-09-08T00:09:57.143609,1000,274,GET,/jobs,200,74.83489997684956
27,2026-09-08T00:09:57.143609,1000,275,PUT,/jobs/001,200,121.10640003811568
27,2026-09-08T00:09:57.143609,1000,276,DELETE,/jobs/002,404,81.93250000476837
27,2026-09-08T00:09:57.143609,1000,277,POST,/jobs,201,120.57510006707162
27,2026-09-08T00:09:57.143609,1000,278,GET,/jobs,200,78.07200006209314
27,2026-09-08T00:09:57.143609,1000,279,POST,/jobs,201,127.25800008047372
27,2026-09-08T00:09:57.143609,1000,280,POST,/jobs,201,127.03720002900809
27,2026-09-08T00:09:57.143609,1000,281,GET,/jobs,200,77.19450001604855
27,2026-09-08T00:09:57.143609,1000,282,POST,/jobs,201,126.79869995918125
27,2026-09-08T00:09:57.143609,1000,283,POST,/jobs,201,127.11250002030283
27,2026-09-08T00:09:57.143609,1000,284,PUT,/jobs/002,404,127.49470002017915
27,2026-09-08T00:09:57.143609,1000,285,PUT,/jobs/1000,404,127.94639996718615
27,2026-09-08T00:09:57.143609,1000,286,POST,/jobs,201,123.98760009091347
27,2026-09-08T00:09:57.143609,1000,287,GET,/jobs/001,200,119.3595000077039
27,2026-09-08T00:09:57.143609,1000,288,PUT,/jobs/1000,404,126.31030008196831
27,2026-09-08T00:09:57.143609,1000,289,PUT,/jobs/1000,404,124.27659996319562
27,2026-09-08T00:09:57.143609,1000,290,GET,/jobs/1000,404,78.79960001446307
27,2026-09-08T00:09:57.143609,1000,291,DELETE,/jobs/1000,404,80.26950003113598
27,2026-09-08T00:09:57.143609,1000,292,PUT,/jobs/1000,404,123.87210002634674
27,2026-09-08T00:09:57.143609,1000,293,GET,/jobs,200,73.10699997469783
27,2026-09-08T00:09:57.143609,1000,294,POST,/jobs,201,127.92549992445856
27,2026-09-08T00:09:57.143609,1000,295,GET,/jobs/002,404,84.57219996489584
27,2026-09-08T00:09:57.143609,1000,296,DELETE,/jobs/1000,404,76.26709993928671
27,2026-09-08T00:09:57.143609,1000,297,PUT,/jobs/002,404,119.6392000420019
27,2026-09-08T00:09:57.143609,1000,298,PUT,/jobs/1000,404,127.2453999845311
27,2026-09-08T00:09:57.143609,1000,299,GET,/jobs/1000,404,84.67090001795441
27,2026-09-08T00:09:57.143609,1000,300,PUT,/jobs/1000,404,125.41530001908541
27,2026-09-08T00:09:57.143609,1000,301,GET,/jobs/1000,404,84.47190001606941
27,2026-09-08T00:09:57.143609,1000,302,GET,/jobs,200,78.62759998533875
27,2026-09-08T00:09:57.143609,1000,303,POST,/jobs,201,122.10999999660999
27,2026-09-08T00:09:57.143609,1000,304,DELETE,/jobs/1000,404,80.85180004127324
27,2026-09-08T00:09:57.143609,1000,305,GET,/jobs,200,78.69180000852793
27,2026-09-08T00:09:57.143609,1000,306,GET,/jobs/1000,404,81.24840003438294
27,2026-09-08T00:09:57.143609,1000,307,POST,/jobs,201,118.4884998947382
27,2026-09-08T00:09:57.143609,1000,308,GET,/jobs/001,200,130.37469994742423
27,2026-09-08T00:09:57.143609,1000,309,GET,/jobs,200,81.9872000720352
27,2026-09-08T00:09:57.143609,1000,310,GET,/jobs,200,78.52979993913323
27,2026-09-08T00:09:57.143609,1000,311,GET,/jobs/002,404,81.09530003275722
27,2026-09-08T00:09:57.143609,1000,312,DELETE,/jobs/002,404,81.6632000496611
27,2026-09-08T00:09:57.143609,1000,313,PUT,/jobs/002,404,123.5238000517711
27,2026-09-08T00:09:57.143609,1000,314,DELETE,/jobs/002,404,81.47760003339499
27,2026-09-08T00:09:57.143609,1000,315,PUT,/jobs/002,404,120.99319999106228
27,2026-09-08T00:09:57.143609,1000,316,PUT,/jobs/001,200,115.51090003922582
27,2026-09-08T00:09:57.143609,1000,317,GET,/jobs/1000,404,83.91919999849051
27,2026-09-08T00:09:57.143609,1000,318,GET,/jobs,200,78.07709998451173
27,2026-09-08T00:09:57.143609,1000,319,GET,/jobs,200,79.07019997946918
27,2026-09-08T00:09:57.143609,1000,320,PUT,/jobs/001,200,120.2464000089094
27,2026-09-08T00:09:57.143609,1000,321,GET,/jobs/1000,404,84.18450003955513
27,2026-09-08T00:09:57.143609,1000,322,DELETE,/jobs/1000,404,83.82210007403046
27,2026-09-08T00:09:57.143609,1000,323,GET,/jobs,200,77.68029998987913
27,2026-09-08T00:09:57.143609,1000,324,DELETE,/jobs/002,404,83.50880001671612
27,2026-09-08T00:09:57.143609,1000,325,GET,/jobs,200,78.52800004184246
27,2026-09-08T00:09:57.143609,1000,326,PUT,/jobs/001,200,121.31009995937347
27,2026-09-08T00:09:57.143609,1000,327,PUT,/jobs/1000,404,119.88530005328357
27,2026-09-08T00:09:57.143609,1000,328,DELETE,/jobs/1000,404,81.00750006269664
27,2026-09-08T00:09:57.143609,1000,329,PUT,/jobs/1000,404,114.27580006420612
27,2026-09-08T00:09:57.143609,1000,330,DELETE,/jobs/1000,404,77.48069998342544
27,2026-09-08T00:09:57.143609,1000,331,DELETE,/jobs/1000,404,83.3455000538379
27,2026-09-08T00:09:57.143609,1000,332,GET,/jobs/1000,404,82.70839997567236
27,2026-09-08T00:09:57.143609,1000,333,PUT,/jobs/002,404,122.7296000579372
27,2026-09-08T00:09:57.143609,1000,334,POST,/jobs,201,121.95559998508543
27,2026-09-08T00:09:57.143609,1000,335,GET,/jobs/1000,404,82.51839992590249
27,2026-09-08T00:09:57.143609,1000,336,POST,/jobs,201,116.16610002238303
27,2026-09-08T00:09:57.143609,1000,337,DELETE,/jobs/1000,404,83.04019994102418
27,2026-09-08T00:09:57.143609,1000,338,GET,/jobs/002,404,83.30210007261485
27,2026-09-08T00:09:57.143609,1000,339,PUT,/jobs/001,200,116.19520001113415
27,2026-09-08T00:09:57.143609,1000,340,POST,/jobs,201,124.40860003698617
27,2026-09-08T00:09:57.143609,1000,341,POST,/jobs,201,123.44380002468824
27,2026-09-08T00:09:57.143609,1000,342,POST,/jobs,201,115.40249991230667
27,2026-09-08T00:09:57.143609,1000,343,GET,/jobs,200,79.95360007043928
27,2026-09-08T00:09:57.143609,1000,344,GET,/jobs/001,200,126.14999990910292
27,2026-09-08T00:09:57.143609,1000,345,GET,/jobs/002,404,81.66559995152056
27,2026-09-08T00:09:57.143609,1000,346,GET,/jobs/1000,404,82.16130000073463
27,2026-09-08T00:09:57.143609,1000,347,GET,/jobs/001,200,125.81740005407482
27,2026-09-08T00:09:57.143609,1000,348,PUT,/jobs/002,404,127.16309993993491
27,2026-09-08T00:09:57.143609,1000,349,POST,/jobs,201,125.47379999887198
27,2026-09-08T00:09:57.143609,1000,350,PUT,/jobs/002,404,125.15429989434779
27,2026-09-08T00:09:57.143609,1000,351,GET,/jobs,200,74.88369999919087
27,2026-09-08T00:09:57.143609,1000,352,GET,/jobs/002,404,81.5615999745205
27,2026-09-08T00:09:57.143609,1000,353,PUT,/jobs/1000,404,116.5910999989137
27,2026-09-08T00:09:57.143609,1000,354,GET,/jobs,200,74.41890006884933
27,2026-09-08T00:09:57.143609,1000,355,DELETE,/jobs/1000,404,74.2906000232324
27,2026-09-08T00:09:57.143609,1000,356,PUT,/jobs/001,200,118.77259996253997
27,2026-09-08T00:09:57.143609,1000,357,POST,/jobs,201,118.44849993940443
27,2026-09-08T00:09:57.143609,1000,358,PUT,/jobs/002,404,120.81770005170256
27,2026-09-08T00:09:57.143609,1000,359,DELETE,/jobs/002,404,73.54470004793257
27,2026-09-08T00:09:57.143609,1000,360,PUT,/jobs/001,200,129.88240004051477
27,2026-09-08T00:09:57.143609,1000,361,POST,/jobs,201,132.13009992614388
27,2026-09-08T00:09:57.143609,1000,362,PUT,/jobs/001,200,133.53480002842844
27,2026-09-08T00:09:57.143609,1000,363,PUT,/jobs/002,404,134.1823999537155
27,2026-09-08T00:09:57.143609,1000,364,PUT,/jobs/1000,404,123.30229999497533
27,2026-09-08T00:09:57.143609,1000,365,GET,/jobs/002,404,76.27349998801947
27,2026-09-08T00:09:57.143609,1000,366,GET,/jobs/1000,404,76.57919998746365
27,2026-09-08T00:09:57.143609,1000,367,DELETE,/jobs/002,404,76.97789999656379
27,2026-09-08T00:09:57.143609,1000,368,PUT,/jobs/1000,404,130.83349994849414
27,2026-09-08T00:09:57.143609,1000,369,DELETE,/jobs/002,404,80.20210009999573
27,2026-09-08T00:09:57.143609,1000,370,GET,/jobs,200,76.51030004490167
27,2026-09-08T00:09:57.143609,1000,371,PUT,/jobs/001,200,138.21660005487502
27,2026-09-08T00:09:57.143609,1000,372,PUT,/jobs/001,200,137.79409998096526
27,2026-09-08T00:09:57.143609,1000,373,GET,/jobs,200,76.01079996675253
27,2026-09-08T00:09:57.143609,1000,374,POST,/jobs,201,145.66589996684343
27,2026-09-08T00:09:57.143609,1000,375,POST,/jobs,201,144.80440004263073
27,2026-09-08T00:09:57.143609,1000,376,PUT,/jobs/002,404,144.42719996441156
27,2026-09-08T00:09:57.143609,1000,377,POST,/jobs,201,144.0330999903381
27,2026-09-08T00:09:57.143609,1000,378,PUT,/jobs/002,404,134.93629998993129
27,2026-09-08T00:09:57.143609,1000,379,PUT,/jobs/002,404,136.88110001385212
27,2026-09-08T00:09:57.143609,1000,380,GET,/jobs,200,74.16920003015548
27,2026-09-08T00:09:57.143609,1000,381,PUT,/jobs/001,200,137.3664999846369
27,2026-09-08T00:09:57.143609,1000,382,DELETE,/jobs/002,404,79.2184000601992
27,2026-09-08T00:09:57.143609,1000,383,POST,/jobs,201,137.173599912785
27,2026-09-08T00:09:57.143609,1000,384,GET,/jobs,200,74.83350008260459
27,2026-09-08T00:09:57.143609,1000,385,GET,/jobs,200,83.9409000473097
27,2026-09-08T00:09:57.143609,1000,386,GET,/jobs,200,86.24460001010448
27,2026-09-08T00:09:57.143609,1000,387,GET,/jobs/001,200,159.2790000140667
27,2026-09-08T00:09:57.143609,1000,388,GET,/jobs,200,88.28040002845228
27,2026-09-08T00:09:57.143609,1000,389,DELETE,/jobs/002,404,106.44640005193651
27,2026-09-08T00:09:57.143609,1000,390,GET,/jobs/001,200,167.9401999572292
27,2026-09-08T00:09:57.143609,1000,391,PUT,/jobs/1000,404,153.10190001036972
27,2026-09-08T00:09:57.143609,1000,392,GET,/jobs,200,85.68509994074702
27,2026-09-08T00:09:57.143609,1000,393,DELETE,/jobs/002,404,95.18049994949251
27,2026-09-08T00:09:57.143609,1000,394,PUT,/jobs/1000,404,154.81669991277158
27,2026-09-08T00:09:57.143609,1000,395,POST,/jobs,201,155.46789998188615
27,2026-09-08T00:09:57.143609,1000,396,POST,/jobs,201,147.88920001592487
27,2026-09-08T00:09:57.143609,1000,397,DELETE,/jobs/002,404,97.93469996657223
27,2026-09-08T00:09:57.143609,1000,398,GET,/jobs/002,404,98.53620000649244
27,2026-09-08T00:09:57.143609,1000,399,GET,/jobs,200,94.08219996839762
27,2026-09-08T00:09:57.143609,1000,400,DELETE,/jobs/002,404,97.40359999705106
27,2026-09-08T00:09:57.143609,1000,401,POST,/jobs,201,147.3733999300748
27,2026-09-08T00:09:57.143609,1000,402,PUT,/jobs/002,404,155.65730002708733
27,2026-09-08T00:09:57.143609,1000,403,GET,/jobs/001,200,158.3213999401778
27,2026-09-08T00:09:57.143609,1000,404,DELETE,/jobs/002,404,97.55339997354895
27,2026-09-08T00:09:57.143609,1000,405,GET,/jobs,200,93.61419989727437
27,2026-09-08T00:09:57.143609,1000,406,POST,/jobs,201,155.27559991460294
27,2026-09-08T00:09:57.143609,1000,407,DELETE,/jobs/002,404,98.24409999419004
27,2026-09-08T00:09:57.143609,1000,408,DELETE,/jobs/002,404,97.83179999794811
27,2026-09-08T00:09:57.143609,1000,409,POST,/jobs,201,156.05230000801384
27,2026-09-08T00:09:57.143609,1000,410,PUT,/jobs/1000,404,155.14309995342046
27,2026-09-08T00:09:57.143609,1000,411,POST,/jobs,201,156.90830000676215
27,2026-09-08T00:09:57.143609,1000,412,DELETE,/jobs/1000,404,101.58510005567223
27,2026-09-08T00:09:57.143609,1000,413,GET,/jobs,200,99.16880005039275
27,2026-09-08T00:09:57.143609,1000,414,PUT,/jobs/002,404,156.0087000252679
27,2026-09-08T00:09:57.143609,1000,415,GET,/jobs,200,97.84249996300787
27,2026-09-08T00:09:57.143609,1000,416,PUT,/jobs/002,404,148.87360006105155
27,2026-09-08T00:09:57.143609,1000,417,PUT,/jobs/1000,404,157.28010004386306
27,2026-09-08T00:09:57.143609,1000,418,GET,/jobs/002,404,109.22250000294298
27,2026-09-08T00:09:57.143609,1000,419,GET,/jobs/1000,404,96.7273999704048
27,2026-09-08T00:09:57.143609,1000,420,DELETE,/jobs/1000,404,120.32929994165897
27,2026-09-08T00:09:57.143609,1000,421,DELETE,/jobs/1000,404,108.79610001575202
27,2026-09-08T00:09:57.143609,1000,422,PUT,/jobs/002,404,150.84130002651364
27,2026-09-08T00:09:57.143609,1000,423,DELETE,/jobs/1000,404,117.85739997867495
27,2026-09-08T00:09:57.143609,1000,424,POST,/jobs,201,162.0169000234455
27,2026-09-08T00:09:57.143609,1000,425,GET,/jobs/001,200,162.056399974972
27,2026-09-08T00:09:57.143609,1000,426,POST,/jobs,201,162.0531000662595
27,2026-09-08T00:09:57.143609,1000,427,GET,/jobs/002,404,111.47190001793206
27,2026-09-08T00:09:57.143609,1000,428,DELETE,/jobs/1000,404,112.36909998115152
27,2026-09-08T00:09:57.143609,1000,429,POST,/jobs,201,161.6000001085922
27,2026-09-08T00:09:57.143609,1000,430,PUT,/jobs/002,404,160.24140000808984
27,2026-09-08T00:09:57.143609,1000,431,GET,/jobs/002,404,111.77299998234957
27,2026-09-08T00:09:57.143609,1000,432,GET,/jobs/002,404,110.6666000559926
27,2026-09-08T00:09:57.143609,1000,433,POST,/jobs,201,160.9054000582546
27,2026-09-08T00:09:57.143609,1000,434,POST,/jobs,201,160.9891999978572
27,2026-09-08T00:09:57.143609,1000,435,POST,/jobs,201,162.43620007298887
27,2026-09-08T00:09:57.143609,1000,436,GET,/jobs,200,108.76510001253337
27,2026-09-08T00:09:57.143609,1000,437,DELETE,/jobs/002,404,111.33450001943856
27,2026-09-08T00:09:57.143609,1000,438,GET,/jobs,200,110.90279999189079
27,2026-09-08T00:09:57.143609,1000,439,GET,/jobs/1000,404,113.40619996190071
27,2026-09-08T00:09:57.143609,1000,440,PUT,/jobs/002,404,157.91920002084225
27,2026-09-08T00:09:57.143609,1000,441,DELETE,/jobs/002,404,113.25739999301732
27,2026-09-08T00:09:57.143609,1000,442,PUT,/jobs/1000,404,158.8956998893991
27,2026-09-08T00:09:57.143609,1000,443,PUT,/jobs/002,404,159.8370000720024
27,2026-09-08T00:09:57.143609,1000,444,GET,/jobs,200,111.72020004596561
27,2026-09-08T00:09:57.143609,1000,445,GET,/jobs,200,105.23069999180734
27,2026-09-08T00:09:57.143609,1000,446,POST,/jobs,201,157.9316999996081
27,2026-09-08T00:09:57.143609,1000,447,PUT,/jobs/1000,404,160.77690001111478
27,2026-09-08T00:09:57.143609,1000,448,GET,/jobs/002,404,113.36659989319742
27,2026-09-08T00:09:57.143609,1000,449,DELETE,/jobs/1000,404,114.14130008779466
27,2026-09-08T00:09:57.143609,1000,450,PUT,/jobs/1000,404,161.52700001839548
27,2026-09-08T00:09:57.143609,1000,451,DELETE,/jobs/1000,404,112.22309991717339
27,2026-09-08T00:09:57.143609,1000,452,PUT,/jobs/1000,404,159.4141999958083
27,2026-09-08T00:09:57.143609,1000,453,DELETE,/jobs/1000,404,92.62999997008592
27,2026-09-08T00:09:57.143609,1000,454,POST,/jobs,201,150.2352999523282
27,2026-09-08T00:09:57.143609,1000,455,PUT,/jobs/002,404,151.42959996592253
27,2026-09-08T00:09:57.143609,1000,456,POST,/jobs,201,153.66479998920113
27,2026-09-08T00:09:57.143609,1000,457,GET,/jobs/001,200,153.76700006891042
27,2026-09-08T00:09:57.143609,1000,458,GET,/jobs/002,404,104.47680007200688
27,2026-09-08T00:09:57.143609,1000,459,GET,/jobs,200,102.76219993829727
27,2026-09-08T00:09:57.143609,1000,460,DELETE,/jobs/002,404,105.67610000725836
27,2026-09-08T00:09:57.143609,1000,461,GET,/jobs/001,200,152.61790005024523
27,2026-09-08T00:09:57.143609,1000,462,PUT,/jobs/002,404,150.79390001483262
27,2026-09-08T00:09:57.143609,1000,463,DELETE,/jobs/1000,404,96.14889998920262
27,2026-09-08T00:09:57.143609,1000,464,GET,/jobs,200,93.77280005719513
27,2026-09-08T00:09:57.143609,1000,465,GET,/jobs/002,404,97.49980003107339
27,2026-09-08T00:09:57.143609,1000,466,GET,/jobs/002,404,96.52900008950382
27,2026-09-08T00:09:57.143609,1000,467,GET,/jobs/002,404,96.35000000707805
27,2026-09-08T00:09:57.143609,1000,468,GET,/jobs,200,89.58789997268468
27,2026-09-08T00:09:57.143609,1000,469,DELETE,/jobs/002,404,97.01440006028861
27,2026-09-08T00:09:57.143609,1000,470,POST,/jobs,201,137.01389997731894
27,2026-09-08T00:09:57.143609,1000,471,GET,/jobs,200,90.75380000285804
27,2026-09-08T00:09:57.143609,1000,472,DELETE,/jobs/1000,404,97.6352000143379
27,2026-09-08T00:09:57.143609,1000,473,GET,/jobs/1000,404,98.2310000108555
27,2026-09-08T00:09:57.143609,1000,474,PUT,/jobs/001,200,136.47050003055483
27,2026-09-08T00:09:57.143609,1000,475,GET,/jobs,200,94.04650004580617
27,2026-09-08T00:09:57.143609,1000,476,DELETE,/jobs/1000,404,97.00840001460165
27,2026-09-08T00:09:57.143609,1000,477,PUT,/jobs/002,404,137.93480000458658
27,2026-09-08T00:09:57.143609,1000,478,PUT,/jobs/002,404,138.3499000221491
27,2026-09-08T00:09:57.143609,1000,479,GET,/jobs/001,200,137.60459993500262
27,2026-09-08T00:09:57.143609,1000,480,POST,/jobs,201,135.7992000412196
27,2026-09-08T00:09:57.143609,1000,481,PUT,/jobs/001,200,134.94010001886636
27,2026-09-08T00:09:57.143609,1000,482,GET,/jobs,200,86.45490009803325
27,2026-09-08T00:09:57.143609,1000,483,PUT,/jobs/002,404,134.70249995589256
27,2026-09-08T00:09:57.143609,1000,484,GET,/jobs,200,86.35030000004917
27,2026-09-08T00:09:57.143609,1000,485,DELETE,/jobs/002,404,93.01549999509007
27,2026-09-08T00:09:57.143609,1000,486,GET,/jobs/001,200,138.8113999273628
27,2026-09-08T00:09:57.143609,1000,487,DELETE,/jobs/1000,404,94.3403000710532
27,2026-09-08T00:09:57.143609,1000,488,GET,/jobs,200,87.01340004336089
27,2026-09-08T00:09:57.143609,1000,489,GET,/jobs/001,200,147.806900087744
27,2026-09-08T00:09:57.143609,1000,490,DELETE,/jobs/1000,404,99.73130002617836
27,2026-09-08T00:09:57.143609,1000,491,DELETE,/jobs/002,404,99.45630002766848
27,2026-09-08T00:09:57.143609,1000,492,DELETE,/jobs/1000,404,87.82739995513111
27,2026-09-08T00:09:57.143609,1000,493,PUT,/jobs/002,404,123.84859996382147
27,2026-09-08T00:09:57.143609,1000,494,POST,/jobs,201,125.68459997419268
27,2026-09-08T00:09:57.143609,1000,495,DELETE,/jobs/1000,404,87.44789997581393
27,2026-09-08T00:09:57.143609,1000,496,POST,/jobs,201,124.62479993700981
27,2026-09-08T00:09:57.143609,1000,497,DELETE,/jobs/002,404,87.22380001563579
27,2026-09-08T00:09:57.143609,1000,498,DELETE,/jobs/002,404,88.0834999261424
27,2026-09-08T00:09:57.143609,1000,499,GET,/jobs/1000,404,86.71589998994023
27,2026-09-08T00:09:57.143609,1000,500,GET,/jobs/002,404,88.18339998833835
27,2026-09-08T00:09:57.143609,1000,501,GET,/jobs,200,87.29279995895922
27,2026-09-08T00:09:57.143609,1000,502,GET,/jobs/001,200,135.2271999930963
27,2026-09-08T00:09:57.143609,1000,503,GET,/jobs/1000,404,79.25139996223152
27,2026-09-08T00:09:57.143609,1000,504,GET,/jobs,200,79.48670000769198
27,2026-09-08T00:09:57.143609,1000,505,GET,/jobs/001,200,148.15660007297993
27,2026-09-08T00:09:57.143609,1000,506,PUT,/jobs/002,404,135.66299993544817
27,2026-09-08T00:09:57.143609,1000,507,DELETE,/jobs/1000,404,86.4166000392288
27,2026-09-08T00:09:57.143609,1000,508,POST,/jobs,201,134.69919993076473
27,2026-09-08T00:09:57.143609,1000,509,GET,/jobs/002,404,87.40339998621494
27,2026-09-08T00:09:57.143609,1000,510,POST,/jobs,201,134.4838000368327
27,2026-09-08T00:09:57.143609,1000,511,PUT,/jobs/001,200,135.0828999420628
27,2026-09-08T00:09:57.143609,1000,512,GET,/jobs/002,404,98.11809996608645
27,2026-09-08T00:09:57.143609,1000,513,DELETE,/jobs/002,404,99.44290004204959
27,2026-09-08T00:09:57.143609,1000,514,PUT,/jobs/001,200,133.10099998489022
27,2026-09-08T00:09:57.143609,1000,515,DELETE,/jobs/002,404,88.1259999005124
27,2026-09-08T00:09:57.143609,1000,516,GET,/jobs/002,404,90.91849997639656
27,2026-09-08T00:09:57.143609,1000,517,GET,/jobs/001,200,136.5125000011176
27,2026-09-08T00:09:57.143609,1000,518,GET,/jobs,200,86.47680003196001
27,2026-09-08T00:09:57.143609,1000,519,GET,/jobs/002,404,87.37950003705919
27,2026-09-08T00:09:57.143609,1000,520,DELETE,/jobs/1000,404,88.08340004179627
27,2026-09-08T00:09:57.143609,1000,521,PUT,/jobs/001,200,133.5979999275878
27,2026-09-08T00:09:57.143609,1000,522,PUT,/jobs/1000,404,134.3679999699816
27,2026-09-08T00:09:57.143609,1000,523,POST,/jobs,201,134.63420001789927
27,2026-09-08T00:09:57.143609,1000,524,PUT,/jobs/002,404,135.10960002895445
27,2026-09-08T00:09:57.143609,1000,525,DELETE,/jobs/1000,404,87.99819997511804
27,2026-09-08T00:09:57.143609,1000,526,PUT,/jobs/001,200,134.0215998934582
27,2026-09-08T00:09:57.143609,1000,527,DELETE,/jobs/002,404,87.2732000425458
27,2026-09-08T00:09:57.143609,1000,528,PUT,/jobs/1000,404,123.5160999931395
27,2026-09-08T00:09:57.143609,1000,529,POST,/jobs,201,134.70819999929518
27,2026-09-08T00:09:57.143609,1000,530,POST,/jobs,201,124.89870004355907
27,2026-09-08T00:09:57.143609,1000,531,GET,/jobs,200,74.51069995295256
27,2026-09-08T00:09:57.143609,1000,532,GET,/jobs/1000,404,78.80129991099238
27,2026-09-08T00:09:57.143609,1000,533,DELETE,/jobs/002,404,78.28490005340427
27,2026-09-08T00:09:57.143609,1000,534,POST,/jobs,201,124.15319995488971
27,2026-09-08T00:09:57.143609,1000,535,GET,/jobs,200,79.99960007146001
27,2026-09-08T00:09:57.143609,1000,536,GET,/jobs/002,404,80.64629998989403
27,2026-09-08T00:09:57.143609,1000,537,DELETE,/jobs/1000,404,81.25129994004965
27,2026-09-08T00:09:57.143609,1000,538,POST,/jobs,201,126.49669998791069
27,2026-09-08T00:09:57.143609,1000,539,DELETE,/jobs/1000,404,87.69159996882081
27,2026-09-08T00:09:57.143609,1000,540,PUT,/jobs/001,200,125.78510004095733
27,2026-09-08T00:09:57.143609,1000,541,PUT,/jobs/002,404,131.25099998433143
27,2026-09-08T00:09:57.143609,1000,542,PUT,/jobs/002,404,125.961699988693
27,2026-09-08T00:09:57.143609,1000,543,POST,/jobs,201,125.38169999606907
27,2026-09-08T00:09:57.143609,1000,544,GET,/jobs,200,84.78369994554669
27,2026-09-08T00:09:57.143609,1000,545,GET,/jobs/002,404,87.85189990885556
27,2026-09-08T00:09:57.143609,1000,546,PUT,/jobs/1000,404,130.03199989907444
27,2026-09-08T00:09:57.143609,1000,547,PUT,/jobs/002,404,133.06769996415824
27,2026-09-08T00:09:57.143609,1000,548,PUT,/jobs/1000,404,131.97830005083233
27,2026-09-08T00:09:57.143609,1000,549,GET,/jobs,200,83.45470007043332
27,2026-09-08T00:09:57.143609,1000,550,PUT,/jobs/001,200,132.82339996658266
27,2026-09-08T00:09:57.143609,1000,551,POST,/jobs,201,132.17800005804747
27,2026-09-08T00:09:57.143609,1000,552,POST,/jobs,201,133.246700046584
27,2026-09-08T00:09:57.143609,1000,553,PUT,/jobs/1000,404,131.9000000366941
27,2026-09-08T00:09:57.143609,1000,554,GET,/jobs,200,76.85089996084571
27,2026-09-08T00:09:57.143609,1000,555,DELETE,/jobs/1000,404,88.67840003222227
27,2026-09-08T00:09:57.143609,1000,556,PUT,/jobs/001,200,131.56689994502813
27,2026-09-08T00:09:57.143609,1000,557,GET,/jobs/1000,404,87.07339991815388
27,2026-09-08T00:09:57.143609,1000,558,POST,/jobs,201,132.4720000848174
27,2026-09-08T00:09:57.143609,1000,559,PUT,/jobs/1000,404,132.14629993308336
27,2026-09-08T00:09:57.143609,1000,560,PUT,/jobs/001,200,126.78419996518642
27,2026-09-08T00:09:57.143609,1000,561,GET,/jobs/002,404,85.3229999775067
27,2026-09-08T00:09:57.143609,1000,562,DELETE,/jobs/002,404,83.79499998409301
27,2026-09-08T00:09:57.143609,1000,563,POST,/jobs,201,131.53700006660074
27,2026-09-08T00:09:57.143609,1000,564,PUT,/jobs/001,200,126.48760003503412
27,2026-09-08T00:09:57.143609,1000,565,GET,/jobs,200,84.56779993139207
27,2026-09-08T00:09:57.143609,1000,566,DELETE,/jobs/002,404,88.51319993846118
27,2026-09-08T00:09:57.143609,1000,567,GET,/jobs/002,404,88.8500000583008
27,2026-09-08T00:09:57.143609,1000,568,DELETE,/jobs/002,404,84.72959999926388
27,2026-09-08T00:09:57.143609,1000,569,DELETE,/jobs/1000,404,86.90789993852377
27,2026-09-08T00:09:57.143609,1000,570,GET,/jobs,200,82.13170000817627
27,2026-09-08T00:09:57.143609,1000,571,GET,/jobs/001,200,127.73060007020831
27,2026-09-08T00:09:57.143609,1000,572,PUT,/jobs/001,200,126.30750006064773
27,2026-09-08T00:09:57.143609,1000,573,GET,/jobs/002,404,87.83830003812909
27,2026-09-08T00:09:57.143609,1000,574,POST,/jobs,201,126.42560002859682
27,2026-09-08T00:09:57.143609,1000,575,POST,/jobs,201,119.3467000266537
27,2026-09-08T00:09:57.143609,1000,576,PUT,/jobs/002,404,127.01379996724427
27,2026-09-08T00:09:57.143609,1000,577,GET,/jobs/002,404,86.06069989036769
27,2026-09-08T00:09:57.143609,1000,578,DELETE,/jobs/002,404,86.37380006257445
27,2026-09-08T00:09:57.143609,1000,579,PUT,/jobs/001,200,119.03880001045763
27,2026-09-08T00:09:57.143609,1000,580,DELETE,/jobs/002,404,84.51449999120086
27,2026-09-08T00:09:57.143609,1000,581,GET,/jobs,200,81.62599999923259
27,2026-09-08T00:09:57.143609,1000,582,POST,/jobs,201,127.60849995538592
27,2026-09-08T00:09:57.143609,1000,583,PUT,/jobs/002,404,116.40189995523542
27,2026-09-08T00:09:57.143609,1000,584,DELETE,/jobs/1000,404,84.48130008764565
27,2026-09-08T00:09:57.143609,1000,585,GET,/jobs,200,81.36589999776334
27,2026-09-08T00:09:57.143609,1000,586,POST,/jobs,201,116.6618000715971
27,2026-09-08T00:09:57.143609,1000,587,POST,/jobs,201,115.29750004410744
27,2026-09-08T00:09:57.143609,1000,588,DELETE,/jobs/1000,404,84.56510002724826
27,2026-09-08T00:09:57.143609,1000,589,GET,/jobs/002,404,85.49000008497387
27,2026-09-08T00:09:57.143609,1000,590,DELETE,/jobs/1000,404,84.28489998914301
27,2026-09-08T00:09:57.143609,1000,591,POST,/jobs,201,128.10100009664893
27,2026-09-08T00:09:57.143609,1000,592,DELETE,/jobs/1000,404,85.54629993159324
27,2026-09-08T00:09:57.143609,1000,593,PUT,/jobs/002,404,130.49889996182173
27,2026-09-08T00:09:57.143609,1000,594,GET,/jobs/1000,404,83.39439996052533
27,2026-09-08T00:09:57.143609,1000,595,GET,/jobs/1000,404,84.95529997162521
27,2026-09-08T00:09:57.143609,1000,596,PUT,/jobs/001,200,128.20309994276613
27,2026-09-08T00:09:57.143609,1000,597,PUT,/jobs/001,200,129.4696000404656
27,2026-09-08T00:09:57.143609,1000,598,POST,/jobs,201,128.50069999694824
27,2026-09-08T00:09:57.143609,1000,599,PUT,/jobs/1000,404,129.0014999685809
27,2026-09-08T00:09:57.143609,1000,600,PUT,/jobs/002,404,122.47669999487698
27,2026-09-08T00:09:57.143609,1000,601,GET,/jobs/002,404,79.72659997176379
27,2026-09-08T00:09:57.143609,1000,602,GET,/jobs,200,74.57290007732809
27,2026-09-08T00:09:57.143609,1000,603,GET,/jobs/1000,404,79.52829997520894
27,2026-09-08T00:09:57.143609,1000,604,DELETE,/jobs/1000,404,79.90540005266666
27,2026-09-08T00:09:57.143609,1000,605,GET,/jobs,200,75.3815999487415
27,2026-09-08T00:09:57.143609,1000,606,PUT,/jobs/001,200,122.50320008024573
27,2026-09-08T00:09:57.143609,1000,607,DELETE,/jobs/1000,404,80.153499962762
27,2026-09-08T00:09:57.143609,1000,608,GET,/jobs,200,76.13609998952597
27,2026-09-08T00:09:57.143609,1000,609,GET,/jobs/002,404,79.45579988881946
27,2026-09-08T00:09:57.143609,1000,610,GET,/jobs/001,200,124.04509994667023
27,2026-09-08T00:09:57.143609,1000,611,PUT,/jobs/002,404,121.30450003314763
27,2026-09-08T00:09:57.143609,1000,612,POST,/jobs,201,121.47079990245402
27,2026-09-08T00:09:57.143609,1000,613,PUT,/jobs/1000,404,122.17160000000149
27,2026-09-08T00:09:57.143609,1000,614,GET,/jobs,200,74.8473999556154
27,2026-09-08T00:09:57.143609,1000,615,POST,/jobs,201,121.16249999962747
27,2026-09-08T00:09:57.143609,1000,616,DELETE,/jobs/1000,404,78.91380006913096
27,2026-09-08T00:09:57.143609,1000,617,POST,/jobs,201,111.58799997065216
27,2026-09-08T00:09:57.143609,1000,618,PUT,/jobs/1000,404,111.92219995427877
27,2026-09-08T00:09:57.143609,1000,619,GET,/jobs,200,78.86359991971403
27,2026-09-08T00:09:57.143609,1000,620,DELETE,/jobs/002,404,79.47460003197193
27,2026-09-08T00:09:57.143609,1000,621,GET,/jobs/1000,404,79.21600004192442
27,2026-09-08T00:09:57.143609,1000,622,POST,/jobs,201,115.07800000254065
27,2026-09-08T00:09:57.143609,1000,623,GET,/jobs,200,78.36380007211119
27,2026-09-08T00:09:57.143609,1000,624,PUT,/jobs/001,200,119.46389998774976
27,2026-09-08T00:09:57.143609,1000,625,GET,/jobs,200,80.02279989887029
27,2026-09-08T00:09:57.143609,1000,626,PUT,/jobs/001,200,123.418900067918
27,2026-09-08T00:09:57.143609,1000,627,POST,/jobs,201,119.7768000420183
27,2026-09-08T00:09:57.143609,1000,628,GET,/jobs,200,79.34960001148283
27,2026-09-08T00:09:57.143609,1000,629,POST,/jobs,201,120.17040001228452
27,2026-09-08T00:09:57.143609,1000,630,GET,/jobs,200,79.13900003768504
27,2026-09-08T00:09:57.143609,1000,631,POST,/jobs,201,119.215999962762
27,2026-09-08T00:09:57.143609,1000,632,POST,/jobs,201,118.9421999733895
27,2026-09-08T00:09:57.143609,1000,633,GET,/jobs/001,200,118.8500999705866
27,2026-09-08T00:09:57.143609,1000,634,DELETE,/jobs/1000,404,77.80189998447895
27,2026-09-08T00:09:57.143609,1000,635,DELETE,/jobs/002,404,77.95659999828786
27,2026-09-08T00:09:57.143609,1000,636,GET,/jobs/001,200,119.10599994007498
27,2026-09-08T00:09:57.143609,1000,637,GET,/jobs,200,74.84620006289333
27,2026-09-08T00:09:57.143609,1000,638,DELETE,/jobs/1000,404,79.05729999765754
27,2026-09-08T00:09:57.143609,1000,639,DELETE,/jobs/002,404,78.2813000259921
27,2026-09-08T00:09:57.143609,1000,640,PUT,/jobs/1000,404,117.11730004753917
27,2026-09-08T00:09:57.143609,1000,641,GET,/jobs/001,200,118.72030002996325
27,2026-09-08T00:09:57.143609,1000,642,PUT,/jobs/1000,404,116.87699996400625
27,2026-09-08T00:09:57.143609,1000,643,POST,/jobs,201,116.75670009572059
27,2026-09-08T00:09:57.143609,1000,644,POST,/jobs,201,118.1851999135688
27,2026-09-08T00:09:57.143609,1000,645,GET,/jobs,200,72.67020002473146
27,2026-09-08T00:09:57.143609,1000,646,PUT,/jobs/002,404,110.62769999261945
27,2026-09-08T00:09:57.143609,1000,647,DELETE,/jobs/002,404,77.83029996789992
27,2026-09-08T00:09:57.143609,1000,648,GET,/jobs,200,77.55839999299496
27,2026-09-08T00:09:57.143609,1000,649,PUT,/jobs/002,404,109.74659991916269
27,2026-09-08T00:09:57.143609,1000,650,DELETE,/jobs/1000,404,72.64900009613484
27,2026-09-08T00:09:57.143609,1000,651,PUT,/jobs/1000,404,118.77879989333451
27,2026-09-08T00:09:57.143609,1000,652,POST,/jobs,201,112.98929993063211
27,2026-09-08T00:09:57.143609,1000,653,POST,/jobs,201,111.90609994810075
27,2026-09-08T00:09:57.143609,1000,654,PUT,/jobs/002,404,119.41049993038177
27,2026-09-08T00:09:57.143609,1000,655,GET,/jobs,200,75.5590999033302
27,2026-09-08T00:09:57.143609,1000,656,GET,/jobs/002,404,78.45340005587786
27,2026-09-08T00:09:57.143609,1000,657,DELETE,/jobs/1000,404,78.94860010128468
27,2026-09-08T00:09:57.143609,1000,658,DELETE,/jobs/1000,404,79.64390004053712
27,2026-09-08T00:09:57.143609,1000,659,POST,/jobs,201,120.62709999736398
27,2026-09-08T00:09:57.143609,1000,660,PUT,/jobs/002,404,119.88720006775111
27,2026-09-08T00:09:57.143609,1000,661,GET,/jobs,200,75.3523000748828
27,2026-09-08T00:09:57.143609,1000,662,DELETE,/jobs/002,404,80.53630008362234
27,2026-09-08T00:09:57.143609,1000,663,DELETE,/jobs/1000,404,78.74000002630055
27,2026-09-08T00:09:57.143609,1000,664,POST,/jobs,201,118.1424999376759
27,2026-09-08T00:09:57.143609,1000,665,GET,/jobs/1000,404,76.39669999480247
27,2026-09-08T00:09:57.143609,1000,666,POST,/jobs,201,118.60729998443276
27,2026-09-08T00:09:57.143609,1000,667,GET,/jobs/1000,404,75.84609999321401
27,2026-09-08T00:09:57.143609,1000,668,POST,/jobs,201,119.10499993246049
27,2026-09-08T00:09:57.143609,1000,669,GET,/jobs/1000,404,76.70480001252145
27,2026-09-08T00:09:57.143609,1000,670,GET,/jobs,200,73.50729999598116
27,2026-09-08T00:09:57.143609,1000,671,GET,/jobs,200,74.22960002440959
27,2026-09-08T00:09:57.143609,1000,672,POST,/jobs,201,117.55890003405511
27,2026-09-08T00:09:57.143609,1000,673,PUT,/jobs/001,200,117.85180005244911
27,2026-09-08T00:09:57.143609,1000,674,DELETE,/jobs/1000,404,76.02320006117225
27,2026-09-08T00:09:57.143609,1000,675,GET,/jobs/001,200,119.78279997128993
27,2026-09-08T00:09:57.143609,1000,676,POST,/jobs,201,117.34639992937446
27,2026-09-08T00:09:57.143609,1000,677,PUT,/jobs/001,200,108.50430000573397
27,2026-09-08T00:09:57.143609,1000,678,GET,/jobs/001,200,108.07419999036938
27,2026-09-08T00:09:57.143609,1000,679,DELETE,/jobs/1000,404,84.13749991450459
27,2026-09-08T00:09:57.143609,1000,680,DELETE,/jobs/1000,404,83.49930006079376
27,2026-09-08T00:09:57.143609,1000,681,GET,/jobs/002,404,85.03930002916604
27,2026-09-08T00:09:57.143609,1000,682,PUT,/jobs/002,404,130.30009996145964
27,2026-09-08T00:09:57.143609,1000,683,POST,/jobs,201,113.34010004065931
27,2026-09-08T00:09:57.143609,1000,684,GET,/jobs,200,81.47220010869205
27,2026-09-08T00:09:57.143609,1000,685,PUT,/jobs/001,200,138.25100008398294
27,2026-09-08T00:09:57.143609,1000,686,GET,/jobs/001,200,119.52110007405281
27,2026-09-08T00:09:57.143609,1000,687,PUT,/jobs/1000,404,129.11400001030415
27,2026-09-08T00:09:57.143609,1000,688,POST,/jobs,201,129.43889992311597
27,2026-09-08T00:09:57.143609,1000,689,PUT,/jobs/001,200,131.2139000510797
27,2026-09-08T00:09:57.143609,1000,690,POST,/jobs,201,129.3460000306368
27,2026-09-08T00:09:57.143609,1000,691,GET,/jobs,200,71.187200024724
27,2026-09-08T00:09:57.143609,1000,692,PUT,/jobs/002,404,131.93979999050498
27,2026-09-08T00:09:57.143609,1000,693,POST,/jobs,201,130.01019996590912
27,2026-09-08T00:09:57.143609,1000,694,PUT,/jobs/1000,404,130.0188999157399
27,2026-09-08T00:09:57.143609,1000,695,POST,/jobs,201,130.3471999708563
27,2026-09-08T00:09:57.143609,1000,696,GET,/jobs/002,404,86.14720008336008
27,2026-09-08T00:09:57.143609,1000,697,GET,/jobs,200,70.73619996663183
27,2026-09-08T00:09:57.143609,1000,698,DELETE,/jobs/1000,404,84.51379998587072
27,2026-09-08T00:09:57.143609,1000,699,DELETE,/jobs/002,404,84.78200004901737
27,2026-09-08T00:09:57.143609,1000,700,GET,/jobs,200,72.05189997330308
27,2026-09-08T00:09:57.143609,1000,701,PUT,/jobs/1000,404,130.45699999202043
27,2026-09-08T00:09:57.143609,1000,702,POST,/jobs,201,131.67450006585568
27,2026-09-08T00:09:57.143609,1000,703,PUT,/jobs/001,200,119.29289996623993
27,2026-09-08T00:09:57.143609,1000,704,GET,/jobs/001,200,118.54509997647256
27,2026-09-08T00:09:57.143609,1000,705,GET,/jobs,200,71.58300001174212
27,2026-09-08T00:09:57.143609,1000,706,POST,/jobs,201,119.40750002395362
27,2026-09-08T00:09:57.143609,1000,707,GET,/jobs,200,84.78260005358607
27,2026-09-08T00:09:57.143609,1000,708,GET,/jobs,200,73.60350003000349
27,2026-09-08T00:09:57.143609,1000,709,GET,/jobs/1000,404,88.95180001854897
27,2026-09-08T00:09:57.143609,1000,710,GET,/jobs/002,404,88.02120003383607
27,2026-09-08T00:09:57.143609,1000,711,PUT,/jobs/002,404,120.11410004924983
27,2026-09-08T00:09:57.143609,1000,712,DELETE,/jobs/1000,404,85.132300038822
27,2026-09-08T00:09:57.143609,1000,713,DELETE,/jobs/002,404,85.84940002765507
27,2026-09-08T00:09:57.143609,1000,714,PUT,/jobs/1000,404,123.6598000396043
27,2026-09-08T00:09:57.143609,1000,715,GET,/jobs,200,74.49829997494817
27,2026-09-08T00:09:57.143609,1000,716,PUT,/jobs/1000,404,119.68450003769249
27,2026-09-08T00:09:57.143609,1000,717,PUT,/jobs/002,404,171.7593000503257
27,2026-09-08T00:09:57.143609,1000,718,GET,/jobs,200,78.00239999778569
27,2026-09-08T00:09:57.143609,1000,719,POST,/jobs,201,172.62099997606128
27,2026-09-08T00:09:57.143609,1000,720,PUT,/jobs/002,404,171.0929999826476
27,2026-09-08T00:09:57.143609,1000,721,GET,/jobs/002,404,94.64760008268058
27,2026-09-08T00:09:57.143609,1000,722,GET,/jobs,200,77.502999920398
27,2026-09-08T00:09:57.143609,1000,723,POST,/jobs,201,172.00859996955842
27,2026-09-08T00:09:57.143609,1000,724,POST,/jobs,201,169.84190000221133
27,2026-09-08T00:09:57.143609,1000,725,PUT,/jobs/002,404,170.16759992111474
27,2026-09-08T00:09:57.143609,1000,726,GET,/jobs/001,200,167.58010000921786
27,2026-09-08T00:09:57.143609,1000,727,PUT,/jobs/001,200,163.6461999733001
27,2026-09-08T00:09:57.143609,1000,728,GET,/jobs/1000,404,85.39859997108579
27,2026-09-08T00:09:57.143609,1000,729,DELETE,/jobs/002,404,84.74520000163466
27,2026-09-08T00:09:57.143609,1000,730,GET,/jobs,200,81.91860001534224
27,2026-09-08T00:09:57.143609,1000,731,POST,/jobs,201,161.84259997680783
27,2026-09-08T00:09:57.143609,1000,732,GET,/jobs/1000,404,82.8430000692606
27,2026-09-08T00:09:57.143609,1000,733,GET,/jobs/001,200,164.28049991372973
27,2026-09-08T00:09:57.143609,1000,734,DELETE,/jobs/002,404,85.70789999794215
27,2026-09-08T00:09:57.143609,1000,735,DELETE,/jobs/002,404,82.60740002151579
27,2026-09-08T00:09:57.143609,1000,736,GET,/jobs/002,404,114.83209999278188
27,2026-09-08T00:09:57.143609,1000,737,GET,/jobs/1000,404,129.8656000290066
27,2026-09-08T00:09:57.143609,1000,738,GET,/jobs,200,108.9048000285402
27,2026-09-08T00:09:57.143609,1000,739,POST,/jobs,201,163.29509997740388
27,2026-09-08T00:09:57.143609,1000,740,GET,/jobs/001,200,184.075600001961
27,2026-09-08T00:09:57.143609,1000,741,DELETE,/jobs/1000,404,130.71539998054504
27,2026-09-08T00:09:57.143609,1000,742,GET,/jobs/001,200,178.6761999828741
27,2026-09-08T00:09:57.143609,1000,743,GET,/jobs,200,120.93560001812875
27,2026-09-08T00:09:57.143609,1000,744,GET,/jobs/001,200,186.5366999991238
27,2026-09-08T00:09:57.143609,1000,745,POST,/jobs,201,170.23849999532104
27,2026-09-08T00:09:57.143609,1000,746,GET,/jobs/1000,404,129.25550004001707
27,2026-09-08T00:09:57.143609,1000,747,POST,/jobs,201,168.51550003048033
27,2026-09-08T00:09:57.143609,1000,748,GET,/jobs/002,404,110.05860008299351
27,2026-09-08T00:09:57.143609,1000,749,GET,/jobs,200,122.43729992769659
27,2026-09-08T00:09:57.143609,1000,750,GET,/jobs/1000,404,128.0656000599265
27,2026-09-08T00:09:57.143609,1000,751,PUT,/jobs/1000,404,173.20520000066608
27,2026-09-08T00:09:57.143609,1000,752,GET,/jobs,200,111.39410000760108
27,2026-09-08T00:09:57.143609,1000,753,GET,/jobs,200,123.4674999723211
27,2026-09-08T00:09:57.143609,1000,754,PUT,/jobs/002,404,174.84360001981258
27,2026-09-08T00:09:57.143609,1000,755,POST,/jobs,201,173.9217999856919
27,2026-09-08T00:09:57.143609,1000,756,DELETE,/jobs/002,404,130.33419998828322
27,2026-09-08T00:09:57.143609,1000,757,PUT,/jobs/1000,404,172.6372999837622
27,2026-09-08T00:09:57.143609,1000,758,GET,/jobs/1000,404,129.59880009293556
27,2026-09-08T00:09:57.143609,1000,759,GET,/jobs,200,109.43870001938194
27,2026-09-08T00:09:57.143609,1000,760,DELETE,/jobs/1000,404,128.47939995117486
27,2026-09-08T00:09:57.143609,1000,761,PUT,/jobs/1000,404,173.4647999983281
27,2026-09-08T00:09:57.143609,1000,762,GET,/jobs,200,116.1131999688223
27,2026-09-08T00:09:57.143609,1000,763,GET,/jobs,200,116.40840000472963
27,2026-09-08T00:09:57.143609,1000,764,PUT,/jobs/002,404,171.69440002180636
27,2026-09-08T00:09:57.143609,1000,765,PUT,/jobs/1000,404,171.86820006463677
27,2026-09-08T00:09:57.143609,1000,766,GET,/jobs,200,115.14869995880872
27,2026-09-08T00:09:57.143609,1000,767,PUT,/jobs/1000,404,189.37830009963363
27,2026-09-08T00:09:57.143609,1000,768,PUT,/jobs/001,200,188.5924000525847
27,2026-09-08T00:09:57.143609,1000,769,GET,/jobs,200,131.05950003955513
27,2026-09-08T00:09:57.143609,1000,770,POST,/jobs,201,189.8075999924913
27,2026-09-08T00:09:57.143609,1000,771,GET,/jobs/001,200,188.336499966681
27,2026-09-08T00:09:57.143609,1000,772,GET,/jobs/002,404,133.25940002687275
27,2026-09-08T00:09:57.143609,1000,773,DELETE,/jobs/1000,404,134.91729996167123
27,2026-09-08T00:09:57.143609,1000,774,PUT,/jobs/1000,404,180.3837000625208
27,2026-09-08T00:09:57.143609,1000,775,DELETE,/jobs/1000,404,132.6256999745965
27,2026-09-08T00:09:57.143609,1000,776,PUT,/jobs/1000,404,198.97599995601922
27,2026-09-08T00:09:57.143609,1000,777,DELETE,/jobs/1000,404,141.72640000469983
27,2026-09-08T00:09:57.143609,1000,778,GET,/jobs,200,127.9029999859631
27,2026-09-08T00:09:57.143609,1000,779,GET,/jobs,200,128.63449996802956
27,2026-09-08T00:09:57.143609,1000,780,DELETE,/jobs/002,404,141.25979994423687
27,2026-09-08T00:09:57.143609,1000,781,PUT,/jobs/002,404,205.27369994670153
27,2026-09-08T00:09:57.143609,1000,782,GET,/jobs/002,404,140.73350001126528
27,2026-09-08T00:09:57.143609,1000,783,POST,/jobs,201,202.6607000734657
27,2026-09-08T00:09:57.143609,1000,784,PUT,/jobs/002,404,199.37930000014603
27,2026-09-08T00:09:57.143609,1000,785,PUT,/jobs/1000,404,199.95219993870705
27,2026-09-08T00:09:57.143609,1000,786,GET,/jobs,200,129.634500015527
27,2026-09-08T00:09:57.143609,1000,787,POST,/jobs,201,200.25670004542917
27,2026-09-08T00:09:57.143609,1000,788,POST,/jobs,201,204.65480000711977
27,2026-09-08T00:09:57.143609,1000,789,POST,/jobs,201,204.21669993083924
27,2026-09-08T00:09:57.143609,1000,790,GET,/jobs/1000,404,125.82359998486936
27,2026-09-08T00:09:57.143609,1000,791,PUT,/jobs/001,200,199.58300003781915
27,2026-09-08T00:09:57.143609,1000,792,GET,/jobs,200,124.57600003108382
27,2026-09-08T00:09:57.143609,1000,793,GET,/jobs,200,112.59979999158531
27,2026-09-08T00:09:57.143609,1000,794,GET,/jobs,200,113.26590005774051
27,2026-09-08T00:09:57.143609,1000,795,PUT,/jobs/001,200,173.14660002011806
27,2026-09-08T00:09:57.143609,1000,796,POST,/jobs,201,171.4883999666199
27,2026-09-08T00:09:57.143609,1000,797,GET,/jobs/1000,404,128.10640002135187
27,2026-09-08T00:09:57.143609,1000,798,GET,/jobs,200,113.2665000623092
27,2026-09-08T00:09:57.143609,1000,799,DELETE,/jobs/1000,404,127.79310008045286
27,2026-09-08T00:09:57.143609,1000,800,GET,/jobs,200,113.74709999654442
27,2026-09-08T00:09:57.143609,1000,801,PUT,/jobs/002,404,171.830500010401
27,2026-09-08T00:09:57.143609,1000,802,PUT,/jobs/1000,404,164.1887000296265
27,2026-09-08T00:09:57.143609,1000,803,GET,/jobs,200,112.24649997893721
27,2026-09-08T00:09:57.143609,1000,804,POST,/jobs,201,157.10179996676743
27,2026-09-08T00:09:57.143609,1000,805,POST,/jobs,201,164.53109995927662
27,2026-09-08T00:09:57.143609,1000,806,GET,/jobs,200,110.9137999592349
27,2026-09-08T00:09:57.143609,1000,807,DELETE,/jobs/002,404,124.87369996961206
27,2026-09-08T00:09:57.143609,1000,808,GET,/jobs/1000,404,135.70409989915788
27,2026-09-08T00:09:57.143609,1000,809,PUT,/jobs/001,200,155.55679996032268
27,2026-09-08T00:09:57.143609,1000,810,GET,/jobs,200,112.3332999413833
27,2026-09-08T00:09:57.143609,1000,811,POST,/jobs,201,162.53319999668747
27,2026-09-08T00:09:57.143609,1000,812,DELETE,/jobs/1000,404,134.8981000483036
27,2026-09-08T00:09:57.143609,1000,813,GET,/jobs,200,111.76370002795011
27,2026-09-08T00:09:57.143609,1000,814,POST,/jobs,201,168.7752999132499
27,2026-09-08T00:09:57.143609,1000,815,GET,/jobs/002,404,126.3700999552384
27,2026-09-08T00:09:57.143609,1000,816,DELETE,/jobs/002,404,125.71559997741133
27,2026-09-08T00:09:57.143609,1000,817,DELETE,/jobs/1000,404,125.66789996344596
27,2026-09-08T00:09:57.143609,1000,818,GET,/jobs,200,110.28999998234212
27,2026-09-08T00:09:57.143609,1000,819,GET,/jobs/002,404,127.88889999501407
27,2026-09-08T00:09:57.143609,1000,820,POST,/jobs,201,167.9469000082463
27,2026-09-08T00:09:57.143609,1000,821,POST,/jobs,201,163.0081000039354
27,2026-09-08T00:09:57.143609,1000,822,GET,/jobs/001,200,182.33540002256632
27,2026-09-08T00:09:57.143609,1000,823,DELETE,/jobs/1000,404,126.8370000179857
27,2026-09-08T00:09:57.143609,1000,824,GET,/jobs,200,102.94829995837063
27,2026-09-08T00:09:57.143609,1000,825,GET,/jobs/1000,404,126.39980006497353
27,2026-09-08T00:09:57.143609,1000,826,GET,/jobs,200,109.10499992314726
27,2026-09-08T00:09:57.143609,1000,827,GET,/jobs,200,104.32110005058348
27,2026-09-08T00:09:57.143609,1000,828,DELETE,/jobs/002,404,116.62609991617501
27,2026-09-08T00:09:57.143609,1000,829,PUT,/jobs/002,404,164.08779995981604
27,2026-09-08T00:09:57.143609,1000,830,PUT,/jobs/002,404,163.27490005642176
27,2026-09-08T00:09:57.143609,1000,831,GET,/jobs/002,404,109.22209999989718
27,2026-09-08T00:09:57.143609,1000,832,POST,/jobs,201,153.51790003478527
27,2026-09-08T00:09:57.143609,1000,833,POST,/jobs,201,155.12579993810505
27,2026-09-08T00:09:57.143609,1000,834,DELETE,/jobs/002,404,109.21340005006641
27,2026-09-08T00:09:57.143609,1000,835,GET,/jobs,200,107.5327000580728
27,2026-09-08T00:09:57.143609,1000,836,GET,/jobs/001,200,178.04110003635287
27,2026-09-08T00:09:57.143609,1000,837,DELETE,/jobs/002,404,119.46720001287758
27,2026-09-08T00:09:57.143609,1000,838,GET,/jobs,200,105.51929997745901
27,2026-09-08T00:09:57.143609,1000,839,POST,/jobs,201,153.28960004262626
27,2026-09-08T00:09:57.143609,1000,840,PUT,/jobs/002,404,165.85750004742295
27,2026-09-08T00:09:57.143609,1000,841,DELETE,/jobs/1000,404,117.84349998924881
27,2026-09-08T00:09:57.143609,1000,842,PUT,/jobs/002,404,153.0172999482602
27,2026-09-08T00:09:57.143609,1000,843,GET,/jobs/1000,404,120.28539995662868
27,2026-09-08T00:09:57.143609,1000,844,GET,/jobs,200,101.25110007356852
27,2026-09-08T00:09:57.143609,1000,845,POST,/jobs,201,167.43190004490316
27,2026-09-08T00:09:57.143609,1000,846,GET,/jobs,200,105.98600003868341
27,2026-09-08T00:09:57.143609,1000,847,POST,/jobs,201,153.31129997503012
27,2026-09-08T00:09:57.143609,1000,848,DELETE,/jobs/1000,404,119.93509996682405
27,2026-09-08T00:09:57.143609,1000,849,DELETE,/jobs/1000,404,118.53979993611574
27,2026-09-08T00:09:57.143609,1000,850,GET,/jobs,200,105.07619997952133
27,2026-09-08T00:09:57.143609,1000,851,GET,/jobs/002,404,119.12629997823387
27,2026-09-08T00:09:57.143609,1000,852,DELETE,/jobs/002,404,118.27570002060384
27,2026-09-08T00:09:57.143609,1000,853,GET,/jobs,200,105.76800000853837
27,2026-09-08T00:09:57.143609,1000,854,GET,/jobs/002,404,99.40819989424199
27,2026-09-08T00:09:57.143609,1000,855,GET,/jobs/001,200,158.88939995784312
27,2026-09-08T00:09:57.143609,1000,856,POST,/jobs,201,148.1160999974236
27,2026-09-08T00:09:57.143609,1000,857,POST,/jobs,201,151.3738000066951
27,2026-09-08T00:09:57.143609,1000,858,GET,/jobs,200,93.23680005036294
27,2026-09-08T00:09:57.143609,1000,859,PUT,/jobs/1000,404,151.65990008972585
27,2026-09-08T00:09:57.143609,1000,860,PUT,/jobs/001,200,151.91730007063597
27,2026-09-08T00:09:57.143609,1000,861,GET,/jobs/002,404,95.30330006964505
27,2026-09-08T00:09:57.143609,1000,862,DELETE,/jobs/002,404,107.13840008247644
27,2026-09-08T00:09:57.143609,1000,863,DELETE,/jobs/1000,404,107.25839994847775
27,2026-09-08T00:09:57.143609,1000,864,GET,/jobs,200,102.85689996089786
27,2026-09-08T00:09:57.143609,1000,865,PUT,/jobs/1000,404,167.9519999306649
27,2026-09-08T00:09:57.143609,1000,866,GET,/jobs,200,104.71419990062714
27,2026-09-08T00:09:57.143609,1000,867,PUT,/jobs/001,200,155.12510004919022
27,2026-09-08T00:09:57.143609,1000,868,PUT,/jobs/001,200,168.26940001919866
27,2026-09-08T00:09:57.143609,1000,869,POST,/jobs,201,166.92310001235455
27,2026-09-08T00:09:57.143609,1000,870,PUT,/jobs/1000,404,167.18950006179512
27,2026-09-08T00:09:57.143609,1000,871,PUT,/jobs/1000,404,167.37119993194938
27,2026-09-08T00:09:57.143609,1000,872,PUT,/jobs/002,404,163.1839000619948
27,2026-09-08T00:09:57.143609,1000,873,GET,/jobs,200,95.14450002461672
27,2026-09-08T00:09:57.143609,1000,874,PUT,/jobs/001,200,163.48369990009815
27,2026-09-08T00:09:57.143609,1000,875,POST,/jobs,201,163.98409998510033
27,2026-09-08T00:09:57.143609,1000,876,DELETE,/jobs/1000,404,107.45760006830096
27,2026-09-08T00:09:57.143609,1000,877,POST,/jobs,201,162.79009997379035
27,2026-09-08T00:09:57.143609,1000,878,PUT,/jobs/001,200,162.50770003534853
27,2026-09-08T00:09:57.143609,1000,879,GET,/jobs/002,404,96.30819992162287
27,2026-09-08T00:09:57.143609,1000,880,DELETE,/jobs/1000,404,96.37709998060018
27,2026-09-08T00:09:57.143609,1000,881,DELETE,/jobs/002,404,104.19400001410395
27,2026-09-08T00:09:57.143609,1000,882,PUT,/jobs/002,404,149.39190004952252
27,2026-09-08T00:09:57.143609,1000,883,POST,/jobs,201,150.8721000282094
27,2026-09-08T00:09:57.143609,1000,884,POST,/jobs,201,148.99959997273982
27,2026-09-08T00:09:57.143609,1000,885,GET,/jobs/001,200,149.8705999692902
27,2026-09-08T00:09:57.143609,1000,886,DELETE,/jobs/002,404,98.74399995896965
27,2026-09-08T00:09:57.143609,1000,887,DELETE,/jobs/002,404,97.67490008380264
27,2026-09-08T00:09:57.143609,1000,888,POST,/jobs,201,149.07859999220818
27,2026-09-08T00:09:57.143609,1000,889,GET,/jobs/001,200,155.92520008794963
27,2026-09-08T00:09:57.143609,1000,890,GET,/jobs,200,107.18459996860474
27,2026-09-08T00:09:57.143609,1000,891,GET,/jobs/002,404,110.02969997934997
27,2026-09-08T00:09:57.143609,1000,892,GET,/jobs/001,200,155.60900000855327
27,2026-09-08T00:09:57.143609,1000,893,DELETE,/jobs/002,404,111.52510007377714
27,2026-09-08T00:09:57.143609,1000,894,GET,/jobs,200,107.73549997247756
27,2026-09-08T00:09:57.143609,1000,895,GET,/jobs/1000,404,110.38399999961257
27,2026-09-08T00:09:57.143609,1000,896,PUT,/jobs/002,404,155.15449992381036
27,2026-09-08T00:09:57.143609,1000,897,DELETE,/jobs/1000,404,108.5153000894934
27,2026-09-08T00:09:57.143609,1000,898,DELETE,/jobs/1000,404,108.96270000375807
27,2026-09-08T00:09:57.143609,1000,899,POST,/jobs,201,156.2239999184385
27,2026-09-08T00:09:57.143609,1000,900,PUT,/jobs/001,200,156.45639994181693
27,2026-09-08T00:09:57.143609,1000,901,PUT,/jobs/002,404,157.03580004628748
27,2026-09-08T00:09:57.143609,1000,902,POST,/jobs,201,154.39460007473826
27,2026-09-08T00:09:57.143609,1000,903,POST,/jobs,201,142.63450005091727
27,2026-09-08T00:09:57.143609,1000,904,GET,/jobs,200,105.13300006277859
27,2026-09-08T00:09:57.143609,1000,905,POST,/jobs,201,153.30329991411418
27,2026-09-08T00:09:57.143609,1000,906,GET,/jobs,200,105.54480005521327
27,2026-09-08T00:09:57.143609,1000,907,POST,/jobs,201,155.88169998954982
27,2026-09-08T00:09:57.143609,1000,908,PUT,/jobs/001,200,154.87739990931004
27,2026-09-08T00:09:57.143609,1000,909,GET,/jobs,200,90.19849996548146
27,2026-09-08T00:09:57.143609,1000,910,POST,/jobs,201,138.26389994937927
27,2026-09-08T00:09:57.143609,1000,911,POST,/jobs,201,140.44350001495332
27,2026-09-08T00:09:57.143609,1000,912,GET,/jobs,200,91.76219999790192
27,2026-09-08T00:09:57.143609,1000,913,DELETE,/jobs/1000,404,91.25049994327128
27,2026-09-08T00:09:57.143609,1000,914,PUT,/jobs/1000,404,136.79089990910143
27,2026-09-08T00:09:57.143609,1000,915,DELETE,/jobs/002,404,103.30760001670569
27,2026-09-08T00:09:57.143609,1000,916,PUT,/jobs/1000,404,141.35369996074587
27,2026-09-08T00:09:57.143609,1000,917,GET,/jobs/002,404,103.71940000914037
27,2026-09-08T00:09:57.143609,1000,918,DELETE,/jobs/1000,404,104.02410000097007
27,2026-09-08T00:09:57.143609,1000,919,DELETE,/jobs/002,404,103.34299993701279
27,2026-09-08T00:09:57.143609,1000,920,GET,/jobs,200,100.65249993931502
27,2026-09-08T00:09:57.143609,1000,921,PUT,/jobs/001,200,136.89149997662753
27,2026-09-08T00:09:57.143609,1000,922,POST,/jobs,201,136.6039999993518
27,2026-09-08T00:09:57.143609,1000,923,GET,/jobs,200,102.32529998756945
27,2026-09-08T00:09:57.143609,1000,924,DELETE,/jobs/002,404,103.50670001935214
27,2026-09-08T00:09:57.143609,1000,925,GET,/jobs,200,90.63260001130402
27,2026-09-08T00:09:57.143609,1000,926,GET,/jobs/1000,404,91.92079992499202
27,2026-09-08T00:09:57.143609,1000,927,PUT,/jobs/002,404,131.29479996860027
27,2026-09-08T00:09:57.143609,1000,928,DELETE,/jobs/002,404,91.80959989316761
27,2026-09-08T00:09:57.143609,1000,929,POST,/jobs,201,125.16399996820837
27,2026-09-08T00:09:57.143609,1000,930,POST,/jobs,201,129.24739997833967
27,2026-09-08T00:09:57.143609,1000,931,PUT,/jobs/002,404,129.99559997115284
27,2026-09-08T00:09:57.143609,1000,932,DELETE,/jobs/002,404,91.34410007391125
27,2026-09-08T00:09:57.143609,1000,933,POST,/jobs,201,130.61739993281662
27,2026-09-08T00:09:57.143609,1000,934,POST,/jobs,201,131.6579000558704
27,2026-09-08T00:09:57.143609,1000,935,DELETE,/jobs/1000,404,92.70789998117834
27,2026-09-08T00:09:57.143609,1000,936,POST,/jobs,201,123.67050000466406
27,2026-09-08T00:09:57.143609,1000,937,DELETE,/jobs/002,404,95.50239995587617
27,2026-09-08T00:09:57.143609,1000,938,POST,/jobs,201,123.66370006930083
27,2026-09-08T00:09:57.143609,1000,939,DELETE,/jobs/002,404,96.06889996211976
27,2026-09-08T00:09:57.143609,1000,940,POST,/jobs,201,131.22019998263568
27,2026-09-08T00:09:57.143609,1000,941,PUT,/jobs/001,200,124.12860000040382
27,2026-09-08T00:09:57.143609,1000,942,DELETE,/jobs/002,404,95.95340001396835
27,2026-09-08T00:09:57.143609,1000,943,POST,/jobs,201,129.52589988708496
27,2026-09-08T00:09:57.143609,1000,944,PUT,/jobs/1000,404,123.92599997110665
27,2026-09-08T00:09:57.143609,1000,945,POST,/jobs,201,125.30319998040795
27,2026-09-08T00:09:57.143609,1000,946,GET,/jobs/1000,404,95.6811000360176
27,2026-09-08T00:09:57.143609,1000,947,DELETE,/jobs/002,404,84.38709995243698
27,2026-09-08T00:09:57.143609,1000,948,PUT,/jobs/1000,404,114.73260005004704
27,2026-09-08T00:09:57.143609,1000,949,POST,/jobs,201,114.53959997743368
27,2026-09-08T00:09:57.143609,1000,950,POST,/jobs,201,111.06699996162206
27,2026-09-08T00:09:57.143609,1000,951,GET,/jobs/001,200,116.96350004058331
27,2026-09-08T00:09:57.143609,1000,952,POST,/jobs,201,118.9555999590084
27,2026-09-08T00:09:57.143609,1000,953,PUT,/jobs/001,200,110.00530002638698
27,2026-09-08T00:09:57.143609,1000,954,GET,/jobs/001,200,112.07739997189492
27,2026-09-08T00:09:57.143609,1000,955,GET,/jobs/001,200,112.8367999335751
27,2026-09-08T00:09:57.143609,1000,956,POST,/jobs,201,117.41649999748915
27,2026-09-08T00:09:57.143609,1000,957,GET,/jobs,200,76.53209997806698
27,2026-09-08T00:09:57.143609,1000,958,DELETE,/jobs/002,404,84.30320001207292
27,2026-09-08T00:09:57.143609,1000,959,POST,/jobs,201,111.88250000122935
27,2026-09-08T00:09:57.143609,1000,960,DELETE,/jobs/002,404,78.6197999259457
27,2026-09-08T00:09:57.143609,1000,961,DELETE,/jobs/1000,404,78.81650002673268
27,2026-09-08T00:09:57.143609,1000,962,GET,/jobs/001,200,113.31070004962385
27,2026-09-08T00:09:57.143609,1000,963,GET,/jobs/1000,404,78.38800002355129
27,2026-09-08T00:09:57.143609,1000,964,DELETE,/jobs/002,404,69.90240002050996
27,2026-09-08T00:09:57.143609,1000,965,PUT,/jobs/001,200,99.26859999541193
27,2026-09-08T00:09:57.143609,1000,966,PUT,/jobs/002,404,98.62479998264462
27,2026-09-08T00:09:57.143609,1000,967,GET,/jobs/002,404,69.04329999815673
27,2026-09-08T00:09:57.143609,1000,968,DELETE,/jobs/1000,404,69.29200002923608
27,2026-09-08T00:09:57.143609,1000,969,PUT,/jobs/001,200,99.98989989981055
27,2026-09-08T00:09:57.143609,1000,970,DELETE,/jobs/002,404,70.9818999748677
27,2026-09-08T00:09:57.143609,1000,971,POST,/jobs,201,97.99590008333325
27,2026-09-08T00:09:57.143609,1000,972,PUT,/jobs/001,200,91.04159998241812
27,2026-09-08T00:09:57.143609,1000,973,POST,/jobs,201,90.81849991343915
27,2026-09-08T00:09:57.143609,1000,974,DELETE,/jobs/1000,404,71.07970002107322
27,2026-09-08T00:09:57.143609,1000,975,PUT,/jobs/002,404,85.51110001280904
27,2026-09-08T00:09:57.143609,1000,976,PUT,/jobs/1000,404,86.65009995456785
27,2026-09-08T00:09:57.143609,1000,977,DELETE,/jobs/1000,404,70.76809997670352
27,2026-09-08T00:09:57.143609,1000,978,GET,/jobs/001,200,90.50069993827492
27,2026-09-08T00:09:57.143609,1000,979,DELETE,/jobs/002,404,69.91680001374334
27,2026-09-08T00:09:57.143609,1000,980,POST,/jobs,201,86.0617000143975
27,2026-09-08T00:09:57.143609,1000,981,PUT,/jobs/002,404,87.16789993923157
27,2026-09-08T00:09:57.143609,1000,982,DELETE,/jobs/002,404,70.08269999641925
27,2026-09-08T00:09:57.143609,1000,983,DELETE,/jobs/002,404,70.5110999988392
27,2026-09-08T00:09:57.143609,1000,984,POST,/jobs,201,73.75500001944602
27,2026-09-08T00:09:57.143609,1000,985,GET,/jobs/002,404,61.28630007151514
27,2026-09-08T00:09:57.143609,1000,986,PUT,/jobs/1000,404,73.4156999969855
27,2026-09-08T00:09:57.143609,1000,987,GET,/jobs/002,404,62.19869991764426
27,2026-09-08T00:09:57.143609,1000,988,GET,/jobs,200,60.663499985821545
27,2026-09-08T00:09:57.143609,1000,989,GET,/jobs/002,404,61.672600102610886
27,2026-09-08T00:09:57.143609,1000,990,POST,/jobs,201,74.1428000619635
27,2026-09-08T00:09:57.143609,1000,991,PUT,/jobs/001,200,72.10659992415458
27,2026-09-08T00:09:57.143609,1000,992,PUT,/jobs/1000,404,72.35599996056408
27,2026-09-08T00:09:57.143609,1000,993,POST,/jobs,201,73.18349997512996
27,2026-09-08T00:09:57.143609,1000,994,PUT,/jobs/001,200,73.94479995127767
27,2026-09-08T00:09:57.143609,1000,995,POST,/jobs,201,75.75489999726415
27,2026-09-08T00:09:57.143609,1000,996,GET,/jobs,200,53.96130005829036
27,2026-09-08T00:09:57.143609,1000,997,POST,/jobs,201,65.39249990601093
27,2026-09-08T00:09:57.143609,1000,998,POST,/jobs,201,64.93500003125519
27,2026-09-08T00:09:57.143609,1000,999,GET,/jobs/001,200,65.84440008737147
27,2026-09-08T00:09:57.143609,1000,1000,GET,/jobs,200,51.00430001039058
28,2026-09-08T00:09:58.917137,1000,1,GET,/jobs,200,69.60259994957596
28,2026-09-08T00:09:58.917137,1000,2,GET,/jobs,200,69.74850001279265
28,2026-09-08T00:09:58.917137,1000,3,POST,/jobs,201,153.8739000679925
28,2026-09-08T00:09:58.917137,1000,4,GET,/jobs/001,200,125.20459992811084
28,2026-09-08T00:09:58.917137,1000,5,GET,/jobs,200,75.83299989346415
28,2026-09-08T00:09:58.917137,1000,6,DELETE,/jobs/002,200,77.13640003930777
28,2026-09-08T00:09:58.917137,1000,7,DELETE,/jobs/1000,404,77.18010002281517
28,2026-09-08T00:09:58.917137,1000,8,GET,/jobs,200,78.49540002644062
28,2026-09-08T00:09:58.917137,1000,9,GET,/jobs,200,78.9181999862194
28,2026-09-08T00:09:58.917137,1000,10,GET,/jobs,200,77.69189996179193
28,2026-09-08T00:09:58.917137,1000,11,GET,/jobs/001,200,129.78730001486838
28,2026-09-08T00:09:58.917137,1000,12,DELETE,/jobs/002,404,79.2228999780491
28,2026-09-08T00:09:58.917137,1000,13,DELETE,/jobs/002,404,81.07549999840558
28,2026-09-08T00:09:58.917137,1000,14,DELETE,/jobs/1000,404,79.46429995354265
28,2026-09-08T00:09:58.917137,1000,15,GET,/jobs/002,404,81.50979992933571
28,2026-09-08T00:09:58.917137,1000,16,DELETE,/jobs/1000,404,80.51529992371798
28,2026-09-08T00:09:58.917137,1000,17,GET,/jobs,200,76.96200010832399
28,2026-09-08T00:09:58.917137,1000,18,GET,/jobs/1000,404,80.06399997975677
28,2026-09-08T00:09:58.917137,1000,19,PUT,/jobs/002,404,147.1274000359699
28,2026-09-08T00:09:58.917137,1000,20,POST,/jobs,201,147.71369996014982
28,2026-09-08T00:09:58.917137,1000,21,GET,/jobs/002,404,99.29679997731
28,2026-09-08T00:09:58.917137,1000,22,GET,/jobs,200,70.17409999389201
28,2026-09-08T00:09:58.917137,1000,23,GET,/jobs,200,93.02319993730634
28,2026-09-08T00:09:58.917137,1000,24,PUT,/jobs/001,200,145.90180001687258
28,2026-09-08T00:09:58.917137,1000,25,POST,/jobs,201,160.7742999913171
28,2026-09-08T00:09:58.917137,1000,26,POST,/jobs,201,159.26980006042868
28,2026-09-08T00:09:58.917137,1000,27,POST,/jobs,201,161.5534999873489
28,2026-09-08T00:09:58.917137,1000,28,GET,/jobs,200,71.56620000023395
28,2026-09-08T00:09:58.917137,1000,29,PUT,/jobs/1000,404,147.19119993969798
28,2026-09-08T00:09:58.917137,1000,30,GET,/jobs,200,104.18799996841699
28,2026-09-08T00:09:58.917137,1000,31,PUT,/jobs/001,200,144.5797000778839
28,2026-09-08T00:09:58.917137,1000,32,DELETE,/jobs/1000,404,96.43869998399168
28,2026-09-08T00:09:58.917137,1000,33,DELETE,/jobs/1000,404,97.67509996891022
28,2026-09-08T00:09:58.917137,1000,34,DELETE,/jobs/002,404,96.15600004326552
28,2026-09-08T00:09:58.917137,1000,35,GET,/jobs,200,82.3807999258861
28,2026-09-08T00:09:58.917137,1000,36,GET,/jobs,200,110.66779994871467
28,2026-09-08T00:09:58.917137,1000,37,GET,/jobs/002,404,97.35679998993874
28,2026-09-08T00:09:58.917137,1000,38,GET,/jobs,200,88.57150003314018
28,2026-09-08T00:09:58.917137,1000,39,GET,/jobs/001,200,181.86749995220453
28,2026-09-08T00:09:58.917137,1000,40,PUT,/jobs/002,404,149.1993999807164
28,2026-09-08T00:09:58.917137,1000,41,PUT,/jobs/1000,404,138.84529995266348
28,2026-09-08T00:09:58.917137,1000,42,POST,/jobs,201,144.1052999580279
28,2026-09-08T00:09:58.917137,1000,43,POST,/jobs,201,160.81209992989898
28,2026-09-08T00:09:58.917137,1000,44,GET,/jobs/1000,404,105.34530004952103
28,2026-09-08T00:09:58.917137,1000,45,POST,/jobs,201,162.32639993540943
28,2026-09-08T00:09:58.917137,1000,46,GET,/jobs,200,71.0516000399366
28,2026-09-08T00:09:58.917137,1000,47,DELETE,/jobs/002,404,115.5440000584349
28,2026-09-08T00:09:58.917137,1000,48,DELETE,/jobs/002,404,96.10119997523725
28,2026-09-08T00:09:58.917137,1000,49,GET,/jobs/002,404,95.87760001886636
28,2026-09-08T00:09:58.917137,1000,50,PUT,/jobs/002,404,162.46510006021708
28,2026-09-08T00:09:58.917137,1000,51,DELETE,/jobs/002,404,97.0589000498876
28,2026-09-08T00:09:58.917137,1000,52,POST,/jobs,201,146.8929999973625
28,2026-09-08T00:09:58.917137,1000,53,GET,/jobs,200,83.13270006328821
28,2026-09-08T00:09:58.917137,1000,54,GET,/jobs/001,200,182.25519999396056
28,2026-09-08T00:09:58.917137,1000,55,POST,/jobs,201,159.28500005975366
28,2026-09-08T00:09:58.917137,1000,56,POST,/jobs,201,163.69910002686083
28,2026-09-08T00:09:58.917137,1000,57,GET,/jobs/1000,404,98.90109999105334
28,2026-09-08T00:09:58.917137,1000,58,POST,/jobs,201,161.25130001455545
28,2026-09-08T00:09:58.917137,1000,59,PUT,/jobs/002,404,145.2531999675557
28,2026-09-08T00:09:58.917137,1000,60,PUT,/jobs/001,200,139.80350003112108
28,2026-09-08T00:09:58.917137,1000,61,POST,/jobs,201,152.28009992279112
28,2026-09-08T00:09:58.917137,1000,62,GET,/jobs/1000,404,114.5443000132218
28,2026-09-08T00:09:58.917137,1000,63,DELETE,/jobs/1000,404,100.4721000790596
28,2026-09-08T00:09:58.917137,1000,64,DELETE,/jobs/1000,404,110.5310000712052
28,2026-09-08T00:09:58.917137,1000,65,DELETE,/jobs/1000,404,123.71029995847493
28,2026-09-08T00:09:58.917137,1000,66,POST,/jobs,201,160.31629999633878
28,2026-09-08T00:09:58.917137,1000,67,GET,/jobs/1000,404,101.19939991272986
28,2026-09-08T00:09:58.917137,1000,68,PUT,/jobs/001,200,151.70020004734397
28,2026-09-08T00:09:58.917137,1000,69,GET,/jobs,200,87.88609993644059
28,2026-09-08T00:09:58.917137,1000,70,GET,/jobs,200,73.32999992650002
28,2026-09-08T00:09:58.917137,1000,71,GET,/jobs/1000,404,113.20799996610731
28,2026-09-08T00:09:58.917137,1000,72,GET,/jobs/1000,404,123.18380002398044
28,2026-09-08T00:09:58.917137,1000,73,PUT,/jobs/1000,404,160.56600003503263
28,2026-09-08T00:09:58.917137,1000,74,GET,/jobs,200,72.02730001881719
28,2026-09-08T00:09:58.917137,1000,75,PUT,/jobs/002,404,162.06929995678365
28,2026-09-08T00:09:58.917137,1000,76,DELETE,/jobs/1000,404,115.92859996017069
28,2026-09-08T00:09:58.917137,1000,77,DELETE,/jobs/1000,404,114.21320005320013
28,2026-09-08T00:09:58.917137,1000,78,DELETE,/jobs/002,404,98.16850000061095
28,2026-09-08T00:09:58.917137,1000,79,GET,/jobs,200,98.43789995647967
28,2026-09-08T00:09:58.917137,1000,80,DELETE,/jobs/1000,404,98.60509994905442
28,2026-09-08T00:09:58.917137,1000,81,POST,/jobs,201,162.13820001576096
28,2026-09-08T00:09:58.917137,1000,82,POST,/jobs,201,144.35190008953214
28,2026-09-08T00:09:58.917137,1000,83,GET,/jobs/002,404,109.21030002646148
28,2026-09-08T00:09:58.917137,1000,84,GET,/jobs,200,109.4882000470534
28,2026-09-08T00:09:58.917137,1000,85,POST,/jobs,201,145.0102999806404
28,2026-09-08T00:09:58.917137,1000,86,GET,/jobs/1000,404,114.37920003663749
28,2026-09-08T00:09:58.917137,1000,87,GET,/jobs,200,81.02809998672456
28,2026-09-08T00:09:58.917137,1000,88,POST,/jobs,201,161.94040002301335
28,2026-09-08T00:09:58.917137,1000,89,DELETE,/jobs/002,404,116.37960001826286
28,2026-09-08T00:09:58.917137,1000,90,GET,/jobs/002,404,115.1518999831751
28,2026-09-08T00:09:58.917137,1000,91,GET,/jobs/1000,404,105.84660002496094
28,2026-09-08T00:09:58.917137,1000,92,DELETE,/jobs/002,404,107.99020004924387
28,2026-09-08T00:09:58.917137,1000,93,DELETE,/jobs/1000,404,113.16919990349561
28,2026-09-08T00:09:58.917137,1000,94,PUT,/jobs/001,200,159.87679990939796
28,2026-09-08T00:09:58.917137,1000,95,GET,/jobs,200,70.43720001820475
28,2026-09-08T00:09:58.917137,1000,96,POST,/jobs,201,138.67919996846467
28,2026-09-08T00:09:58.917137,1000,97,POST,/jobs,201,129.02230001054704
28,2026-09-08T00:09:58.917137,1000,98,GET,/jobs,200,80.45450004283339
28,2026-09-08T00:09:58.917137,1000,99,GET,/jobs/1000,404,92.20049995929003
28,2026-09-08T00:09:58.917137,1000,100,GET,/jobs,200,80.9476999565959
28,2026-09-08T00:09:58.917137,1000,101,GET,/jobs,200,101.14889999385923
28,2026-09-08T00:09:58.917137,1000,102,PUT,/jobs/001,200,119.69720001798123
28,2026-09-08T00:09:58.917137,1000,103,DELETE,/jobs/002,404,111.06709996238351
28,2026-09-08T00:09:58.917137,1000,104,GET,/jobs/1000,404,111.46599997300655
28,2026-09-08T00:09:58.917137,1000,105,PUT,/jobs/1000,404,114.89659990184009
28,2026-09-08T00:09:58.917137,1000,106,GET,/jobs/002,404,107.6697000535205
28,2026-09-08T00:09:58.917137,1000,107,DELETE,/jobs/1000,404,106.95659997873008
28,2026-09-08T00:09:58.917137,1000,108,GET,/jobs/1000,404,107.54709993489087
28,2026-09-08T00:09:58.917137,1000,109,GET,/jobs/1000,404,108.58679993543774
28,2026-09-08T00:09:58.917137,1000,110,POST,/jobs,201,116.86519999057055
28,2026-09-08T00:09:58.917137,1000,111,POST,/jobs,201,117.9310999577865
28,2026-09-08T00:09:58.917137,1000,112,DELETE,/jobs/1000,404,99.37299997545779
28,2026-09-08T00:09:58.917137,1000,113,GET,/jobs,200,97.9698000010103
28,2026-09-08T00:09:58.917137,1000,114,GET,/jobs/001,200,145.57970000896603
28,2026-09-08T00:09:58.917137,1000,115,GET,/jobs,200,97.09779999684542
28,2026-09-08T00:09:58.917137,1000,116,POST,/jobs,201,112.07319993991405
28,2026-09-08T00:09:58.917137,1000,117,DELETE,/jobs/002,404,96.99009999167174
28,2026-09-08T00:09:58.917137,1000,118,DELETE,/jobs/002,404,94.1203999100253
28,2026-09-08T00:09:58.917137,1000,119,GET,/jobs,200,95.64049995969981
28,2026-09-08T00:09:58.917137,1000,120,GET,/jobs,200,93.68590009398758
28,2026-09-08T00:09:58.917137,1000,121,GET,/jobs,200,95.45480005908757
28,2026-09-08T00:09:58.917137,1000,122,GET,/jobs/001,200,138.5351000353694
28,2026-09-08T00:09:58.917137,1000,123,GET,/jobs,200,93.00390002317727
28,2026-09-08T00:09:58.917137,1000,124,POST,/jobs,201,121.89200008288026
28,2026-09-08T00:09:58.917137,1000,125,DELETE,/jobs/002,404,94.70819996204227
28,2026-09-08T00:09:58.917137,1000,126,POST,/jobs,201,126.36170000769198
28,2026-09-08T00:09:58.917137,1000,127,PUT,/jobs/001,200,126.68540002778172
28,2026-09-08T00:09:58.917137,1000,128,DELETE,/jobs/002,404,86.83499996550381
28,2026-09-08T00:09:58.917137,1000,129,DELETE,/jobs/1000,404,82.19159999862313
28,2026-09-08T00:09:58.917137,1000,130,GET,/jobs/002,404,82.71190000232309
28,2026-09-08T00:09:58.917137,1000,131,PUT,/jobs/001,200,123.18650004453957
28,2026-09-08T00:09:58.917137,1000,132,GET,/jobs,200,77.24399992730469
28,2026-09-08T00:09:58.917137,1000,133,GET,/jobs,200,77.15269993059337
28,2026-09-08T00:09:58.917137,1000,134,PUT,/jobs/002,404,126.11479999031872
28,2026-09-08T00:09:58.917137,1000,135,PUT,/jobs/002,404,122.93610000051558
28,2026-09-08T00:09:58.917137,1000,136,PUT,/jobs/1000,404,123.74029995407909
28,2026-09-08T00:09:58.917137,1000,137,GET,/jobs,200,79.11900000181049
28,2026-09-08T00:09:58.917137,1000,138,GET,/jobs,200,85.77979996334761
28,2026-09-08T00:09:58.917137,1000,139,GET,/jobs,200,79.76029999554157
28,2026-09-08T00:09:58.917137,1000,140,PUT,/jobs/1000,404,126.09529995825142
28,2026-09-08T00:09:58.917137,1000,141,POST,/jobs,201,126.28019996918738
28,2026-09-08T00:09:58.917137,1000,142,GET,/jobs,200,74.6323000639677
28,2026-09-08T00:09:58.917137,1000,143,GET,/jobs/001,200,126.94560003001243
28,2026-09-08T00:09:58.917137,1000,144,GET,/jobs/1000,404,75.31860005110502
28,2026-09-08T00:09:58.917137,1000,145,PUT,/jobs/001,200,133.70410003699362
28,2026-09-08T00:09:58.917137,1000,146,PUT,/jobs/001,200,136.6442000726238
28,2026-09-08T00:09:58.917137,1000,147,POST,/jobs,201,133.83239996619523
28,2026-09-08T00:09:58.917137,1000,148,GET,/jobs/001,200,128.20349994581193
28,2026-09-08T00:09:58.917137,1000,149,PUT,/jobs/1000,404,134.15479997638613
28,2026-09-08T00:09:58.917137,1000,150,GET,/jobs,200,88.94359995611012
28,2026-09-08T00:09:58.917137,1000,151,GET,/jobs,200,89.13740003481507
28,2026-09-08T00:09:58.917137,1000,152,DELETE,/jobs/002,404,86.87819994520396
28,2026-09-08T00:09:58.917137,1000,153,GET,/jobs,200,88.76330009661615
28,2026-09-08T00:09:58.917137,1000,154,GET,/jobs/001,200,132.28689995594323
28,2026-09-08T00:09:58.917137,1000,155,PUT,/jobs/002,404,133.90120002441108
28,2026-09-08T00:09:58.917137,1000,156,PUT,/jobs/001,200,134.10770008340478
28,2026-09-08T00:09:58.917137,1000,157,PUT,/jobs/001,200,134.85639996360987
28,2026-09-08T00:09:58.917137,1000,158,GET,/jobs/002,404,83.50259996950626
28,2026-09-08T00:09:58.917137,1000,159,GET,/jobs,200,82.64250005595386
28,2026-09-08T00:09:58.917137,1000,160,PUT,/jobs/002,404,132.941999938339
28,2026-09-08T00:09:58.917137,1000,161,PUT,/jobs/002,404,134.42839996423572
28,2026-09-08T00:09:58.917137,1000,162,PUT,/jobs/1000,404,124.05819993000478
28,2026-09-08T00:09:58.917137,1000,163,DELETE,/jobs/1000,404,90.3634000569582
28,2026-09-08T00:09:58.917137,1000,164,GET,/jobs/001,200,132.16550007928163
28,2026-09-08T00:09:58.917137,1000,165,POST,/jobs,201,119.6518000215292
28,2026-09-08T00:09:58.917137,1000,166,GET,/jobs,200,80.60280000790954
28,2026-09-08T00:09:58.917137,1000,167,DELETE,/jobs/002,404,90.77510004863143
28,2026-09-08T00:09:58.917137,1000,168,POST,/jobs,201,132.76850001420826
28,2026-09-08T00:09:58.917137,1000,169,GET,/jobs,200,89.70619994215667
28,2026-09-08T00:09:58.917137,1000,170,DELETE,/jobs/1000,404,90.08519991766661
28,2026-09-08T00:09:58.917137,1000,171,DELETE,/jobs/002,404,80.98430000245571
28,2026-09-08T00:09:58.917137,1000,172,GET,/jobs,200,77.52119994256645
28,2026-09-08T00:09:58.917137,1000,173,DELETE,/jobs/002,404,76.67470001615584
28,2026-09-08T00:09:58.917137,1000,174,GET,/jobs/001,200,129.6281999675557
28,2026-09-08T00:09:58.917137,1000,175,DELETE,/jobs/002,404,80.47620009165257
28,2026-09-08T00:09:58.917137,1000,176,GET,/jobs/002,404,83.24209996499121
28,2026-09-08T00:09:58.917137,1000,177,GET,/jobs,200,77.26260006893426
28,2026-09-08T00:09:58.917137,1000,178,DELETE,/jobs/002,404,82.58769998792559
28,2026-09-08T00:09:58.917137,1000,179,DELETE,/jobs/002,404,82.47669995762408
28,2026-09-08T00:09:58.917137,1000,180,DELETE,/jobs/002,404,82.63449999503791
28,2026-09-08T00:09:58.917137,1000,181,PUT,/jobs/1000,404,125.73209998663515
28,2026-09-08T00:09:58.917137,1000,182,DELETE,/jobs/1000,404,86.32119989488274
28,2026-09-08T00:09:58.917137,1000,183,POST,/jobs,201,126.85420003253967
28,2026-09-08T00:09:58.917137,1000,184,POST,/jobs,201,140.12360002379864
28,2026-09-08T00:09:58.917137,1000,185,POST,/jobs,201,140.34050004556775
28,2026-09-08T00:09:58.917137,1000,186,GET,/jobs/1000,404,85.9442000510171
28,2026-09-08T00:09:58.917137,1000,187,POST,/jobs,201,140.40009991731495
28,2026-09-08T00:09:58.917137,1000,188,POST,/jobs,201,126.77159998565912
28,2026-09-08T00:09:58.917137,1000,189,GET,/jobs,200,75.33469994086772
28,2026-09-08T00:09:58.917137,1000,190,GET,/jobs,200,82.28900004178286
28,2026-09-08T00:09:58.917137,1000,191,PUT,/jobs/1000,404,127.95470003038645
28,2026-09-08T00:09:58.917137,1000,192,DELETE,/jobs/002,404,86.84810006525367
28,2026-09-08T00:09:58.917137,1000,193,GET,/jobs,200,82.6179999858141
28,2026-09-08T00:09:58.917137,1000,194,DELETE,/jobs/002,404,87.0351999765262
28,2026-09-08T00:09:58.917137,1000,195,DELETE,/jobs/1000,404,86.45479998085648
28,2026-09-08T00:09:58.917137,1000,196,GET,/jobs/002,404,86.22560009825975
28,2026-09-08T00:09:58.917137,1000,197,GET,/jobs,200,80.63069998752326
28,2026-09-08T00:09:58.917137,1000,198,GET,/jobs/002,404,85.89019998908043
28,2026-09-08T00:09:58.917137,1000,199,POST,/jobs,201,137.90440000593662
28,2026-09-08T00:09:58.917137,1000,200,PUT,/jobs/1000,404,125.20799995400012
28,2026-09-08T00:09:58.917137,1000,201,POST,/jobs,201,137.79169996269047
28,2026-09-08T00:09:58.917137,1000,202,DELETE,/jobs/002,404,85.26399999391288
28,2026-09-08T00:09:58.917137,1000,203,DELETE,/jobs/1000,404,86.51079994160682
28,2026-09-08T00:09:58.917137,1000,204,GET,/jobs,200,83.8833999587223
28,2026-09-08T00:09:58.917137,1000,205,GET,/jobs/002,404,85.6923001119867
28,2026-09-08T00:09:58.917137,1000,206,GET,/jobs,200,81.27629989758134
28,2026-09-08T00:09:58.917137,1000,207,GET,/jobs,200,84.05479998327792
28,2026-09-08T00:09:58.917137,1000,208,DELETE,/jobs/002,404,85.62190004158765
28,2026-09-08T00:09:58.917137,1000,209,POST,/jobs,201,137.55059998948127
28,2026-09-08T00:09:58.917137,1000,210,DELETE,/jobs/002,404,85.42100002523512
28,2026-09-08T00:09:58.917137,1000,211,POST,/jobs,201,142.49070000369102
28,2026-09-08T00:09:58.917137,1000,212,POST,/jobs,201,130.53040008526295
28,2026-09-08T00:09:58.917137,1000,213,PUT,/jobs/002,404,142.95050001237541
28,2026-09-08T00:09:58.917137,1000,214,GET,/jobs,200,76.94430008996278
28,2026-09-08T00:09:58.917137,1000,215,GET,/jobs,200,76.46740006748587
28,2026-09-08T00:09:58.917137,1000,216,PUT,/jobs/002,404,130.55729994084686
28,2026-09-08T00:09:58.917137,1000,217,GET,/jobs,200,77.92389998212457
28,2026-09-08T00:09:58.917137,1000,218,GET,/jobs,200,80.74729994405061
28,2026-09-08T00:09:58.917137,1000,219,POST,/jobs,201,143.27499992214143
28,2026-09-08T00:09:58.917137,1000,220,GET,/jobs/1000,404,86.96760004386306
28,2026-09-08T00:09:58.917137,1000,221,POST,/jobs,201,134.25160001497716
28,2026-09-08T00:09:58.917137,1000,222,PUT,/jobs/1000,404,135.3055000072345
28,2026-09-08T00:09:58.917137,1000,223,PUT,/jobs/1000,404,134.48909996077418
28,2026-09-08T00:09:58.917137,1000,224,GET,/jobs,200,77.5102999759838
28,2026-09-08T00:09:58.917137,1000,225,GET,/jobs,200,86.58289990853518
28,2026-09-08T00:09:58.917137,1000,226,GET,/jobs,200,85.98719991277903
28,2026-09-08T00:09:58.917137,1000,227,GET,/jobs/1000,404,78.57719995081425
28,2026-09-08T00:09:58.917137,1000,228,GET,/jobs,200,76.46070001646876
28,2026-09-08T00:09:58.917137,1000,229,POST,/jobs,201,133.80660000257194
28,2026-09-08T00:09:58.917137,1000,230,DELETE,/jobs/002,404,87.44849998038262
28,2026-09-08T00:09:58.917137,1000,231,PUT,/jobs/001,200,134.881200036034
28,2026-09-08T00:09:58.917137,1000,232,GET,/jobs,200,86.16840001195669
28,2026-09-08T00:09:58.917137,1000,233,POST,/jobs,201,143.10330001171678
28,2026-09-08T00:09:58.917137,1000,234,GET,/jobs,200,81.34559995960444
28,2026-09-08T00:09:58.917137,1000,235,POST,/jobs,201,158.81239995360374
28,2026-09-08T00:09:58.917137,1000,236,GET,/jobs/1000,404,103.99390000384301
28,2026-09-08T00:09:58.917137,1000,237,GET,/jobs,200,103.45910000614822
28,2026-09-08T00:09:58.917137,1000,238,POST,/jobs,201,157.68479998223484
28,2026-09-08T00:09:58.917137,1000,239,DELETE,/jobs/1000,404,104.1975999251008
28,2026-09-08T00:09:58.917137,1000,240,DELETE,/jobs/002,404,104.19590002857149
28,2026-09-08T00:09:58.917137,1000,241,GET,/jobs/001,200,177.10369999986142
28,2026-09-08T00:09:58.917137,1000,242,GET,/jobs/002,404,104.40269997343421
28,2026-09-08T00:09:58.917137,1000,243,GET,/jobs,200,99.99719995539635
28,2026-09-08T00:09:58.917137,1000,244,GET,/jobs/1000,404,102.69660002086312
28,2026-09-08T00:09:58.917137,1000,245,POST,/jobs,201,158.81930000614375
28,2026-09-08T00:09:58.917137,1000,246,PUT,/jobs/1000,404,174.92229992058128
28,2026-09-08T00:09:58.917137,1000,247,GET,/jobs/002,404,103.78330003004521
28,2026-09-08T00:09:58.917137,1000,248,GET,/jobs/1000,404,103.47740002907813
28,2026-09-08T00:09:58.917137,1000,249,GET,/jobs,200,95.06369999144226
28,2026-09-08T00:09:58.917137,1000,250,PUT,/jobs/001,200,164.63890008162707
28,2026-09-08T00:09:58.917137,1000,251,PUT,/jobs/001,200,165.0260000023991
28,2026-09-08T00:09:58.917137,1000,252,GET,/jobs/002,404,98.59950002282858
28,2026-09-08T00:09:58.917137,1000,253,POST,/jobs,201,164.38289999496192
28,2026-09-08T00:09:58.917137,1000,254,GET,/jobs/001,200,177.59650002699345
28,2026-09-08T00:09:58.917137,1000,255,GET,/jobs,200,95.14250000938773
28,2026-09-08T00:09:58.917137,1000,256,GET,/jobs/002,404,97.7095999987796
28,2026-09-08T00:09:58.917137,1000,257,POST,/jobs,201,165.40689999237657
28,2026-09-08T00:09:58.917137,1000,258,GET,/jobs,200,92.84920000936836
28,2026-09-08T00:09:58.917137,1000,259,POST,/jobs,201,171.11729993484914
28,2026-09-08T00:09:58.917137,1000,260,DELETE,/jobs/1000,404,99.74229999352247
28,2026-09-08T00:09:58.917137,1000,261,DELETE,/jobs/1000,404,100.73020006529987
28,2026-09-08T00:09:58.917137,1000,262,GET,/jobs,200,96.4606999186799
28,2026-09-08T00:09:58.917137,1000,263,GET,/jobs,200,97.74999995715916
28,2026-09-08T00:09:58.917137,1000,264,POST,/jobs,201,170.0306999264285
28,2026-09-08T00:09:58.917137,1000,265,DELETE,/jobs/1000,404,109.60309999063611
28,2026-09-08T00:09:58.917137,1000,266,GET,/jobs,200,113.16830001305789
28,2026-09-08T00:09:58.917137,1000,267,GET,/jobs,200,111.2355999648571
28,2026-09-08T00:09:58.917137,1000,268,DELETE,/jobs/1000,404,113.77059994265437
28,2026-09-08T00:09:58.917137,1000,269,POST,/jobs,201,169.52590004075319
28,2026-09-08T00:09:58.917137,1000,270,POST,/jobs,201,169.15309999603778
28,2026-09-08T00:09:58.917137,1000,271,DELETE,/jobs/002,404,118.09310002718121
28,2026-09-08T00:09:58.917137,1000,272,PUT,/jobs/1000,404,172.30630002450198
28,2026-09-08T00:09:58.917137,1000,273,GET,/jobs/002,404,126.98959989938885
28,2026-09-08T00:09:58.917137,1000,274,GET,/jobs,200,121.5813000453636
28,2026-09-08T00:09:58.917137,1000,275,PUT,/jobs/001,200,174.41640002653003
28,2026-09-08T00:09:58.917137,1000,276,DELETE,/jobs/002,404,127.06580001395196
28,2026-09-08T00:09:58.917137,1000,277,POST,/jobs,201,175.55159993935376
28,2026-09-08T00:09:58.917137,1000,278,GET,/jobs,200,125.04000007174909
28,2026-09-08T00:09:58.917137,1000,279,POST,/jobs,201,172.01650002971292
28,2026-09-08T00:09:58.917137,1000,280,POST,/jobs,201,173.7351999618113
28,2026-09-08T00:09:58.917137,1000,281,GET,/jobs,200,124.76069992408156
28,2026-09-08T00:09:58.917137,1000,282,POST,/jobs,201,172.10099997464567
28,2026-09-08T00:09:58.917137,1000,283,POST,/jobs,201,173.47769998013973
28,2026-09-08T00:09:58.917137,1000,284,PUT,/jobs/002,404,174.4990999577567
28,2026-09-08T00:09:58.917137,1000,285,PUT,/jobs/1000,404,173.97770006209612
28,2026-09-08T00:09:58.917137,1000,286,POST,/jobs,201,160.68989993073046
28,2026-09-08T00:09:58.917137,1000,287,GET,/jobs/001,200,171.25220003072172
28,2026-09-08T00:09:58.917137,1000,288,PUT,/jobs/1000,404,170.72219995316118
28,2026-09-08T00:09:58.917137,1000,289,PUT,/jobs/1000,404,168.90589997638017
28,2026-09-08T00:09:58.917137,1000,290,GET,/jobs/1000,404,125.0929000088945
28,2026-09-08T00:09:58.917137,1000,291,DELETE,/jobs/1000,404,122.27089994121343
28,2026-09-08T00:09:58.917137,1000,292,PUT,/jobs/1000,404,170.63619999680668
28,2026-09-08T00:09:58.917137,1000,293,GET,/jobs,200,113.66419994737953
28,2026-09-08T00:09:58.917137,1000,294,POST,/jobs,201,173.6949000041932
28,2026-09-08T00:09:58.917137,1000,295,GET,/jobs/002,404,124.12519997451454
28,2026-09-08T00:09:58.917137,1000,296,DELETE,/jobs/1000,404,123.39530000463128
28,2026-09-08T00:09:58.917137,1000,297,PUT,/jobs/002,404,170.91749992687255
28,2026-09-08T00:09:58.917137,1000,298,PUT,/jobs/1000,404,169.88489998038858
28,2026-09-08T00:09:58.917137,1000,299,GET,/jobs/1000,404,126.17060006596148
28,2026-09-08T00:09:58.917137,1000,300,PUT,/jobs/1000,404,170.0625999365002
28,2026-09-08T00:09:58.917137,1000,301,GET,/jobs/1000,404,124.48500003665686
28,2026-09-08T00:09:58.917137,1000,302,GET,/jobs,200,110.35069997888058
28,2026-09-08T00:09:58.917137,1000,303,POST,/jobs,201,155.08340008091182
28,2026-09-08T00:09:58.917137,1000,304,DELETE,/jobs/1000,404,116.966100060381
28,2026-09-08T00:09:58.917137,1000,305,GET,/jobs,200,110.8276000013575
28,2026-09-08T00:09:58.917137,1000,306,GET,/jobs/1000,404,112.05870006233454
28,2026-09-08T00:09:58.917137,1000,307,POST,/jobs,201,162.10950003005564
28,2026-09-08T00:09:58.917137,1000,308,GET,/jobs/001,200,171.60020000301301
28,2026-09-08T00:09:58.917137,1000,309,GET,/jobs,200,117.80809995252639
28,2026-09-08T00:09:58.917137,1000,310,GET,/jobs,200,115.26009999215603
28,2026-09-08T00:09:58.917137,1000,311,GET,/jobs/002,404,118.27119998633862
28,2026-09-08T00:09:58.917137,1000,312,DELETE,/jobs/002,404,111.07850004918873
28,2026-09-08T00:09:58.917137,1000,313,PUT,/jobs/002,404,161.18259995710105
28,2026-09-08T00:09:58.917137,1000,314,DELETE,/jobs/002,404,107.79059992637485
28,2026-09-08T00:09:58.917137,1000,315,PUT,/jobs/002,404,160.35320004448295
28,2026-09-08T00:09:58.917137,1000,316,PUT,/jobs/001,200,159.46110000368208
28,2026-09-08T00:09:58.917137,1000,317,GET,/jobs/1000,404,107.61750000528991
28,2026-09-08T00:09:58.917137,1000,318,GET,/jobs,200,104.34359998907894
28,2026-09-08T00:09:58.917137,1000,319,GET,/jobs,200,105.0074000377208
28,2026-09-08T00:09:58.917137,1000,320,PUT,/jobs/001,200,151.81830001529306
28,2026-09-08T00:09:58.917137,1000,321,GET,/jobs/1000,404,103.3722999272868
28,2026-09-08T00:09:58.917137,1000,322,DELETE,/jobs/1000,404,103.55850006453693
28,2026-09-08T00:09:58.917137,1000,323,GET,/jobs,200,99.72910000942647
28,2026-09-08T00:09:58.917137,1000,324,DELETE,/jobs/002,404,103.48290007095784
28,2026-09-08T00:09:58.917137,1000,325,GET,/jobs,200,99.2782999528572
28,2026-09-08T00:09:58.917137,1000,326,PUT,/jobs/001,200,154.83400004450232
28,2026-09-08T00:09:58.917137,1000,327,PUT,/jobs/1000,404,155.04510002210736
28,2026-09-08T00:09:58.917137,1000,328,DELETE,/jobs/1000,404,103.42449997551739
28,2026-09-08T00:09:58.917137,1000,329,PUT,/jobs/1000,404,154.04480008874089
28,2026-09-08T00:09:58.917137,1000,330,DELETE,/jobs/1000,404,91.41670004464686
28,2026-09-08T00:09:58.917137,1000,331,DELETE,/jobs/1000,404,102.86709992215037
28,2026-09-08T00:09:58.917137,1000,332,GET,/jobs/1000,404,103.67750003933907
28,2026-09-08T00:09:58.917137,1000,333,PUT,/jobs/002,404,141.05029997881502
28,2026-09-08T00:09:58.917137,1000,334,POST,/jobs,201,153.60189997591078
28,2026-09-08T00:09:58.917137,1000,335,GET,/jobs/1000,404,101.79759992752224
28,2026-09-08T00:09:58.917137,1000,336,POST,/jobs,201,138.5907999938354
28,2026-09-08T00:09:58.917137,1000,337,DELETE,/jobs/1000,404,93.91930000856519
28,2026-09-08T00:09:58.917137,1000,338,GET,/jobs/002,404,94.98589998111129
28,2026-09-08T00:09:58.917137,1000,339,PUT,/jobs/001,200,137.59159995242953
28,2026-09-08T00:09:58.917137,1000,340,POST,/jobs,201,147.41939993109554
28,2026-09-08T00:09:58.917137,1000,341,POST,/jobs,201,148.19149998947978
28,2026-09-08T00:09:58.917137,1000,342,POST,/jobs,201,136.40800002031028
28,2026-09-08T00:09:58.917137,1000,343,GET,/jobs,200,94.16119998786598
28,2026-09-08T00:09:58.917137,1000,344,GET,/jobs/001,200,148.12390005681664
28,2026-09-08T00:09:58.917137,1000,345,GET,/jobs/002,404,95.18800000660121
28,2026-09-08T00:09:58.917137,1000,346,GET,/jobs/1000,404,87.89510000497103
28,2026-09-08T00:09:58.917137,1000,347,GET,/jobs/001,200,146.6315999859944
28,2026-09-08T00:09:58.917137,1000,348,PUT,/jobs/002,404,149.54200002830476
28,2026-09-08T00:09:58.917137,1000,349,POST,/jobs,201,138.0773999262601
28,2026-09-08T00:09:58.917137,1000,350,PUT,/jobs/002,404,139.3518999684602
28,2026-09-08T00:09:58.917137,1000,351,GET,/jobs,200,91.48930001538247
28,2026-09-08T00:09:58.917137,1000,352,GET,/jobs/002,404,84.0769000351429
28,2026-09-08T00:09:58.917137,1000,353,PUT,/jobs/1000,404,136.13920006901026
28,2026-09-08T00:09:58.917137,1000,354,GET,/jobs,200,79.149299999699
28,2026-09-08T00:09:58.917137,1000,355,DELETE,/jobs/1000,404,78.42839998193085
28,2026-09-08T00:09:58.917137,1000,356,PUT,/jobs/001,200,147.98180002253503
28,2026-09-08T00:09:58.917137,1000,357,POST,/jobs,201,136.8633999954909
28,2026-09-08T00:09:58.917137,1000,358,PUT,/jobs/002,404,137.66910007689148
28,2026-09-08T00:09:58.917137,1000,359,DELETE,/jobs/002,404,97.12249995209277
28,2026-09-08T00:09:58.917137,1000,360,PUT,/jobs/001,200,143.56649992987514
28,2026-09-08T00:09:58.917137,1000,361,POST,/jobs,201,150.58130002580583
28,2026-09-08T00:09:58.917137,1000,362,PUT,/jobs/001,200,153.70939997956157
28,2026-09-08T00:09:58.917137,1000,363,PUT,/jobs/002,404,150.43839998543262
28,2026-09-08T00:09:58.917137,1000,364,PUT,/jobs/1000,404,153.43649999704212
28,2026-09-08T00:09:58.917137,1000,365,GET,/jobs/002,404,102.57549991365522
28,2026-09-08T00:09:58.917137,1000,366,GET,/jobs/1000,404,101.14969999995083
28,2026-09-08T00:09:58.917137,1000,367,DELETE,/jobs/002,404,102.40079998038709
28,2026-09-08T00:09:58.917137,1000,368,PUT,/jobs/1000,404,153.95619999617338
28,2026-09-08T00:09:58.917137,1000,369,DELETE,/jobs/002,404,101.3332000002265
28,2026-09-08T00:09:58.917137,1000,370,GET,/jobs,200,98.57150004245341
28,2026-09-08T00:09:58.917137,1000,371,PUT,/jobs/001,200,150.900200009346
28,2026-09-08T00:09:58.917137,1000,372,PUT,/jobs/001,200,138.79250001627952
28,2026-09-08T00:09:58.917137,1000,373,GET,/jobs,200,89.01210001204163
28,2026-09-08T00:09:58.917137,1000,374,POST,/jobs,201,145.9825000492856
28,2026-09-08T00:09:58.917137,1000,375,POST,/jobs,201,145.79680003225803
28,2026-09-08T00:09:58.917137,1000,376,PUT,/jobs/002,404,145.00730007421225
28,2026-09-08T00:09:58.917137,1000,377,POST,/jobs,201,145.45940002426505
28,2026-09-08T00:09:58.917137,1000,378,PUT,/jobs/002,404,146.54570003040135
28,2026-09-08T00:09:58.917137,1000,379,PUT,/jobs/002,404,147.30569999665022
28,2026-09-08T00:09:58.917137,1000,380,GET,/jobs,200,96.03430004790425
28,2026-09-08T00:09:58.917137,1000,381,PUT,/jobs/001,200,144.95830005034804
28,2026-09-08T00:09:58.917137,1000,382,DELETE,/jobs/002,404,102.8862000675872
28,2026-09-08T00:09:58.917137,1000,383,POST,/jobs,201,150.97249997779727
28,2026-09-08T00:09:58.917137,1000,384,GET,/jobs,200,92.87689998745918
28,2026-09-08T00:09:58.917137,1000,385,GET,/jobs,200,97.23479999229312
28,2026-09-08T00:09:58.917137,1000,386,GET,/jobs,200,98.86649996042252
28,2026-09-08T00:09:58.917137,1000,387,GET,/jobs/001,200,153.16910005640239
28,2026-09-08T00:09:58.917137,1000,388,GET,/jobs,200,96.845299936831
28,2026-09-08T00:09:58.917137,1000,389,DELETE,/jobs/002,404,91.10769990365952
28,2026-09-08T00:09:58.917137,1000,390,GET,/jobs/001,200,143.94790004007518
28,2026-09-08T00:09:58.917137,1000,391,PUT,/jobs/1000,404,137.69460003823042
28,2026-09-08T00:09:58.917137,1000,392,GET,/jobs,200,89.10109999123961
28,2026-09-08T00:09:58.917137,1000,393,DELETE,/jobs/002,404,99.6559999184683
28,2026-09-08T00:09:58.917137,1000,394,PUT,/jobs/1000,404,141.62060001399368
28,2026-09-08T00:09:58.917137,1000,395,POST,/jobs,201,138.97349999751896
28,2026-09-08T00:09:58.917137,1000,396,POST,/jobs,201,139.56559996586293
28,2026-09-08T00:09:58.917137,1000,397,DELETE,/jobs/002,404,100.06690002046525
28,2026-09-08T00:09:58.917137,1000,398,GET,/jobs/002,404,100.23260000161827
28,2026-09-08T00:09:58.917137,1000,399,GET,/jobs,200,97.8637000080198
28,2026-09-08T00:09:58.917137,1000,400,DELETE,/jobs/002,404,100.79080006107688
28,2026-09-08T00:09:58.917137,1000,401,POST,/jobs,201,142.94769999105483
28,2026-09-08T00:09:58.917137,1000,402,PUT,/jobs/002,404,148.5094999661669
28,2026-09-08T00:09:58.917137,1000,403,GET,/jobs/001,200,151.82649996131659
28,2026-09-08T00:09:58.917137,1000,404,DELETE,/jobs/002,404,100.46930005773902
28,2026-09-08T00:09:58.917137,1000,405,GET,/jobs,200,88.6910998960957
28,2026-09-08T00:09:58.917137,1000,406,POST,/jobs,201,148.1393000576645
28,2026-09-08T00:09:58.917137,1000,407,DELETE,/jobs/002,404,93.84190000128001
28,2026-09-08T00:09:58.917137,1000,408,DELETE,/jobs/002,404,95.92310001607984
28,2026-09-08T00:09:58.917137,1000,409,POST,/jobs,201,138.14699999056756
28,2026-09-08T00:09:58.917137,1000,410,PUT,/jobs/1000,404,153.45059998799115
28,2026-09-08T00:09:58.917137,1000,411,POST,/jobs,201,149.97249993029982
28,2026-09-08T00:09:58.917137,1000,412,DELETE,/jobs/1000,404,94.40649999305606
28,2026-09-08T00:09:58.917137,1000,413,GET,/jobs,200,89.82750005088747
28,2026-09-08T00:09:58.917137,1000,414,PUT,/jobs/002,404,148.49559997674078
28,2026-09-08T00:09:58.917137,1000,415,GET,/jobs,200,89.06069991644472
28,2026-09-08T00:09:58.917137,1000,416,PUT,/jobs/002,404,149.05499992892146
28,2026-09-08T00:09:58.917137,1000,417,PUT,/jobs/1000,404,139.46069998200983
28,2026-09-08T00:09:58.917137,1000,418,GET,/jobs/002,404,97.48880006372929
28,2026-09-08T00:09:58.917137,1000,419,GET,/jobs/1000,404,96.04420000687242
28,2026-09-08T00:09:58.917137,1000,420,DELETE,/jobs/1000,404,94.67349993065
28,2026-09-08T00:09:58.917137,1000,421,DELETE,/jobs/1000,404,94.99770007096231
28,2026-09-08T00:09:58.917137,1000,422,PUT,/jobs/002,404,138.3546000579372
28,2026-09-08T00:09:58.917137,1000,423,DELETE,/jobs/1000,404,94.48819991666824
28,2026-09-08T00:09:58.917137,1000,424,POST,/jobs,201,137.29610003065318
28,2026-09-08T00:09:58.917137,1000,425,GET,/jobs/001,200,152.57319994270802
28,2026-09-08T00:09:58.917137,1000,426,POST,/jobs,201,136.04910008143634
28,2026-09-08T00:09:58.917137,1000,427,GET,/jobs/002,404,98.87280000839382
28,2026-09-08T00:09:58.917137,1000,428,DELETE,/jobs/1000,404,92.50540006905794
28,2026-09-08T00:09:58.917137,1000,429,POST,/jobs,201,154.8549000872299
28,2026-09-08T00:09:58.917137,1000,430,PUT,/jobs/002,404,144.1483999369666
28,2026-09-08T00:09:58.917137,1000,431,GET,/jobs/002,404,93.20190001744777
28,2026-09-08T00:09:58.917137,1000,432,GET,/jobs/002,404,95.15909990295768
28,2026-09-08T00:09:58.917137,1000,433,POST,/jobs,201,154.11490004044026
28,2026-09-08T00:09:58.917137,1000,434,POST,/jobs,201,155.2324000513181
28,2026-09-08T00:09:58.917137,1000,435,POST,/jobs,201,138.72550008818507
28,2026-09-08T00:09:58.917137,1000,436,GET,/jobs,200,78.27159995213151
28,2026-09-08T00:09:58.917137,1000,437,DELETE,/jobs/002,404,86.27630001865327
28,2026-09-08T00:09:58.917137,1000,438,GET,/jobs,200,78.87700002174824
28,2026-09-08T00:09:58.917137,1000,439,GET,/jobs/1000,404,85.56829998269677
28,2026-09-08T00:09:58.917137,1000,440,PUT,/jobs/002,404,156.7839999916032
28,2026-09-08T00:09:58.917137,1000,441,DELETE,/jobs/002,404,104.11329998169094
28,2026-09-08T00:09:58.917137,1000,442,PUT,/jobs/1000,404,162.6350999576971
28,2026-09-08T00:09:58.917137,1000,443,PUT,/jobs/002,404,177.11640009656549
28,2026-09-08T00:09:58.917137,1000,444,GET,/jobs,200,103.19960000924766
28,2026-09-08T00:09:58.917137,1000,445,GET,/jobs,200,102.4534999160096
28,2026-09-08T00:09:58.917137,1000,446,POST,/jobs,201,162.01319999527186
28,2026-09-08T00:09:58.917137,1000,447,PUT,/jobs/1000,404,176.4483000151813
28,2026-09-08T00:09:58.917137,1000,448,GET,/jobs/002,404,103.75840007327497
28,2026-09-08T00:09:58.917137,1000,449,DELETE,/jobs/1000,404,107.35710000153631
28,2026-09-08T00:09:58.917137,1000,450,PUT,/jobs/1000,404,171.81710002478212
28,2026-09-08T00:09:58.917137,1000,451,DELETE,/jobs/1000,404,106.6813999786973
28,2026-09-08T00:09:58.917137,1000,452,PUT,/jobs/1000,404,169.0752999857068
28,2026-09-08T00:09:58.917137,1000,453,DELETE,/jobs/1000,404,107.1407999843359
28,2026-09-08T00:09:58.917137,1000,454,POST,/jobs,201,180.08980003651232
28,2026-09-08T00:09:58.917137,1000,455,PUT,/jobs/002,404,180.11820001993328
28,2026-09-08T00:09:58.917137,1000,456,POST,/jobs,201,175.3245999570936
28,2026-09-08T00:09:58.917137,1000,457,GET,/jobs/001,200,177.20869998447597
28,2026-09-08T00:09:58.917137,1000,458,GET,/jobs/002,404,106.5565999597311
28,2026-09-08T00:09:58.917137,1000,459,GET,/jobs,200,102.63490001671016
28,2026-09-08T00:09:58.917137,1000,460,DELETE,/jobs/002,404,103.88170008081943
28,2026-09-08T00:09:58.917137,1000,461,GET,/jobs/001,200,180.36429991479963
28,2026-09-08T00:09:58.917137,1000,462,PUT,/jobs/002,404,168.03029994480312
28,2026-09-08T00:09:58.917137,1000,463,DELETE,/jobs/1000,404,118.85239998809993
28,2026-09-08T00:09:58.917137,1000,464,GET,/jobs,200,98.17609994206578
28,2026-09-08T00:09:58.917137,1000,465,GET,/jobs/002,404,96.36690001934767
28,2026-09-08T00:09:58.917137,1000,466,GET,/jobs/002,404,114.11980004049838
28,2026-09-08T00:09:58.917137,1000,467,GET,/jobs/002,404,113.23070002254099
28,2026-09-08T00:09:58.917137,1000,468,GET,/jobs,200,107.96539997681975
28,2026-09-08T00:09:58.917137,1000,469,DELETE,/jobs/002,404,112.49430000316352
28,2026-09-08T00:09:58.917137,1000,470,POST,/jobs,201,175.42959994170815
28,2026-09-08T00:09:58.917137,1000,471,GET,/jobs,200,111.3841999322176
28,2026-09-08T00:09:58.917137,1000,472,DELETE,/jobs/1000,404,125.31579995993525
28,2026-09-08T00:09:58.917137,1000,473,GET,/jobs/1000,404,123.27360000927001
28,2026-09-08T00:09:58.917137,1000,474,PUT,/jobs/001,200,176.42569995950907
28,2026-09-08T00:09:58.917137,1000,475,GET,/jobs,200,112.30809998232871
28,2026-09-08T00:09:58.917137,1000,476,DELETE,/jobs/1000,404,125.23350003175437
28,2026-09-08T00:09:58.917137,1000,477,PUT,/jobs/002,404,174.643800011836
28,2026-09-08T00:09:58.917137,1000,478,PUT,/jobs/002,404,174.3750999448821
28,2026-09-08T00:09:58.917137,1000,479,GET,/jobs/001,200,183.6137999780476
28,2026-09-08T00:09:58.917137,1000,480,POST,/jobs,201,174.83410006389022
28,2026-09-08T00:09:58.917137,1000,481,PUT,/jobs/001,200,172.87449992727488
28,2026-09-08T00:09:58.917137,1000,482,GET,/jobs,200,124.70550008583814
28,2026-09-08T00:09:58.917137,1000,483,PUT,/jobs/002,404,173.74480003491044
28,2026-09-08T00:09:58.917137,1000,484,GET,/jobs,200,124.9132000375539
28,2026-09-08T00:09:58.917137,1000,485,DELETE,/jobs/002,404,126.8802999984473
28,2026-09-08T00:09:58.917137,1000,486,GET,/jobs/001,200,177.01760004274547
28,2026-09-08T00:09:58.917137,1000,487,DELETE,/jobs/1000,404,127.15479999314994
28,2026-09-08T00:09:58.917137,1000,488,GET,/jobs,200,124.24240005202591
28,2026-09-08T00:09:58.917137,1000,489,GET,/jobs/001,200,193.19100002758205
28,2026-09-08T00:09:58.917137,1000,490,DELETE,/jobs/1000,404,124.6223000343889
28,2026-09-08T00:09:58.917137,1000,491,DELETE,/jobs/002,404,123.59059997834265
28,2026-09-08T00:09:58.917137,1000,492,DELETE,/jobs/1000,404,125.42269995901734
28,2026-09-08T00:09:58.917137,1000,493,PUT,/jobs/002,404,167.23010002169758
28,2026-09-08T00:09:58.917137,1000,494,POST,/jobs,201,191.92419992759824
28,2026-09-08T00:09:58.917137,1000,495,DELETE,/jobs/1000,404,131.4418000401929
28,2026-09-08T00:09:58.917137,1000,496,POST,/jobs,201,169.63320004288107
28,2026-09-08T00:09:58.917137,1000,497,DELETE,/jobs/002,404,124.50740009080619
28,2026-09-08T00:09:58.917137,1000,498,DELETE,/jobs/002,404,126.64709996897727
28,2026-09-08T00:09:58.917137,1000,499,GET,/jobs/1000,404,124.07400005031377
28,2026-09-08T00:09:58.917137,1000,500,GET,/jobs/002,404,125.00719993840903
28,2026-09-08T00:09:58.917137,1000,501,GET,/jobs,200,121.53290002606809
28,2026-09-08T00:09:58.917137,1000,502,GET,/jobs/001,200,195.37109998054802
28,2026-09-08T00:09:58.917137,1000,503,GET,/jobs/1000,404,118.3348000049591
28,2026-09-08T00:09:58.917137,1000,504,GET,/jobs,200,119.25210000481457
28,2026-09-08T00:09:58.917137,1000,505,GET,/jobs/001,200,195.04769996274263
28,2026-09-08T00:09:58.917137,1000,506,PUT,/jobs/002,404,193.02939996123314
28,2026-09-08T00:09:58.917137,1000,507,DELETE,/jobs/1000,404,121.99140002485365
28,2026-09-08T00:09:58.917137,1000,508,POST,/jobs,201,176.66040000040084
28,2026-09-08T00:09:58.917137,1000,509,GET,/jobs/002,404,122.45500006247312
28,2026-09-08T00:09:58.917137,1000,510,POST,/jobs,201,186.76319997757673
28,2026-09-08T00:09:58.917137,1000,511,PUT,/jobs/001,200,185.11139997281134
28,2026-09-08T00:09:58.917137,1000,512,GET,/jobs/002,404,118.1406999239698
28,2026-09-08T00:09:58.917137,1000,513,DELETE,/jobs/002,404,117.11970006581396
28,2026-09-08T00:09:58.917137,1000,514,PUT,/jobs/001,200,188.7843000004068
28,2026-09-08T00:09:58.917137,1000,515,DELETE,/jobs/002,404,118.58919996302575
28,2026-09-08T00:09:58.917137,1000,516,GET,/jobs/002,404,117.89679992944002
28,2026-09-08T00:09:58.917137,1000,517,GET,/jobs/001,200,198.8372999476269
28,2026-09-08T00:09:58.917137,1000,518,GET,/jobs,200,108.8918000459671
28,2026-09-08T00:09:58.917137,1000,519,GET,/jobs/002,404,117.02959996182472
28,2026-09-08T00:09:58.917137,1000,520,DELETE,/jobs/1000,404,98.07279997039586
28,2026-09-08T00:09:58.917137,1000,521,PUT,/jobs/001,200,182.78470006771386
28,2026-09-08T00:09:58.917137,1000,522,PUT,/jobs/1000,404,183.68850008118898
28,2026-09-08T00:09:58.917137,1000,523,POST,/jobs,201,183.2769000902772
28,2026-09-08T00:09:58.917137,1000,524,PUT,/jobs/002,404,173.40969992801547
28,2026-09-08T00:09:58.917137,1000,525,DELETE,/jobs/1000,404,98.27990003395826
28,2026-09-08T00:09:58.917137,1000,526,PUT,/jobs/001,200,174.8794000595808
28,2026-09-08T00:09:58.917137,1000,527,DELETE,/jobs/002,404,119.97790005989373
28,2026-09-08T00:09:58.917137,1000,528,PUT,/jobs/1000,404,177.73499991744757
28,2026-09-08T00:09:58.917137,1000,529,POST,/jobs,201,175.53480004426092
28,2026-09-08T00:09:58.917137,1000,530,POST,/jobs,201,176.94350006058812
28,2026-09-08T00:09:58.917137,1000,531,GET,/jobs,200,101.81770008057356
28,2026-09-08T00:09:58.917137,1000,532,GET,/jobs/1000,404,119.2416000412777
28,2026-09-08T00:09:58.917137,1000,533,DELETE,/jobs/002,404,118.85379999876022
28,2026-09-08T00:09:58.917137,1000,534,POST,/jobs,201,170.0644000666216
28,2026-09-08T00:09:58.917137,1000,535,GET,/jobs,200,119.85050002112985
28,2026-09-08T00:09:58.917137,1000,536,GET,/jobs/002,404,120.44530001003295
28,2026-09-08T00:09:58.917137,1000,537,DELETE,/jobs/1000,404,117.97150003258139
28,2026-09-08T00:09:58.917137,1000,538,POST,/jobs,201,171.57430003862828
28,2026-09-08T00:09:58.917137,1000,539,DELETE,/jobs/1000,404,124.70990000292659
28,2026-09-08T00:09:58.917137,1000,540,PUT,/jobs/001,200,169.06680003739893
28,2026-09-08T00:09:58.917137,1000,541,PUT,/jobs/002,404,175.80780002754182
28,2026-09-08T00:09:58.917137,1000,542,PUT,/jobs/002,404,165.88799993041903
28,2026-09-08T00:09:58.917137,1000,543,POST,/jobs,201,175.2176999580115
28,2026-09-08T00:09:58.917137,1000,544,GET,/jobs,200,117.36919998656958
28,2026-09-08T00:09:58.917137,1000,545,GET,/jobs/002,404,124.79949998669326
28,2026-09-08T00:09:58.917137,1000,546,PUT,/jobs/1000,404,166.43139999359846
28,2026-09-08T00:09:58.917137,1000,547,PUT,/jobs/002,404,167.96150000300258
28,2026-09-08T00:09:58.917137,1000,548,PUT,/jobs/1000,404,167.48349997214973
28,2026-09-08T00:09:58.917137,1000,549,GET,/jobs,200,114.49990002438426
28,2026-09-08T00:09:58.917137,1000,550,PUT,/jobs/001,200,168.59060002025217
28,2026-09-08T00:09:58.917137,1000,551,POST,/jobs,201,168.67459996137768
28,2026-09-08T00:09:58.917137,1000,552,POST,/jobs,201,168.01829996984452
28,2026-09-08T00:09:58.917137,1000,553,PUT,/jobs/1000,404,168.85800007730722
28,2026-09-08T00:09:58.917137,1000,554,GET,/jobs,200,121.05929991230369
28,2026-09-08T00:09:58.917137,1000,555,DELETE,/jobs/1000,404,123.33510001190007
28,2026-09-08T00:09:58.917137,1000,556,PUT,/jobs/001,200,171.01559997536242
28,2026-09-08T00:09:58.917137,1000,557,GET,/jobs/1000,404,123.19019995629787
28,2026-09-08T00:09:58.917137,1000,558,POST,/jobs,201,159.95740005746484
28,2026-09-08T00:09:58.917137,1000,559,PUT,/jobs/1000,404,171.4475000044331
28,2026-09-08T00:09:58.917137,1000,560,PUT,/jobs/001,200,159.9809000035748
28,2026-09-08T00:09:58.917137,1000,561,GET,/jobs/002,404,124.03009994886816
28,2026-09-08T00:09:58.917137,1000,562,DELETE,/jobs/002,404,123.12040000688285
28,2026-09-08T00:09:58.917137,1000,563,POST,/jobs,201,163.2238000165671
28,2026-09-08T00:09:58.917137,1000,564,PUT,/jobs/001,200,164.32540002278984
28,2026-09-08T00:09:58.917137,1000,565,GET,/jobs,200,117.8146000020206
28,2026-09-08T00:09:58.917137,1000,566,DELETE,/jobs/002,404,122.20890005119145
28,2026-09-08T00:09:58.917137,1000,567,GET,/jobs/002,404,122.88259994238615
28,2026-09-08T00:09:58.917137,1000,568,DELETE,/jobs/002,404,128.9460000116378
28,2026-09-08T00:09:58.917137,1000,569,DELETE,/jobs/1000,404,128.54499998502433
28,2026-09-08T00:09:58.917137,1000,570,GET,/jobs,200,126.47440005093813
28,2026-09-08T00:09:58.917137,1000,571,GET,/jobs/001,200,174.65569998603314
28,2026-09-08T00:09:58.917137,1000,572,PUT,/jobs/001,200,159.37530004885048
28,2026-09-08T00:09:58.917137,1000,573,GET,/jobs/002,404,131.7398000974208
28,2026-09-08T00:09:58.917137,1000,574,POST,/jobs,201,159.1202000854537
28,2026-09-08T00:09:58.917137,1000,575,POST,/jobs,201,158.95409998483956
28,2026-09-08T00:09:58.917137,1000,576,PUT,/jobs/002,404,160.3465999942273
28,2026-09-08T00:09:58.917137,1000,577,GET,/jobs/002,404,130.50019997172058
28,2026-09-08T00:09:58.917137,1000,578,DELETE,/jobs/002,404,128.1775999814272
28,2026-09-08T00:09:58.917137,1000,579,PUT,/jobs/001,200,140.74669999536127
28,2026-09-08T00:09:58.917137,1000,580,DELETE,/jobs/002,404,102.80849994160235
28,2026-09-08T00:09:58.917137,1000,581,GET,/jobs,200,100.8103999774903
28,2026-09-08T00:09:58.917137,1000,582,POST,/jobs,201,140.96470002550632
28,2026-09-08T00:09:58.917137,1000,583,PUT,/jobs/002,404,145.99389990326017
28,2026-09-08T00:09:58.917137,1000,584,DELETE,/jobs/1000,404,102.56109992042184
28,2026-09-08T00:09:58.917137,1000,585,GET,/jobs,200,100.9740000590682
28,2026-09-08T00:09:58.917137,1000,586,POST,/jobs,201,146.82080002967268
28,2026-09-08T00:09:58.917137,1000,587,POST,/jobs,201,146.917000063695
28,2026-09-08T00:09:58.917137,1000,588,DELETE,/jobs/1000,404,100.92110000550747
28,2026-09-08T00:09:58.917137,1000,589,GET,/jobs/002,404,99.99060002155602
28,2026-09-08T00:09:58.917137,1000,590,DELETE,/jobs/1000,404,100.48969998024404
28,2026-09-08T00:09:58.917137,1000,591,POST,/jobs,201,134.08890005666763
28,2026-09-08T00:09:58.917137,1000,592,DELETE,/jobs/1000,404,100.07569997105747
28,2026-09-08T00:09:58.917137,1000,593,PUT,/jobs/002,404,140.24330000393093
28,2026-09-08T00:09:58.917137,1000,594,GET,/jobs/1000,404,100.75969994068146
28,2026-09-08T00:09:58.917137,1000,595,GET,/jobs/1000,404,84.43909999914467
28,2026-09-08T00:09:58.917137,1000,596,PUT,/jobs/001,200,123.50809993222356
28,2026-09-08T00:09:58.917137,1000,597,PUT,/jobs/001,200,123.5043000197038
28,2026-09-08T00:09:58.917137,1000,598,POST,/jobs,201,128.77349997870624
28,2026-09-08T00:09:58.917137,1000,599,PUT,/jobs/1000,404,131.92650000564754
28,2026-09-08T00:09:58.917137,1000,600,PUT,/jobs/002,404,133.04299989249557
28,2026-09-08T00:09:58.917137,1000,601,GET,/jobs/002,404,86.40719996765256
28,2026-09-08T00:09:58.917137,1000,602,GET,/jobs,200,73.51320004090667
28,2026-09-08T00:09:58.917137,1000,603,GET,/jobs/1000,404,81.64610003586859
28,2026-09-08T00:09:58.917137,1000,604,DELETE,/jobs/1000,404,81.95579994935542
28,2026-09-08T00:09:58.917137,1000,605,GET,/jobs,200,80.61780000571162
28,2026-09-08T00:09:58.917137,1000,606,PUT,/jobs/001,200,120.03810005262494
28,2026-09-08T00:09:58.917137,1000,607,DELETE,/jobs/1000,404,81.41230000182986
28,2026-09-08T00:09:58.917137,1000,608,GET,/jobs,200,74.94399999268353
28,2026-09-08T00:09:58.917137,1000,609,GET,/jobs/002,404,85.73220006655902
28,2026-09-08T00:09:58.917137,1000,610,GET,/jobs/001,200,127.60889995843172
28,2026-09-08T00:09:58.917137,1000,611,PUT,/jobs/002,404,119.66189998202026
28,2026-09-08T00:09:58.917137,1000,612,POST,/jobs,201,119.33779995888472
28,2026-09-08T00:09:58.917137,1000,613,PUT,/jobs/1000,404,127.76209996081889
28,2026-09-08T00:09:58.917137,1000,614,GET,/jobs,200,82.40670000668615
28,2026-09-08T00:09:58.917137,1000,615,POST,/jobs,201,125.41169999167323
28,2026-09-08T00:09:58.917137,1000,616,DELETE,/jobs/1000,404,83.41860002838075
28,2026-09-08T00:09:58.917137,1000,617,POST,/jobs,201,127.18959990888834
28,2026-09-08T00:09:58.917137,1000,618,PUT,/jobs/1000,404,126.69720000121742
28,2026-09-08T00:09:58.917137,1000,619,GET,/jobs,200,82.17079995665699
28,2026-09-08T00:09:58.917137,1000,620,DELETE,/jobs/002,404,83.40300002600998
28,2026-09-08T00:09:58.917137,1000,621,GET,/jobs/1000,404,83.69440003298223
28,2026-09-08T00:09:58.917137,1000,622,POST,/jobs,201,125.85229997057468
28,2026-09-08T00:09:58.917137,1000,623,GET,/jobs,200,74.6766000520438
28,2026-09-08T00:09:58.917137,1000,624,PUT,/jobs/001,200,126.84239994268864
28,2026-09-08T00:09:58.917137,1000,625,GET,/jobs,200,83.03750003688037
28,2026-09-08T00:09:58.917137,1000,626,PUT,/jobs/001,200,126.57830002717674
28,2026-09-08T00:09:58.917137,1000,627,POST,/jobs,201,118.22999990545213
28,2026-09-08T00:09:58.917137,1000,628,GET,/jobs,200,81.85100008267909
28,2026-09-08T00:09:58.917137,1000,629,POST,/jobs,201,126.77380000241101
28,2026-09-08T00:09:58.917137,1000,630,GET,/jobs,200,82.96440006233752
28,2026-09-08T00:09:58.917137,1000,631,POST,/jobs,201,114.1042000381276
28,2026-09-08T00:09:58.917137,1000,632,POST,/jobs,201,114.35539997182786
28,2026-09-08T00:09:58.917137,1000,633,GET,/jobs/001,200,124.52479999046773
28,2026-09-08T00:09:58.917137,1000,634,DELETE,/jobs/1000,404,72.04180001281202
28,2026-09-08T00:09:58.917137,1000,635,DELETE,/jobs/002,404,77.94049999210984
28,2026-09-08T00:09:58.917137,1000,636,GET,/jobs/001,200,122.50950001180172
28,2026-09-08T00:09:58.917137,1000,637,GET,/jobs,200,77.06640008836985
28,2026-09-08T00:09:58.917137,1000,638,DELETE,/jobs/1000,404,77.43920001666993
28,2026-09-08T00:09:58.917137,1000,639,DELETE,/jobs/002,404,78.4829999320209
28,2026-09-08T00:09:58.917137,1000,640,PUT,/jobs/1000,404,115.18679989967495
28,2026-09-08T00:09:58.917137,1000,641,GET,/jobs/001,200,121.56500003766268
28,2026-09-08T00:09:58.917137,1000,642,PUT,/jobs/1000,404,115.80059991683811
28,2026-09-08T00:09:58.917137,1000,643,POST,/jobs,201,124.5027999393642
28,2026-09-08T00:09:58.917137,1000,644,POST,/jobs,201,116.42099998425692
28,2026-09-08T00:09:58.917137,1000,645,GET,/jobs,200,81.48930000606924
28,2026-09-08T00:09:58.917137,1000,646,PUT,/jobs/002,404,124.98590000905097
28,2026-09-08T00:09:58.917137,1000,647,DELETE,/jobs/002,404,83.33239995408803
28,2026-09-08T00:09:58.917137,1000,648,GET,/jobs,200,80.7629000628367
28,2026-09-08T00:09:58.917137,1000,649,PUT,/jobs/002,404,116.45370000042021
28,2026-09-08T00:09:58.917137,1000,650,DELETE,/jobs/1000,404,82.35849998891354
28,2026-09-08T00:09:58.917137,1000,651,PUT,/jobs/1000,404,124.42459992598742
28,2026-09-08T00:09:58.917137,1000,652,POST,/jobs,201,124.71479992382228
28,2026-09-08T00:09:58.917137,1000,653,POST,/jobs,201,124.96539996936917
28,2026-09-08T00:09:58.917137,1000,654,PUT,/jobs/002,404,116.75779998768121
28,2026-09-08T00:09:58.917137,1000,655,GET,/jobs,200,80.61900001484901
28,2026-09-08T00:09:58.917137,1000,656,GET,/jobs/002,404,82.88849995005876
28,2026-09-08T00:09:58.917137,1000,657,DELETE,/jobs/1000,404,83.0013999948278
28,2026-09-08T00:09:58.917137,1000,658,DELETE,/jobs/1000,404,81.85330010019243
28,2026-09-08T00:09:58.917137,1000,659,POST,/jobs,201,116.46549997385591
28,2026-09-08T00:09:58.917137,1000,660,PUT,/jobs/002,404,116.8020999757573
28,2026-09-08T00:09:58.917137,1000,661,GET,/jobs,200,79.67769994866103
28,2026-09-08T00:09:58.917137,1000,662,DELETE,/jobs/002,404,80.42300003580749
28,2026-09-08T00:09:58.917137,1000,663,DELETE,/jobs/1000,404,73.18920001853257
28,2026-09-08T00:09:58.917137,1000,664,POST,/jobs,201,121.37670000083745
28,2026-09-08T00:09:58.917137,1000,665,GET,/jobs/1000,404,76.45499997306615
28,2026-09-08T00:09:58.917137,1000,666,POST,/jobs,201,122.67359998077154
28,2026-09-08T00:09:58.917137,1000,667,GET,/jobs/1000,404,77.22390000708401
28,2026-09-08T00:09:58.917137,1000,668,POST,/jobs,201,122.8164000203833
28,2026-09-08T00:09:58.917137,1000,669,GET,/jobs/1000,404,76.0473000118509
28,2026-09-08T00:09:58.917137,1000,670,GET,/jobs,200,71.22779998462647
28,2026-09-08T00:09:58.917137,1000,671,GET,/jobs,200,75.57059999089688
28,2026-09-08T00:09:58.917137,1000,672,POST,/jobs,201,113.03160001989454
28,2026-09-08T00:09:58.917137,1000,673,PUT,/jobs/001,200,113.14569995738566
28,2026-09-08T00:09:58.917137,1000,674,DELETE,/jobs/1000,404,81.00430003833026
28,2026-09-08T00:09:58.917137,1000,675,GET,/jobs/001,200,125.40440005250275
28,2026-09-08T00:09:58.917137,1000,676,POST,/jobs,201,114.78740000165999
28,2026-09-08T00:09:58.917137,1000,677,PUT,/jobs/001,200,114.95970003306866
28,2026-09-08T00:09:58.917137,1000,678,GET,/jobs/001,200,126.23649998567998
28,2026-09-08T00:09:58.917137,1000,679,DELETE,/jobs/1000,404,80.70869999937713
28,2026-09-08T00:09:58.917137,1000,680,DELETE,/jobs/1000,404,81.39479998499155
28,2026-09-08T00:09:58.917137,1000,681,GET,/jobs/002,404,80.84900001995265
28,2026-09-08T00:09:58.917137,1000,682,PUT,/jobs/002,404,115.01890001818538
28,2026-09-08T00:09:58.917137,1000,683,POST,/jobs,201,118.07119997683913
28,2026-09-08T00:09:58.917137,1000,684,GET,/jobs,200,73.45939998049289
28,2026-09-08T00:09:58.917137,1000,685,PUT,/jobs/001,200,118.71910002082586
28,2026-09-08T00:09:58.917137,1000,686,GET,/jobs/001,200,127.01759999617934
28,2026-09-08T00:09:58.917137,1000,687,PUT,/jobs/1000,404,117.56929999683052
28,2026-09-08T00:09:58.917137,1000,688,POST,/jobs,201,117.60429991409183
28,2026-09-08T00:09:58.917137,1000,689,PUT,/jobs/001,200,117.97180003486574
28,2026-09-08T00:09:58.917137,1000,690,POST,/jobs,201,118.17229993175715
28,2026-09-08T00:09:58.917137,1000,691,GET,/jobs,200,72.96510005835444
28,2026-09-08T00:09:58.917137,1000,692,PUT,/jobs/002,404,119.11359999794513
28,2026-09-08T00:09:58.917137,1000,693,POST,/jobs,201,118.02029993850738
28,2026-09-08T00:09:58.917137,1000,694,PUT,/jobs/1000,404,123.43529995996505
28,2026-09-08T00:09:58.917137,1000,695,POST,/jobs,201,117.51659994479269
28,2026-09-08T00:09:58.917137,1000,696,GET,/jobs/002,404,81.4217000734061
28,2026-09-08T00:09:58.917137,1000,697,GET,/jobs,200,78.90590000897646
28,2026-09-08T00:09:58.917137,1000,698,DELETE,/jobs/1000,404,81.67799992952496
28,2026-09-08T00:09:58.917137,1000,699,DELETE,/jobs/002,404,82.75409997440875
28,2026-09-08T00:09:58.917137,1000,700,GET,/jobs,200,78.36360007058829
28,2026-09-08T00:09:58.917137,1000,701,PUT,/jobs/1000,404,118.21860005147755
28,2026-09-08T00:09:58.917137,1000,702,POST,/jobs,201,123.56420001015067
28,2026-09-08T00:09:58.917137,1000,703,PUT,/jobs/001,200,117.1295999083668
28,2026-09-08T00:09:58.917137,1000,704,GET,/jobs/001,200,129.191399901174
28,2026-09-08T00:09:58.917137,1000,705,GET,/jobs,200,79.97329998761415
28,2026-09-08T00:09:58.917137,1000,706,POST,/jobs,201,117.62129992712289
28,2026-09-08T00:09:58.917137,1000,707,GET,/jobs,200,71.96470000781119
28,2026-09-08T00:09:58.917137,1000,708,GET,/jobs,200,80.02200000919402
28,2026-09-08T00:09:58.917137,1000,709,GET,/jobs/1000,404,80.01840009819716
28,2026-09-08T00:09:58.917137,1000,710,GET,/jobs/002,404,80.48969996161759
28,2026-09-08T00:09:58.917137,1000,711,PUT,/jobs/002,404,127.64289998449385
28,2026-09-08T00:09:58.917137,1000,712,DELETE,/jobs/1000,404,72.65430002007633
28,2026-09-08T00:09:58.917137,1000,713,DELETE,/jobs/002,404,81.77010004874319
28,2026-09-08T00:09:58.917137,1000,714,PUT,/jobs/1000,404,127.32689990662038
28,2026-09-08T00:09:58.917137,1000,715,GET,/jobs,200,80.09279996622354
28,2026-09-08T00:09:58.917137,1000,716,PUT,/jobs/1000,404,131.432699970901
28,2026-09-08T00:09:58.917137,1000,717,PUT,/jobs/002,404,119.87779999617487
28,2026-09-08T00:09:58.917137,1000,718,GET,/jobs,200,75.23229997605085
28,2026-09-08T00:09:58.917137,1000,719,POST,/jobs,201,132.03320000320673
28,2026-09-08T00:09:58.917137,1000,720,PUT,/jobs/002,404,119.67809998895973
28,2026-09-08T00:09:58.917137,1000,721,GET,/jobs/002,404,74.7809000313282
28,2026-09-08T00:09:58.917137,1000,722,GET,/jobs,200,83.69889995083213
28,2026-09-08T00:09:58.917137,1000,723,POST,/jobs,201,124.000099953264
28,2026-09-08T00:09:58.917137,1000,724,POST,/jobs,201,125.10219996329397
28,2026-09-08T00:09:58.917137,1000,725,PUT,/jobs/002,404,123.59289999585599
28,2026-09-08T00:09:58.917137,1000,726,GET,/jobs/001,200,132.181900087744
28,2026-09-08T00:09:58.917137,1000,727,PUT,/jobs/001,200,131.0689999954775
28,2026-09-08T00:09:58.917137,1000,728,GET,/jobs/1000,404,83.0105000641197
28,2026-09-08T00:09:58.917137,1000,729,DELETE,/jobs/002,404,85.25040000677109
28,2026-09-08T00:09:58.917137,1000,730,GET,/jobs,200,81.7264000652358
28,2026-09-08T00:09:58.917137,1000,731,POST,/jobs,201,124.70510008279234
28,2026-09-08T00:09:58.917137,1000,732,GET,/jobs/1000,404,82.73420005571097
28,2026-09-08T00:09:58.917137,1000,733,GET,/jobs/001,200,133.04530002642423
28,2026-09-08T00:09:58.917137,1000,734,DELETE,/jobs/002,404,84.57710000220686
28,2026-09-08T00:09:58.917137,1000,735,DELETE,/jobs/002,404,83.20270001422614
28,2026-09-08T00:09:58.917137,1000,736,GET,/jobs/002,404,84.85920005477965
28,2026-09-08T00:09:58.917137,1000,737,GET,/jobs/1000,404,84.13390000350773
28,2026-09-08T00:09:58.917137,1000,738,GET,/jobs,200,82.88340002764016
28,2026-09-08T00:09:58.917137,1000,739,POST,/jobs,201,121.94119999185205
28,2026-09-08T00:09:58.917137,1000,740,GET,/jobs/001,200,132.46720004826784
28,2026-09-08T00:09:58.917137,1000,741,DELETE,/jobs/1000,404,83.52470002137125
28,2026-09-08T00:09:58.917137,1000,742,GET,/jobs/001,200,131.87140005175024
28,2026-09-08T00:09:58.917137,1000,743,GET,/jobs,200,74.96960007119924
28,2026-09-08T00:09:58.917137,1000,744,GET,/jobs/001,200,135.54749998729676
28,2026-09-08T00:09:58.917137,1000,745,POST,/jobs,201,122.3689999897033
28,2026-09-08T00:09:58.917137,1000,746,GET,/jobs/1000,404,89.03590007685125
28,2026-09-08T00:09:58.917137,1000,747,POST,/jobs,201,122.96099995728582
28,2026-09-08T00:09:58.917137,1000,748,GET,/jobs/002,404,90.18419997300953
28,2026-09-08T00:09:58.917137,1000,749,GET,/jobs,200,77.50880008097738
28,2026-09-08T00:09:58.917137,1000,750,GET,/jobs/1000,404,88.74849998392165
28,2026-09-08T00:09:58.917137,1000,751,PUT,/jobs/1000,404,123.38340003043413
28,2026-09-08T00:09:58.917137,1000,752,GET,/jobs,200,86.15350001491606
28,2026-09-08T00:09:58.917137,1000,753,GET,/jobs,200,87.49289996922016
28,2026-09-08T00:09:58.917137,1000,754,PUT,/jobs/002,404,135.64600003883243
28,2026-09-08T00:09:58.917137,1000,755,POST,/jobs,201,136.17680000606924
28,2026-09-08T00:09:58.917137,1000,756,DELETE,/jobs/002,404,85.03409998957068
28,2026-09-08T00:09:58.917137,1000,757,PUT,/jobs/1000,404,126.45859993062913
28,2026-09-08T00:09:58.917137,1000,758,GET,/jobs/1000,404,87.9653999581933
28,2026-09-08T00:09:58.917137,1000,759,GET,/jobs,200,87.27999997790903
28,2026-09-08T00:09:58.917137,1000,760,DELETE,/jobs/1000,404,83.15849991049618
28,2026-09-08T00:09:58.917137,1000,761,PUT,/jobs/1000,404,139.0930999768898
28,2026-09-08T00:09:58.917137,1000,762,GET,/jobs,200,82.2074000025168
28,2026-09-08T00:09:58.917137,1000,763,GET,/jobs,200,82.65970007050782
28,2026-09-08T00:09:58.917137,1000,764,PUT,/jobs/002,404,125.52639993373305
28,2026-09-08T00:09:58.917137,1000,765,PUT,/jobs/1000,404,135.9510999172926
28,2026-09-08T00:09:58.917137,1000,766,GET,/jobs,200,79.4477000599727
28,2026-09-08T00:09:58.917137,1000,767,PUT,/jobs/1000,404,139.18749999720603
28,2026-09-08T00:09:58.917137,1000,768,PUT,/jobs/001,200,125.40399993304163
28,2026-09-08T00:09:58.917137,1000,769,GET,/jobs,200,77.22600002307445
28,2026-09-08T00:09:58.917137,1000,770,POST,/jobs,201,129.36000002082437
28,2026-09-08T00:09:58.917137,1000,771,GET,/jobs/001,200,130.05519995931536
28,2026-09-08T00:09:58.917137,1000,772,GET,/jobs/002,404,76.72879996243864
28,2026-09-08T00:09:58.917137,1000,773,DELETE,/jobs/1000,404,85.01090004574507
28,2026-09-08T00:09:58.917137,1000,774,PUT,/jobs/1000,404,129.2244999203831
28,2026-09-08T00:09:58.917137,1000,775,DELETE,/jobs/1000,404,87.78130006976426
28,2026-09-08T00:09:58.917137,1000,776,PUT,/jobs/1000,404,128.5504000261426
28,2026-09-08T00:09:58.917137,1000,777,DELETE,/jobs/1000,404,87.38550008274615
28,2026-09-08T00:09:58.917137,1000,778,GET,/jobs,200,87.14389998931438
28,2026-09-08T00:09:58.917137,1000,779,GET,/jobs,200,78.2420999603346
28,2026-09-08T00:09:58.917137,1000,780,DELETE,/jobs/002,404,85.19209991209209
28,2026-09-08T00:09:58.917137,1000,781,PUT,/jobs/002,404,139.94830008596182
28,2026-09-08T00:09:58.917137,1000,782,GET,/jobs/002,404,92.0246000168845
28,2026-09-08T00:09:58.917137,1000,783,POST,/jobs,201,138.9182999264449
28,2026-09-08T00:09:58.917137,1000,784,PUT,/jobs/002,404,140.11589996516705
28,2026-09-08T00:09:58.917137,1000,785,PUT,/jobs/1000,404,130.03590004518628
28,2026-09-08T00:09:58.917137,1000,786,GET,/jobs,200,90.1251999894157
28,2026-09-08T00:09:58.917137,1000,787,POST,/jobs,201,141.03020005859435
28,2026-09-08T00:09:58.917137,1000,788,POST,/jobs,201,139.32229997590184
28,2026-09-08T00:09:58.917137,1000,789,POST,/jobs,201,139.59310005884618
28,2026-09-08T00:09:58.917137,1000,790,GET,/jobs/1000,404,92.34019997529685
28,2026-09-08T00:09:58.917137,1000,791,PUT,/jobs/001,200,143.29140004701912
28,2026-09-08T00:09:58.917137,1000,792,GET,/jobs,200,92.43019996210933
28,2026-09-08T00:09:58.917137,1000,793,GET,/jobs,200,92.16480003669858
28,2026-09-08T00:09:58.917137,1000,794,GET,/jobs,200,90.91709996573627
28,2026-09-08T00:09:58.917137,1000,795,PUT,/jobs/001,200,141.27610006835312
28,2026-09-08T00:09:58.917137,1000,796,POST,/jobs,201,141.3651000475511
28,2026-09-08T00:09:58.917137,1000,797,GET,/jobs/1000,404,93.7123999465257
28,2026-09-08T00:09:58.917137,1000,798,GET,/jobs,200,91.49480005726218
28,2026-09-08T00:09:58.917137,1000,799,DELETE,/jobs/1000,404,93.76780001912266
28,2026-09-08T00:09:58.917137,1000,800,GET,/jobs,200,89.96150002349168
28,2026-09-08T00:09:58.917137,1000,801,PUT,/jobs/002,404,141.46700000856072
28,2026-09-08T00:09:58.917137,1000,802,PUT,/jobs/1000,404,141.0207999870181
28,2026-09-08T00:09:58.917137,1000,803,GET,/jobs,200,91.15889994427562
28,2026-09-08T00:09:58.917137,1000,804,POST,/jobs,201,128.98140004836023
28,2026-09-08T00:09:58.917137,1000,805,POST,/jobs,201,129.76020004134625
28,2026-09-08T00:09:58.917137,1000,806,GET,/jobs,200,82.29689998552203
28,2026-09-08T00:09:58.917137,1000,807,DELETE,/jobs/002,404,82.63620000798255
28,2026-09-08T00:09:58.917137,1000,808,GET,/jobs/1000,404,85.55000007618219
28,2026-09-08T00:09:58.917137,1000,809,PUT,/jobs/001,200,128.57529998291284
28,2026-09-08T00:09:58.917137,1000,810,GET,/jobs,200,79.92799999192357
28,2026-09-08T00:09:58.917137,1000,811,POST,/jobs,201,130.4177000420168
28,2026-09-08T00:09:58.917137,1000,812,DELETE,/jobs/1000,404,80.34580003004521
28,2026-09-08T00:09:58.917137,1000,813,GET,/jobs,200,79.56049998756498
28,2026-09-08T00:09:58.917137,1000,814,POST,/jobs,201,138.02680000662804
28,2026-09-08T00:09:58.917137,1000,815,GET,/jobs/002,404,96.11779998522252
28,2026-09-08T00:09:58.917137,1000,816,DELETE,/jobs/002,404,94.17970001231879
28,2026-09-08T00:09:58.917137,1000,817,DELETE,/jobs/1000,404,93.5192999895662
28,2026-09-08T00:09:58.917137,1000,818,GET,/jobs,200,89.49789998587221
28,2026-09-08T00:09:58.917137,1000,819,GET,/jobs/002,404,92.64819999225438
28,2026-09-08T00:09:58.917137,1000,820,POST,/jobs,201,139.77250002790242
28,2026-09-08T00:09:58.917137,1000,821,POST,/jobs,201,129.33470006100833
28,2026-09-08T00:09:58.917137,1000,822,GET,/jobs/001,200,141.93459996022284
28,2026-09-08T00:09:58.917137,1000,823,DELETE,/jobs/1000,404,94.37489998526871
28,2026-09-08T00:09:58.917137,1000,824,GET,/jobs,200,91.90130000934005
28,2026-09-08T00:09:58.917137,1000,825,GET,/jobs/1000,404,94.20339995995164
28,2026-09-08T00:09:58.917137,1000,826,GET,/jobs,200,92.19580003991723
28,2026-09-08T00:09:58.917137,1000,827,GET,/jobs,200,91.52459993492812
28,2026-09-08T00:09:58.917137,1000,828,DELETE,/jobs/002,404,94.13330000825226
28,2026-09-08T00:09:58.917137,1000,829,PUT,/jobs/002,404,139.80210002046078
28,2026-09-08T00:09:58.917137,1000,830,PUT,/jobs/002,404,127.85970000550151
28,2026-09-08T00:09:58.917137,1000,831,GET,/jobs/002,404,94.51470000203699
28,2026-09-08T00:09:58.917137,1000,832,POST,/jobs,201,129.07070002984256
28,2026-09-08T00:09:58.917137,1000,833,POST,/jobs,201,133.15000000875443
28,2026-09-08T00:09:58.917137,1000,834,DELETE,/jobs/002,404,97.59379993192852
28,2026-09-08T00:09:58.917137,1000,835,GET,/jobs,200,88.5739999357611
28,2026-09-08T00:09:58.917137,1000,836,GET,/jobs/001,200,143.8930999720469
28,2026-09-08T00:09:58.917137,1000,837,DELETE,/jobs/002,404,98.2186000328511
28,2026-09-08T00:09:58.917137,1000,838,GET,/jobs,200,91.913599986583
28,2026-09-08T00:09:58.917137,1000,839,POST,/jobs,201,133.95789999049157
28,2026-09-08T00:09:58.917137,1000,840,PUT,/jobs/002,404,133.4018000634387
28,2026-09-08T00:09:58.917137,1000,841,DELETE,/jobs/1000,404,97.28350001387298
28,2026-09-08T00:09:58.917137,1000,842,PUT,/jobs/002,404,126.42670003697276
28,2026-09-08T00:09:58.917137,1000,843,GET,/jobs/1000,404,81.93290000781417
28,2026-09-08T00:09:58.917137,1000,844,GET,/jobs,200,82.34640001319349
28,2026-09-08T00:09:58.917137,1000,845,POST,/jobs,201,126.24729995150119
28,2026-09-08T00:09:58.917137,1000,846,GET,/jobs,200,84.10630002617836
28,2026-09-08T00:09:58.917137,1000,847,POST,/jobs,201,126.67939998209476
28,2026-09-08T00:09:58.917137,1000,848,DELETE,/jobs/1000,404,83.35929992608726
28,2026-09-08T00:09:58.917137,1000,849,DELETE,/jobs/1000,404,85.5173000600189
28,2026-09-08T00:09:58.917137,1000,850,GET,/jobs,200,82.9719000030309
28,2026-09-08T00:09:58.917137,1000,851,GET,/jobs/002,404,84.7580999834463
28,2026-09-08T00:09:58.917137,1000,852,DELETE,/jobs/002,404,86.17949998006225
28,2026-09-08T00:09:58.917137,1000,853,GET,/jobs,200,83.87179998680949
28,2026-09-08T00:09:58.917137,1000,854,GET,/jobs/002,404,85.96689999103546
28,2026-09-08T00:09:58.917137,1000,855,GET,/jobs/001,200,131.35829998645931
28,2026-09-08T00:09:58.917137,1000,856,POST,/jobs,201,122.00119998306036
28,2026-09-08T00:09:58.917137,1000,857,POST,/jobs,201,124.21160005033016
28,2026-09-08T00:09:58.917137,1000,858,GET,/jobs,200,80.1331999246031
28,2026-09-08T00:09:58.917137,1000,859,PUT,/jobs/1000,404,122.66019999515265
28,2026-09-08T00:09:58.917137,1000,860,PUT,/jobs/001,200,121.85029999818653
28,2026-09-08T00:09:58.917137,1000,861,GET,/jobs/002,404,89.98429996427149
28,2026-09-08T00:09:58.917137,1000,862,DELETE,/jobs/002,404,89.66990001499653
28,2026-09-08T00:09:58.917137,1000,863,DELETE,/jobs/1000,404,90.37680004257709
28,2026-09-08T00:09:58.917137,1000,864,GET,/jobs,200,80.75339999049902
28,2026-09-08T00:09:58.917137,1000,865,PUT,/jobs/1000,404,138.96819995716214
28,2026-09-08T00:09:58.917137,1000,866,GET,/jobs,200,83.35219998843968
28,2026-09-08T00:09:58.917137,1000,867,PUT,/jobs/001,200,136.58709998708218
28,2026-09-08T00:09:58.917137,1000,868,PUT,/jobs/001,200,137.94649997726083
28,2026-09-08T00:09:58.917137,1000,869,POST,/jobs,201,138.1834999192506
28,2026-09-08T00:09:58.917137,1000,870,PUT,/jobs/1000,404,171.90119996666908
28,2026-09-08T00:09:58.917137,1000,871,PUT,/jobs/1000,404,162.7373999217525
28,2026-09-08T00:09:58.917137,1000,872,PUT,/jobs/002,404,163.7516999617219
28,2026-09-08T00:09:58.917137,1000,873,GET,/jobs,200,80.68639994598925
28,2026-09-08T00:09:58.917137,1000,874,PUT,/jobs/001,200,161.78610001225024
28,2026-09-08T00:09:58.917137,1000,875,POST,/jobs,201,151.41330007463694
28,2026-09-08T00:09:58.917137,1000,876,DELETE,/jobs/1000,404,87.16910006478429
28,2026-09-08T00:09:58.917137,1000,877,POST,/jobs,201,159.97249993961304
28,2026-09-08T00:09:58.917137,1000,878,PUT,/jobs/001,200,162.07520000170916
28,2026-09-08T00:09:58.917137,1000,879,GET,/jobs/002,404,73.98370001465082
28,2026-09-08T00:09:58.917137,1000,880,DELETE,/jobs/1000,404,78.80969997495413
28,2026-09-08T00:09:58.917137,1000,881,DELETE,/jobs/002,404,77.81809999141842
28,2026-09-08T00:09:58.917137,1000,882,PUT,/jobs/002,404,160.80800001509488
28,2026-09-08T00:09:58.917137,1000,883,POST,/jobs,201,162.54799999296665
28,2026-09-08T00:09:58.917137,1000,884,POST,/jobs,201,166.8203000444919
28,2026-09-08T00:09:58.917137,1000,885,GET,/jobs/001,200,157.7034000074491
28,2026-09-08T00:09:58.917137,1000,886,DELETE,/jobs/002,404,78.24780000373721
28,2026-09-08T00:09:58.917137,1000,887,DELETE,/jobs/002,404,80.95490001142025
28,2026-09-08T00:09:58.917137,1000,888,POST,/jobs,201,148.96209992002696
28,2026-09-08T00:09:58.917137,1000,889,GET,/jobs/001,200,160.87740007787943
28,2026-09-08T00:09:58.917137,1000,890,GET,/jobs,200,76.70640002470464
28,2026-09-08T00:09:58.917137,1000,891,GET,/jobs/002,404,79.56550002563745
28,2026-09-08T00:09:58.917137,1000,892,GET,/jobs/001,200,156.63079998921603
28,2026-09-08T00:09:58.917137,1000,893,DELETE,/jobs/002,404,92.6321999868378
28,2026-09-08T00:09:58.917137,1000,894,GET,/jobs,200,72.10570003371686
28,2026-09-08T00:09:58.917137,1000,895,GET,/jobs/1000,404,88.11579993925989
28,2026-09-08T00:09:58.917137,1000,896,PUT,/jobs/002,404,164.23390002455562
28,2026-09-08T00:09:58.917137,1000,897,DELETE,/jobs/1000,404,89.01029999833554
28,2026-09-08T00:09:58.917137,1000,898,DELETE,/jobs/1000,404,89.05770001001656
28,2026-09-08T00:09:58.917137,1000,899,POST,/jobs,201,162.8830999834463
28,2026-09-08T00:09:58.917137,1000,900,PUT,/jobs/001,200,163.6270999442786
28,2026-09-08T00:09:58.917137,1000,901,PUT,/jobs/002,404,164.35550001915544
28,2026-09-08T00:09:58.917137,1000,902,POST,/jobs,201,164.88080006092787
28,2026-09-08T00:09:58.917137,1000,903,POST,/jobs,201,166.1113000009209
28,2026-09-08T00:09:58.917137,1000,904,GET,/jobs,200,113.5010999860242
28,2026-09-08T00:09:58.917137,1000,905,POST,/jobs,201,162.34229994006455
28,2026-09-08T00:09:58.917137,1000,906,GET,/jobs,200,108.258799999021
28,2026-09-08T00:09:58.917137,1000,907,POST,/jobs,201,161.49860003497452
28,2026-09-08T00:09:58.917137,1000,908,PUT,/jobs/001,200,160.9261000994593
28,2026-09-08T00:09:58.917137,1000,909,GET,/jobs,200,112.09880001842976
28,2026-09-08T00:09:58.917137,1000,910,POST,/jobs,201,168.7709999969229
28,2026-09-08T00:09:58.917137,1000,911,POST,/jobs,201,165.47150001861155
28,2026-09-08T00:09:58.917137,1000,912,GET,/jobs,200,103.87979994993657
28,2026-09-08T00:09:58.917137,1000,913,DELETE,/jobs/1000,404,117.0196000020951
28,2026-09-08T00:09:58.917137,1000,914,PUT,/jobs/1000,404,168.19240001495928
28,2026-09-08T00:09:58.917137,1000,915,DELETE,/jobs/002,404,114.94399991352111
28,2026-09-08T00:09:58.917137,1000,916,PUT,/jobs/1000,404,169.2431999836117
28,2026-09-08T00:09:58.917137,1000,917,GET,/jobs/002,404,122.72300000768155
28,2026-09-08T00:09:58.917137,1000,918,DELETE,/jobs/1000,404,116.30800005514175
28,2026-09-08T00:09:58.917137,1000,919,DELETE,/jobs/002,404,117.17129999306053
28,2026-09-08T00:09:58.917137,1000,920,GET,/jobs,200,111.17300007026643
28,2026-09-08T00:09:58.917137,1000,921,PUT,/jobs/001,200,166.79300006944686
28,2026-09-08T00:09:58.917137,1000,922,POST,/jobs,201,167.95649996493012
28,2026-09-08T00:09:58.917137,1000,923,GET,/jobs,200,109.96510006953031
28,2026-09-08T00:09:58.917137,1000,924,DELETE,/jobs/002,404,130.486199981533
28,2026-09-08T00:09:58.917137,1000,925,GET,/jobs,200,108.78300003241748
28,2026-09-08T00:09:58.917137,1000,926,GET,/jobs/1000,404,116.94550001993775
28,2026-09-08T00:09:58.917137,1000,927,PUT,/jobs/002,404,163.496799999848
28,2026-09-08T00:09:58.917137,1000,928,DELETE,/jobs/002,404,117.55140009336174
28,2026-09-08T00:09:58.917137,1000,929,POST,/jobs,201,164.7025999845937
28,2026-09-08T00:09:58.917137,1000,930,POST,/jobs,201,169.94209995027632
28,2026-09-08T00:09:58.917137,1000,931,PUT,/jobs/002,404,161.5616000490263
28,2026-09-08T00:09:58.917137,1000,932,DELETE,/jobs/002,404,116.53580004349351
28,2026-09-08T00:09:58.917137,1000,933,POST,/jobs,201,160.73719994165003
28,2026-09-08T00:09:58.917137,1000,934,POST,/jobs,201,162.91670000646263
28,2026-09-08T00:09:58.917137,1000,935,DELETE,/jobs/1000,404,109.50470005627722
28,2026-09-08T00:09:58.917137,1000,936,POST,/jobs,201,173.76699997112155
28,2026-09-08T00:09:58.917137,1000,937,DELETE,/jobs/002,404,125.28020003810525
28,2026-09-08T00:09:58.917137,1000,938,POST,/jobs,201,170.97820003982633
28,2026-09-08T00:09:58.917137,1000,939,DELETE,/jobs/002,404,123.25519998557866
28,2026-09-08T00:09:58.917137,1000,940,POST,/jobs,201,171.50069994386286
28,2026-09-08T00:09:58.917137,1000,941,PUT,/jobs/001,200,173.08009997941554
28,2026-09-08T00:09:58.917137,1000,942,DELETE,/jobs/002,404,123.80099995061755
28,2026-09-08T00:09:58.917137,1000,943,POST,/jobs,201,172.13369999080896
28,2026-09-08T00:09:58.917137,1000,944,PUT,/jobs/1000,404,175.35799997858703
28,2026-09-08T00:09:58.917137,1000,945,POST,/jobs,201,174.53369998838753
28,2026-09-08T00:09:58.917137,1000,946,GET,/jobs/1000,404,135.97619999200106
28,2026-09-08T00:09:58.917137,1000,947,DELETE,/jobs/002,404,120.41649990715086
28,2026-09-08T00:09:58.917137,1000,948,PUT,/jobs/1000,404,161.4524000324309
28,2026-09-08T00:09:58.917137,1000,949,POST,/jobs,201,158.76379993278533
28,2026-09-08T00:09:58.917137,1000,950,POST,/jobs,201,161.07789997477084
28,2026-09-08T00:09:58.917137,1000,951,GET,/jobs/001,200,160.11890000663698
28,2026-09-08T00:09:58.917137,1000,952,POST,/jobs,201,159.07890000380576
28,2026-09-08T00:09:58.917137,1000,953,PUT,/jobs/001,200,161.28249990288168
28,2026-09-08T00:09:58.917137,1000,954,GET,/jobs/001,200,160.2341999532655
28,2026-09-08T00:09:58.917137,1000,955,GET,/jobs/001,200,159.85699999146163
28,2026-09-08T00:09:58.917137,1000,956,POST,/jobs,201,161.1814999487251
28,2026-09-08T00:09:58.917137,1000,957,GET,/jobs,200,100.33879999537021
28,2026-09-08T00:09:58.917137,1000,958,DELETE,/jobs/002,404,107.16859996318817
28,2026-09-08T00:09:58.917137,1000,959,POST,/jobs,201,137.2739999787882
28,2026-09-08T00:09:58.917137,1000,960,DELETE,/jobs/002,404,106.94730002433062
28,2026-09-08T00:09:58.917137,1000,961,DELETE,/jobs/1000,404,106.37179994955659
28,2026-09-08T00:09:58.917137,1000,962,GET,/jobs/001,200,130.42770000174642
28,2026-09-08T00:09:58.917137,1000,963,GET,/jobs/1000,404,98.8644000608474
28,2026-09-08T00:09:58.917137,1000,964,DELETE,/jobs/002,404,97.47419995255768
28,2026-09-08T00:09:58.917137,1000,965,PUT,/jobs/001,200,124.44130005314946
28,2026-09-08T00:09:58.917137,1000,966,PUT,/jobs/002,404,124.08840004354715
28,2026-09-08T00:09:58.917137,1000,967,GET,/jobs/002,404,96.4003000408411
28,2026-09-08T00:09:58.917137,1000,968,DELETE,/jobs/1000,404,97.26439998485148
28,2026-09-08T00:09:58.917137,1000,969,PUT,/jobs/001,200,125.38139999378473
28,2026-09-08T00:09:58.917137,1000,970,DELETE,/jobs/002,404,98.8447000272572
28,2026-09-08T00:09:58.917137,1000,971,POST,/jobs,201,125.88119995780289
28,2026-09-08T00:09:58.917137,1000,972,PUT,/jobs/001,200,121.36640003882349
28,2026-09-08T00:09:58.917137,1000,973,POST,/jobs,201,125.72180002462119
28,2026-09-08T00:09:58.917137,1000,974,DELETE,/jobs/1000,404,98.11850008554757
28,2026-09-08T00:09:58.917137,1000,975,PUT,/jobs/002,404,121.67020002380013
28,2026-09-08T00:09:58.917137,1000,976,PUT,/jobs/1000,404,106.69719998259097
28,2026-09-08T00:09:58.917137,1000,977,DELETE,/jobs/1000,404,86.7459001019597
28,2026-09-08T00:09:58.917137,1000,978,GET,/jobs/001,200,109.46209996473044
28,2026-09-08T00:09:58.917137,1000,979,DELETE,/jobs/002,404,86.17230004165322
28,2026-09-08T00:09:58.917137,1000,980,POST,/jobs,201,107.12459997739643
28,2026-09-08T00:09:58.917137,1000,981,PUT,/jobs/002,404,106.55649995896965
28,2026-09-08T00:09:58.917137,1000,982,DELETE,/jobs/002,404,86.37909998651594
28,2026-09-08T00:09:58.917137,1000,983,DELETE,/jobs/002,404,86.26730006653816
28,2026-09-08T00:09:58.917137,1000,984,POST,/jobs,201,100.6550999591127
28,2026-09-08T00:09:58.917137,1000,985,GET,/jobs/002,404,79.85320000443608
28,2026-09-08T00:09:58.917137,1000,986,PUT,/jobs/1000,404,95.90319998096675
28,2026-09-08T00:09:58.917137,1000,987,GET,/jobs/002,404,82.33100001234561
28,2026-09-08T00:09:58.917137,1000,988,GET,/jobs,200,81.98850008193403
28,2026-09-08T00:09:58.917137,1000,989,GET,/jobs/002,404,83.58850004151464
28,2026-09-08T00:09:58.917137,1000,990,POST,/jobs,201,96.28249995876104
28,2026-09-08T00:09:58.917137,1000,991,PUT,/jobs/001,200,95.83349991589785
28,2026-09-08T00:09:58.917137,1000,992,PUT,/jobs/1000,404,96.62109997589141
28,2026-09-08T00:09:58.917137,1000,993,POST,/jobs,201,78.20680004078895
28,2026-09-08T00:09:58.917137,1000,994,PUT,/jobs/001,200,83.78230000380427
28,2026-09-08T00:09:58.917137,1000,995,POST,/jobs,201,83.96890002768487
28,2026-09-08T00:09:58.917137,1000,996,GET,/jobs,200,68.13979998696595
28,2026-09-08T00:09:58.917137,1000,997,POST,/jobs,201,79.07189999241382
28,2026-09-08T00:09:58.917137,1000,998,POST,/jobs,201,78.50159995723516
28,2026-09-08T00:09:58.917137,1000,999,GET,/jobs/001,200,85.63470002263784
28,2026-09-08T00:09:58.917137,1000,1000,GET,/jobs,200,67.83459999132901
29,2026-09-08T00:10:00.869656,1000,1,GET,/jobs,200,26.124499971047044
29,2026-09-08T00:10:00.869656,1000,2,GET,/jobs,200,31.96539997588843
29,2026-09-08T00:10:00.869656,1000,3,POST,/jobs,201,112.96480009332299
29,2026-09-08T00:10:00.869656,1000,4,GET,/jobs/001,200,56.83560005854815
29,2026-09-08T00:10:00.869656,1000,5,GET,/jobs,200,31.95830003824085
29,2026-09-08T00:10:00.869656,1000,6,DELETE,/jobs/002,200,33.111599972471595
29,2026-09-08T00:10:00.869656,1000,7,DELETE,/jobs/1000,404,41.697700042277575
29,2026-09-08T00:10:00.869656,1000,8,GET,/jobs,200,38.67079992778599
29,2026-09-08T00:10:00.869656,1000,9,GET,/jobs,200,40.56670004501939
29,2026-09-08T00:10:00.869656,1000,10,GET,/jobs,200,37.19040006399155
29,2026-09-08T00:10:00.869656,1000,11,GET,/jobs/001,200,84.07849993091077
29,2026-09-08T00:10:00.869656,1000,12,DELETE,/jobs/002,404,42.34109993558377
29,2026-09-08T00:10:00.869656,1000,13,DELETE,/jobs/002,404,45.18889996688813
29,2026-09-08T00:10:00.869656,1000,14,DELETE,/jobs/1000,404,44.78120000567287
29,2026-09-08T00:10:00.869656,1000,15,GET,/jobs/002,404,43.851499911397696
29,2026-09-08T00:10:00.869656,1000,16,DELETE,/jobs/1000,404,46.65869998279959
29,2026-09-08T00:10:00.869656,1000,17,GET,/jobs,200,42.49000002164394
29,2026-09-08T00:10:00.869656,1000,18,GET,/jobs/1000,404,46.013600076548755
29,2026-09-08T00:10:00.869656,1000,19,PUT,/jobs/002,404,109.07080001197755
29,2026-09-08T00:10:00.869656,1000,20,POST,/jobs,201,104.24969997256994
29,2026-09-08T00:10:00.869656,1000,21,GET,/jobs/002,404,44.3560000276193
29,2026-09-08T00:10:00.869656,1000,22,GET,/jobs,200,47.880099969916046
29,2026-09-08T00:10:00.869656,1000,23,GET,/jobs,200,47.551400028169155
29,2026-09-08T00:10:00.869656,1000,24,PUT,/jobs/001,200,112.11629991885275
29,2026-09-08T00:10:00.869656,1000,25,POST,/jobs,201,114.40520000178367
29,2026-09-08T00:10:00.869656,1000,26,POST,/jobs,201,102.9018999543041
29,2026-09-08T00:10:00.869656,1000,27,POST,/jobs,201,109.18170004151762
29,2026-09-08T00:10:00.869656,1000,28,GET,/jobs,200,45.176600106060505
29,2026-09-08T00:10:00.869656,1000,29,PUT,/jobs/1000,404,104.2792999651283
29,2026-09-08T00:10:00.869656,1000,30,GET,/jobs,200,44.60820008534938
29,2026-09-08T00:10:00.869656,1000,31,PUT,/jobs/001,200,99.81749998405576
29,2026-09-08T00:10:00.869656,1000,32,DELETE,/jobs/1000,404,56.56159995123744
29,2026-09-08T00:10:00.869656,1000,33,DELETE,/jobs/1000,404,56.61950004287064
29,2026-09-08T00:10:00.869656,1000,34,DELETE,/jobs/002,404,57.11439996957779
29,2026-09-08T00:10:00.869656,1000,35,GET,/jobs,200,51.492500002495944
29,2026-09-08T00:10:00.869656,1000,36,GET,/jobs,200,44.47970003820956
29,2026-09-08T00:10:00.869656,1000,37,GET,/jobs/002,404,61.52210000436753
29,2026-09-08T00:10:00.869656,1000,38,GET,/jobs,200,55.045299930498004
29,2026-09-08T00:10:00.869656,1000,39,GET,/jobs/001,200,122.85429995972663
29,2026-09-08T00:10:00.869656,1000,40,PUT,/jobs/002,404,111.30819993559271
29,2026-09-08T00:10:00.869656,1000,41,PUT,/jobs/1000,404,110.94779998529702
29,2026-09-08T00:10:00.869656,1000,42,POST,/jobs,201,103.14979997929186
29,2026-09-08T00:10:00.869656,1000,43,POST,/jobs,201,104.47699995711446
29,2026-09-08T00:10:00.869656,1000,44,GET,/jobs/1000,404,56.86999997124076
29,2026-09-08T00:10:00.869656,1000,45,POST,/jobs,201,107.81240009237081
29,2026-09-08T00:10:00.869656,1000,46,GET,/jobs,200,53.000699961557984
29,2026-09-08T00:10:00.869656,1000,47,DELETE,/jobs/002,404,63.66810004692525
29,2026-09-08T00:10:00.869656,1000,48,DELETE,/jobs/002,404,64.42229996901006
29,2026-09-08T00:10:00.869656,1000,49,GET,/jobs/002,404,77.25870003923774
29,2026-09-08T00:10:00.869656,1000,50,PUT,/jobs/002,404,115.66529993433505
29,2026-09-08T00:10:00.869656,1000,51,DELETE,/jobs/002,404,73.68699996732175
29,2026-09-08T00:10:00.869656,1000,52,POST,/jobs,201,117.92849993798882
29,2026-09-08T00:10:00.869656,1000,53,GET,/jobs,200,51.15239997394383
29,2026-09-08T00:10:00.869656,1000,54,GET,/jobs/001,200,119.56769996322691
29,2026-09-08T00:10:00.869656,1000,55,POST,/jobs,201,117.79420007951558
29,2026-09-08T00:10:00.869656,1000,56,POST,/jobs,201,115.89320003986359
29,2026-09-08T00:10:00.869656,1000,57,GET,/jobs/1000,404,73.31130001693964
29,2026-09-08T00:10:00.869656,1000,58,POST,/jobs,201,118.14070004038513
29,2026-09-08T00:10:00.869656,1000,59,PUT,/jobs/002,404,117.00079997535795
29,2026-09-08T00:10:00.869656,1000,60,PUT,/jobs/001,200,117.68100003246218
29,2026-09-08T00:10:00.869656,1000,61,POST,/jobs,201,116.09160003717989
29,2026-09-08T00:10:00.869656,1000,62,GET,/jobs/1000,404,76.83979999274015
29,2026-09-08T00:10:00.869656,1000,63,DELETE,/jobs/1000,404,71.12750003580004
29,2026-09-08T00:10:00.869656,1000,64,DELETE,/jobs/1000,404,76.55769994016737
29,2026-09-08T00:10:00.869656,1000,65,DELETE,/jobs/1000,404,76.53920003212988
29,2026-09-08T00:10:00.869656,1000,66,POST,/jobs,201,117.85910010803491
29,2026-09-08T00:10:00.869656,1000,67,GET,/jobs/1000,404,72.00149993877858
29,2026-09-08T00:10:00.869656,1000,68,PUT,/jobs/001,200,116.60179996397346
29,2026-09-08T00:10:00.869656,1000,69,GET,/jobs,200,52.22350009717047
29,2026-09-08T00:10:00.869656,1000,70,GET,/jobs,200,51.587300025857985
29,2026-09-08T00:10:00.869656,1000,71,GET,/jobs/1000,404,69.55110002309084
29,2026-09-08T00:10:00.869656,1000,72,GET,/jobs/1000,404,67.70150002557784
29,2026-09-08T00:10:00.869656,1000,73,PUT,/jobs/1000,404,115.25820009410381
29,2026-09-08T00:10:00.869656,1000,74,GET,/jobs,200,56.510900030843914
29,2026-09-08T00:10:00.869656,1000,75,PUT,/jobs/002,404,115.85030006244779
29,2026-09-08T00:10:00.869656,1000,76,DELETE,/jobs/1000,404,70.25319989770651
29,2026-09-08T00:10:00.869656,1000,77,DELETE,/jobs/1000,404,79.24770005047321
29,2026-09-08T00:10:00.869656,1000,78,DELETE,/jobs/002,404,70.33779995981604
29,2026-09-08T00:10:00.869656,1000,79,GET,/jobs,200,55.99780008196831
29,2026-09-08T00:10:00.869656,1000,80,DELETE,/jobs/1000,404,78.66270001977682
29,2026-09-08T00:10:00.869656,1000,81,POST,/jobs,201,110.2820000378415
29,2026-09-08T00:10:00.869656,1000,82,POST,/jobs,201,110.18660000991076
29,2026-09-08T00:10:00.869656,1000,83,GET,/jobs/002,404,71.47409999743104
29,2026-09-08T00:10:00.869656,1000,84,GET,/jobs,200,49.05140004120767
29,2026-09-08T00:10:00.869656,1000,85,POST,/jobs,201,118.22760000359267
29,2026-09-08T00:10:00.869656,1000,86,GET,/jobs/1000,404,70.25059999432415
29,2026-09-08T00:10:00.869656,1000,87,GET,/jobs,200,50.945800030604005
29,2026-09-08T00:10:00.869656,1000,88,POST,/jobs,201,110.87219999171793
29,2026-09-08T00:10:00.869656,1000,89,DELETE,/jobs/002,404,69.60629997774959
29,2026-09-08T00:10:00.869656,1000,90,GET,/jobs/002,404,77.9540000949055
29,2026-09-08T00:10:00.869656,1000,91,GET,/jobs/1000,404,80.40330000221729
29,2026-09-08T00:10:00.869656,1000,92,DELETE,/jobs/002,404,69.10249998327345
29,2026-09-08T00:10:00.869656,1000,93,DELETE,/jobs/1000,404,78.51210003718734
29,2026-09-08T00:10:00.869656,1000,94,PUT,/jobs/001,200,111.87359993346035
29,2026-09-08T00:10:00.869656,1000,95,GET,/jobs,200,70.18619996961206
29,2026-09-08T00:10:00.869656,1000,96,POST,/jobs,201,111.95050005335361
29,2026-09-08T00:10:00.869656,1000,97,POST,/jobs,201,111.19650001637638
29,2026-09-08T00:10:00.869656,1000,98,GET,/jobs,200,54.9056000309065
29,2026-09-08T00:10:00.869656,1000,99,GET,/jobs/1000,404,71.01119996514171
29,2026-09-08T00:10:00.869656,1000,100,GET,/jobs,200,66.26910006161779
29,2026-09-08T00:10:00.869656,1000,101,GET,/jobs,200,82.60389999486506
29,2026-09-08T00:10:00.869656,1000,102,PUT,/jobs/001,200,98.33239996805787
29,2026-09-08T00:10:00.869656,1000,103,DELETE,/jobs/002,404,88.32189999520779
29,2026-09-08T00:10:00.869656,1000,104,GET,/jobs/1000,404,88.87180010788143
29,2026-09-08T00:10:00.869656,1000,105,PUT,/jobs/1000,404,96.30129998549819
29,2026-09-08T00:10:00.869656,1000,106,GET,/jobs/002,404,84.71530000679195
29,2026-09-08T00:10:00.869656,1000,107,DELETE,/jobs/1000,404,81.77859999705106
29,2026-09-08T00:10:00.869656,1000,108,GET,/jobs/1000,404,82.35769998282194
29,2026-09-08T00:10:00.869656,1000,109,GET,/jobs/1000,404,82.70130003802478
29,2026-09-08T00:10:00.869656,1000,110,POST,/jobs,201,104.78229995351285
29,2026-09-08T00:10:00.869656,1000,111,POST,/jobs,201,103.83549996186048
29,2026-09-08T00:10:00.869656,1000,112,DELETE,/jobs/1000,404,76.6740000108257
29,2026-09-08T00:10:00.869656,1000,113,GET,/jobs,200,75.61150006949902
29,2026-09-08T00:10:00.869656,1000,114,GET,/jobs/001,200,112.48270003125072
29,2026-09-08T00:10:00.869656,1000,115,GET,/jobs,200,79.26689996384084
29,2026-09-08T00:10:00.869656,1000,116,POST,/jobs,201,99.70060002524406
29,2026-09-08T00:10:00.869656,1000,117,DELETE,/jobs/002,404,77.76449993252754
29,2026-09-08T00:10:00.869656,1000,118,DELETE,/jobs/002,404,77.49529997818172
29,2026-09-08T00:10:00.869656,1000,119,GET,/jobs,200,78.09590001124889
29,2026-09-08T00:10:00.869656,1000,120,GET,/jobs,200,76.46100001875311
29,2026-09-08T00:10:00.869656,1000,121,GET,/jobs,200,76.06420002412051
29,2026-09-08T00:10:00.869656,1000,122,GET,/jobs/001,200,115.55870005395263
29,2026-09-08T00:10:00.869656,1000,123,GET,/jobs,200,77.78089994098991
29,2026-09-08T00:10:00.869656,1000,124,POST,/jobs,201,99.29809998720884
29,2026-09-08T00:10:00.869656,1000,125,DELETE,/jobs/002,404,73.60870006959885
29,2026-09-08T00:10:00.869656,1000,126,POST,/jobs,201,104.27180002443492
29,2026-09-08T00:10:00.869656,1000,127,PUT,/jobs/001,200,104.69439998269081
29,2026-09-08T00:10:00.869656,1000,128,DELETE,/jobs/002,404,77.03050004784018
29,2026-09-08T00:10:00.869656,1000,129,DELETE,/jobs/1000,404,72.79279991053045
29,2026-09-08T00:10:00.869656,1000,130,GET,/jobs/002,404,76.65930001530796
29,2026-09-08T00:10:00.869656,1000,131,PUT,/jobs/001,200,116.14059994462878
29,2026-09-08T00:10:00.869656,1000,132,GET,/jobs,200,71.31159992422909
29,2026-09-08T00:10:00.869656,1000,133,GET,/jobs,200,68.69500002358109
29,2026-09-08T00:10:00.869656,1000,134,PUT,/jobs/002,404,112.07679996732622
29,2026-09-08T00:10:00.869656,1000,135,PUT,/jobs/002,404,113.26300003565848
29,2026-09-08T00:10:00.869656,1000,136,PUT,/jobs/1000,404,113.67310001514852
29,2026-09-08T00:10:00.869656,1000,137,GET,/jobs,200,68.94080003257841
29,2026-09-08T00:10:00.869656,1000,138,GET,/jobs,200,67.38010002300143
29,2026-09-08T00:10:00.869656,1000,139,GET,/jobs,200,61.19490007404238
29,2026-09-08T00:10:00.869656,1000,140,PUT,/jobs/1000,404,114.15539996232837
29,2026-09-08T00:10:00.869656,1000,141,POST,/jobs,201,105.50609999336302
29,2026-09-08T00:10:00.869656,1000,142,GET,/jobs,200,65.9888000227511
29,2026-09-08T00:10:00.869656,1000,143,GET,/jobs/001,200,110.35010009072721
29,2026-09-08T00:10:00.869656,1000,144,GET,/jobs/1000,404,67.15860008262098
29,2026-09-08T00:10:00.869656,1000,145,PUT,/jobs/001,200,116.16970004979521
29,2026-09-08T00:10:00.869656,1000,146,PUT,/jobs/001,200,111.17449996527284
29,2026-09-08T00:10:00.869656,1000,147,POST,/jobs,201,110.73970003053546
29,2026-09-08T00:10:00.869656,1000,148,GET,/jobs/001,200,118.48199996165931
29,2026-09-08T00:10:00.869656,1000,149,PUT,/jobs/1000,404,113.5760999750346
29,2026-09-08T00:10:00.869656,1000,150,GET,/jobs,200,78.40399991255254
29,2026-09-08T00:10:00.869656,1000,151,GET,/jobs,200,76.31010003387928
29,2026-09-08T00:10:00.869656,1000,152,DELETE,/jobs/002,404,83.45440006814897
29,2026-09-08T00:10:00.869656,1000,153,GET,/jobs,200,70.87690010666847
29,2026-09-08T00:10:00.869656,1000,154,GET,/jobs/001,200,118.84080001618713
29,2026-09-08T00:10:00.869656,1000,155,PUT,/jobs/002,404,105.83560005761683
29,2026-09-08T00:10:00.869656,1000,156,PUT,/jobs/001,200,111.84769996907562
29,2026-09-08T00:10:00.869656,1000,157,PUT,/jobs/001,200,114.09059993457049
29,2026-09-08T00:10:00.869656,1000,158,GET,/jobs/002,404,86.22769999783486
29,2026-09-08T00:10:00.869656,1000,159,GET,/jobs,200,77.00569997541606
29,2026-09-08T00:10:00.869656,1000,160,PUT,/jobs/002,404,113.9019998954609
29,2026-09-08T00:10:00.869656,1000,161,PUT,/jobs/002,404,110.3954000864178
29,2026-09-08T00:10:00.869656,1000,162,PUT,/jobs/1000,404,107.29830001946539
29,2026-09-08T00:10:00.869656,1000,163,DELETE,/jobs/1000,404,75.20570000633597
29,2026-09-08T00:10:00.869656,1000,164,GET,/jobs/001,200,109.41579996142536
29,2026-09-08T00:10:00.869656,1000,165,POST,/jobs,201,106.69020004570484
29,2026-09-08T00:10:00.869656,1000,166,GET,/jobs,200,72.76220002677292
29,2026-09-08T00:10:00.869656,1000,167,DELETE,/jobs/002,404,72.23429996520281
29,2026-09-08T00:10:00.869656,1000,168,POST,/jobs,201,112.92380001395941
29,2026-09-08T00:10:00.869656,1000,169,GET,/jobs,200,64.82990004587919
29,2026-09-08T00:10:00.869656,1000,170,DELETE,/jobs/1000,404,73.98870005272329
29,2026-09-08T00:10:00.869656,1000,171,DELETE,/jobs/002,404,74.40449995920062
29,2026-09-08T00:10:00.869656,1000,172,GET,/jobs,200,72.06639996729791
29,2026-09-08T00:10:00.869656,1000,173,DELETE,/jobs/002,404,73.46240000333637
29,2026-09-08T00:10:00.869656,1000,174,GET,/jobs/001,200,112.60869994293898
29,2026-09-08T00:10:00.869656,1000,175,DELETE,/jobs/002,404,73.16060003358871
29,2026-09-08T00:10:00.869656,1000,176,GET,/jobs/002,404,73.79579998087138
29,2026-09-08T00:10:00.869656,1000,177,GET,/jobs,200,69.08569997176528
29,2026-09-08T00:10:00.869656,1000,178,DELETE,/jobs/002,404,72.63159996364266
29,2026-09-08T00:10:00.869656,1000,179,DELETE,/jobs/002,404,72.88770005106926
29,2026-09-08T00:10:00.869656,1000,180,DELETE,/jobs/002,404,75.66119998227805
29,2026-09-08T00:10:00.869656,1000,181,PUT,/jobs/1000,404,106.9742999970913
29,2026-09-08T00:10:00.869656,1000,182,DELETE,/jobs/1000,404,76.0141999926418
29,2026-09-08T00:10:00.869656,1000,183,POST,/jobs,201,114.60030009038746
29,2026-09-08T00:10:00.869656,1000,184,POST,/jobs,201,111.9049999397248
29,2026-09-08T00:10:00.869656,1000,185,POST,/jobs,201,114.4310999661684
29,2026-09-08T00:10:00.869656,1000,186,GET,/jobs/1000,404,76.34299993515015
29,2026-09-08T00:10:00.869656,1000,187,POST,/jobs,201,113.722899928689
29,2026-09-08T00:10:00.869656,1000,188,POST,/jobs,201,114.13410003297031
29,2026-09-08T00:10:00.869656,1000,189,GET,/jobs,200,70.64279995393008
29,2026-09-08T00:10:00.869656,1000,190,GET,/jobs,200,71.99570001102984
29,2026-09-08T00:10:00.869656,1000,191,PUT,/jobs/1000,404,108.3004999672994
29,2026-09-08T00:10:00.869656,1000,192,DELETE,/jobs/002,404,79.67360003385693
29,2026-09-08T00:10:00.869656,1000,193,GET,/jobs,200,69.5621999911964
29,2026-09-08T00:10:00.869656,1000,194,DELETE,/jobs/002,404,72.46180006768554
29,2026-09-08T00:10:00.869656,1000,195,DELETE,/jobs/1000,404,79.49699996970594
29,2026-09-08T00:10:00.869656,1000,196,GET,/jobs/002,404,72.13689992204309
29,2026-09-08T00:10:00.869656,1000,197,GET,/jobs,200,68.73010005801916
29,2026-09-08T00:10:00.869656,1000,198,GET,/jobs/002,404,80.0236000213772
29,2026-09-08T00:10:00.869656,1000,199,POST,/jobs,201,109.73709996324033
29,2026-09-08T00:10:00.869656,1000,200,PUT,/jobs/1000,404,114.20740000903606
29,2026-09-08T00:10:00.869656,1000,201,POST,/jobs,201,109.57810003310442
29,2026-09-08T00:10:00.869656,1000,202,DELETE,/jobs/002,404,71.64300000295043
29,2026-09-08T00:10:00.869656,1000,203,DELETE,/jobs/1000,404,80.25590004399419
29,2026-09-08T00:10:00.869656,1000,204,GET,/jobs,200,71.75110001116991
29,2026-09-08T00:10:00.869656,1000,205,GET,/jobs/002,404,74.36159998178482
29,2026-09-08T00:10:00.869656,1000,206,GET,/jobs,200,69.27420001011342
29,2026-09-08T00:10:00.869656,1000,207,GET,/jobs,200,69.6315000532195
29,2026-09-08T00:10:00.869656,1000,208,DELETE,/jobs/002,404,70.406400016509
29,2026-09-08T00:10:00.869656,1000,209,POST,/jobs,201,99.68110010959208
29,2026-09-08T00:10:00.869656,1000,210,DELETE,/jobs/002,404,72.22700002603233
29,2026-09-08T00:10:00.869656,1000,211,POST,/jobs,201,99.79509992990643
29,2026-09-08T00:10:00.869656,1000,212,POST,/jobs,201,100.57779995258898
29,2026-09-08T00:10:00.869656,1000,213,PUT,/jobs/002,404,99.67740008141845
29,2026-09-08T00:10:00.869656,1000,214,GET,/jobs,200,69.42569999955595
29,2026-09-08T00:10:00.869656,1000,215,GET,/jobs,200,69.35510004404932
29,2026-09-08T00:10:00.869656,1000,216,PUT,/jobs/002,404,99.49489997234195
29,2026-09-08T00:10:00.869656,1000,217,GET,/jobs,200,69.45319997612387
29,2026-09-08T00:10:00.869656,1000,218,GET,/jobs,200,70.68540004547685
29,2026-09-08T00:10:00.869656,1000,219,POST,/jobs,201,103.61570003442466
29,2026-09-08T00:10:00.869656,1000,220,GET,/jobs/1000,404,66.8009000364691
29,2026-09-08T00:10:00.869656,1000,221,POST,/jobs,201,103.97930000908673
29,2026-09-08T00:10:00.869656,1000,222,PUT,/jobs/1000,404,110.2868999587372
29,2026-09-08T00:10:00.869656,1000,223,PUT,/jobs/1000,404,101.14859999157488
29,2026-09-08T00:10:00.869656,1000,224,GET,/jobs,200,68.252700031735
29,2026-09-08T00:10:00.869656,1000,225,GET,/jobs,200,67.56299990229309
29,2026-09-08T00:10:00.869656,1000,226,GET,/jobs,200,67.29419995099306
29,2026-09-08T00:10:00.869656,1000,227,GET,/jobs/1000,404,69.77389997337013
29,2026-09-08T00:10:00.869656,1000,228,GET,/jobs,200,67.94720003381371
29,2026-09-08T00:10:00.869656,1000,229,POST,/jobs,201,109.28330000024289
29,2026-09-08T00:10:00.869656,1000,230,DELETE,/jobs/002,404,69.76260000374168
29,2026-09-08T00:10:00.869656,1000,231,PUT,/jobs/001,200,102.39159991033375
29,2026-09-08T00:10:00.869656,1000,232,GET,/jobs,200,69.26800007931888
29,2026-09-08T00:10:00.869656,1000,233,POST,/jobs,201,112.58150008507073
29,2026-09-08T00:10:00.869656,1000,234,GET,/jobs,200,69.83059993945062
29,2026-09-08T00:10:00.869656,1000,235,POST,/jobs,201,102.1924999076873
29,2026-09-08T00:10:00.869656,1000,236,GET,/jobs/1000,404,62.35509994439781
29,2026-09-08T00:10:00.869656,1000,237,GET,/jobs,200,61.92679994273931
29,2026-09-08T00:10:00.869656,1000,238,POST,/jobs,201,102.07370005082339
29,2026-09-08T00:10:00.869656,1000,239,DELETE,/jobs/1000,404,72.75929988827556
29,2026-09-08T00:10:00.869656,1000,240,DELETE,/jobs/002,404,72.14659999590367
29,2026-09-08T00:10:00.869656,1000,241,GET,/jobs/001,200,108.26560005079955
29,2026-09-08T00:10:00.869656,1000,242,GET,/jobs/002,404,71.33589999284595
29,2026-09-08T00:10:00.869656,1000,243,GET,/jobs,200,73.4880999661982
29,2026-09-08T00:10:00.869656,1000,244,GET,/jobs/1000,404,74.76919994223863
29,2026-09-08T00:10:00.869656,1000,245,POST,/jobs,201,103.44139998778701
29,2026-09-08T00:10:00.869656,1000,246,PUT,/jobs/1000,404,110.34739995375276
29,2026-09-08T00:10:00.869656,1000,247,GET,/jobs/002,404,75.13330003712326
29,2026-09-08T00:10:00.869656,1000,248,GET,/jobs/1000,404,74.9522999394685
29,2026-09-08T00:10:00.869656,1000,249,GET,/jobs,200,74.07390000298619
29,2026-09-08T00:10:00.869656,1000,250,PUT,/jobs/001,200,111.22269998304546
29,2026-09-08T00:10:00.869656,1000,251,PUT,/jobs/001,200,110.95459992066026
29,2026-09-08T00:10:00.869656,1000,252,GET,/jobs/002,404,75.31440001912415
29,2026-09-08T00:10:00.869656,1000,253,POST,/jobs,201,107.58830001577735
29,2026-09-08T00:10:00.869656,1000,254,GET,/jobs/001,200,108.4567999932915
29,2026-09-08T00:10:00.869656,1000,255,GET,/jobs,200,64.06550004612654
29,2026-09-08T00:10:00.869656,1000,256,GET,/jobs/002,404,71.86069991439581
29,2026-09-08T00:10:00.869656,1000,257,POST,/jobs,201,98.69999997317791
29,2026-09-08T00:10:00.869656,1000,258,GET,/jobs,200,71.53309998102486
29,2026-09-08T00:10:00.869656,1000,259,POST,/jobs,201,98.58190000522882
29,2026-09-08T00:10:00.869656,1000,260,DELETE,/jobs/1000,404,72.76790007017553
29,2026-09-08T00:10:00.869656,1000,261,DELETE,/jobs/1000,404,72.50270002987236
29,2026-09-08T00:10:00.869656,1000,262,GET,/jobs,200,64.81799995526671
29,2026-09-08T00:10:00.869656,1000,263,GET,/jobs,200,65.18339994363487
29,2026-09-08T00:10:00.869656,1000,264,POST,/jobs,201,99.2768999421969
29,2026-09-08T00:10:00.869656,1000,265,DELETE,/jobs/1000,404,69.86369995865971
29,2026-09-08T00:10:00.869656,1000,266,GET,/jobs,200,64.44019998889416
29,2026-09-08T00:10:00.869656,1000,267,GET,/jobs,200,65.83030009642243
29,2026-09-08T00:10:00.869656,1000,268,DELETE,/jobs/1000,404,65.86440000683069
29,2026-09-08T00:10:00.869656,1000,269,POST,/jobs,201,105.69280001800507
29,2026-09-08T00:10:00.869656,1000,270,POST,/jobs,201,101.95939999539405
29,2026-09-08T00:10:00.869656,1000,271,DELETE,/jobs/002,404,70.2692000195384
29,2026-09-08T00:10:00.869656,1000,272,PUT,/jobs/1000,404,99.5348000433296
29,2026-09-08T00:10:00.869656,1000,273,GET,/jobs/002,404,70.7609000382945
29,2026-09-08T00:10:00.869656,1000,274,GET,/jobs,200,66.74629996996373
29,2026-09-08T00:10:00.869656,1000,275,PUT,/jobs/001,200,99.66199996415526
29,2026-09-08T00:10:00.869656,1000,276,DELETE,/jobs/002,404,69.79380000848323
29,2026-09-08T00:10:00.869656,1000,277,POST,/jobs,201,112.70049994345754
29,2026-09-08T00:10:00.869656,1000,278,GET,/jobs,200,67.41280003916472
29,2026-09-08T00:10:00.869656,1000,279,POST,/jobs,201,112.98450001049787
29,2026-09-08T00:10:00.869656,1000,280,POST,/jobs,201,111.61179991904646
29,2026-09-08T00:10:00.869656,1000,281,GET,/jobs,200,70.41500008199364
29,2026-09-08T00:10:00.869656,1000,282,POST,/jobs,201,112.82989999745041
29,2026-09-08T00:10:00.869656,1000,283,POST,/jobs,201,112.43930005002767
29,2026-09-08T00:10:00.869656,1000,284,PUT,/jobs/002,404,115.22159993182868
29,2026-09-08T00:10:00.869656,1000,285,PUT,/jobs/1000,404,114.84289995860308
29,2026-09-08T00:10:00.869656,1000,286,POST,/jobs,201,112.55620000883937
29,2026-09-08T00:10:00.869656,1000,287,GET,/jobs/001,200,108.12109999824315
29,2026-09-08T00:10:00.869656,1000,288,PUT,/jobs/1000,404,113.2352000568062
29,2026-09-08T00:10:00.869656,1000,289,PUT,/jobs/1000,404,111.33500002324581
29,2026-09-08T00:10:00.869656,1000,290,GET,/jobs/1000,404,68.52369999978691
29,2026-09-08T00:10:00.869656,1000,291,DELETE,/jobs/1000,404,67.14940001256764
29,2026-09-08T00:10:00.869656,1000,292,PUT,/jobs/1000,404,109.82249991502613
29,2026-09-08T00:10:00.869656,1000,293,GET,/jobs,200,64.81340003665537
29,2026-09-08T00:10:00.869656,1000,294,POST,/jobs,201,112.16640006750822
29,2026-09-08T00:10:00.869656,1000,295,GET,/jobs/002,404,67.43630010169
29,2026-09-08T00:10:00.869656,1000,296,DELETE,/jobs/1000,404,67.6924999570474
29,2026-09-08T00:10:00.869656,1000,297,PUT,/jobs/002,404,110.3629000717774
29,2026-09-08T00:10:00.869656,1000,298,PUT,/jobs/1000,404,111.04889994021505
29,2026-09-08T00:10:00.869656,1000,299,GET,/jobs/1000,404,66.7319999774918
29,2026-09-08T00:10:00.869656,1000,300,PUT,/jobs/1000,404,110.6704999692738
29,2026-09-08T00:10:00.869656,1000,301,GET,/jobs/1000,404,66.53630000073463
29,2026-09-08T00:10:00.869656,1000,302,GET,/jobs,200,64.80030005332083
29,2026-09-08T00:10:00.869656,1000,303,POST,/jobs,201,112.03880002722144
29,2026-09-08T00:10:00.869656,1000,304,DELETE,/jobs/1000,404,61.59589998424053
29,2026-09-08T00:10:00.869656,1000,305,GET,/jobs,200,62.46330006979406
29,2026-09-08T00:10:00.869656,1000,306,GET,/jobs/1000,404,75.57330001145601
29,2026-09-08T00:10:00.869656,1000,307,POST,/jobs,201,105.45030003413558
29,2026-09-08T00:10:00.869656,1000,308,GET,/jobs/001,200,104.65049999766052
29,2026-09-08T00:10:00.869656,1000,309,GET,/jobs,200,67.33570003416389
29,2026-09-08T00:10:00.869656,1000,310,GET,/jobs,200,68.2718000607565
29,2026-09-08T00:10:00.869656,1000,311,GET,/jobs/002,404,76.04239997453988
29,2026-09-08T00:10:00.869656,1000,312,DELETE,/jobs/002,404,69.1576999379322
29,2026-09-08T00:10:00.869656,1000,313,PUT,/jobs/002,404,106.0943000484258
29,2026-09-08T00:10:00.869656,1000,314,DELETE,/jobs/002,404,69.72519995179027
29,2026-09-08T00:10:00.869656,1000,315,PUT,/jobs/002,404,109.4908999511972
29,2026-09-08T00:10:00.869656,1000,316,PUT,/jobs/001,200,106.46749997977167
29,2026-09-08T00:10:00.869656,1000,317,GET,/jobs/1000,404,74.67080000787973
29,2026-09-08T00:10:00.869656,1000,318,GET,/jobs,200,68.0618000915274
29,2026-09-08T00:10:00.869656,1000,319,GET,/jobs,200,64.4112000009045
29,2026-09-08T00:10:00.869656,1000,320,PUT,/jobs/001,200,101.05830000247806
29,2026-09-08T00:10:00.869656,1000,321,GET,/jobs/1000,404,73.62339994870126
29,2026-09-08T00:10:00.869656,1000,322,DELETE,/jobs/1000,404,74.08439996652305
29,2026-09-08T00:10:00.869656,1000,323,GET,/jobs,200,66.56119995750487
29,2026-09-08T00:10:00.869656,1000,324,DELETE,/jobs/002,404,74.22609999775887
29,2026-09-08T00:10:00.869656,1000,325,GET,/jobs,200,68.58319998718798
29,2026-09-08T00:10:00.869656,1000,326,PUT,/jobs/001,200,99.69209996052086
29,2026-09-08T00:10:00.869656,1000,327,PUT,/jobs/1000,404,101.87640006188303
29,2026-09-08T00:10:00.869656,1000,328,DELETE,/jobs/1000,404,72.8938999818638
29,2026-09-08T00:10:00.869656,1000,329,PUT,/jobs/1000,404,100.3288000356406
29,2026-09-08T00:10:00.869656,1000,330,DELETE,/jobs/1000,404,74.37499996740371
29,2026-09-08T00:10:00.869656,1000,331,DELETE,/jobs/1000,404,74.20819997787476
29,2026-09-08T00:10:00.869656,1000,332,GET,/jobs/1000,404,69.19990002643317
29,2026-09-08T00:10:00.869656,1000,333,PUT,/jobs/002,404,94.00930011179298
29,2026-09-08T00:10:00.869656,1000,334,POST,/jobs,201,93.55739993043244
29,2026-09-08T00:10:00.869656,1000,335,GET,/jobs/1000,404,73.73449997976422
29,2026-09-08T00:10:00.869656,1000,336,POST,/jobs,201,104.73959997761995
29,2026-09-08T00:10:00.869656,1000,337,DELETE,/jobs/1000,404,72.89850001689047
29,2026-09-08T00:10:00.869656,1000,338,GET,/jobs/002,404,73.7191999796778
29,2026-09-08T00:10:00.869656,1000,339,PUT,/jobs/001,200,106.48930002935231
29,2026-09-08T00:10:00.869656,1000,340,POST,/jobs,201,105.02390004694462
29,2026-09-08T00:10:00.869656,1000,341,POST,/jobs,201,105.33769999165088
29,2026-09-08T00:10:00.869656,1000,342,POST,/jobs,201,102.85530006513
29,2026-09-08T00:10:00.869656,1000,343,GET,/jobs,200,68.11250001192093
29,2026-09-08T00:10:00.869656,1000,344,GET,/jobs/001,200,116.62210000213236
29,2026-09-08T00:10:00.869656,1000,345,GET,/jobs/002,404,75.22320002317429
29,2026-09-08T00:10:00.869656,1000,346,GET,/jobs/1000,404,73.77350004389882
29,2026-09-08T00:10:00.869656,1000,347,GET,/jobs/001,200,117.17869993299246
29,2026-09-08T00:10:00.869656,1000,348,PUT,/jobs/002,404,107.30759997386485
29,2026-09-08T00:10:00.869656,1000,349,POST,/jobs,201,104.59849995095283
29,2026-09-08T00:10:00.869656,1000,350,PUT,/jobs/002,404,107.21490008290857
29,2026-09-08T00:10:00.869656,1000,351,GET,/jobs,200,64.13819990120828
29,2026-09-08T00:10:00.869656,1000,352,GET,/jobs/002,404,74.02240007650107
29,2026-09-08T00:10:00.869656,1000,353,PUT,/jobs/1000,404,107.8918999992311
29,2026-09-08T00:10:00.869656,1000,354,GET,/jobs,200,66.53770001139492
29,2026-09-08T00:10:00.869656,1000,355,DELETE,/jobs/1000,404,74.18319990392774
29,2026-09-08T00:10:00.869656,1000,356,PUT,/jobs/001,200,96.91039996687323
29,2026-09-08T00:10:00.869656,1000,357,POST,/jobs,201,96.80769999977201
29,2026-09-08T00:10:00.869656,1000,358,PUT,/jobs/002,404,97.23690000828356
29,2026-09-08T00:10:00.869656,1000,359,DELETE,/jobs/002,404,62.3632000060752
29,2026-09-08T00:10:00.869656,1000,360,PUT,/jobs/001,200,100.61229998245835
29,2026-09-08T00:10:00.869656,1000,361,POST,/jobs,201,105.73090007528663
29,2026-09-08T00:10:00.869656,1000,362,PUT,/jobs/001,200,101.18050000164658
29,2026-09-08T00:10:00.869656,1000,363,PUT,/jobs/002,404,107.10530006326735
29,2026-09-08T00:10:00.869656,1000,364,PUT,/jobs/1000,404,107.73399996105582
29,2026-09-08T00:10:00.869656,1000,365,GET,/jobs/002,404,72.85940006840974
29,2026-09-08T00:10:00.869656,1000,366,GET,/jobs/1000,404,72.01219990383834
29,2026-09-08T00:10:00.869656,1000,367,DELETE,/jobs/002,404,71.77429995499551
29,2026-09-08T00:10:00.869656,1000,368,PUT,/jobs/1000,404,109.11770001985133
29,2026-09-08T00:10:00.869656,1000,369,DELETE,/jobs/002,404,72.17790000140667
29,2026-09-08T00:10:00.869656,1000,370,GET,/jobs,200,69.11320006474853
29,2026-09-08T00:10:00.869656,1000,371,PUT,/jobs/001,200,107.2775999782607
29,2026-09-08T00:10:00.869656,1000,372,PUT,/jobs/001,200,107.48200002126396
29,2026-09-08T00:10:00.869656,1000,373,GET,/jobs,200,70.04789996426553
29,2026-09-08T00:10:00.869656,1000,374,POST,/jobs,201,98.15049997996539
29,2026-09-08T00:10:00.869656,1000,375,POST,/jobs,201,108.45629998948425
29,2026-09-08T00:10:00.869656,1000,376,PUT,/jobs/002,404,107.26990003604442
29,2026-09-08T00:10:00.869656,1000,377,POST,/jobs,201,99.59290002007037
29,2026-09-08T00:10:00.869656,1000,378,PUT,/jobs/002,404,108.20949997287244
29,2026-09-08T00:10:00.869656,1000,379,PUT,/jobs/002,404,107.73649998009205
29,2026-09-08T00:10:00.869656,1000,380,GET,/jobs,200,69.52110002748668
29,2026-09-08T00:10:00.869656,1000,381,PUT,/jobs/001,200,107.97820007428527
29,2026-09-08T00:10:00.869656,1000,382,DELETE,/jobs/002,404,72.07660004496574
29,2026-09-08T00:10:00.869656,1000,383,POST,/jobs,201,98.02629996556789
29,2026-09-08T00:10:00.869656,1000,384,GET,/jobs,200,68.94819997251034
29,2026-09-08T00:10:00.869656,1000,385,GET,/jobs,200,61.312700039707124
29,2026-09-08T00:10:00.869656,1000,386,GET,/jobs,200,61.58019998110831
29,2026-09-08T00:10:00.869656,1000,387,GET,/jobs/001,200,98.41869992669672
29,2026-09-08T00:10:00.869656,1000,388,GET,/jobs,200,66.24690000899136
29,2026-09-08T00:10:00.869656,1000,389,DELETE,/jobs/002,404,72.11320009082556
29,2026-09-08T00:10:00.869656,1000,390,GET,/jobs/001,200,111.5079999435693
29,2026-09-08T00:10:00.869656,1000,391,PUT,/jobs/1000,404,102.8392999432981
29,2026-09-08T00:10:00.869656,1000,392,GET,/jobs,200,68.59859998803586
29,2026-09-08T00:10:00.869656,1000,393,DELETE,/jobs/002,404,71.21749990619719
29,2026-09-08T00:10:00.869656,1000,394,PUT,/jobs/1000,404,111.60800000652671
29,2026-09-08T00:10:00.869656,1000,395,POST,/jobs,201,110.45550007838756
29,2026-09-08T00:10:00.869656,1000,396,POST,/jobs,201,103.86570007540286
29,2026-09-08T00:10:00.869656,1000,397,DELETE,/jobs/002,404,71.37719995807856
29,2026-09-08T00:10:00.869656,1000,398,GET,/jobs/002,404,70.84300008136779
29,2026-09-08T00:10:00.869656,1000,399,GET,/jobs,200,69.66799998190254
29,2026-09-08T00:10:00.869656,1000,400,DELETE,/jobs/002,404,71.52620004490018
29,2026-09-08T00:10:00.869656,1000,401,POST,/jobs,201,111.15320003591478
29,2026-09-08T00:10:00.869656,1000,402,PUT,/jobs/002,404,114.67639997135848
29,2026-09-08T00:10:00.869656,1000,403,GET,/jobs/001,200,113.10700001195073
29,2026-09-08T00:10:00.869656,1000,404,DELETE,/jobs/002,404,72.35789997503161
29,2026-09-08T00:10:00.869656,1000,405,GET,/jobs,200,69.65339998714626
29,2026-09-08T00:10:00.869656,1000,406,POST,/jobs,201,110.82199995871633
29,2026-09-08T00:10:00.869656,1000,407,DELETE,/jobs/002,404,72.49639998190105
29,2026-09-08T00:10:00.869656,1000,408,DELETE,/jobs/002,404,72.60650000534952
29,2026-09-08T00:10:00.869656,1000,409,POST,/jobs,201,111.3648999016732
29,2026-09-08T00:10:00.869656,1000,410,PUT,/jobs/1000,404,103.92649995628744
29,2026-09-08T00:10:00.869656,1000,411,POST,/jobs,201,112.60929994750768
29,2026-09-08T00:10:00.869656,1000,412,DELETE,/jobs/1000,404,74.96909995097667
29,2026-09-08T00:10:00.869656,1000,413,GET,/jobs,200,72.46230007149279
29,2026-09-08T00:10:00.869656,1000,414,PUT,/jobs/002,404,108.73480001464486
29,2026-09-08T00:10:00.869656,1000,415,GET,/jobs,200,69.4016000488773
29,2026-09-08T00:10:00.869656,1000,416,PUT,/jobs/002,404,108.45840000547469
29,2026-09-08T00:10:00.869656,1000,417,PUT,/jobs/1000,404,104.5608000131324
29,2026-09-08T00:10:00.869656,1000,418,GET,/jobs/002,404,71.00590004120022
29,2026-09-08T00:10:00.869656,1000,419,GET,/jobs/1000,404,74.190599960275
29,2026-09-08T00:10:00.869656,1000,420,DELETE,/jobs/1000,404,74.0800000494346
29,2026-09-08T00:10:00.869656,1000,421,DELETE,/jobs/1000,404,74.94299998506904
29,2026-09-08T00:10:00.869656,1000,422,PUT,/jobs/002,404,101.83139995206147
29,2026-09-08T00:10:00.869656,1000,423,DELETE,/jobs/1000,404,65.77949994243681
29,2026-09-08T00:10:00.869656,1000,424,POST,/jobs,201,105.35500000696629
29,2026-09-08T00:10:00.869656,1000,425,GET,/jobs/001,200,107.00209997594357
29,2026-09-08T00:10:00.869656,1000,426,POST,/jobs,201,106.56300000846386
29,2026-09-08T00:10:00.869656,1000,427,GET,/jobs/002,404,66.13139994442463
29,2026-09-08T00:10:00.869656,1000,428,DELETE,/jobs/1000,404,68.81409999914467
29,2026-09-08T00:10:00.869656,1000,429,POST,/jobs,201,111.7894999915734
29,2026-09-08T00:10:00.869656,1000,430,PUT,/jobs/002,404,113.17130003590137
29,2026-09-08T00:10:00.869656,1000,431,GET,/jobs/002,404,68.59509996138513
29,2026-09-08T00:10:00.869656,1000,432,GET,/jobs/002,404,67.86439998541027
29,2026-09-08T00:10:00.869656,1000,433,POST,/jobs,201,113.5020999936387
29,2026-09-08T00:10:00.869656,1000,434,POST,/jobs,201,112.05120000522584
29,2026-09-08T00:10:00.869656,1000,435,POST,/jobs,201,102.61259996332228
29,2026-09-08T00:10:00.869656,1000,436,GET,/jobs,200,63.740900019183755
29,2026-09-08T00:10:00.869656,1000,437,DELETE,/jobs/002,404,68.60950007103384
29,2026-09-08T00:10:00.869656,1000,438,GET,/jobs,200,66.941799945198
29,2026-09-08T00:10:00.869656,1000,439,GET,/jobs/1000,404,68.85539996437728
29,2026-09-08T00:10:00.869656,1000,440,PUT,/jobs/002,404,111.93879996426404
29,2026-09-08T00:10:00.869656,1000,441,DELETE,/jobs/002,404,68.98850004654378
29,2026-09-08T00:10:00.869656,1000,442,PUT,/jobs/1000,404,112.56759997922927
29,2026-09-08T00:10:00.869656,1000,443,PUT,/jobs/002,404,111.55219993088394
29,2026-09-08T00:10:00.869656,1000,444,GET,/jobs,200,69.76339989341795
29,2026-09-08T00:10:00.869656,1000,445,GET,/jobs,200,65.96740009263158
29,2026-09-08T00:10:00.869656,1000,446,POST,/jobs,201,120.02579995896667
29,2026-09-08T00:10:00.869656,1000,447,PUT,/jobs/1000,404,120.325299911201
29,2026-09-08T00:10:00.869656,1000,448,GET,/jobs/002,404,77.42270000744611
29,2026-09-08T00:10:00.869656,1000,449,DELETE,/jobs/1000,404,77.77749991510063
29,2026-09-08T00:10:00.869656,1000,450,PUT,/jobs/1000,404,120.51839998457581
29,2026-09-08T00:10:00.869656,1000,451,DELETE,/jobs/1000,404,77.17669999692589
29,2026-09-08T00:10:00.869656,1000,452,PUT,/jobs/1000,404,111.64140002802014
29,2026-09-08T00:10:00.869656,1000,453,DELETE,/jobs/1000,404,76.91500009968877
29,2026-09-08T00:10:00.869656,1000,454,POST,/jobs,201,112.16090002562851
29,2026-09-08T00:10:00.869656,1000,455,PUT,/jobs/002,404,119.2582999356091
29,2026-09-08T00:10:00.869656,1000,456,POST,/jobs,201,119.65679994318634
29,2026-09-08T00:10:00.869656,1000,457,GET,/jobs/001,200,122.74450005497783
29,2026-09-08T00:10:00.869656,1000,458,GET,/jobs/002,404,80.02580003812909
29,2026-09-08T00:10:00.869656,1000,459,GET,/jobs,200,72.99680006690323
29,2026-09-08T00:10:00.869656,1000,460,DELETE,/jobs/002,404,79.83980001881719
29,2026-09-08T00:10:00.869656,1000,461,GET,/jobs/001,200,128.77779989503324
29,2026-09-08T00:10:00.869656,1000,462,PUT,/jobs/002,404,116.05999991297722
29,2026-09-08T00:10:00.869656,1000,463,DELETE,/jobs/1000,404,78.60589993651956
29,2026-09-08T00:10:00.869656,1000,464,GET,/jobs,200,73.37340002413839
29,2026-09-08T00:10:00.869656,1000,465,GET,/jobs/002,404,81.62229997105896
29,2026-09-08T00:10:00.869656,1000,466,GET,/jobs/002,404,80.92239999677986
29,2026-09-08T00:10:00.869656,1000,467,GET,/jobs/002,404,81.43579994793981
29,2026-09-08T00:10:00.869656,1000,468,GET,/jobs,200,77.79490004759282
29,2026-09-08T00:10:00.869656,1000,469,DELETE,/jobs/002,404,81.79710002150387
29,2026-09-08T00:10:00.869656,1000,470,POST,/jobs,201,109.03839999809861
29,2026-09-08T00:10:00.869656,1000,471,GET,/jobs,200,72.91660003829747
29,2026-09-08T00:10:00.869656,1000,472,DELETE,/jobs/1000,404,74.7927000047639
29,2026-09-08T00:10:00.869656,1000,473,GET,/jobs/1000,404,75.05809993017465
29,2026-09-08T00:10:00.869656,1000,474,PUT,/jobs/001,200,112.99159994814545
29,2026-09-08T00:10:00.869656,1000,475,GET,/jobs,200,70.70030004251748
29,2026-09-08T00:10:00.869656,1000,476,DELETE,/jobs/1000,404,69.96539991814643
29,2026-09-08T00:10:00.869656,1000,477,PUT,/jobs/002,404,113.20230003912002
29,2026-09-08T00:10:00.869656,1000,478,PUT,/jobs/002,404,111.84139992110431
29,2026-09-08T00:10:00.869656,1000,479,GET,/jobs/001,200,120.083799934946
29,2026-09-08T00:10:00.869656,1000,480,POST,/jobs,201,117.47990001458675
29,2026-09-08T00:10:00.869656,1000,481,PUT,/jobs/001,200,117.94130003545433
29,2026-09-08T00:10:00.869656,1000,482,GET,/jobs,200,77.54620001651347
29,2026-09-08T00:10:00.869656,1000,483,PUT,/jobs/002,404,112.6957000233233
29,2026-09-08T00:10:00.869656,1000,484,GET,/jobs,200,76.41450001392514
29,2026-09-08T00:10:00.869656,1000,485,DELETE,/jobs/002,404,86.75879996735603
29,2026-09-08T00:10:00.869656,1000,486,GET,/jobs/001,200,118.90020000282675
29,2026-09-08T00:10:00.869656,1000,487,DELETE,/jobs/1000,404,80.57200000621378
29,2026-09-08T00:10:00.869656,1000,488,GET,/jobs,200,77.05099997110665
29,2026-09-08T00:10:00.869656,1000,489,GET,/jobs/001,200,119.81260008178651
29,2026-09-08T00:10:00.869656,1000,490,DELETE,/jobs/1000,404,76.84400002472103
29,2026-09-08T00:10:00.869656,1000,491,DELETE,/jobs/002,404,77.11730001028627
29,2026-09-08T00:10:00.869656,1000,492,DELETE,/jobs/1000,404,77.42520002648234
29,2026-09-08T00:10:00.869656,1000,493,PUT,/jobs/002,404,118.54159994982183
29,2026-09-08T00:10:00.869656,1000,494,POST,/jobs,201,118.13439999241382
29,2026-09-08T00:10:00.869656,1000,495,DELETE,/jobs/1000,404,78.28069990500808
29,2026-09-08T00:10:00.869656,1000,496,POST,/jobs,201,117.81119997613132
29,2026-09-08T00:10:00.869656,1000,497,DELETE,/jobs/002,404,77.61609996668994
29,2026-09-08T00:10:00.869656,1000,498,DELETE,/jobs/002,404,77.95549998991191
29,2026-09-08T00:10:00.869656,1000,499,GET,/jobs/1000,404,81.42029994633049
29,2026-09-08T00:10:00.869656,1000,500,GET,/jobs/002,404,81.96159999351948
29,2026-09-08T00:10:00.869656,1000,501,GET,/jobs,200,80.88619995396584
29,2026-09-08T00:10:00.869656,1000,502,GET,/jobs/001,200,123.37209994439036
29,2026-09-08T00:10:00.869656,1000,503,GET,/jobs/1000,404,81.19860000442713
29,2026-09-08T00:10:00.869656,1000,504,GET,/jobs,200,72.294200072065
29,2026-09-08T00:10:00.869656,1000,505,GET,/jobs/001,200,123.51699999999255
29,2026-09-08T00:10:00.869656,1000,506,PUT,/jobs/002,404,109.12959999404848
29,2026-09-08T00:10:00.869656,1000,507,DELETE,/jobs/1000,404,81.01460000034422
29,2026-09-08T00:10:00.869656,1000,508,POST,/jobs,201,112.09690000396222
29,2026-09-08T00:10:00.869656,1000,509,GET,/jobs/002,404,71.87700003851205
29,2026-09-08T00:10:00.869656,1000,510,POST,/jobs,201,115.09410000871867
29,2026-09-08T00:10:00.869656,1000,511,PUT,/jobs/001,200,114.00529998354614
29,2026-09-08T00:10:00.869656,1000,512,GET,/jobs/002,404,72.22700002603233
29,2026-09-08T00:10:00.869656,1000,513,DELETE,/jobs/002,404,72.73080002050847
29,2026-09-08T00:10:00.869656,1000,514,PUT,/jobs/001,200,115.78689992893487
29,2026-09-08T00:10:00.869656,1000,515,DELETE,/jobs/002,404,78.08590005151927
29,2026-09-08T00:10:00.869656,1000,516,GET,/jobs/002,404,78.70549999643117
29,2026-09-08T00:10:00.869656,1000,517,GET,/jobs/001,200,122.32949992176145
29,2026-09-08T00:10:00.869656,1000,518,GET,/jobs,200,76.67579990811646
29,2026-09-08T00:10:00.869656,1000,519,GET,/jobs/002,404,76.61939994432032
29,2026-09-08T00:10:00.869656,1000,520,DELETE,/jobs/1000,404,79.54110007267445
29,2026-09-08T00:10:00.869656,1000,521,PUT,/jobs/001,200,113.94660000223666
29,2026-09-08T00:10:00.869656,1000,522,PUT,/jobs/1000,404,120.70169998332858
29,2026-09-08T00:10:00.869656,1000,523,POST,/jobs,201,110.48399994615465
29,2026-09-08T00:10:00.869656,1000,524,PUT,/jobs/002,404,119.32649998925626
29,2026-09-08T00:10:00.869656,1000,525,DELETE,/jobs/1000,404,78.21609999518842
29,2026-09-08T00:10:00.869656,1000,526,PUT,/jobs/001,200,119.72690001130104
29,2026-09-08T00:10:00.869656,1000,527,DELETE,/jobs/002,404,78.0127999605611
29,2026-09-08T00:10:00.869656,1000,528,PUT,/jobs/1000,404,110.6058000586927
29,2026-09-08T00:10:00.869656,1000,529,POST,/jobs,201,121.23349995817989
29,2026-09-08T00:10:00.869656,1000,530,POST,/jobs,201,121.56490003690124
29,2026-09-08T00:10:00.869656,1000,531,GET,/jobs,200,75.80160000361502
29,2026-09-08T00:10:00.869656,1000,532,GET,/jobs/1000,404,78.07650009635836
29,2026-09-08T00:10:00.869656,1000,533,DELETE,/jobs/002,404,74.67630004975945
29,2026-09-08T00:10:00.869656,1000,534,POST,/jobs,201,108.49529993720353
29,2026-09-08T00:10:00.869656,1000,535,GET,/jobs,200,65.66199997905642
29,2026-09-08T00:10:00.869656,1000,536,GET,/jobs/002,404,74.97830002103001
29,2026-09-08T00:10:00.869656,1000,537,DELETE,/jobs/1000,404,65.35679998341948
29,2026-09-08T00:10:00.869656,1000,538,POST,/jobs,201,113.6635000584647
29,2026-09-08T00:10:00.869656,1000,539,DELETE,/jobs/1000,404,74.62729990947992
29,2026-09-08T00:10:00.869656,1000,540,PUT,/jobs/001,200,113.8867000117898
29,2026-09-08T00:10:00.869656,1000,541,PUT,/jobs/002,404,115.39080005604774
29,2026-09-08T00:10:00.869656,1000,542,PUT,/jobs/002,404,122.88560008164495
29,2026-09-08T00:10:00.869656,1000,543,POST,/jobs,201,114.96329994406551
29,2026-09-08T00:10:00.869656,1000,544,GET,/jobs,200,75.07909997366369
29,2026-09-08T00:10:00.869656,1000,545,GET,/jobs/002,404,74.51400009449571
29,2026-09-08T00:10:00.869656,1000,546,PUT,/jobs/1000,404,118.97670000325888
29,2026-09-08T00:10:00.869656,1000,547,PUT,/jobs/002,404,120.44269999023527
29,2026-09-08T00:10:00.869656,1000,548,PUT,/jobs/1000,404,120.76499999966472
29,2026-09-08T00:10:00.869656,1000,549,GET,/jobs,200,71.1250000167638
29,2026-09-08T00:10:00.869656,1000,550,PUT,/jobs/001,200,119.42510004155338
29,2026-09-08T00:10:00.869656,1000,551,POST,/jobs,201,121.63690000306815
29,2026-09-08T00:10:00.869656,1000,552,POST,/jobs,201,121.93140003364533
29,2026-09-08T00:10:00.869656,1000,553,PUT,/jobs/1000,404,119.85949997324497
29,2026-09-08T00:10:00.869656,1000,554,GET,/jobs,200,75.72710001841187
29,2026-09-08T00:10:00.869656,1000,555,DELETE,/jobs/1000,404,78.33649998065084
29,2026-09-08T00:10:00.869656,1000,556,PUT,/jobs/001,200,119.97750005684793
29,2026-09-08T00:10:00.869656,1000,557,GET,/jobs/1000,404,78.66680005099624
29,2026-09-08T00:10:00.869656,1000,558,POST,/jobs,201,121.19810003787279
29,2026-09-08T00:10:00.869656,1000,559,PUT,/jobs/1000,404,122.47109995223582
29,2026-09-08T00:10:00.869656,1000,560,PUT,/jobs/001,200,127.9849000275135
29,2026-09-08T00:10:00.869656,1000,561,GET,/jobs/002,404,75.78950002789497
29,2026-09-08T00:10:00.869656,1000,562,DELETE,/jobs/002,404,78.32069997675717
29,2026-09-08T00:10:00.869656,1000,563,POST,/jobs,201,121.31779990158975
29,2026-09-08T00:10:00.869656,1000,564,PUT,/jobs/001,200,119.60229999385774
29,2026-09-08T00:10:00.869656,1000,565,GET,/jobs,200,69.22229996416718
29,2026-09-08T00:10:00.869656,1000,566,DELETE,/jobs/002,404,69.82740003149956
29,2026-09-08T00:10:00.869656,1000,567,GET,/jobs/002,404,81.30560000427067
29,2026-09-08T00:10:00.869656,1000,568,DELETE,/jobs/002,404,82.20609999261796
29,2026-09-08T00:10:00.869656,1000,569,DELETE,/jobs/1000,404,80.92169999144971
29,2026-09-08T00:10:00.869656,1000,570,GET,/jobs,200,78.61409999895841
29,2026-09-08T00:10:00.869656,1000,571,GET,/jobs/001,200,126.80660001933575
29,2026-09-08T00:10:00.869656,1000,572,PUT,/jobs/001,200,115.72809994686395
29,2026-09-08T00:10:00.869656,1000,573,GET,/jobs/002,404,79.91860003676265
29,2026-09-08T00:10:00.869656,1000,574,POST,/jobs,201,115.44810002669692
29,2026-09-08T00:10:00.869656,1000,575,POST,/jobs,201,124.51769993640482
29,2026-09-08T00:10:00.869656,1000,576,PUT,/jobs/002,404,117.6712999586016
29,2026-09-08T00:10:00.869656,1000,577,GET,/jobs/002,404,89.16109998244792
29,2026-09-08T00:10:00.869656,1000,578,DELETE,/jobs/002,404,80.96980000846088
29,2026-09-08T00:10:00.869656,1000,579,PUT,/jobs/001,200,125.64129999373108
29,2026-09-08T00:10:00.869656,1000,580,DELETE,/jobs/002,404,88.55909993872046
29,2026-09-08T00:10:00.869656,1000,581,GET,/jobs,200,75.5133000202477
29,2026-09-08T00:10:00.869656,1000,582,POST,/jobs,201,123.94319998566061
29,2026-09-08T00:10:00.869656,1000,583,PUT,/jobs/002,404,124.22050000168383
29,2026-09-08T00:10:00.869656,1000,584,DELETE,/jobs/1000,404,88.80460006184876
29,2026-09-08T00:10:00.869656,1000,585,GET,/jobs,200,75.74150001164526
29,2026-09-08T00:10:00.869656,1000,586,POST,/jobs,201,120.28539995662868
29,2026-09-08T00:10:00.869656,1000,587,POST,/jobs,201,125.40340004488826
29,2026-09-08T00:10:00.869656,1000,588,DELETE,/jobs/1000,404,79.58340004552156
29,2026-09-08T00:10:00.869656,1000,589,GET,/jobs/002,404,80.77120000962168
29,2026-09-08T00:10:00.869656,1000,590,DELETE,/jobs/1000,404,78.16679996903986
29,2026-09-08T00:10:00.869656,1000,591,POST,/jobs,201,121.81560008320957
29,2026-09-08T00:10:00.869656,1000,592,DELETE,/jobs/1000,404,80.33879997674376
29,2026-09-08T00:10:00.869656,1000,593,PUT,/jobs/002,404,121.4254000224173
29,2026-09-08T00:10:00.869656,1000,594,GET,/jobs/1000,404,78.34170002024621
29,2026-09-08T00:10:00.869656,1000,595,GET,/jobs/1000,404,78.8088000845164
29,2026-09-08T00:10:00.869656,1000,596,PUT,/jobs/001,200,121.97909993119538
29,2026-09-08T00:10:00.869656,1000,597,PUT,/jobs/001,200,121.5861999662593
29,2026-09-08T00:10:00.869656,1000,598,POST,/jobs,201,113.7427999638021
29,2026-09-08T00:10:00.869656,1000,599,PUT,/jobs/1000,404,113.57679998036474
29,2026-09-08T00:10:00.869656,1000,600,PUT,/jobs/002,404,118.98390005808324
29,2026-09-08T00:10:00.869656,1000,601,GET,/jobs/002,404,82.50210003461689
29,2026-09-08T00:10:00.869656,1000,602,GET,/jobs,200,73.33889999426901
29,2026-09-08T00:10:00.869656,1000,603,GET,/jobs/1000,404,72.94039998669177
29,2026-09-08T00:10:00.869656,1000,604,DELETE,/jobs/1000,404,83.44669989310205
29,2026-09-08T00:10:00.869656,1000,605,GET,/jobs,200,81.99629990849644
29,2026-09-08T00:10:00.869656,1000,606,PUT,/jobs/001,200,118.50600002799183
29,2026-09-08T00:10:00.869656,1000,607,DELETE,/jobs/1000,404,82.88660005200654
29,2026-09-08T00:10:00.869656,1000,608,GET,/jobs,200,79.27989994641393
29,2026-09-08T00:10:00.869656,1000,609,GET,/jobs/002,404,83.81770004052669
29,2026-09-08T00:10:00.869656,1000,610,GET,/jobs/001,200,128.1528000254184
29,2026-09-08T00:10:00.869656,1000,611,PUT,/jobs/002,404,125.51319994963706
29,2026-09-08T00:10:00.869656,1000,612,POST,/jobs,201,126.77049997728318
29,2026-09-08T00:10:00.869656,1000,613,PUT,/jobs/1000,404,123.45230008941144
29,2026-09-08T00:10:00.869656,1000,614,GET,/jobs,200,81.21420000679791
29,2026-09-08T00:10:00.869656,1000,615,POST,/jobs,201,125.82339998334646
29,2026-09-08T00:10:00.869656,1000,616,DELETE,/jobs/1000,404,84.24090000335127
29,2026-09-08T00:10:00.869656,1000,617,POST,/jobs,201,126.69549998827279
29,2026-09-08T00:10:00.869656,1000,618,PUT,/jobs/1000,404,126.07140000909567
29,2026-09-08T00:10:00.869656,1000,619,GET,/jobs,200,80.65099990926683
29,2026-09-08T00:10:00.869656,1000,620,DELETE,/jobs/002,404,83.46810005605221
29,2026-09-08T00:10:00.869656,1000,621,GET,/jobs/1000,404,82.65450003091246
29,2026-09-08T00:10:00.869656,1000,622,POST,/jobs,201,116.4485999615863
29,2026-09-08T00:10:00.869656,1000,623,GET,/jobs,200,78.40350002516061
29,2026-09-08T00:10:00.869656,1000,624,PUT,/jobs/001,200,121.63479998707771
29,2026-09-08T00:10:00.869656,1000,625,GET,/jobs,200,80.89580002706498
29,2026-09-08T00:10:00.869656,1000,626,PUT,/jobs/001,200,123.94730001688004
29,2026-09-08T00:10:00.869656,1000,627,POST,/jobs,201,124.87079994753003
29,2026-09-08T00:10:00.869656,1000,628,GET,/jobs,200,73.24289996176958
29,2026-09-08T00:10:00.869656,1000,629,POST,/jobs,201,114.7815000731498
29,2026-09-08T00:10:00.869656,1000,630,GET,/jobs,200,73.45170003827661
29,2026-09-08T00:10:00.869656,1000,631,POST,/jobs,201,114.95029996149242
29,2026-09-08T00:10:00.869656,1000,632,POST,/jobs,201,116.37870001140982
29,2026-09-08T00:10:00.869656,1000,633,GET,/jobs/001,200,120.6523000728339
29,2026-09-08T00:10:00.869656,1000,634,DELETE,/jobs/1000,404,79.55559995025396
29,2026-09-08T00:10:00.869656,1000,635,DELETE,/jobs/002,404,82.89329998660833
29,2026-09-08T00:10:00.869656,1000,636,GET,/jobs/001,200,115.93299999367446
29,2026-09-08T00:10:00.869656,1000,637,GET,/jobs,200,81.36740000918508
29,2026-09-08T00:10:00.869656,1000,638,DELETE,/jobs/1000,404,84.18410003650934
29,2026-09-08T00:10:00.869656,1000,639,DELETE,/jobs/002,404,86.84649993665516
29,2026-09-08T00:10:00.869656,1000,640,PUT,/jobs/1000,404,118.76139999367297
29,2026-09-08T00:10:00.869656,1000,641,GET,/jobs/001,200,118.16650000400841
29,2026-09-08T00:10:00.869656,1000,642,PUT,/jobs/1000,404,118.4752999106422
29,2026-09-08T00:10:00.869656,1000,643,POST,/jobs,201,115.71380007080734
29,2026-09-08T00:10:00.869656,1000,644,POST,/jobs,201,116.0621999297291
29,2026-09-08T00:10:00.869656,1000,645,GET,/jobs,200,83.64490000531077
29,2026-09-08T00:10:00.869656,1000,646,PUT,/jobs/002,404,116.30940006580204
29,2026-09-08T00:10:00.869656,1000,647,DELETE,/jobs/002,404,86.7081000469625
29,2026-09-08T00:10:00.869656,1000,648,GET,/jobs,200,81.12400001846254
29,2026-09-08T00:10:00.869656,1000,649,PUT,/jobs/002,404,106.5171998925507
29,2026-09-08T00:10:00.869656,1000,650,DELETE,/jobs/1000,404,78.8687999593094
29,2026-09-08T00:10:00.869656,1000,651,PUT,/jobs/1000,404,114.2131999367848
29,2026-09-08T00:10:00.869656,1000,652,POST,/jobs,201,113.8243000023067
29,2026-09-08T00:10:00.869656,1000,653,POST,/jobs,201,111.07959994114935
29,2026-09-08T00:10:00.869656,1000,654,PUT,/jobs/002,404,107.46139998082072
29,2026-09-08T00:10:00.869656,1000,655,GET,/jobs,200,74.46080003865063
29,2026-09-08T00:10:00.869656,1000,656,GET,/jobs/002,404,77.37620000261813
29,2026-09-08T00:10:00.869656,1000,657,DELETE,/jobs/1000,404,73.28390004113317
29,2026-09-08T00:10:00.869656,1000,658,DELETE,/jobs/1000,404,73.95650004036725
29,2026-09-08T00:10:00.869656,1000,659,POST,/jobs,201,105.49230000469834
29,2026-09-08T00:10:00.869656,1000,660,PUT,/jobs/002,404,114.4810999976471
29,2026-09-08T00:10:00.869656,1000,661,GET,/jobs,200,68.14500002656132
29,2026-09-08T00:10:00.869656,1000,662,DELETE,/jobs/002,404,73.11400002799928
29,2026-09-08T00:10:00.869656,1000,663,DELETE,/jobs/1000,404,74.28549998439848
29,2026-09-08T00:10:00.869656,1000,664,POST,/jobs,201,114.82390004675835
29,2026-09-08T00:10:00.869656,1000,665,GET,/jobs/1000,404,73.46230000257492
29,2026-09-08T00:10:00.869656,1000,666,POST,/jobs,201,106.61360004451126
29,2026-09-08T00:10:00.869656,1000,667,GET,/jobs/1000,404,72.91539991274476
29,2026-09-08T00:10:00.869656,1000,668,POST,/jobs,201,108.57160005252808
29,2026-09-08T00:10:00.869656,1000,669,GET,/jobs/1000,404,69.59299999289215
29,2026-09-08T00:10:00.869656,1000,670,GET,/jobs,200,66.38939992990345
29,2026-09-08T00:10:00.869656,1000,671,GET,/jobs,200,66.65749999228865
29,2026-09-08T00:10:00.869656,1000,672,POST,/jobs,201,109.85830007120967
29,2026-09-08T00:10:00.869656,1000,673,PUT,/jobs/001,200,108.49549993872643
29,2026-09-08T00:10:00.869656,1000,674,DELETE,/jobs/1000,404,69.07119997777045
29,2026-09-08T00:10:00.869656,1000,675,GET,/jobs/001,200,111.64929997175932
29,2026-09-08T00:10:00.869656,1000,676,POST,/jobs,201,109.4441000605002
29,2026-09-08T00:10:00.869656,1000,677,PUT,/jobs/001,200,109.68229989521205
29,2026-09-08T00:10:00.869656,1000,678,GET,/jobs/001,200,110.80279992893338
29,2026-09-08T00:10:00.869656,1000,679,DELETE,/jobs/1000,404,69.33590001426637
29,2026-09-08T00:10:00.869656,1000,680,DELETE,/jobs/1000,404,69.75159991998225
29,2026-09-08T00:10:00.869656,1000,681,GET,/jobs/002,404,69.50699992012233
29,2026-09-08T00:10:00.869656,1000,682,PUT,/jobs/002,404,108.54449996259063
29,2026-09-08T00:10:00.869656,1000,683,POST,/jobs,201,109.7223999677226
29,2026-09-08T00:10:00.869656,1000,684,GET,/jobs,200,60.86470000445843
29,2026-09-08T00:10:00.869656,1000,685,PUT,/jobs/001,200,101.76739993039519
29,2026-09-08T00:10:00.869656,1000,686,GET,/jobs/001,200,113.40439994819462
29,2026-09-08T00:10:00.869656,1000,687,PUT,/jobs/1000,404,102.15559997595847
29,2026-09-08T00:10:00.869656,1000,688,POST,/jobs,201,113.83469996508211
29,2026-09-08T00:10:00.869656,1000,689,PUT,/jobs/001,200,107.44580009486526
29,2026-09-08T00:10:00.869656,1000,690,POST,/jobs,201,104.97039998881519
29,2026-09-08T00:10:00.869656,1000,691,GET,/jobs,200,64.53510001301765
29,2026-09-08T00:10:00.869656,1000,692,PUT,/jobs/002,404,107.67189995385706
29,2026-09-08T00:10:00.869656,1000,693,POST,/jobs,201,114.917500060983
29,2026-09-08T00:10:00.869656,1000,694,PUT,/jobs/1000,404,106.44630005117506
29,2026-09-08T00:10:00.869656,1000,695,POST,/jobs,201,114.49880001600832
29,2026-09-08T00:10:00.869656,1000,696,GET,/jobs/002,404,76.76329999230802
29,2026-09-08T00:10:00.869656,1000,697,GET,/jobs,200,75.68759995047003
29,2026-09-08T00:10:00.869656,1000,698,DELETE,/jobs/1000,404,80.20670001860708
29,2026-09-08T00:10:00.869656,1000,699,DELETE,/jobs/002,404,80.41210006922483
29,2026-09-08T00:10:00.869656,1000,700,GET,/jobs,200,75.95000008586794
29,2026-09-08T00:10:00.869656,1000,701,PUT,/jobs/1000,404,117.96549998689443
29,2026-09-08T00:10:00.869656,1000,702,POST,/jobs,201,108.85349998716265
29,2026-09-08T00:10:00.869656,1000,703,PUT,/jobs/001,200,116.63589999079704
29,2026-09-08T00:10:00.869656,1000,704,GET,/jobs/001,200,118.51729999762028
29,2026-09-08T00:10:00.869656,1000,705,GET,/jobs,200,76.20999997016042
29,2026-09-08T00:10:00.869656,1000,706,POST,/jobs,201,113.20330004673451
29,2026-09-08T00:10:00.869656,1000,707,GET,/jobs,200,68.4549999423325
29,2026-09-08T00:10:00.869656,1000,708,GET,/jobs,200,68.12459998764098
29,2026-09-08T00:10:00.869656,1000,709,GET,/jobs/1000,404,69.6971999714151
29,2026-09-08T00:10:00.869656,1000,710,GET,/jobs/002,404,70.0407000258565
29,2026-09-08T00:10:00.869656,1000,711,PUT,/jobs/002,404,112.5910000409931
29,2026-09-08T00:10:00.869656,1000,712,DELETE,/jobs/1000,404,70.38149994332343
29,2026-09-08T00:10:00.869656,1000,713,DELETE,/jobs/002,404,68.3392999926582
29,2026-09-08T00:10:00.869656,1000,714,PUT,/jobs/1000,404,105.59419996570796
29,2026-09-08T00:10:00.869656,1000,715,GET,/jobs,200,68.28750006388873
29,2026-09-08T00:10:00.869656,1000,716,PUT,/jobs/1000,404,113.39589999988675
29,2026-09-08T00:10:00.869656,1000,717,PUT,/jobs/002,404,117.07090004347265
29,2026-09-08T00:10:00.869656,1000,718,GET,/jobs,200,64.18159999884665
29,2026-09-08T00:10:00.869656,1000,719,POST,/jobs,201,107.91470005642623
29,2026-09-08T00:10:00.869656,1000,720,PUT,/jobs/002,404,115.80419994425029
29,2026-09-08T00:10:00.869656,1000,721,GET,/jobs/002,404,79.49320005718619
29,2026-09-08T00:10:00.869656,1000,722,GET,/jobs,200,76.98220002930611
29,2026-09-08T00:10:00.869656,1000,723,POST,/jobs,201,127.62909999582916
29,2026-09-08T00:10:00.869656,1000,724,POST,/jobs,201,127.78340000659227
29,2026-09-08T00:10:00.869656,1000,725,PUT,/jobs/002,404,126.77450000774115
29,2026-09-08T00:10:00.869656,1000,726,GET,/jobs/001,200,127.23220000043511
29,2026-09-08T00:10:00.869656,1000,727,PUT,/jobs/001,200,126.97600002866238
29,2026-09-08T00:10:00.869656,1000,728,GET,/jobs/1000,404,78.99819989688694
29,2026-09-08T00:10:00.869656,1000,729,DELETE,/jobs/002,404,79.60439997259527
29,2026-09-08T00:10:00.869656,1000,730,GET,/jobs,200,78.73850001487881
29,2026-09-08T00:10:00.869656,1000,731,POST,/jobs,201,121.20239995419979
29,2026-09-08T00:10:00.869656,1000,732,GET,/jobs/1000,404,76.81190001312643
29,2026-09-08T00:10:00.869656,1000,733,GET,/jobs/001,200,127.72790004964918
29,2026-09-08T00:10:00.869656,1000,734,DELETE,/jobs/002,404,77.51179998740554
29,2026-09-08T00:10:00.869656,1000,735,DELETE,/jobs/002,404,77.06949999555945
29,2026-09-08T00:10:00.869656,1000,736,GET,/jobs/002,404,77.30650005396456
29,2026-09-08T00:10:00.869656,1000,737,GET,/jobs/1000,404,77.68529991153628
29,2026-09-08T00:10:00.869656,1000,738,GET,/jobs,200,75.04649995826185
29,2026-09-08T00:10:00.869656,1000,739,POST,/jobs,201,115.9080999204889
29,2026-09-08T00:10:00.869656,1000,740,GET,/jobs/001,200,127.39959999453276
29,2026-09-08T00:10:00.869656,1000,741,DELETE,/jobs/1000,404,77.8957000002265
29,2026-09-08T00:10:00.869656,1000,742,GET,/jobs/001,200,129.90539998281747
29,2026-09-08T00:10:00.869656,1000,743,GET,/jobs,200,78.5223999992013
29,2026-09-08T00:10:00.869656,1000,744,GET,/jobs/001,200,129.56209992989898
29,2026-09-08T00:10:00.869656,1000,745,POST,/jobs,201,120.26170000899583
29,2026-09-08T00:10:00.869656,1000,746,GET,/jobs/1000,404,79.39450000412762
29,2026-09-08T00:10:00.869656,1000,747,POST,/jobs,201,119.44150005001575
29,2026-09-08T00:10:00.869656,1000,748,GET,/jobs/002,404,76.66910008993
29,2026-09-08T00:10:00.869656,1000,749,GET,/jobs,200,78.34929996170104
29,2026-09-08T00:10:00.869656,1000,750,GET,/jobs/1000,404,78.78829992841929
29,2026-09-08T00:10:00.869656,1000,751,PUT,/jobs/1000,404,122.46700003743172
29,2026-09-08T00:10:00.869656,1000,752,GET,/jobs,200,76.8598000286147
29,2026-09-08T00:10:00.869656,1000,753,GET,/jobs,200,83.79389997571707
29,2026-09-08T00:10:00.869656,1000,754,PUT,/jobs/002,404,141.30529994145036
29,2026-09-08T00:10:00.869656,1000,755,POST,/jobs,201,130.21799991838634
29,2026-09-08T00:10:00.869656,1000,756,DELETE,/jobs/002,404,86.82660001795739
29,2026-09-08T00:10:00.869656,1000,757,PUT,/jobs/1000,404,140.39109996519983
29,2026-09-08T00:10:00.869656,1000,758,GET,/jobs/1000,404,86.88590000383556
29,2026-09-08T00:10:00.869656,1000,759,GET,/jobs,200,84.17839999310672
29,2026-09-08T00:10:00.869656,1000,760,DELETE,/jobs/1000,404,86.54660009779036
29,2026-09-08T00:10:00.869656,1000,761,PUT,/jobs/1000,404,141.11700002104044
29,2026-09-08T00:10:00.869656,1000,762,GET,/jobs,200,83.96499999798834
29,2026-09-08T00:10:00.869656,1000,763,GET,/jobs,200,83.4237999515608
29,2026-09-08T00:10:00.869656,1000,764,PUT,/jobs/002,404,139.42440005484968
29,2026-09-08T00:10:00.869656,1000,765,PUT,/jobs/1000,404,142.52530003432184
29,2026-09-08T00:10:00.869656,1000,766,GET,/jobs,200,84.51650000642985
29,2026-09-08T00:10:00.869656,1000,767,PUT,/jobs/1000,404,142.1798000810668
29,2026-09-08T00:10:00.869656,1000,768,PUT,/jobs/001,200,145.14169993344694
29,2026-09-08T00:10:00.869656,1000,769,GET,/jobs,200,75.74650004971772
29,2026-09-08T00:10:00.869656,1000,770,POST,/jobs,201,129.47719998192042
29,2026-09-08T00:10:00.869656,1000,771,GET,/jobs/001,200,140.728099970147
29,2026-09-08T00:10:00.869656,1000,772,GET,/jobs/002,404,83.7409000378102
29,2026-09-08T00:10:00.869656,1000,773,DELETE,/jobs/1000,404,79.22509999480098
29,2026-09-08T00:10:00.869656,1000,774,PUT,/jobs/1000,404,140.3011999791488
29,2026-09-08T00:10:00.869656,1000,775,DELETE,/jobs/1000,404,78.31250003073364
29,2026-09-08T00:10:00.869656,1000,776,PUT,/jobs/1000,404,143.14739999826998
29,2026-09-08T00:10:00.869656,1000,777,DELETE,/jobs/1000,404,83.2430999726057
29,2026-09-08T00:10:00.869656,1000,778,GET,/jobs,200,82.19029998872429
29,2026-09-08T00:10:00.869656,1000,779,GET,/jobs,200,83.98450003005564
29,2026-09-08T00:10:00.869656,1000,780,DELETE,/jobs/002,404,84.65830003842711
29,2026-09-08T00:10:00.869656,1000,781,PUT,/jobs/002,404,144.11270001437515
29,2026-09-08T00:10:00.869656,1000,782,GET,/jobs/002,404,97.71900007035583
29,2026-09-08T00:10:00.869656,1000,783,POST,/jobs,201,152.58160000666976
29,2026-09-08T00:10:00.869656,1000,784,PUT,/jobs/002,404,150.68680001422763
29,2026-09-08T00:10:00.869656,1000,785,PUT,/jobs/1000,404,153.1844000564888
29,2026-09-08T00:10:00.869656,1000,786,GET,/jobs,200,95.02710006199777
29,2026-09-08T00:10:00.869656,1000,787,POST,/jobs,201,151.28790005110204
29,2026-09-08T00:10:00.869656,1000,788,POST,/jobs,201,151.63880004547536
29,2026-09-08T00:10:00.869656,1000,789,POST,/jobs,201,156.25769994221628
29,2026-09-08T00:10:00.869656,1000,790,GET,/jobs/1000,404,104.65969995129853
29,2026-09-08T00:10:00.869656,1000,791,PUT,/jobs/001,200,159.9589999532327
29,2026-09-08T00:10:00.869656,1000,792,GET,/jobs,200,96.4354999596253
29,2026-09-08T00:10:00.869656,1000,793,GET,/jobs,200,97.20080008264631
29,2026-09-08T00:10:00.869656,1000,794,GET,/jobs,200,99.70179991796613
29,2026-09-08T00:10:00.869656,1000,795,PUT,/jobs/001,200,158.8952000020072
29,2026-09-08T00:10:00.869656,1000,796,POST,/jobs,201,159.34270003344864
29,2026-09-08T00:10:00.869656,1000,797,GET,/jobs/1000,404,108.83740009739995
29,2026-09-08T00:10:00.869656,1000,798,GET,/jobs,200,99.21030001714826
29,2026-09-08T00:10:00.869656,1000,799,DELETE,/jobs/1000,404,108.42479998245835
29,2026-09-08T00:10:00.869656,1000,800,GET,/jobs,200,98.57479995116591
29,2026-09-08T00:10:00.869656,1000,801,PUT,/jobs/002,404,159.66310002841055
29,2026-09-08T00:10:00.869656,1000,802,PUT,/jobs/1000,404,162.68559999298304
29,2026-09-08T00:10:00.869656,1000,803,GET,/jobs,200,99.92230008356273
29,2026-09-08T00:10:00.869656,1000,804,POST,/jobs,201,158.89760002028197
29,2026-09-08T00:10:00.869656,1000,805,POST,/jobs,201,173.75600000377744
29,2026-09-08T00:10:00.869656,1000,806,GET,/jobs,200,99.48410000652075
29,2026-09-08T00:10:00.869656,1000,807,DELETE,/jobs/002,404,91.2430000025779
29,2026-09-08T00:10:00.869656,1000,808,GET,/jobs/1000,404,91.04430000297725
29,2026-09-08T00:10:00.869656,1000,809,PUT,/jobs/001,200,151.6895000822842
29,2026-09-08T00:10:00.869656,1000,810,GET,/jobs,200,87.21879997756332
29,2026-09-08T00:10:00.869656,1000,811,POST,/jobs,201,170.71449989452958
29,2026-09-08T00:10:00.869656,1000,812,DELETE,/jobs/1000,404,94.76430003996938
29,2026-09-08T00:10:00.869656,1000,813,GET,/jobs,200,95.97949997987598
29,2026-09-08T00:10:00.869656,1000,814,POST,/jobs,201,159.61860003881156
29,2026-09-08T00:10:00.869656,1000,815,GET,/jobs/002,404,102.56580007262528
29,2026-09-08T00:10:00.869656,1000,816,DELETE,/jobs/002,404,105.67590000573546
29,2026-09-08T00:10:00.869656,1000,817,DELETE,/jobs/1000,404,103.9526000386104
29,2026-09-08T00:10:00.869656,1000,818,GET,/jobs,200,101.81710007600486
29,2026-09-08T00:10:00.869656,1000,819,GET,/jobs/002,404,103.67630003020167
29,2026-09-08T00:10:00.869656,1000,820,POST,/jobs,201,169.87020010128617
29,2026-09-08T00:10:00.869656,1000,821,POST,/jobs,201,167.18230000697076
29,2026-09-08T00:10:00.869656,1000,822,GET,/jobs/001,200,173.34930005017668
29,2026-09-08T00:10:00.869656,1000,823,DELETE,/jobs/1000,404,117.76860000099987
29,2026-09-08T00:10:00.869656,1000,824,GET,/jobs,200,98.02430006675422
29,2026-09-08T00:10:00.869656,1000,825,GET,/jobs/1000,404,120.57140003889799
29,2026-09-08T00:10:00.869656,1000,826,GET,/jobs,200,96.04919992852956
29,2026-09-08T00:10:00.869656,1000,827,GET,/jobs,200,96.93909995257854
29,2026-09-08T00:10:00.869656,1000,828,DELETE,/jobs/002,404,118.31590009387583
29,2026-09-08T00:10:00.869656,1000,829,PUT,/jobs/002,404,166.85709997545928
29,2026-09-08T00:10:00.869656,1000,830,PUT,/jobs/002,404,169.48769998271018
29,2026-09-08T00:10:00.869656,1000,831,GET,/jobs/002,404,120.01999991480261
29,2026-09-08T00:10:00.869656,1000,832,POST,/jobs,201,160.45450000092387
29,2026-09-08T00:10:00.869656,1000,833,POST,/jobs,201,159.47319997940212
29,2026-09-08T00:10:00.869656,1000,834,DELETE,/jobs/002,404,113.74169995542616
29,2026-09-08T00:10:00.869656,1000,835,GET,/jobs,200,110.55899993516505
29,2026-09-08T00:10:00.869656,1000,836,GET,/jobs/001,200,175.00859999563545
29,2026-09-08T00:10:00.869656,1000,837,DELETE,/jobs/002,404,121.33970006834716
29,2026-09-08T00:10:00.869656,1000,838,GET,/jobs,200,110.83499994128942
29,2026-09-08T00:10:00.869656,1000,839,POST,/jobs,201,161.52109997346997
29,2026-09-08T00:10:00.869656,1000,840,PUT,/jobs/002,404,156.97380003985018
29,2026-09-08T00:10:00.869656,1000,841,DELETE,/jobs/1000,404,122.24589998368174
29,2026-09-08T00:10:00.869656,1000,842,PUT,/jobs/002,404,157.43379993364215
29,2026-09-08T00:10:00.869656,1000,843,GET,/jobs/1000,404,127.6507000438869
29,2026-09-08T00:10:00.869656,1000,844,GET,/jobs,200,109.28770003374666
29,2026-09-08T00:10:00.869656,1000,845,POST,/jobs,201,158.4451999515295
29,2026-09-08T00:10:00.869656,1000,846,GET,/jobs,200,117.38019995391369
29,2026-09-08T00:10:00.869656,1000,847,POST,/jobs,201,157.1562000317499
29,2026-09-08T00:10:00.869656,1000,848,DELETE,/jobs/1000,404,120.50499999895692
29,2026-09-08T00:10:00.869656,1000,849,DELETE,/jobs/1000,404,122.80169990845025
29,2026-09-08T00:10:00.869656,1000,850,GET,/jobs,200,110.12149997986853
29,2026-09-08T00:10:00.869656,1000,851,GET,/jobs/002,404,119.6514000184834
29,2026-09-08T00:10:00.869656,1000,852,DELETE,/jobs/002,404,123.44700004905462
29,2026-09-08T00:10:00.869656,1000,853,GET,/jobs,200,118.61390003468841
29,2026-09-08T00:10:00.869656,1000,854,GET,/jobs/002,404,120.19089993555099
29,2026-09-08T00:10:00.869656,1000,855,GET,/jobs/001,200,157.2352999355644
29,2026-09-08T00:10:00.869656,1000,856,POST,/jobs,201,146.55980002135038
29,2026-09-08T00:10:00.869656,1000,857,POST,/jobs,201,154.7116000438109
29,2026-09-08T00:10:00.869656,1000,858,GET,/jobs,200,109.35560008510947
29,2026-09-08T00:10:00.869656,1000,859,PUT,/jobs/1000,404,145.78080002684146
29,2026-09-08T00:10:00.869656,1000,860,PUT,/jobs/001,200,155.20020003896207
29,2026-09-08T00:10:00.869656,1000,861,GET,/jobs/002,404,114.81539998203516
29,2026-09-08T00:10:00.869656,1000,862,DELETE,/jobs/002,404,99.79550004936755
29,2026-09-08T00:10:00.869656,1000,863,DELETE,/jobs/1000,404,103.01740001887083
29,2026-09-08T00:10:00.869656,1000,864,GET,/jobs,200,102.21599997021258
29,2026-09-08T00:10:00.869656,1000,865,PUT,/jobs/1000,404,144.64790001511574
29,2026-09-08T00:10:00.869656,1000,866,GET,/jobs,200,101.14680009428412
29,2026-09-08T00:10:00.869656,1000,867,PUT,/jobs/001,200,145.13179997447878
29,2026-09-08T00:10:00.869656,1000,868,PUT,/jobs/001,200,144.9726999271661
29,2026-09-08T00:10:00.869656,1000,869,POST,/jobs,201,141.65979996323586
29,2026-09-08T00:10:00.869656,1000,870,PUT,/jobs/1000,404,153.36359990760684
29,2026-09-08T00:10:00.869656,1000,871,PUT,/jobs/1000,404,145.30699991155416
29,2026-09-08T00:10:00.869656,1000,872,PUT,/jobs/002,404,150.5030000116676
29,2026-09-08T00:10:00.869656,1000,873,GET,/jobs,200,107.93890000786632
29,2026-09-08T00:10:00.869656,1000,874,PUT,/jobs/001,200,151.79609996266663
29,2026-09-08T00:10:00.869656,1000,875,POST,/jobs,201,153.02670001983643
29,2026-09-08T00:10:00.869656,1000,876,DELETE,/jobs/1000,404,104.44909997750074
29,2026-09-08T00:10:00.869656,1000,877,POST,/jobs,201,150.92449996154755
29,2026-09-08T00:10:00.869656,1000,878,PUT,/jobs/001,200,153.58639997430146
29,2026-09-08T00:10:00.869656,1000,879,GET,/jobs/002,404,96.59009997267276
29,2026-09-08T00:10:00.869656,1000,880,DELETE,/jobs/1000,404,96.21790004894137
29,2026-09-08T00:10:00.869656,1000,881,DELETE,/jobs/002,404,97.68380003515631
29,2026-09-08T00:10:00.869656,1000,882,PUT,/jobs/002,404,138.9121999964118
29,2026-09-08T00:10:00.869656,1000,883,POST,/jobs,201,138.80110008176416
29,2026-09-08T00:10:00.869656,1000,884,POST,/jobs,201,138.97490000817925
29,2026-09-08T00:10:00.869656,1000,885,GET,/jobs/001,200,136.90089993178844
29,2026-09-08T00:10:00.869656,1000,886,DELETE,/jobs/002,404,98.06979994755238
29,2026-09-08T00:10:00.869656,1000,887,DELETE,/jobs/002,404,96.52429993730038
29,2026-09-08T00:10:00.869656,1000,888,POST,/jobs,201,138.79340002313256
29,2026-09-08T00:10:00.869656,1000,889,GET,/jobs/001,200,137.28930009528995
29,2026-09-08T00:10:00.869656,1000,890,GET,/jobs,200,87.38720009569079
29,2026-09-08T00:10:00.869656,1000,891,GET,/jobs/002,404,96.95989999454468
29,2026-09-08T00:10:00.869656,1000,892,GET,/jobs/001,200,136.79239992052317
29,2026-09-08T00:10:00.869656,1000,893,DELETE,/jobs/002,404,77.27760006673634
29,2026-09-08T00:10:00.869656,1000,894,GET,/jobs,200,76.88070007134229
29,2026-09-08T00:10:00.869656,1000,895,GET,/jobs/1000,404,76.54219993855804
29,2026-09-08T00:10:00.869656,1000,896,PUT,/jobs/002,404,119.88879996351898
29,2026-09-08T00:10:00.869656,1000,897,DELETE,/jobs/1000,404,75.96909999847412
29,2026-09-08T00:10:00.869656,1000,898,DELETE,/jobs/1000,404,83.87520001269877
29,2026-09-08T00:10:00.869656,1000,899,POST,/jobs,201,126.18669995572418
29,2026-09-08T00:10:00.869656,1000,900,PUT,/jobs/001,200,120.20729994401336
29,2026-09-08T00:10:00.869656,1000,901,PUT,/jobs/002,404,115.97669997718185
29,2026-09-08T00:10:00.869656,1000,902,POST,/jobs,201,128.68240009993315
29,2026-09-08T00:10:00.869656,1000,903,POST,/jobs,201,126.9656999502331
29,2026-09-08T00:10:00.869656,1000,904,GET,/jobs,200,77.39290001336485
29,2026-09-08T00:10:00.869656,1000,905,POST,/jobs,201,118.96590003743768
29,2026-09-08T00:10:00.869656,1000,906,GET,/jobs,200,77.65089999884367
29,2026-09-08T00:10:00.869656,1000,907,POST,/jobs,201,126.1678000446409
29,2026-09-08T00:10:00.869656,1000,908,PUT,/jobs/001,200,124.49519999790937
29,2026-09-08T00:10:00.869656,1000,909,GET,/jobs,200,78.4490000223741
29,2026-09-08T00:10:00.869656,1000,910,POST,/jobs,201,124.76190004963428
29,2026-09-08T00:10:00.869656,1000,911,POST,/jobs,201,125.32630003988743
29,2026-09-08T00:10:00.869656,1000,912,GET,/jobs,200,77.8879999415949
29,2026-09-08T00:10:00.869656,1000,913,DELETE,/jobs/1000,404,77.64540007337928
29,2026-09-08T00:10:00.869656,1000,914,PUT,/jobs/1000,404,113.61789994407445
29,2026-09-08T00:10:00.869656,1000,915,DELETE,/jobs/002,404,78.02620006259531
29,2026-09-08T00:10:00.869656,1000,916,PUT,/jobs/1000,404,111.89170007128268
29,2026-09-08T00:10:00.869656,1000,917,GET,/jobs/002,404,75.41669998317957
29,2026-09-08T00:10:00.869656,1000,918,DELETE,/jobs/1000,404,75.64940000884235
29,2026-09-08T00:10:00.869656,1000,919,DELETE,/jobs/002,404,75.87659999262542
29,2026-09-08T00:10:00.869656,1000,920,GET,/jobs,200,72.41280004382133
29,2026-09-08T00:10:00.869656,1000,921,PUT,/jobs/001,200,112.18290007673204
29,2026-09-08T00:10:00.869656,1000,922,POST,/jobs,201,112.51110001467168
29,2026-09-08T00:10:00.869656,1000,923,GET,/jobs,200,72.87790009286255
29,2026-09-08T00:10:00.869656,1000,924,DELETE,/jobs/002,404,76.68619998730719
29,2026-09-08T00:10:00.869656,1000,925,GET,/jobs,200,71.86140003614128
29,2026-09-08T00:10:00.869656,1000,926,GET,/jobs/1000,404,78.28830007929355
29,2026-09-08T00:10:00.869656,1000,927,PUT,/jobs/002,404,112.01629997231066
29,2026-09-08T00:10:00.869656,1000,928,DELETE,/jobs/002,404,76.2457000091672
29,2026-09-08T00:10:00.869656,1000,929,POST,/jobs,201,101.88269999343902
29,2026-09-08T00:10:00.869656,1000,930,POST,/jobs,201,102.53779997583479
29,2026-09-08T00:10:00.869656,1000,931,PUT,/jobs/002,404,101.94580000825226
29,2026-09-08T00:10:00.869656,1000,932,DELETE,/jobs/002,404,82.07920007407665
29,2026-09-08T00:10:00.869656,1000,933,POST,/jobs,201,101.15340002812445
29,2026-09-08T00:10:00.869656,1000,934,POST,/jobs,201,107.03600000124425
29,2026-09-08T00:10:00.869656,1000,935,DELETE,/jobs/1000,404,82.9096999950707
29,2026-09-08T00:10:00.869656,1000,936,POST,/jobs,201,107.71479993127286
29,2026-09-08T00:10:00.869656,1000,937,DELETE,/jobs/002,404,81.28849999047816
29,2026-09-08T00:10:00.869656,1000,938,POST,/jobs,201,108.09410002548248
29,2026-09-08T00:10:00.869656,1000,939,DELETE,/jobs/002,404,81.75470004789531
29,2026-09-08T00:10:00.869656,1000,940,POST,/jobs,201,103.758699959144
29,2026-09-08T00:10:00.869656,1000,941,PUT,/jobs/001,200,103.99519989732653
29,2026-09-08T00:10:00.869656,1000,942,DELETE,/jobs/002,404,80.45979996677488
29,2026-09-08T00:10:00.869656,1000,943,POST,/jobs,201,104.89810002036393
29,2026-09-08T00:10:00.869656,1000,944,PUT,/jobs/1000,404,102.4298999691382
29,2026-09-08T00:10:00.869656,1000,945,POST,/jobs,201,103.66609995253384
29,2026-09-08T00:10:00.869656,1000,946,GET,/jobs/1000,404,81.30869991146028
29,2026-09-08T00:10:00.869656,1000,947,DELETE,/jobs/002,404,86.22020005714148
29,2026-09-08T00:10:00.869656,1000,948,PUT,/jobs/1000,404,104.18849997222424
29,2026-09-08T00:10:00.869656,1000,949,POST,/jobs,201,103.83449995424598
29,2026-09-08T00:10:00.869656,1000,950,POST,/jobs,201,102.12910000700504
29,2026-09-08T00:10:00.869656,1000,951,GET,/jobs/001,200,102.58519998751581
29,2026-09-08T00:10:00.869656,1000,952,POST,/jobs,201,102.89819992613047
29,2026-09-08T00:10:00.869656,1000,953,PUT,/jobs/001,200,103.22079993784428
29,2026-09-08T00:10:00.869656,1000,954,GET,/jobs/001,200,103.41059998609126
29,2026-09-08T00:10:00.869656,1000,955,GET,/jobs/001,200,92.3683000728488
29,2026-09-08T00:10:00.869656,1000,956,POST,/jobs,201,96.94190009031445
29,2026-09-08T00:10:00.869656,1000,957,GET,/jobs,200,64.1731999348849
29,2026-09-08T00:10:00.869656,1000,958,DELETE,/jobs/002,404,65.04619994666427
29,2026-09-08T00:10:00.869656,1000,959,POST,/jobs,201,85.08600003551692
29,2026-09-08T00:10:00.869656,1000,960,DELETE,/jobs/002,404,63.454900053329766
29,2026-09-08T00:10:00.869656,1000,961,DELETE,/jobs/1000,404,64.67829993925989
29,2026-09-08T00:10:00.869656,1000,962,GET,/jobs/001,200,93.47389999311417
29,2026-09-08T00:10:00.869656,1000,963,GET,/jobs/1000,404,68.3827999746427
29,2026-09-08T00:10:00.869656,1000,964,DELETE,/jobs/002,404,69.8957999702543
29,2026-09-08T00:10:00.869656,1000,965,PUT,/jobs/001,200,84.92510009091347
29,2026-09-08T00:10:00.869656,1000,966,PUT,/jobs/002,404,83.1733999075368
29,2026-09-08T00:10:00.869656,1000,967,GET,/jobs/002,404,67.48129997868091
29,2026-09-08T00:10:00.869656,1000,968,DELETE,/jobs/1000,404,64.54809999559075
29,2026-09-08T00:10:00.869656,1000,969,PUT,/jobs/001,200,86.64260001387447
29,2026-09-08T00:10:00.869656,1000,970,DELETE,/jobs/002,404,67.7676999475807
29,2026-09-08T00:10:00.869656,1000,971,POST,/jobs,201,83.26310000848025
29,2026-09-08T00:10:00.869656,1000,972,PUT,/jobs/001,200,80.607800045982
29,2026-09-08T00:10:00.869656,1000,973,POST,/jobs,201,79.06429993454367
29,2026-09-08T00:10:00.869656,1000,974,DELETE,/jobs/1000,404,68.26379999984056
29,2026-09-08T00:10:00.869656,1000,975,PUT,/jobs/002,404,86.80159994401038
29,2026-09-08T00:10:00.869656,1000,976,PUT,/jobs/1000,404,83.39869999326766
29,2026-09-08T00:10:00.869656,1000,977,DELETE,/jobs/1000,404,64.73609991371632
29,2026-09-08T00:10:00.869656,1000,978,GET,/jobs/001,200,89.0089999884367
29,2026-09-08T00:10:00.869656,1000,979,DELETE,/jobs/002,404,69.44949994795024
29,2026-09-08T00:10:00.869656,1000,980,POST,/jobs,201,82.93060003779829
29,2026-09-08T00:10:00.869656,1000,981,PUT,/jobs/002,404,82.80570001807064
29,2026-09-08T00:10:00.869656,1000,982,DELETE,/jobs/002,404,50.23940000683069
29,2026-09-08T00:10:00.869656,1000,983,DELETE,/jobs/002,404,50.20009994041175
29,2026-09-08T00:10:00.869656,1000,984,POST,/jobs,201,65.3216999489814
29,2026-09-08T00:10:00.869656,1000,985,GET,/jobs/002,404,47.339600045233965
29,2026-09-08T00:10:00.869656,1000,986,PUT,/jobs/1000,404,61.02259992621839
29,2026-09-08T00:10:00.869656,1000,987,GET,/jobs/002,404,49.809499992989004
29,2026-09-08T00:10:00.869656,1000,988,GET,/jobs,200,51.10229994170368
29,2026-09-08T00:10:00.869656,1000,989,GET,/jobs/002,404,54.45279995910823
29,2026-09-08T00:10:00.869656,1000,990,POST,/jobs,201,61.72630004584789
29,2026-09-08T00:10:00.869656,1000,991,PUT,/jobs/001,200,61.92700006067753
29,2026-09-08T00:10:00.869656,1000,992,PUT,/jobs/1000,404,62.55400006193668
29,2026-09-08T00:10:00.869656,1000,993,POST,/jobs,201,63.04230005480349
29,2026-09-08T00:10:00.869656,1000,994,PUT,/jobs/001,200,62.830000068061054
29,2026-09-08T00:10:00.869656,1000,995,POST,/jobs,201,54.31819998193532
29,2026-09-08T00:10:00.869656,1000,996,GET,/jobs,200,47.01819992624223
29,2026-09-08T00:10:00.869656,1000,997,POST,/jobs,201,56.34399992413819
29,2026-09-08T00:10:00.869656,1000,998,POST,/jobs,201,56.695899926126
29,2026-09-08T00:10:00.869656,1000,999,GET,/jobs/001,200,55.108899949118495
29,2026-09-08T00:10:00.869656,1000,1000,GET,/jobs,200,44.574699946679175
30,2026-09-08T00:10:02.445596,1000,1,GET,/jobs,200,19.520000088959932
30,2026-09-08T00:10:02.445596,1000,2,GET,/jobs,200,31.39369993004948
30,2026-09-08T00:10:02.445596,1000,3,POST,/jobs,201,129.90820000413805
30,2026-09-08T00:10:02.445596,1000,4,GET,/jobs/001,200,48.43319999054074
30,2026-09-08T00:10:02.445596,1000,5,GET,/jobs,200,33.283700002357364
30,2026-09-08T00:10:02.445596,1000,6,DELETE,/jobs/002,200,39.41409999970347
30,2026-09-08T00:10:02.445596,1000,7,DELETE,/jobs/1000,404,34.38510000705719
30,2026-09-08T00:10:02.445596,1000,8,GET,/jobs,200,36.77889995742589
30,2026-09-08T00:10:02.445596,1000,9,GET,/jobs,200,34.81440001633018
30,2026-09-08T00:10:02.445596,1000,10,GET,/jobs,200,35.36699991673231
30,2026-09-08T00:10:02.445596,1000,11,GET,/jobs/001,200,84.03459994588047
30,2026-09-08T00:10:02.445596,1000,12,DELETE,/jobs/002,404,34.30190007202327
30,2026-09-08T00:10:02.445596,1000,13,DELETE,/jobs/002,404,35.914700012654066
30,2026-09-08T00:10:02.445596,1000,14,DELETE,/jobs/1000,404,34.926299937069416
30,2026-09-08T00:10:02.445596,1000,15,GET,/jobs/002,404,33.95139996428043
30,2026-09-08T00:10:02.445596,1000,16,DELETE,/jobs/1000,404,32.9739999724552
30,2026-09-08T00:10:02.445596,1000,17,GET,/jobs,200,31.18340007495135
30,2026-09-08T00:10:02.445596,1000,18,GET,/jobs/1000,404,38.04300003685057
30,2026-09-08T00:10:02.445596,1000,19,PUT,/jobs/002,404,127.22659995779395
30,2026-09-08T00:10:02.445596,1000,20,POST,/jobs,201,126.3074999442324
30,2026-09-08T00:10:02.445596,1000,21,GET,/jobs/002,404,38.57760003302246
30,2026-09-08T00:10:02.445596,1000,22,GET,/jobs,200,39.615900022909045
30,2026-09-08T00:10:02.445596,1000,23,GET,/jobs,200,39.37520005274564
30,2026-09-08T00:10:02.445596,1000,24,PUT,/jobs/001,200,121.52370007243007
30,2026-09-08T00:10:02.445596,1000,25,POST,/jobs,201,126.77920004352927
30,2026-09-08T00:10:02.445596,1000,26,POST,/jobs,201,121.09909998252988
30,2026-09-08T00:10:02.445596,1000,27,POST,/jobs,201,121.0950999520719
30,2026-09-08T00:10:02.445596,1000,28,GET,/jobs,200,42.5616999855265
30,2026-09-08T00:10:02.445596,1000,29,PUT,/jobs/1000,404,127.90800002403557
30,2026-09-08T00:10:02.445596,1000,30,GET,/jobs,200,39.74419995211065
30,2026-09-08T00:10:02.445596,1000,31,PUT,/jobs/001,200,120.8242999855429
30,2026-09-08T00:10:02.445596,1000,32,DELETE,/jobs/1000,404,62.081199954263866
30,2026-09-08T00:10:02.445596,1000,33,DELETE,/jobs/1000,404,58.4399999352172
30,2026-09-08T00:10:02.445596,1000,34,DELETE,/jobs/002,404,58.78089996986091
30,2026-09-08T00:10:02.445596,1000,35,GET,/jobs,200,41.51960008312017
30,2026-09-08T00:10:02.445596,1000,36,GET,/jobs,200,51.81760003324598
30,2026-09-08T00:10:02.445596,1000,37,GET,/jobs/002,404,52.94780002441257
30,2026-09-08T00:10:02.445596,1000,38,GET,/jobs,200,77.28420000057667
30,2026-09-08T00:10:02.445596,1000,39,GET,/jobs/001,200,150.81060002557933
30,2026-09-08T00:10:02.445596,1000,40,PUT,/jobs/002,404,146.71949995681643
30,2026-09-08T00:10:02.445596,1000,41,PUT,/jobs/1000,404,139.40590003039688
30,2026-09-08T00:10:02.445596,1000,42,POST,/jobs,201,123.79679991863668
30,2026-09-08T00:10:02.445596,1000,43,POST,/jobs,201,132.4896999867633
30,2026-09-08T00:10:02.445596,1000,44,GET,/jobs/1000,404,70.50710008479655
30,2026-09-08T00:10:02.445596,1000,45,POST,/jobs,201,135.2981999516487
30,2026-09-08T00:10:02.445596,1000,46,GET,/jobs,200,94.05740001238883
30,2026-09-08T00:10:02.445596,1000,47,DELETE,/jobs/002,404,75.99610008765012
30,2026-09-08T00:10:02.445596,1000,48,DELETE,/jobs/002,404,64.33369999285787
30,2026-09-08T00:10:02.445596,1000,49,GET,/jobs/002,404,71.24860002659261
30,2026-09-08T00:10:02.445596,1000,50,PUT,/jobs/002,404,147.40050002001226
30,2026-09-08T00:10:02.445596,1000,51,DELETE,/jobs/002,404,70.86730003356934
30,2026-09-08T00:10:02.445596,1000,52,POST,/jobs,201,128.65750002674758
30,2026-09-08T00:10:02.445596,1000,53,GET,/jobs,200,47.98680008389056
30,2026-09-08T00:10:02.445596,1000,54,GET,/jobs/001,200,156.1455000191927
30,2026-09-08T00:10:02.445596,1000,55,POST,/jobs,201,123.40249994304031
30,2026-09-08T00:10:02.445596,1000,56,POST,/jobs,201,127.06239998806268
30,2026-09-08T00:10:02.445596,1000,57,GET,/jobs/1000,404,59.8879000172019
30,2026-09-08T00:10:02.445596,1000,58,POST,/jobs,201,134.31500003207475
30,2026-09-08T00:10:02.445596,1000,59,PUT,/jobs/002,404,134.70160006545484
30,2026-09-08T00:10:02.445596,1000,60,PUT,/jobs/001,200,132.94960011262447
30,2026-09-08T00:10:02.445596,1000,61,POST,/jobs,201,123.53059998713434
30,2026-09-08T00:10:02.445596,1000,62,GET,/jobs/1000,404,82.60449999943376
30,2026-09-08T00:10:02.445596,1000,63,DELETE,/jobs/1000,404,108.88479999266565
30,2026-09-08T00:10:02.445596,1000,64,DELETE,/jobs/1000,404,69.301399984397
30,2026-09-08T00:10:02.445596,1000,65,DELETE,/jobs/1000,404,110.25889997836202
30,2026-09-08T00:10:02.445596,1000,66,POST,/jobs,201,141.208800021559
30,2026-09-08T00:10:02.445596,1000,67,GET,/jobs/1000,404,62.678299960680306
30,2026-09-08T00:10:02.445596,1000,68,PUT,/jobs/001,200,147.50900003127754
30,2026-09-08T00:10:02.445596,1000,69,GET,/jobs,200,39.39449996687472
30,2026-09-08T00:10:02.445596,1000,70,GET,/jobs,200,40.51570000592619
30,2026-09-08T00:10:02.445596,1000,71,GET,/jobs/1000,404,64.93959994986653
30,2026-09-08T00:10:02.445596,1000,72,GET,/jobs/1000,404,92.06819999963045
30,2026-09-08T00:10:02.445596,1000,73,PUT,/jobs/1000,404,147.44239998981357
30,2026-09-08T00:10:02.445596,1000,74,GET,/jobs,200,89.78190005291253
30,2026-09-08T00:10:02.445596,1000,75,PUT,/jobs/002,404,126.96880009025335
30,2026-09-08T00:10:02.445596,1000,76,DELETE,/jobs/1000,404,62.27810005657375
30,2026-09-08T00:10:02.445596,1000,77,DELETE,/jobs/1000,404,81.4144000178203
30,2026-09-08T00:10:02.445596,1000,78,DELETE,/jobs/002,404,92.73279993794858
30,2026-09-08T00:10:02.445596,1000,79,GET,/jobs,200,53.445199970155954
30,2026-09-08T00:10:02.445596,1000,80,DELETE,/jobs/1000,404,102.08380001131445
30,2026-09-08T00:10:02.445596,1000,81,POST,/jobs,201,132.40010000299662
30,2026-09-08T00:10:02.445596,1000,82,POST,/jobs,201,127.65310006216168
30,2026-09-08T00:10:02.445596,1000,83,GET,/jobs/002,404,80.3911000257358
30,2026-09-08T00:10:02.445596,1000,84,GET,/jobs,200,75.67649998236448
30,2026-09-08T00:10:02.445596,1000,85,POST,/jobs,201,141.62120001856238
30,2026-09-08T00:10:02.445596,1000,86,GET,/jobs/1000,404,100.17160000279546
30,2026-09-08T00:10:02.445596,1000,87,GET,/jobs,200,46.51390004437417
30,2026-09-08T00:10:02.445596,1000,88,POST,/jobs,201,133.85169999673963
30,2026-09-08T00:10:02.445596,1000,89,DELETE,/jobs/002,404,65.51970005966723
30,2026-09-08T00:10:02.445596,1000,90,GET,/jobs/002,404,78.77260004170239
30,2026-09-08T00:10:02.445596,1000,91,GET,/jobs/1000,404,100.67670000717044
30,2026-09-08T00:10:02.445596,1000,92,DELETE,/jobs/002,404,101.32640006486326
30,2026-09-08T00:10:02.445596,1000,93,DELETE,/jobs/1000,404,70.31000009737909
30,2026-09-08T00:10:02.445596,1000,94,PUT,/jobs/001,200,142.25440006703138
30,2026-09-08T00:10:02.445596,1000,95,GET,/jobs,200,61.61370000336319
30,2026-09-08T00:10:02.445596,1000,96,POST,/jobs,201,124.79490006808192
30,2026-09-08T00:10:02.445596,1000,97,POST,/jobs,201,140.8534999936819
30,2026-09-08T00:10:02.445596,1000,98,GET,/jobs,200,37.01009997166693
30,2026-09-08T00:10:02.445596,1000,99,GET,/jobs/1000,404,60.63429999630898
30,2026-09-08T00:10:02.445596,1000,100,GET,/jobs,200,41.08669993001968
30,2026-09-08T00:10:02.445596,1000,101,GET,/jobs,200,124.62670006789267
30,2026-09-08T00:10:02.445596,1000,102,PUT,/jobs/001,200,133.93619994167238
30,2026-09-08T00:10:02.445596,1000,103,DELETE,/jobs/002,404,119.80999994557351
30,2026-09-08T00:10:02.445596,1000,104,GET,/jobs/1000,404,117.89770005270839
30,2026-09-08T00:10:02.445596,1000,105,PUT,/jobs/1000,404,127.28180002886802
30,2026-09-08T00:10:02.445596,1000,106,GET,/jobs/002,404,119.17680001351982
30,2026-09-08T00:10:02.445596,1000,107,DELETE,/jobs/1000,404,123.47830005455762
30,2026-09-08T00:10:02.445596,1000,108,GET,/jobs/1000,404,122.92460002936423
30,2026-09-08T00:10:02.445596,1000,109,GET,/jobs/1000,404,115.72709993924946
30,2026-09-08T00:10:02.445596,1000,110,POST,/jobs,201,125.44099998194724
30,2026-09-08T00:10:02.445596,1000,111,POST,/jobs,201,123.44029999803752
30,2026-09-08T00:10:02.445596,1000,112,DELETE,/jobs/1000,404,121.58560007810593
30,2026-09-08T00:10:02.445596,1000,113,GET,/jobs,200,112.53299994859844
30,2026-09-08T00:10:02.445596,1000,114,GET,/jobs/001,200,152.93410001322627
30,2026-09-08T00:10:02.445596,1000,115,GET,/jobs,200,107.34820005018264
30,2026-09-08T00:10:02.445596,1000,116,POST,/jobs,201,117.32840002514422
30,2026-09-08T00:10:02.445596,1000,117,DELETE,/jobs/002,404,114.40209997817874
30,2026-09-08T00:10:02.445596,1000,118,DELETE,/jobs/002,404,109.61799998767674
30,2026-09-08T00:10:02.445596,1000,119,GET,/jobs,200,102.27089992258698
30,2026-09-08T00:10:02.445596,1000,120,GET,/jobs,200,106.82240000460297
30,2026-09-08T00:10:02.445596,1000,121,GET,/jobs,200,100.9246000321582
30,2026-09-08T00:10:02.445596,1000,122,GET,/jobs/001,200,133.75519996043295
30,2026-09-08T00:10:02.445596,1000,123,GET,/jobs,200,100.04570009186864
30,2026-09-08T00:10:02.445596,1000,124,POST,/jobs,201,102.13679994922131
30,2026-09-08T00:10:02.445596,1000,125,DELETE,/jobs/002,404,94.06809997744858
30,2026-09-08T00:10:02.445596,1000,126,POST,/jobs,201,103.26689993962646
30,2026-09-08T00:10:02.445596,1000,127,PUT,/jobs/001,200,100.51770007703453
30,2026-09-08T00:10:02.445596,1000,128,DELETE,/jobs/002,404,85.77190001960844
30,2026-09-08T00:10:02.445596,1000,129,DELETE,/jobs/1000,404,91.15170000586659
30,2026-09-08T00:10:02.445596,1000,130,GET,/jobs/002,404,90.63270001206547
30,2026-09-08T00:10:02.445596,1000,131,PUT,/jobs/001,200,94.66300008352846
30,2026-09-08T00:10:02.445596,1000,132,GET,/jobs,200,77.31319998856634
30,2026-09-08T00:10:02.445596,1000,133,GET,/jobs,200,73.90269997995347
30,2026-09-08T00:10:02.445596,1000,134,PUT,/jobs/002,404,94.72940000705421
30,2026-09-08T00:10:02.445596,1000,135,PUT,/jobs/002,404,92.66800002660602
30,2026-09-08T00:10:02.445596,1000,136,PUT,/jobs/1000,404,92.96549996361136
30,2026-09-08T00:10:02.445596,1000,137,GET,/jobs,200,69.0946999238804
30,2026-09-08T00:10:02.445596,1000,138,GET,/jobs,200,69.54299996141344
30,2026-09-08T00:10:02.445596,1000,139,GET,/jobs,200,69.93470003362745
30,2026-09-08T00:10:02.445596,1000,140,PUT,/jobs/1000,404,93.08150003198534
30,2026-09-08T00:10:02.445596,1000,141,POST,/jobs,201,92.70979999564588
30,2026-09-08T00:10:02.445596,1000,142,GET,/jobs,200,69.59860003553331
30,2026-09-08T00:10:02.445596,1000,143,GET,/jobs/001,200,95.67429998423904
30,2026-09-08T00:10:02.445596,1000,144,GET,/jobs/1000,404,67.06810009200126
30,2026-09-08T00:10:02.445596,1000,145,PUT,/jobs/001,200,92.66830002889037
30,2026-09-08T00:10:02.445596,1000,146,PUT,/jobs/001,200,92.33629994560033
30,2026-09-08T00:10:02.445596,1000,147,POST,/jobs,201,96.31769999396056
30,2026-09-08T00:10:02.445596,1000,148,GET,/jobs/001,200,97.29730000253767
30,2026-09-08T00:10:02.445596,1000,149,PUT,/jobs/1000,404,87.40590000525117
30,2026-09-08T00:10:02.445596,1000,150,GET,/jobs,200,57.96809995081276
30,2026-09-08T00:10:02.445596,1000,151,GET,/jobs,200,62.61499994434416
30,2026-09-08T00:10:02.445596,1000,152,DELETE,/jobs/002,404,63.691899995319545
30,2026-09-08T00:10:02.445596,1000,153,GET,/jobs,200,62.99830006901175
30,2026-09-08T00:10:02.445596,1000,154,GET,/jobs/001,200,93.88339996803552
30,2026-09-08T00:10:02.445596,1000,155,PUT,/jobs/002,404,87.1159000089392
30,2026-09-08T00:10:02.445596,1000,156,PUT,/jobs/001,200,90.38539999164641
30,2026-09-08T00:10:02.445596,1000,157,PUT,/jobs/001,200,88.19399995263666
30,2026-09-08T00:10:02.445596,1000,158,GET,/jobs/002,404,52.87990008946508
30,2026-09-08T00:10:02.445596,1000,159,GET,/jobs,200,53.77370002679527
30,2026-09-08T00:10:02.445596,1000,160,PUT,/jobs/002,404,90.57210001628846
30,2026-09-08T00:10:02.445596,1000,161,PUT,/jobs/002,404,82.67909998539835
30,2026-09-08T00:10:02.445596,1000,162,PUT,/jobs/1000,404,84.62790003977716
30,2026-09-08T00:10:02.445596,1000,163,DELETE,/jobs/1000,404,53.85869997553527
30,2026-09-08T00:10:02.445596,1000,164,GET,/jobs/001,200,87.84529997501522
30,2026-09-08T00:10:02.445596,1000,165,POST,/jobs,201,89.68860004097223
30,2026-09-08T00:10:02.445596,1000,166,GET,/jobs,200,54.02210005559027
30,2026-09-08T00:10:02.445596,1000,167,DELETE,/jobs/002,404,57.64690006617457
30,2026-09-08T00:10:02.445596,1000,168,POST,/jobs,201,83.27429997734725
30,2026-09-08T00:10:02.445596,1000,169,GET,/jobs,200,56.68329994659871
30,2026-09-08T00:10:02.445596,1000,170,DELETE,/jobs/1000,404,58.70300007518381
30,2026-09-08T00:10:02.445596,1000,171,DELETE,/jobs/002,404,60.478299972601235
30,2026-09-08T00:10:02.445596,1000,172,GET,/jobs,200,58.0385000212118
30,2026-09-08T00:10:02.445596,1000,173,DELETE,/jobs/002,404,60.76500006020069
30,2026-09-08T00:10:02.445596,1000,174,GET,/jobs/001,200,93.23789994232357
30,2026-09-08T00:10:02.445596,1000,175,DELETE,/jobs/002,404,59.71870000939816
30,2026-09-08T00:10:02.445596,1000,176,GET,/jobs/002,404,61.29569991026074
30,2026-09-08T00:10:02.445596,1000,177,GET,/jobs,200,57.89059994276613
30,2026-09-08T00:10:02.445596,1000,178,DELETE,/jobs/002,404,60.10930007323623
30,2026-09-08T00:10:02.445596,1000,179,DELETE,/jobs/002,404,59.52449992764741
30,2026-09-08T00:10:02.445596,1000,180,DELETE,/jobs/002,404,60.05730002652854
30,2026-09-08T00:10:02.445596,1000,181,PUT,/jobs/1000,404,91.29399992525578
30,2026-09-08T00:10:02.445596,1000,182,DELETE,/jobs/1000,404,60.03940000664443
30,2026-09-08T00:10:02.445596,1000,183,POST,/jobs,201,89.74800002761185
30,2026-09-08T00:10:02.445596,1000,184,POST,/jobs,201,82.44130003731698
30,2026-09-08T00:10:02.445596,1000,185,POST,/jobs,201,84.00569995865226
30,2026-09-08T00:10:02.445596,1000,186,GET,/jobs/1000,404,54.768099915236235
30,2026-09-08T00:10:02.445596,1000,187,POST,/jobs,201,82.84250006545335
30,2026-09-08T00:10:02.445596,1000,188,POST,/jobs,201,89.90699995774776
30,2026-09-08T00:10:02.445596,1000,189,GET,/jobs,200,54.199200007133186
30,2026-09-08T00:10:02.445596,1000,190,GET,/jobs,200,51.17720004636794
30,2026-09-08T00:10:02.445596,1000,191,PUT,/jobs/1000,404,83.34650006145239
30,2026-09-08T00:10:02.445596,1000,192,DELETE,/jobs/002,404,57.245700038038194
30,2026-09-08T00:10:02.445596,1000,193,GET,/jobs,200,56.23879993800074
30,2026-09-08T00:10:02.445596,1000,194,DELETE,/jobs/002,404,57.01469990890473
30,2026-09-08T00:10:02.445596,1000,195,DELETE,/jobs/1000,404,58.171399985440075
30,2026-09-08T00:10:02.445596,1000,196,GET,/jobs/002,404,58.99179994594306
30,2026-09-08T00:10:02.445596,1000,197,GET,/jobs,200,54.631899925880134
30,2026-09-08T00:10:02.445596,1000,198,GET,/jobs/002,404,58.071000035852194
30,2026-09-08T00:10:02.445596,1000,199,POST,/jobs,201,84.85470002051443
30,2026-09-08T00:10:02.445596,1000,200,PUT,/jobs/1000,404,86.36429999023676
30,2026-09-08T00:10:02.445596,1000,201,POST,/jobs,201,84.51260009314865
30,2026-09-08T00:10:02.445596,1000,202,DELETE,/jobs/002,404,57.93270003050566
30,2026-09-08T00:10:02.445596,1000,203,DELETE,/jobs/1000,404,58.2919999724254
30,2026-09-08T00:10:02.445596,1000,204,GET,/jobs,200,56.66370003018528
30,2026-09-08T00:10:02.445596,1000,205,GET,/jobs/002,404,57.93329991865903
30,2026-09-08T00:10:02.445596,1000,206,GET,/jobs,200,55.44310004916042
30,2026-09-08T00:10:02.445596,1000,207,GET,/jobs,200,52.86059994250536
30,2026-09-08T00:10:02.445596,1000,208,DELETE,/jobs/002,404,58.74410003889352
30,2026-09-08T00:10:02.445596,1000,209,POST,/jobs,201,91.46969998255372
30,2026-09-08T00:10:02.445596,1000,210,DELETE,/jobs/002,404,58.93659999128431
30,2026-09-08T00:10:02.445596,1000,211,POST,/jobs,201,90.97179991658777
30,2026-09-08T00:10:02.445596,1000,212,POST,/jobs,201,93.67769991513342
30,2026-09-08T00:10:02.445596,1000,213,PUT,/jobs/002,404,92.63520000968128
30,2026-09-08T00:10:02.445596,1000,214,GET,/jobs,200,57.1249999338761
30,2026-09-08T00:10:02.445596,1000,215,GET,/jobs,200,56.59310007467866
30,2026-09-08T00:10:02.445596,1000,216,PUT,/jobs/002,404,94.1402999451384
30,2026-09-08T00:10:02.445596,1000,217,GET,/jobs,200,56.27109995111823
30,2026-09-08T00:10:02.445596,1000,218,GET,/jobs,200,56.26570002641529
30,2026-09-08T00:10:02.445596,1000,219,POST,/jobs,201,91.23819996602833
30,2026-09-08T00:10:02.445596,1000,220,GET,/jobs/1000,404,59.133199974894524
30,2026-09-08T00:10:02.445596,1000,221,POST,/jobs,201,84.96589993592352
30,2026-09-08T00:10:02.445596,1000,222,PUT,/jobs/1000,404,94.63780000805855
30,2026-09-08T00:10:02.445596,1000,223,PUT,/jobs/1000,404,94.38679995946586
30,2026-09-08T00:10:02.445596,1000,224,GET,/jobs,200,56.90670001786202
30,2026-09-08T00:10:02.445596,1000,225,GET,/jobs,200,57.36940004862845
30,2026-09-08T00:10:02.445596,1000,226,GET,/jobs,200,56.765499990433455
30,2026-09-08T00:10:02.445596,1000,227,GET,/jobs/1000,404,58.09619999490678
30,2026-09-08T00:10:02.445596,1000,228,GET,/jobs,200,55.53889996372163
30,2026-09-08T00:10:02.445596,1000,229,POST,/jobs,201,86.09140000771731
30,2026-09-08T00:10:02.445596,1000,230,DELETE,/jobs/002,404,57.94880003668368
30,2026-09-08T00:10:02.445596,1000,231,PUT,/jobs/001,200,87.25260000210255
30,2026-09-08T00:10:02.445596,1000,232,GET,/jobs,200,55.69040006957948
30,2026-09-08T00:10:02.445596,1000,233,POST,/jobs,201,92.47190004680306
30,2026-09-08T00:10:02.445596,1000,234,GET,/jobs,200,53.69149998296052
30,2026-09-08T00:10:02.445596,1000,235,POST,/jobs,201,89.04220000840724
30,2026-09-08T00:10:02.445596,1000,236,GET,/jobs/1000,404,54.69769996125251
30,2026-09-08T00:10:02.445596,1000,237,GET,/jobs,200,60.17310009337962
30,2026-09-08T00:10:02.445596,1000,238,POST,/jobs,201,89.29230005014688
30,2026-09-08T00:10:02.445596,1000,239,DELETE,/jobs/1000,404,62.20970000140369
30,2026-09-08T00:10:02.445596,1000,240,DELETE,/jobs/002,404,59.64039999525994
30,2026-09-08T00:10:02.445596,1000,241,GET,/jobs/001,200,103.72389992699027
30,2026-09-08T00:10:02.445596,1000,242,GET,/jobs/002,404,61.09199998900294
30,2026-09-08T00:10:02.445596,1000,243,GET,/jobs,200,60.4522000066936
30,2026-09-08T00:10:02.445596,1000,244,GET,/jobs/1000,404,64.65750001370907
30,2026-09-08T00:10:02.445596,1000,245,POST,/jobs,201,110.30369997024536
30,2026-09-08T00:10:02.445596,1000,246,PUT,/jobs/1000,404,97.72259998135269
30,2026-09-08T00:10:02.445596,1000,247,GET,/jobs/002,404,60.75499998405576
30,2026-09-08T00:10:02.445596,1000,248,GET,/jobs/1000,404,64.05739998444915
30,2026-09-08T00:10:02.445596,1000,249,GET,/jobs,200,60.11560000479221
30,2026-09-08T00:10:02.445596,1000,250,PUT,/jobs/001,200,111.85680003836751
30,2026-09-08T00:10:02.445596,1000,251,PUT,/jobs/001,200,109.47370005305856
30,2026-09-08T00:10:02.445596,1000,252,GET,/jobs/002,404,63.72219999320805
30,2026-09-08T00:10:02.445596,1000,253,POST,/jobs,201,107.05290001351386
30,2026-09-08T00:10:02.445596,1000,254,GET,/jobs/001,200,127.97849997878075
30,2026-09-08T00:10:02.445596,1000,255,GET,/jobs,200,65.66389999352396
30,2026-09-08T00:10:02.445596,1000,256,GET,/jobs/002,404,66.14729994907975
30,2026-09-08T00:10:02.445596,1000,257,POST,/jobs,201,127.46230000630021
30,2026-09-08T00:10:02.445596,1000,258,GET,/jobs,200,65.08329999633133
30,2026-09-08T00:10:02.445596,1000,259,POST,/jobs,201,117.52520001027733
30,2026-09-08T00:10:02.445596,1000,260,DELETE,/jobs/1000,404,66.60839996766299
30,2026-09-08T00:10:02.445596,1000,261,DELETE,/jobs/1000,404,66.99189997743815
30,2026-09-08T00:10:02.445596,1000,262,GET,/jobs,200,67.11439997889102
30,2026-09-08T00:10:02.445596,1000,263,GET,/jobs,200,61.73219997435808
30,2026-09-08T00:10:02.445596,1000,264,POST,/jobs,201,122.18049995135516
30,2026-09-08T00:10:02.445596,1000,265,DELETE,/jobs/1000,404,60.93230005353689
30,2026-09-08T00:10:02.445596,1000,266,GET,/jobs,200,66.13940000534058
30,2026-09-08T00:10:02.445596,1000,267,GET,/jobs,200,63.24059993494302
30,2026-09-08T00:10:02.445596,1000,268,DELETE,/jobs/1000,404,67.93590006418526
30,2026-09-08T00:10:02.445596,1000,269,POST,/jobs,201,122.84429999999702
30,2026-09-08T00:10:02.445596,1000,270,POST,/jobs,201,132.5638999696821
30,2026-09-08T00:10:02.445596,1000,271,DELETE,/jobs/002,404,68.94809997174889
30,2026-09-08T00:10:02.445596,1000,272,PUT,/jobs/1000,404,129.42679994739592
30,2026-09-08T00:10:02.445596,1000,273,GET,/jobs/002,404,79.32670006994158
30,2026-09-08T00:10:02.445596,1000,274,GET,/jobs,200,66.58350001089275
30,2026-09-08T00:10:02.445596,1000,275,PUT,/jobs/001,200,125.61379990074784
30,2026-09-08T00:10:02.445596,1000,276,DELETE,/jobs/002,404,78.44119996298105
30,2026-09-08T00:10:02.445596,1000,277,POST,/jobs,201,125.01479999627918
30,2026-09-08T00:10:02.445596,1000,278,GET,/jobs,200,65.96799998078495
30,2026-09-08T00:10:02.445596,1000,279,POST,/jobs,201,132.55660003051162
30,2026-09-08T00:10:02.445596,1000,280,POST,/jobs,201,138.40709999203682
30,2026-09-08T00:10:02.445596,1000,281,GET,/jobs,200,74.04800003860146
30,2026-09-08T00:10:02.445596,1000,282,POST,/jobs,201,127.57739995140582
30,2026-09-08T00:10:02.445596,1000,283,POST,/jobs,201,138.15000001341105
30,2026-09-08T00:10:02.445596,1000,284,PUT,/jobs/002,404,128.45950003247708
30,2026-09-08T00:10:02.445596,1000,285,PUT,/jobs/1000,404,126.92840001545846
30,2026-09-08T00:10:02.445596,1000,286,POST,/jobs,201,137.83940009307116
30,2026-09-08T00:10:02.445596,1000,287,GET,/jobs/001,200,135.8710000058636
30,2026-09-08T00:10:02.445596,1000,288,PUT,/jobs/1000,404,136.57670002430677
30,2026-09-08T00:10:02.445596,1000,289,PUT,/jobs/1000,404,136.87469996511936
30,2026-09-08T00:10:02.445596,1000,290,GET,/jobs/1000,404,90.72699991520494
30,2026-09-08T00:10:02.445596,1000,291,DELETE,/jobs/1000,404,88.5306999552995
30,2026-09-08T00:10:02.445596,1000,292,PUT,/jobs/1000,404,137.5772999599576
30,2026-09-08T00:10:02.445596,1000,293,GET,/jobs,200,85.45829996000975
30,2026-09-08T00:10:02.445596,1000,294,POST,/jobs,201,137.14579993393272
30,2026-09-08T00:10:02.445596,1000,295,GET,/jobs/002,404,90.24089993909001
30,2026-09-08T00:10:02.445596,1000,296,DELETE,/jobs/1000,404,94.3844000576064
30,2026-09-08T00:10:02.445596,1000,297,PUT,/jobs/002,404,140.60050004627556
30,2026-09-08T00:10:02.445596,1000,298,PUT,/jobs/1000,404,140.27430000714958
30,2026-09-08T00:10:02.445596,1000,299,GET,/jobs/1000,404,97.77420002501458
30,2026-09-08T00:10:02.445596,1000,300,PUT,/jobs/1000,404,140.19880001433194
30,2026-09-08T00:10:02.445596,1000,301,GET,/jobs/1000,404,97.3544999724254
30,2026-09-08T00:10:02.445596,1000,302,GET,/jobs,200,96.0193999344483
30,2026-09-08T00:10:02.445596,1000,303,POST,/jobs,201,131.292000063695
30,2026-09-08T00:10:02.445596,1000,304,DELETE,/jobs/1000,404,97.20290009863675
30,2026-09-08T00:10:02.445596,1000,305,GET,/jobs,200,95.10719997342676
30,2026-09-08T00:10:02.445596,1000,306,GET,/jobs/1000,404,97.51659992616624
30,2026-09-08T00:10:02.445596,1000,307,POST,/jobs,201,140.9224000526592
30,2026-09-08T00:10:02.445596,1000,308,GET,/jobs/001,200,143.21300003211945
30,2026-09-08T00:10:02.445596,1000,309,GET,/jobs,200,90.35269997548312
30,2026-09-08T00:10:02.445596,1000,310,GET,/jobs,200,89.45839991793036
30,2026-09-08T00:10:02.445596,1000,311,GET,/jobs/002,404,95.42500006500632
30,2026-09-08T00:10:02.445596,1000,312,DELETE,/jobs/002,404,97.42750006262213
30,2026-09-08T00:10:02.445596,1000,313,PUT,/jobs/002,404,132.7484999783337
30,2026-09-08T00:10:02.445596,1000,314,DELETE,/jobs/002,404,95.86380003020167
30,2026-09-08T00:10:02.445596,1000,315,PUT,/jobs/002,404,134.22919996082783
30,2026-09-08T00:10:02.445596,1000,316,PUT,/jobs/001,200,141.1958000389859
30,2026-09-08T00:10:02.445596,1000,317,GET,/jobs/1000,404,96.2765000294894
30,2026-09-08T00:10:02.445596,1000,318,GET,/jobs,200,96.05729999020696
30,2026-09-08T00:10:02.445596,1000,319,GET,/jobs,200,89.99509993009269
30,2026-09-08T00:10:02.445596,1000,320,PUT,/jobs/001,200,132.67840002663434
30,2026-09-08T00:10:02.445596,1000,321,GET,/jobs/1000,404,101.96160001214594
30,2026-09-08T00:10:02.445596,1000,322,DELETE,/jobs/1000,404,102.58029995020479
30,2026-09-08T00:10:02.445596,1000,323,GET,/jobs,200,98.24670001398772
30,2026-09-08T00:10:02.445596,1000,324,DELETE,/jobs/002,404,100.36779998335987
30,2026-09-08T00:10:02.445596,1000,325,GET,/jobs,200,98.91749999951571
30,2026-09-08T00:10:02.445596,1000,326,PUT,/jobs/001,200,134.27739997860044
30,2026-09-08T00:10:02.445596,1000,327,PUT,/jobs/1000,404,144.68379993923008
30,2026-09-08T00:10:02.445596,1000,328,DELETE,/jobs/1000,404,100.69800005294383
30,2026-09-08T00:10:02.445596,1000,329,PUT,/jobs/1000,404,134.85100003890693
30,2026-09-08T00:10:02.445596,1000,330,DELETE,/jobs/1000,404,91.89679997507483
30,2026-09-08T00:10:02.445596,1000,331,DELETE,/jobs/1000,404,91.04379999917
30,2026-09-08T00:10:02.445596,1000,332,GET,/jobs/1000,404,92.31919993180782
30,2026-09-08T00:10:02.445596,1000,333,PUT,/jobs/002,404,138.67220003157854
30,2026-09-08T00:10:02.445596,1000,334,POST,/jobs,201,135.71599998977035
30,2026-09-08T00:10:02.445596,1000,335,GET,/jobs/1000,404,92.47680008411407
30,2026-09-08T00:10:02.445596,1000,336,POST,/jobs,201,139.12609999533743
30,2026-09-08T00:10:02.445596,1000,337,DELETE,/jobs/1000,404,91.52419993188232
30,2026-09-08T00:10:02.445596,1000,338,GET,/jobs/002,404,92.78399997856468
30,2026-09-08T00:10:02.445596,1000,339,PUT,/jobs/001,200,135.630700038746
30,2026-09-08T00:10:02.445596,1000,340,POST,/jobs,201,135.90029999613762
30,2026-09-08T00:10:02.445596,1000,341,POST,/jobs,201,124.22609992790967
30,2026-09-08T00:10:02.445596,1000,342,POST,/jobs,201,138.922999962233
30,2026-09-08T00:10:02.445596,1000,343,GET,/jobs,200,88.80080003291368
30,2026-09-08T00:10:02.445596,1000,344,GET,/jobs/001,200,129.9426999175921
30,2026-09-08T00:10:02.445596,1000,345,GET,/jobs/002,404,84.63549998123199
30,2026-09-08T00:10:02.445596,1000,346,GET,/jobs/1000,404,86.84030000586063
30,2026-09-08T00:10:02.445596,1000,347,GET,/jobs/001,200,130.91669999994338
30,2026-09-08T00:10:02.445596,1000,348,PUT,/jobs/002,404,129.74209990352392
30,2026-09-08T00:10:02.445596,1000,349,POST,/jobs,201,132.38269998691976
30,2026-09-08T00:10:02.445596,1000,350,PUT,/jobs/002,404,123.53240000084043
30,2026-09-08T00:10:02.445596,1000,351,GET,/jobs,200,77.83360010944307
30,2026-09-08T00:10:02.445596,1000,352,GET,/jobs/002,404,82.25660002790391
30,2026-09-08T00:10:02.445596,1000,353,PUT,/jobs/1000,404,122.31120001524687
30,2026-09-08T00:10:02.445596,1000,354,GET,/jobs,200,78.52600002661347
30,2026-09-08T00:10:02.445596,1000,355,DELETE,/jobs/1000,404,77.8767999727279
30,2026-09-08T00:10:02.445596,1000,356,PUT,/jobs/001,200,119.80840004980564
30,2026-09-08T00:10:02.445596,1000,357,POST,/jobs,201,135.93390001915395
30,2026-09-08T00:10:02.445596,1000,358,PUT,/jobs/002,404,124.8493999009952
30,2026-09-08T00:10:02.445596,1000,359,DELETE,/jobs/002,404,79.75620008073747
30,2026-09-08T00:10:02.445596,1000,360,PUT,/jobs/001,200,135.14059991575778
30,2026-09-08T00:10:02.445596,1000,361,POST,/jobs,201,136.2624999601394
30,2026-09-08T00:10:02.445596,1000,362,PUT,/jobs/001,200,135.7132000848651
30,2026-09-08T00:10:02.445596,1000,363,PUT,/jobs/002,404,133.56799993198365
30,2026-09-08T00:10:02.445596,1000,364,PUT,/jobs/1000,404,125.93800004106015
30,2026-09-08T00:10:02.445596,1000,365,GET,/jobs/002,404,81.8303000414744
30,2026-09-08T00:10:02.445596,1000,366,GET,/jobs/1000,404,81.76289999391884
30,2026-09-08T00:10:02.445596,1000,367,DELETE,/jobs/002,404,81.5971998963505
30,2026-09-08T00:10:02.445596,1000,368,PUT,/jobs/1000,404,126.60870002582669
30,2026-09-08T00:10:02.445596,1000,369,DELETE,/jobs/002,404,82.09300006274134
30,2026-09-08T00:10:02.445596,1000,370,GET,/jobs,200,70.18659997265786
30,2026-09-08T00:10:02.445596,1000,371,PUT,/jobs/001,200,122.07750009838492
30,2026-09-08T00:10:02.445596,1000,372,PUT,/jobs/001,200,122.29119997937232
30,2026-09-08T00:10:02.445596,1000,373,GET,/jobs,200,83.69719993788749
30,2026-09-08T00:10:02.445596,1000,374,POST,/jobs,201,121.72779999673367
30,2026-09-08T00:10:02.445596,1000,375,POST,/jobs,201,121.47880007978529
30,2026-09-08T00:10:02.445596,1000,376,PUT,/jobs/002,404,123.13199997879565
30,2026-09-08T00:10:02.445596,1000,377,POST,/jobs,201,128.56470001861453
30,2026-09-08T00:10:02.445596,1000,378,PUT,/jobs/002,404,120.88409997522831
30,2026-09-08T00:10:02.445596,1000,379,PUT,/jobs/002,404,117.7326999604702
30,2026-09-08T00:10:02.445596,1000,380,GET,/jobs,200,77.5595000013709
30,2026-09-08T00:10:02.445596,1000,381,PUT,/jobs/001,200,122.91350006125867
30,2026-09-08T00:10:02.445596,1000,382,DELETE,/jobs/002,404,92.74689992889762
30,2026-09-08T00:10:02.445596,1000,383,POST,/jobs,201,122.73279996588826
30,2026-09-08T00:10:02.445596,1000,384,GET,/jobs,200,83.0765999853611
30,2026-09-08T00:10:02.445596,1000,385,GET,/jobs,200,81.76880003884435
30,2026-09-08T00:10:02.445596,1000,386,GET,/jobs,200,81.59780001733452
30,2026-09-08T00:10:02.445596,1000,387,GET,/jobs/001,200,125.47550001181662
30,2026-09-08T00:10:02.445596,1000,388,GET,/jobs,200,86.94680000189692
30,2026-09-08T00:10:02.445596,1000,389,DELETE,/jobs/002,404,92.9986999835819
30,2026-09-08T00:10:02.445596,1000,390,GET,/jobs/001,200,125.13169995509088
30,2026-09-08T00:10:02.445596,1000,391,PUT,/jobs/1000,404,123.07770003098994
30,2026-09-08T00:10:02.445596,1000,392,GET,/jobs,200,82.61299994774163
30,2026-09-08T00:10:02.445596,1000,393,DELETE,/jobs/002,404,91.57249995041639
30,2026-09-08T00:10:02.445596,1000,394,PUT,/jobs/1000,404,115.91619998216629
30,2026-09-08T00:10:02.445596,1000,395,POST,/jobs,201,116.67879996821284
30,2026-09-08T00:10:02.445596,1000,396,POST,/jobs,201,116.04170000646263
30,2026-09-08T00:10:02.445596,1000,397,DELETE,/jobs/002,404,81.66719996370375
30,2026-09-08T00:10:02.445596,1000,398,GET,/jobs/002,404,82.09329994861037
30,2026-09-08T00:10:02.445596,1000,399,GET,/jobs,200,77.05999992322177
30,2026-09-08T00:10:02.445596,1000,400,DELETE,/jobs/002,404,83.39679997880012
30,2026-09-08T00:10:02.445596,1000,401,POST,/jobs,201,114.1168000176549
30,2026-09-08T00:10:02.445596,1000,402,PUT,/jobs/002,404,116.91680003423244
30,2026-09-08T00:10:02.445596,1000,403,GET,/jobs/001,200,116.35390005540103
30,2026-09-08T00:10:02.445596,1000,404,DELETE,/jobs/002,404,79.12160002160817
30,2026-09-08T00:10:02.445596,1000,405,GET,/jobs,200,77.75190006941557
30,2026-09-08T00:10:02.445596,1000,406,POST,/jobs,201,115.31739996280521
30,2026-09-08T00:10:02.445596,1000,407,DELETE,/jobs/002,404,78.7094000261277
30,2026-09-08T00:10:02.445596,1000,408,DELETE,/jobs/002,404,78.93270009662956
30,2026-09-08T00:10:02.445596,1000,409,POST,/jobs,201,109.99290004838258
30,2026-09-08T00:10:02.445596,1000,410,PUT,/jobs/1000,404,115.91629998292774
30,2026-09-08T00:10:02.445596,1000,411,POST,/jobs,201,118.58890007715672
30,2026-09-08T00:10:02.445596,1000,412,DELETE,/jobs/1000,404,83.74380005989224
30,2026-09-08T00:10:02.445596,1000,413,GET,/jobs,200,71.49509992450476
30,2026-09-08T00:10:02.445596,1000,414,PUT,/jobs/002,404,117.92370001785457
30,2026-09-08T00:10:02.445596,1000,415,GET,/jobs,200,75.61509998049587
30,2026-09-08T00:10:02.445596,1000,416,PUT,/jobs/002,404,109.93730009067804
30,2026-09-08T00:10:02.445596,1000,417,PUT,/jobs/1000,404,109.71990006510168
30,2026-09-08T00:10:02.445596,1000,418,GET,/jobs/002,404,82.2399000171572
30,2026-09-08T00:10:02.445596,1000,419,GET,/jobs/1000,404,80.95530001446605
30,2026-09-08T00:10:02.445596,1000,420,DELETE,/jobs/1000,404,82.06599997356534
30,2026-09-08T00:10:02.445596,1000,421,DELETE,/jobs/1000,404,84.31909990031272
30,2026-09-08T00:10:02.445596,1000,422,PUT,/jobs/002,404,113.66240005008876
30,2026-09-08T00:10:02.445596,1000,423,DELETE,/jobs/1000,404,82.34229998197407
30,2026-09-08T00:10:02.445596,1000,424,POST,/jobs,201,113.98899997584522
30,2026-09-08T00:10:02.445596,1000,425,GET,/jobs/001,200,125.83989999257028
30,2026-09-08T00:10:02.445596,1000,426,POST,/jobs,201,113.57430007774383
30,2026-09-08T00:10:02.445596,1000,427,GET,/jobs/002,404,80.48240002244711
30,2026-09-08T00:10:02.445596,1000,428,DELETE,/jobs/1000,404,80.63530002254993
30,2026-09-08T00:10:02.445596,1000,429,POST,/jobs,201,107.00169997289777
30,2026-09-08T00:10:02.445596,1000,430,PUT,/jobs/002,404,108.04309998638928
30,2026-09-08T00:10:02.445596,1000,431,GET,/jobs/002,404,84.48299998417497
30,2026-09-08T00:10:02.445596,1000,432,GET,/jobs/002,404,69.44969994947314
30,2026-09-08T00:10:02.445596,1000,433,POST,/jobs,201,107.00080008246005
30,2026-09-08T00:10:02.445596,1000,434,POST,/jobs,201,110.39090005215257
30,2026-09-08T00:10:02.445596,1000,435,POST,/jobs,201,110.56260007899255
30,2026-09-08T00:10:02.445596,1000,436,GET,/jobs,200,68.41989990789443
30,2026-09-08T00:10:02.445596,1000,437,DELETE,/jobs/002,404,69.81570005882531
30,2026-09-08T00:10:02.445596,1000,438,GET,/jobs,200,68.58299998566508
30,2026-09-08T00:10:02.445596,1000,439,GET,/jobs/1000,404,67.68610002472997
30,2026-09-08T00:10:02.445596,1000,440,PUT,/jobs/002,404,98.3269999269396
30,2026-09-08T00:10:02.445596,1000,441,DELETE,/jobs/002,404,67.1604999806732
30,2026-09-08T00:10:02.445596,1000,442,PUT,/jobs/1000,404,104.37739989720285
30,2026-09-08T00:10:02.445596,1000,443,PUT,/jobs/002,404,103.82670001126826
30,2026-09-08T00:10:02.445596,1000,444,GET,/jobs,200,69.56540001556277
30,2026-09-08T00:10:02.445596,1000,445,GET,/jobs,200,69.03310003690422
30,2026-09-08T00:10:02.445596,1000,446,POST,/jobs,201,118.19740000646561
30,2026-09-08T00:10:02.445596,1000,447,PUT,/jobs/1000,404,115.73269998189062
30,2026-09-08T00:10:02.445596,1000,448,GET,/jobs/002,404,79.0486999321729
30,2026-09-08T00:10:02.445596,1000,449,DELETE,/jobs/1000,404,82.73310004733503
30,2026-09-08T00:10:02.445596,1000,450,PUT,/jobs/1000,404,118.36520000360906
30,2026-09-08T00:10:02.445596,1000,451,DELETE,/jobs/1000,404,81.16549998521805
30,2026-09-08T00:10:02.445596,1000,452,PUT,/jobs/1000,404,115.89209991507232
30,2026-09-08T00:10:02.445596,1000,453,DELETE,/jobs/1000,404,79.17270006146282
30,2026-09-08T00:10:02.445596,1000,454,POST,/jobs,201,116.7049000505358
30,2026-09-08T00:10:02.445596,1000,455,PUT,/jobs/002,404,119.19230001512915
30,2026-09-08T00:10:02.445596,1000,456,POST,/jobs,201,114.80350000783801
30,2026-09-08T00:10:02.445596,1000,457,GET,/jobs/001,200,116.2495999597013
30,2026-09-08T00:10:02.445596,1000,458,GET,/jobs/002,404,68.72520002070814
30,2026-09-08T00:10:02.445596,1000,459,GET,/jobs,200,66.65709998924285
30,2026-09-08T00:10:02.445596,1000,460,DELETE,/jobs/002,404,72.37279997207224
30,2026-09-08T00:10:02.445596,1000,461,GET,/jobs/001,200,111.9747000047937
30,2026-09-08T00:10:02.445596,1000,462,PUT,/jobs/002,404,111.35789996478707
30,2026-09-08T00:10:02.445596,1000,463,DELETE,/jobs/1000,404,71.87159999739379
30,2026-09-08T00:10:02.445596,1000,464,GET,/jobs,200,71.2731999810785
30,2026-09-08T00:10:02.445596,1000,465,GET,/jobs/002,404,79.64149990584701
30,2026-09-08T00:10:02.445596,1000,466,GET,/jobs/002,404,79.0133000118658
30,2026-09-08T00:10:02.445596,1000,467,GET,/jobs/002,404,79.33600002434105
30,2026-09-08T00:10:02.445596,1000,468,GET,/jobs,200,78.28750007320195
30,2026-09-08T00:10:02.445596,1000,469,DELETE,/jobs/002,404,78.8378999568522
30,2026-09-08T00:10:02.445596,1000,470,POST,/jobs,201,140.85989992599934
30,2026-09-08T00:10:02.445596,1000,471,GET,/jobs,200,81.13010006491095
30,2026-09-08T00:10:02.445596,1000,472,DELETE,/jobs/1000,404,90.77829995658249
30,2026-09-08T00:10:02.445596,1000,473,GET,/jobs/1000,404,83.70319998357445
30,2026-09-08T00:10:02.445596,1000,474,PUT,/jobs/001,200,140.3344999998808
30,2026-09-08T00:10:02.445596,1000,475,GET,/jobs,200,80.95490001142025
30,2026-09-08T00:10:02.445596,1000,476,DELETE,/jobs/1000,404,83.26959994155914
30,2026-09-08T00:10:02.445596,1000,477,PUT,/jobs/002,404,129.24170005135238
30,2026-09-08T00:10:02.445596,1000,478,PUT,/jobs/002,404,138.29279993660748
30,2026-09-08T00:10:02.445596,1000,479,GET,/jobs/001,200,145.30930004548281
30,2026-09-08T00:10:02.445596,1000,480,POST,/jobs,201,130.9575999621302
30,2026-09-08T00:10:02.445596,1000,481,PUT,/jobs/001,200,130.79020008444786
30,2026-09-08T00:10:02.445596,1000,482,GET,/jobs,200,79.10010009072721
30,2026-09-08T00:10:02.445596,1000,483,PUT,/jobs/002,404,149.47509998455644
30,2026-09-08T00:10:02.445596,1000,484,GET,/jobs,200,77.00930000282824
30,2026-09-08T00:10:02.445596,1000,485,DELETE,/jobs/002,404,78.33970000501722
30,2026-09-08T00:10:02.445596,1000,486,GET,/jobs/001,200,151.73699997831136
30,2026-09-08T00:10:02.445596,1000,487,DELETE,/jobs/1000,404,81.16329996846616
30,2026-09-08T00:10:02.445596,1000,488,GET,/jobs,200,76.66949997656047
30,2026-09-08T00:10:02.445596,1000,489,GET,/jobs/001,200,147.2404000815004
30,2026-09-08T00:10:02.445596,1000,490,DELETE,/jobs/1000,404,78.34519993048161
30,2026-09-08T00:10:02.445596,1000,491,DELETE,/jobs/002,404,83.68470007553697
30,2026-09-08T00:10:02.445596,1000,492,DELETE,/jobs/1000,404,84.57399997860193
30,2026-09-08T00:10:02.445596,1000,493,PUT,/jobs/002,404,143.19179998710752
30,2026-09-08T00:10:02.445596,1000,494,POST,/jobs,201,143.896900000982
30,2026-09-08T00:10:02.445596,1000,495,DELETE,/jobs/1000,404,80.17940004356205
30,2026-09-08T00:10:02.445596,1000,496,POST,/jobs,201,143.4671999886632
30,2026-09-08T00:10:02.445596,1000,497,DELETE,/jobs/002,404,84.19710001908243
30,2026-09-08T00:10:02.445596,1000,498,DELETE,/jobs/002,404,77.69349997397512
30,2026-09-08T00:10:02.445596,1000,499,GET,/jobs/1000,404,78.88219994492829
30,2026-09-08T00:10:02.445596,1000,500,GET,/jobs/002,404,104.60199997760355
30,2026-09-08T00:10:02.445596,1000,501,GET,/jobs,200,100.25669995229691
30,2026-09-08T00:10:02.445596,1000,502,GET,/jobs/001,200,161.7971999803558
30,2026-09-08T00:10:02.445596,1000,503,GET,/jobs/1000,404,103.80669997539371
30,2026-09-08T00:10:02.445596,1000,504,GET,/jobs,200,101.30020009819418
30,2026-09-08T00:10:02.445596,1000,505,GET,/jobs/001,200,161.16959997452796
30,2026-09-08T00:10:02.445596,1000,506,PUT,/jobs/002,404,154.64949992019683
30,2026-09-08T00:10:02.445596,1000,507,DELETE,/jobs/1000,404,104.16059999261051
30,2026-09-08T00:10:02.445596,1000,508,POST,/jobs,201,149.35800002422184
30,2026-09-08T00:10:02.445596,1000,509,GET,/jobs/002,404,109.64800009969622
30,2026-09-08T00:10:02.445596,1000,510,POST,/jobs,201,149.9317999696359
30,2026-09-08T00:10:02.445596,1000,511,PUT,/jobs/001,200,161.76970000378788
30,2026-09-08T00:10:02.445596,1000,512,GET,/jobs/002,404,110.76339997816831
30,2026-09-08T00:10:02.445596,1000,513,DELETE,/jobs/002,404,110.66090001258999
30,2026-09-08T00:10:02.445596,1000,514,PUT,/jobs/001,200,159.52370001468807
30,2026-09-08T00:10:02.445596,1000,515,DELETE,/jobs/002,404,111.36979993898422
30,2026-09-08T00:10:02.445596,1000,516,GET,/jobs/002,404,110.2320000063628
30,2026-09-08T00:10:02.445596,1000,517,GET,/jobs/001,200,163.81479997653514
30,2026-09-08T00:10:02.445596,1000,518,GET,/jobs,200,107.96239995397627
30,2026-09-08T00:10:02.445596,1000,519,GET,/jobs/002,404,114.85090001951903
30,2026-09-08T00:10:02.445596,1000,520,DELETE,/jobs/1000,404,96.75709996372461
30,2026-09-08T00:10:02.445596,1000,521,PUT,/jobs/001,200,164.59579998627305
30,2026-09-08T00:10:02.445596,1000,522,PUT,/jobs/1000,404,149.02160002384335
30,2026-09-08T00:10:02.445596,1000,523,POST,/jobs,201,146.98800002224743
30,2026-09-08T00:10:02.445596,1000,524,PUT,/jobs/002,404,164.2409999622032
30,2026-09-08T00:10:02.445596,1000,525,DELETE,/jobs/1000,404,112.36999998800457
30,2026-09-08T00:10:02.445596,1000,526,PUT,/jobs/001,200,148.66209996398538
30,2026-09-08T00:10:02.445596,1000,527,DELETE,/jobs/002,404,111.87240004073828
30,2026-09-08T00:10:02.445596,1000,528,PUT,/jobs/1000,404,148.93850008957088
30,2026-09-08T00:10:02.445596,1000,529,POST,/jobs,201,147.49240002129227
30,2026-09-08T00:10:02.445596,1000,530,POST,/jobs,201,153.45019998494536
30,2026-09-08T00:10:02.445596,1000,531,GET,/jobs,200,99.4610000634566
30,2026-09-08T00:10:02.445596,1000,532,GET,/jobs/1000,404,98.47590001299977
30,2026-09-08T00:10:02.445596,1000,533,DELETE,/jobs/002,404,112.8229999449104
30,2026-09-08T00:10:02.445596,1000,534,POST,/jobs,201,148.4169999603182
30,2026-09-08T00:10:02.445596,1000,535,GET,/jobs,200,111.48940003477037
30,2026-09-08T00:10:02.445596,1000,536,GET,/jobs/002,404,112.31710005085915
30,2026-09-08T00:10:02.445596,1000,537,DELETE,/jobs/1000,404,112.08260001149029
30,2026-09-08T00:10:02.445596,1000,538,POST,/jobs,201,148.90070003457367
30,2026-09-08T00:10:02.445596,1000,539,DELETE,/jobs/1000,404,108.06120000779629
30,2026-09-08T00:10:02.445596,1000,540,PUT,/jobs/001,200,161.93169995676726
30,2026-09-08T00:10:02.445596,1000,541,PUT,/jobs/002,404,157.33269997872412
30,2026-09-08T00:10:02.445596,1000,542,PUT,/jobs/002,404,160.2809999603778
30,2026-09-08T00:10:02.445596,1000,543,POST,/jobs,201,164.979699999094
30,2026-09-08T00:10:02.445596,1000,544,GET,/jobs,200,104.74750003777444
30,2026-09-08T00:10:02.445596,1000,545,GET,/jobs/002,404,112.1617000317201
30,2026-09-08T00:10:02.445596,1000,546,PUT,/jobs/1000,404,165.33350001554936
30,2026-09-08T00:10:02.445596,1000,547,PUT,/jobs/002,404,162.0958000421524
30,2026-09-08T00:10:02.445596,1000,548,PUT,/jobs/1000,404,154.78670003358275
30,2026-09-08T00:10:02.445596,1000,549,GET,/jobs,200,107.85619996022433
30,2026-09-08T00:10:02.445596,1000,550,PUT,/jobs/001,200,163.72799989767373
30,2026-09-08T00:10:02.445596,1000,551,POST,/jobs,201,164.61880004499108
30,2026-09-08T00:10:02.445596,1000,552,POST,/jobs,201,164.25709996838123
30,2026-09-08T00:10:02.445596,1000,553,PUT,/jobs/1000,404,163.95239997655153
30,2026-09-08T00:10:02.445596,1000,554,GET,/jobs,200,113.48669999279082
30,2026-09-08T00:10:02.445596,1000,555,DELETE,/jobs/1000,404,102.13380004279315
30,2026-09-08T00:10:02.445596,1000,556,PUT,/jobs/001,200,149.35950003564358
30,2026-09-08T00:10:02.445596,1000,557,GET,/jobs/1000,404,101.65610001422465
30,2026-09-08T00:10:02.445596,1000,558,POST,/jobs,201,144.8888999875635
30,2026-09-08T00:10:02.445596,1000,559,PUT,/jobs/1000,404,150.89639998041093
30,2026-09-08T00:10:02.445596,1000,560,PUT,/jobs/001,200,140.51109994761646
30,2026-09-08T00:10:02.445596,1000,561,GET,/jobs/002,404,105.98540003411472
30,2026-09-08T00:10:02.445596,1000,562,DELETE,/jobs/002,404,102.37449989654124
30,2026-09-08T00:10:02.445596,1000,563,POST,/jobs,201,140.6888000201434
30,2026-09-08T00:10:02.445596,1000,564,PUT,/jobs/001,200,141.17049996275455
30,2026-09-08T00:10:02.445596,1000,565,GET,/jobs,200,92.98810001928359
30,2026-09-08T00:10:02.445596,1000,566,DELETE,/jobs/002,404,102.19280002638698
30,2026-09-08T00:10:02.445596,1000,567,GET,/jobs/002,404,102.26089996285737
30,2026-09-08T00:10:02.445596,1000,568,DELETE,/jobs/002,404,92.66460000071675
30,2026-09-08T00:10:02.445596,1000,569,DELETE,/jobs/1000,404,105.77240004204214
30,2026-09-08T00:10:02.445596,1000,570,GET,/jobs,200,92.1807000413537
30,2026-09-08T00:10:02.445596,1000,571,GET,/jobs/001,200,146.1301000090316
30,2026-09-08T00:10:02.445596,1000,572,PUT,/jobs/001,200,144.41179996356368
30,2026-09-08T00:10:02.445596,1000,573,GET,/jobs/002,404,96.68880002573133
30,2026-09-08T00:10:02.445596,1000,574,POST,/jobs,201,135.65079995896667
30,2026-09-08T00:10:02.445596,1000,575,POST,/jobs,201,134.33999998960644
30,2026-09-08T00:10:02.445596,1000,576,PUT,/jobs/002,404,144.59049992728978
30,2026-09-08T00:10:02.445596,1000,577,GET,/jobs/002,404,95.67549999337643
30,2026-09-08T00:10:02.445596,1000,578,DELETE,/jobs/002,404,95.4384000506252
30,2026-09-08T00:10:02.445596,1000,579,PUT,/jobs/001,200,141.97929995134473
30,2026-09-08T00:10:02.445596,1000,580,DELETE,/jobs/002,404,96.68419999070466
30,2026-09-08T00:10:02.445596,1000,581,GET,/jobs,200,82.0650999667123
30,2026-09-08T00:10:02.445596,1000,582,POST,/jobs,201,126.31419999524951
30,2026-09-08T00:10:02.445596,1000,583,PUT,/jobs/002,404,127.30819999706
30,2026-09-08T00:10:02.445596,1000,584,DELETE,/jobs/1000,404,84.75939999334514
30,2026-09-08T00:10:02.445596,1000,585,GET,/jobs,200,83.15580000635237
30,2026-09-08T00:10:02.445596,1000,586,POST,/jobs,201,122.46260000392795
30,2026-09-08T00:10:02.445596,1000,587,POST,/jobs,201,130.66499994602054
30,2026-09-08T00:10:02.445596,1000,588,DELETE,/jobs/1000,404,92.29589998722076
30,2026-09-08T00:10:02.445596,1000,589,GET,/jobs/002,404,92.84129994921386
30,2026-09-08T00:10:02.445596,1000,590,DELETE,/jobs/1000,404,82.61859999038279
30,2026-09-08T00:10:02.445596,1000,591,POST,/jobs,201,131.18659995961934
30,2026-09-08T00:10:02.445596,1000,592,DELETE,/jobs/1000,404,92.63580001424998
30,2026-09-08T00:10:02.445596,1000,593,PUT,/jobs/002,404,139.26129997707903
30,2026-09-08T00:10:02.445596,1000,594,GET,/jobs/1000,404,93.53750001173466
30,2026-09-08T00:10:02.445596,1000,595,GET,/jobs/1000,404,91.862199944444
30,2026-09-08T00:10:02.445596,1000,596,PUT,/jobs/001,200,138.91720003448427
30,2026-09-08T00:10:02.445596,1000,597,PUT,/jobs/001,200,132.63819995336235
30,2026-09-08T00:10:02.445596,1000,598,POST,/jobs,201,139.50990000739694
30,2026-09-08T00:10:02.445596,1000,599,PUT,/jobs/1000,404,139.47010005358607
30,2026-09-08T00:10:02.445596,1000,600,PUT,/jobs/002,404,124.7621999355033
30,2026-09-08T00:10:02.445596,1000,601,GET,/jobs/002,404,89.51060008257627
30,2026-09-08T00:10:02.445596,1000,602,GET,/jobs,200,87.86790003068745
30,2026-09-08T00:10:02.445596,1000,603,GET,/jobs/1000,404,89.34390009380877
30,2026-09-08T00:10:02.445596,1000,604,DELETE,/jobs/1000,404,89.31780001148582
30,2026-09-08T00:10:02.445596,1000,605,GET,/jobs,200,88.2153999991715
30,2026-09-08T00:10:02.445596,1000,606,PUT,/jobs/001,200,136.9796999497339
30,2026-09-08T00:10:02.445596,1000,607,DELETE,/jobs/1000,404,89.23690009396523
30,2026-09-08T00:10:02.445596,1000,608,GET,/jobs,200,82.88349991198629
30,2026-09-08T00:10:02.445596,1000,609,GET,/jobs/002,404,95.33140005078167
30,2026-09-08T00:10:02.445596,1000,610,GET,/jobs/001,200,141.2502999883145
30,2026-09-08T00:10:02.445596,1000,611,PUT,/jobs/002,404,128.91309999395162
30,2026-09-08T00:10:02.445596,1000,612,POST,/jobs,201,129.71040001139045
30,2026-09-08T00:10:02.445596,1000,613,PUT,/jobs/1000,404,128.04859993048012
30,2026-09-08T00:10:02.445596,1000,614,GET,/jobs,200,82.63239997904748
30,2026-09-08T00:10:02.445596,1000,615,POST,/jobs,201,128.1095000449568
30,2026-09-08T00:10:02.445596,1000,616,DELETE,/jobs/1000,404,92.43620000779629
30,2026-09-08T00:10:02.445596,1000,617,POST,/jobs,201,141.18590008001775
30,2026-09-08T00:10:02.445596,1000,618,PUT,/jobs/1000,404,127.98539991490543
30,2026-09-08T00:10:02.445596,1000,619,GET,/jobs,200,84.39229999203235
30,2026-09-08T00:10:02.445596,1000,620,DELETE,/jobs/002,404,84.0895000146702
30,2026-09-08T00:10:02.445596,1000,621,GET,/jobs/1000,404,83.15209997817874
30,2026-09-08T00:10:02.445596,1000,622,POST,/jobs,201,128.0106999911368
30,2026-09-08T00:10:02.445596,1000,623,GET,/jobs,200,83.57900008559227
30,2026-09-08T00:10:02.445596,1000,624,PUT,/jobs/001,200,133.3398000570014
30,2026-09-08T00:10:02.445596,1000,625,GET,/jobs,200,86.31980000063777
30,2026-09-08T00:10:02.445596,1000,626,PUT,/jobs/001,200,134.02530003804713
30,2026-09-08T00:10:02.445596,1000,627,POST,/jobs,201,127.37970007583499
30,2026-09-08T00:10:02.445596,1000,628,GET,/jobs,200,86.5145999705419
30,2026-09-08T00:10:02.445596,1000,629,POST,/jobs,201,129.050699993968
30,2026-09-08T00:10:02.445596,1000,630,GET,/jobs,200,86.88179997261614
30,2026-09-08T00:10:02.445596,1000,631,POST,/jobs,201,132.38169997930527
30,2026-09-08T00:10:02.445596,1000,632,POST,/jobs,201,132.02040002215654
30,2026-09-08T00:10:02.445596,1000,633,GET,/jobs/001,200,133.88470001518726
30,2026-09-08T00:10:02.445596,1000,634,DELETE,/jobs/1000,404,87.01989997643977
30,2026-09-08T00:10:02.445596,1000,635,DELETE,/jobs/002,404,86.91129996441305
30,2026-09-08T00:10:02.445596,1000,636,GET,/jobs/001,200,133.46819998696446
30,2026-09-08T00:10:02.445596,1000,637,GET,/jobs,200,77.25440000649542
30,2026-09-08T00:10:02.445596,1000,638,DELETE,/jobs/1000,404,86.6068999748677
30,2026-09-08T00:10:02.445596,1000,639,DELETE,/jobs/002,404,89.99700006097555
30,2026-09-08T00:10:02.445596,1000,640,PUT,/jobs/1000,404,121.19410000741482
30,2026-09-08T00:10:02.445596,1000,641,GET,/jobs/001,200,133.29969998449087
30,2026-09-08T00:10:02.445596,1000,642,PUT,/jobs/1000,404,128.24989994987845
30,2026-09-08T00:10:02.445596,1000,643,POST,/jobs,201,127.04209994990379
30,2026-09-08T00:10:02.445596,1000,644,POST,/jobs,201,132.37550004851073
30,2026-09-08T00:10:02.445596,1000,645,GET,/jobs,200,89.94700002949685
30,2026-09-08T00:10:02.445596,1000,646,PUT,/jobs/002,404,126.87330006156117
30,2026-09-08T00:10:02.445596,1000,647,DELETE,/jobs/002,404,93.42389996163547
30,2026-09-08T00:10:02.445596,1000,648,GET,/jobs,200,81.54479996301234
30,2026-09-08T00:10:02.445596,1000,649,PUT,/jobs/002,404,120.80239993520081
30,2026-09-08T00:10:02.445596,1000,650,DELETE,/jobs/1000,404,79.1050000116229
30,2026-09-08T00:10:02.445596,1000,651,PUT,/jobs/1000,404,123.86960000731051
30,2026-09-08T00:10:02.445596,1000,652,POST,/jobs,201,131.05279998853803
30,2026-09-08T00:10:02.445596,1000,653,POST,/jobs,201,122.33160005416721
30,2026-09-08T00:10:02.445596,1000,654,PUT,/jobs/002,404,124.92470000870526
30,2026-09-08T00:10:02.445596,1000,655,GET,/jobs,200,82.71770004648715
30,2026-09-08T00:10:02.445596,1000,656,GET,/jobs/002,404,84.5351000316441
30,2026-09-08T00:10:02.445596,1000,657,DELETE,/jobs/1000,404,85.27689997572452
30,2026-09-08T00:10:02.445596,1000,658,DELETE,/jobs/1000,404,84.04009998776019
30,2026-09-08T00:10:02.445596,1000,659,POST,/jobs,201,129.96429996564984
30,2026-09-08T00:10:02.445596,1000,660,PUT,/jobs/002,404,130.30809990596026
30,2026-09-08T00:10:02.445596,1000,661,GET,/jobs,200,82.59500004351139
30,2026-09-08T00:10:02.445596,1000,662,DELETE,/jobs/002,404,83.88110005762428
30,2026-09-08T00:10:02.445596,1000,663,DELETE,/jobs/1000,404,84.44030000828207
30,2026-09-08T00:10:02.445596,1000,664,POST,/jobs,201,130.5878000566736
30,2026-09-08T00:10:02.445596,1000,665,GET,/jobs/1000,404,79.81240004301071
30,2026-09-08T00:10:02.445596,1000,666,POST,/jobs,201,128.2820999622345
30,2026-09-08T00:10:02.445596,1000,667,GET,/jobs/1000,404,79.46020003873855
30,2026-09-08T00:10:02.445596,1000,668,POST,/jobs,201,117.1185999410227
30,2026-09-08T00:10:02.445596,1000,669,GET,/jobs/1000,404,80.31340001616627
30,2026-09-08T00:10:02.445596,1000,670,GET,/jobs,200,78.61840003170073
30,2026-09-08T00:10:02.445596,1000,671,GET,/jobs,200,70.76869998127222
30,2026-09-08T00:10:02.445596,1000,672,POST,/jobs,201,129.102100036107
30,2026-09-08T00:10:02.445596,1000,673,PUT,/jobs/001,200,116.8519000057131
30,2026-09-08T00:10:02.445596,1000,674,DELETE,/jobs/1000,404,80.01529995817691
30,2026-09-08T00:10:02.445596,1000,675,GET,/jobs/001,200,126.7624000320211
30,2026-09-08T00:10:02.445596,1000,676,POST,/jobs,201,119.80250000488013
30,2026-09-08T00:10:02.445596,1000,677,PUT,/jobs/001,200,120.70970004424453
30,2026-09-08T00:10:02.445596,1000,678,GET,/jobs/001,200,126.5443000011146
30,2026-09-08T00:10:02.445596,1000,679,DELETE,/jobs/1000,404,84.99349991325289
30,2026-09-08T00:10:02.445596,1000,680,DELETE,/jobs/1000,404,84.43749998696148
30,2026-09-08T00:10:02.445596,1000,681,GET,/jobs/002,404,85.29269997961819
30,2026-09-08T00:10:02.445596,1000,682,PUT,/jobs/002,404,123.03399993106723
30,2026-09-08T00:10:02.445596,1000,683,POST,/jobs,201,122.35130008775741
30,2026-09-08T00:10:02.445596,1000,684,GET,/jobs,200,84.12030001636595
30,2026-09-08T00:10:02.445596,1000,685,PUT,/jobs/001,200,124.83909993898124
30,2026-09-08T00:10:02.445596,1000,686,GET,/jobs/001,200,131.77960005123168
30,2026-09-08T00:10:02.445596,1000,687,PUT,/jobs/1000,404,131.2542000086978
30,2026-09-08T00:10:02.445596,1000,688,POST,/jobs,201,124.10779995843768
30,2026-09-08T00:10:02.445596,1000,689,PUT,/jobs/001,200,131.82460004463792
30,2026-09-08T00:10:02.445596,1000,690,POST,/jobs,201,129.0836000116542
30,2026-09-08T00:10:02.445596,1000,691,GET,/jobs,200,76.57849998213351
30,2026-09-08T00:10:02.445596,1000,692,PUT,/jobs/002,404,131.10250001773238
30,2026-09-08T00:10:02.445596,1000,693,POST,/jobs,201,130.04540000110865
30,2026-09-08T00:10:02.445596,1000,694,PUT,/jobs/1000,404,129.5992999803275
30,2026-09-08T00:10:02.445596,1000,695,POST,/jobs,201,123.44500003382564
30,2026-09-08T00:10:02.445596,1000,696,GET,/jobs/002,404,83.23929994367063
30,2026-09-08T00:10:02.445596,1000,697,GET,/jobs,200,80.64429997466505
30,2026-09-08T00:10:02.445596,1000,698,DELETE,/jobs/1000,404,83.33159994799644
30,2026-09-08T00:10:02.445596,1000,699,DELETE,/jobs/002,404,83.21289997547865
30,2026-09-08T00:10:02.445596,1000,700,GET,/jobs,200,80.99739998579025
30,2026-09-08T00:10:02.445596,1000,701,PUT,/jobs/1000,404,119.93140005506575
30,2026-09-08T00:10:02.445596,1000,702,POST,/jobs,201,130.62220008578151
30,2026-09-08T00:10:02.445596,1000,703,PUT,/jobs/001,200,119.25450002308935
30,2026-09-08T00:10:02.445596,1000,704,GET,/jobs/001,200,132.0631999988109
30,2026-09-08T00:10:02.445596,1000,705,GET,/jobs,200,81.95809996686876
30,2026-09-08T00:10:02.445596,1000,706,POST,/jobs,201,130.49180002417415
30,2026-09-08T00:10:02.445596,1000,707,GET,/jobs,200,71.90660003107041
30,2026-09-08T00:10:02.445596,1000,708,GET,/jobs,200,75.82200004253536
30,2026-09-08T00:10:02.445596,1000,709,GET,/jobs/1000,404,76.50010008364916
30,2026-09-08T00:10:02.445596,1000,710,GET,/jobs/002,404,89.7222999483347
30,2026-09-08T00:10:02.445596,1000,711,PUT,/jobs/002,404,135.33439999446273
30,2026-09-08T00:10:02.445596,1000,712,DELETE,/jobs/1000,404,89.27470003254712
30,2026-09-08T00:10:02.445596,1000,713,DELETE,/jobs/002,404,90.35260009113699
30,2026-09-08T00:10:02.445596,1000,714,PUT,/jobs/1000,404,125.55829994380474
30,2026-09-08T00:10:02.445596,1000,715,GET,/jobs,200,79.44110000971705
30,2026-09-08T00:10:02.445596,1000,716,PUT,/jobs/1000,404,136.38639997225255
30,2026-09-08T00:10:02.445596,1000,717,PUT,/jobs/002,404,136.08329999260604
30,2026-09-08T00:10:02.445596,1000,718,GET,/jobs,200,86.66979998815805
30,2026-09-08T00:10:02.445596,1000,719,POST,/jobs,201,140.33970003947616
30,2026-09-08T00:10:02.445596,1000,720,PUT,/jobs/002,404,137.06099998671561
30,2026-09-08T00:10:02.445596,1000,721,GET,/jobs/002,404,87.26960001513362
30,2026-09-08T00:10:02.445596,1000,722,GET,/jobs,200,83.50750000681728
30,2026-09-08T00:10:02.445596,1000,723,POST,/jobs,201,137.34910008497536
30,2026-09-08T00:10:02.445596,1000,724,POST,/jobs,201,140.56329999584705
30,2026-09-08T00:10:02.445596,1000,725,PUT,/jobs/002,404,136.9589000241831
30,2026-09-08T00:10:02.445596,1000,726,GET,/jobs/001,200,137.99920002929866
30,2026-09-08T00:10:02.445596,1000,727,PUT,/jobs/001,200,140.7378000440076
30,2026-09-08T00:10:02.445596,1000,728,GET,/jobs/1000,404,91.80569997988641
30,2026-09-08T00:10:02.445596,1000,729,DELETE,/jobs/002,404,91.39980003237724
30,2026-09-08T00:10:02.445596,1000,730,GET,/jobs,200,87.44639996439219
30,2026-09-08T00:10:02.445596,1000,731,POST,/jobs,201,128.2160000409931
30,2026-09-08T00:10:02.445596,1000,732,GET,/jobs/1000,404,89.09339993260801
30,2026-09-08T00:10:02.445596,1000,733,GET,/jobs/001,200,140.12770005501807
30,2026-09-08T00:10:02.445596,1000,734,DELETE,/jobs/002,404,89.61689996067435
30,2026-09-08T00:10:02.445596,1000,735,DELETE,/jobs/002,404,91.97569999378175
30,2026-09-08T00:10:02.445596,1000,736,GET,/jobs/002,404,82.04829995520413
30,2026-09-08T00:10:02.445596,1000,737,GET,/jobs/1000,404,82.61990000028163
30,2026-09-08T00:10:02.445596,1000,738,GET,/jobs,200,91.77090006414801
30,2026-09-08T00:10:02.445596,1000,739,POST,/jobs,201,138.95379996392876
30,2026-09-08T00:10:02.445596,1000,740,GET,/jobs/001,200,141.22729992959648
30,2026-09-08T00:10:02.445596,1000,741,DELETE,/jobs/1000,404,91.99670003727078
30,2026-09-08T00:10:02.445596,1000,742,GET,/jobs/001,200,139.45359992794693
30,2026-09-08T00:10:02.445596,1000,743,GET,/jobs,200,91.23859996907413
30,2026-09-08T00:10:02.445596,1000,744,GET,/jobs/001,200,141.74510003067553
30,2026-09-08T00:10:02.445596,1000,745,POST,/jobs,201,130.20130002405494
30,2026-09-08T00:10:02.445596,1000,746,GET,/jobs/1000,404,94.3533000536263
30,2026-09-08T00:10:02.445596,1000,747,POST,/jobs,201,136.09759998507798
30,2026-09-08T00:10:02.445596,1000,748,GET,/jobs/002,404,103.56930003035814
30,2026-09-08T00:10:02.445596,1000,749,GET,/jobs,200,83.68259994313121
30,2026-09-08T00:10:02.445596,1000,750,GET,/jobs/1000,404,93.95829995628446
30,2026-09-08T00:10:02.445596,1000,751,PUT,/jobs/1000,404,142.01980002690107
30,2026-09-08T00:10:02.445596,1000,752,GET,/jobs,200,89.33129999786615
30,2026-09-08T00:10:02.445596,1000,753,GET,/jobs,200,89.9401999777183
30,2026-09-08T00:10:02.445596,1000,754,PUT,/jobs/002,404,145.71200008504093
30,2026-09-08T00:10:02.445596,1000,755,POST,/jobs,201,124.4395999237895
30,2026-09-08T00:10:02.445596,1000,756,DELETE,/jobs/002,404,89.86000006552786
30,2026-09-08T00:10:02.445596,1000,757,PUT,/jobs/1000,404,143.3614999987185
30,2026-09-08T00:10:02.445596,1000,758,GET,/jobs/1000,404,89.94540001731366
30,2026-09-08T00:10:02.445596,1000,759,GET,/jobs,200,89.04130000155419
30,2026-09-08T00:10:02.445596,1000,760,DELETE,/jobs/1000,404,92.42829994764179
30,2026-09-08T00:10:02.445596,1000,761,PUT,/jobs/1000,404,143.1730999611318
30,2026-09-08T00:10:02.445596,1000,762,GET,/jobs,200,80.87960002012551
30,2026-09-08T00:10:02.445596,1000,763,GET,/jobs,200,81.43140003085136
30,2026-09-08T00:10:02.445596,1000,764,PUT,/jobs/002,404,135.4445000179112
30,2026-09-08T00:10:02.445596,1000,765,PUT,/jobs/1000,404,134.89490002393723
30,2026-09-08T00:10:02.445596,1000,766,GET,/jobs,200,80.24929999373853
30,2026-09-08T00:10:02.445596,1000,767,PUT,/jobs/1000,404,147.6734000025317
30,2026-09-08T00:10:02.445596,1000,768,PUT,/jobs/001,200,149.1725998930633
30,2026-09-08T00:10:02.445596,1000,769,GET,/jobs,200,84.61589994840324
30,2026-09-08T00:10:02.445596,1000,770,POST,/jobs,201,148.44880008604378
30,2026-09-08T00:10:02.445596,1000,771,GET,/jobs/001,200,157.43089991156012
30,2026-09-08T00:10:02.445596,1000,772,GET,/jobs/002,404,83.81940005347133
30,2026-09-08T00:10:02.445596,1000,773,DELETE,/jobs/1000,404,88.40000000782311
30,2026-09-08T00:10:02.445596,1000,774,PUT,/jobs/1000,404,157.0718000875786
30,2026-09-08T00:10:02.445596,1000,775,DELETE,/jobs/1000,404,89.2313999356702
30,2026-09-08T00:10:02.445596,1000,776,PUT,/jobs/1000,404,158.7745000142604
30,2026-09-08T00:10:02.445596,1000,777,DELETE,/jobs/1000,404,89.60589999333024
30,2026-09-08T00:10:02.445596,1000,778,GET,/jobs,200,87.07000000867993
30,2026-09-08T00:10:02.445596,1000,779,GET,/jobs,200,81.49659994523972
30,2026-09-08T00:10:02.445596,1000,780,DELETE,/jobs/002,404,88.6614000191912
30,2026-09-08T00:10:02.445596,1000,781,PUT,/jobs/002,404,146.1416999809444
30,2026-09-08T00:10:02.445596,1000,782,GET,/jobs/002,404,88.28659995924681
30,2026-09-08T00:10:02.445596,1000,783,POST,/jobs,201,148.27030000742525
30,2026-09-08T00:10:02.445596,1000,784,PUT,/jobs/002,404,166.13829997368157
30,2026-09-08T00:10:02.445596,1000,785,PUT,/jobs/1000,404,147.79230009298772
30,2026-09-08T00:10:02.445596,1000,786,GET,/jobs,200,93.04149996023625
30,2026-09-08T00:10:02.445596,1000,787,POST,/jobs,201,166.74170002806932
30,2026-09-08T00:10:02.445596,1000,788,POST,/jobs,201,165.49310006666929
30,2026-09-08T00:10:02.445596,1000,789,POST,/jobs,201,147.2951000323519
30,2026-09-08T00:10:02.445596,1000,790,GET,/jobs/1000,404,95.38279997650534
30,2026-09-08T00:10:02.445596,1000,791,PUT,/jobs/001,200,160.56220000609756
30,2026-09-08T00:10:02.445596,1000,792,GET,/jobs,200,90.02240002155304
30,2026-09-08T00:10:02.445596,1000,793,GET,/jobs,200,89.41570005845279
30,2026-09-08T00:10:02.445596,1000,794,GET,/jobs,200,87.91929995641112
30,2026-09-08T00:10:02.445596,1000,795,PUT,/jobs/001,200,160.10910004843026
30,2026-09-08T00:10:02.445596,1000,796,POST,/jobs,201,162.07309998571873
30,2026-09-08T00:10:02.445596,1000,797,GET,/jobs/1000,404,101.26720007974654
30,2026-09-08T00:10:02.445596,1000,798,GET,/jobs,200,99.8486999887973
30,2026-09-08T00:10:02.445596,1000,799,DELETE,/jobs/1000,404,99.10290001425892
30,2026-09-08T00:10:02.445596,1000,800,GET,/jobs,200,101.06699995230883
30,2026-09-08T00:10:02.445596,1000,801,PUT,/jobs/002,404,176.42929998692125
30,2026-09-08T00:10:02.445596,1000,802,PUT,/jobs/1000,404,175.3994000609964
30,2026-09-08T00:10:02.445596,1000,803,GET,/jobs,200,107.89300000760704
30,2026-09-08T00:10:02.445596,1000,804,POST,/jobs,201,179.2960000457242
30,2026-09-08T00:10:02.445596,1000,805,POST,/jobs,201,187.7986000617966
30,2026-09-08T00:10:02.445596,1000,806,GET,/jobs,200,107.60170000139624
30,2026-09-08T00:10:02.445596,1000,807,DELETE,/jobs/002,404,114.21790008898824
30,2026-09-08T00:10:02.445596,1000,808,GET,/jobs/1000,404,112.95780004002154
30,2026-09-08T00:10:02.445596,1000,809,PUT,/jobs/001,200,181.50319997221231
30,2026-09-08T00:10:02.445596,1000,810,GET,/jobs,200,108.35640004370362
30,2026-09-08T00:10:02.445596,1000,811,POST,/jobs,201,188.42649995349348
30,2026-09-08T00:10:02.445596,1000,812,DELETE,/jobs/1000,404,113.69330005254596
30,2026-09-08T00:10:02.445596,1000,813,GET,/jobs,200,109.56049989908934
30,2026-09-08T00:10:02.445596,1000,814,POST,/jobs,201,193.7285999301821
30,2026-09-08T00:10:02.445596,1000,815,GET,/jobs/002,404,120.11500005610287
30,2026-09-08T00:10:02.445596,1000,816,DELETE,/jobs/002,404,118.69869998190552
30,2026-09-08T00:10:02.445596,1000,817,DELETE,/jobs/1000,404,119.26710000261664
30,2026-09-08T00:10:02.445596,1000,818,GET,/jobs,200,104.64329994283617
30,2026-09-08T00:10:02.445596,1000,819,GET,/jobs/002,404,121.05329998303205
30,2026-09-08T00:10:02.445596,1000,820,POST,/jobs,201,197.22269999329
30,2026-09-08T00:10:02.445596,1000,821,POST,/jobs,201,196.42630009911954
30,2026-09-08T00:10:02.445596,1000,822,GET,/jobs/001,200,196.51030004024506
30,2026-09-08T00:10:02.445596,1000,823,DELETE,/jobs/1000,404,119.45739993825555
30,2026-09-08T00:10:02.445596,1000,824,GET,/jobs,200,116.79249990265816
30,2026-09-08T00:10:02.445596,1000,825,GET,/jobs/1000,404,113.66130004171282
30,2026-09-08T00:10:02.445596,1000,826,GET,/jobs,200,114.24030002672225
30,2026-09-08T00:10:02.445596,1000,827,GET,/jobs,200,130.041400087066
30,2026-09-08T00:10:02.445596,1000,828,DELETE,/jobs/002,404,140.78350004274398
30,2026-09-08T00:10:02.445596,1000,829,PUT,/jobs/002,404,202.54000008571893
30,2026-09-08T00:10:02.445596,1000,830,PUT,/jobs/002,404,203.23410001583397
30,2026-09-08T00:10:02.445596,1000,831,GET,/jobs/002,404,141.16110000759363
30,2026-09-08T00:10:02.445596,1000,832,POST,/jobs,201,194.59979992825538
30,2026-09-08T00:10:02.445596,1000,833,POST,/jobs,201,202.30160001665354
30,2026-09-08T00:10:02.445596,1000,834,DELETE,/jobs/002,404,140.03470004536211
30,2026-09-08T00:10:02.445596,1000,835,GET,/jobs,200,131.26239995472133
30,2026-09-08T00:10:02.445596,1000,836,GET,/jobs/001,200,208.50820001214743
30,2026-09-08T00:10:02.445596,1000,837,DELETE,/jobs/002,404,141.03880000766367
30,2026-09-08T00:10:02.445596,1000,838,GET,/jobs,200,129.63380001019686
30,2026-09-08T00:10:02.445596,1000,839,POST,/jobs,201,205.18649998120964
30,2026-09-08T00:10:02.445596,1000,840,PUT,/jobs/002,404,203.14749993849546
30,2026-09-08T00:10:02.445596,1000,841,DELETE,/jobs/1000,404,135.4687000857666
30,2026-09-08T00:10:02.445596,1000,842,PUT,/jobs/002,404,197.13560002855957
30,2026-09-08T00:10:02.445596,1000,843,GET,/jobs/1000,404,134.99679998494685
30,2026-09-08T00:10:02.445596,1000,844,GET,/jobs,200,131.31020008586347
30,2026-09-08T00:10:02.445596,1000,845,POST,/jobs,201,202.74719991721213
30,2026-09-08T00:10:02.445596,1000,846,GET,/jobs,200,130.28129993472248
30,2026-09-08T00:10:02.445596,1000,847,POST,/jobs,201,196.76299998536706
30,2026-09-08T00:10:02.445596,1000,848,DELETE,/jobs/1000,404,136.91550004296005
30,2026-09-08T00:10:02.445596,1000,849,DELETE,/jobs/1000,404,136.32089993916452
30,2026-09-08T00:10:02.445596,1000,850,GET,/jobs,200,130.53760002367198
30,2026-09-08T00:10:02.445596,1000,851,GET,/jobs/002,404,134.59999999031425
30,2026-09-08T00:10:02.445596,1000,852,DELETE,/jobs/002,404,134.3083999818191
30,2026-09-08T00:10:02.445596,1000,853,GET,/jobs,200,132.05300003755838
30,2026-09-08T00:10:02.445596,1000,854,GET,/jobs/002,404,133.82079999428242
30,2026-09-08T00:10:02.445596,1000,855,GET,/jobs/001,200,195.63149998430163
30,2026-09-08T00:10:02.445596,1000,856,POST,/jobs,201,184.13369997870177
30,2026-09-08T00:10:02.445596,1000,857,POST,/jobs,201,185.7636000495404
30,2026-09-08T00:10:02.445596,1000,858,GET,/jobs,200,128.71359998825938
30,2026-09-08T00:10:02.445596,1000,859,PUT,/jobs/1000,404,210.9430000418797
30,2026-09-08T00:10:02.445596,1000,860,PUT,/jobs/001,200,194.22980002127588
30,2026-09-08T00:10:02.445596,1000,861,GET,/jobs/002,404,137.20390002708882
30,2026-09-08T00:10:02.445596,1000,862,DELETE,/jobs/002,404,134.37729992438108
30,2026-09-08T00:10:02.445596,1000,863,DELETE,/jobs/1000,404,134.85220004804432
30,2026-09-08T00:10:02.445596,1000,864,GET,/jobs,200,127.5690000038594
30,2026-09-08T00:10:02.445596,1000,865,PUT,/jobs/1000,404,211.5107000572607
30,2026-09-08T00:10:02.445596,1000,866,GET,/jobs,200,132.090299972333
30,2026-09-08T00:10:02.445596,1000,867,PUT,/jobs/001,200,212.45570003520697
30,2026-09-08T00:10:02.445596,1000,868,PUT,/jobs/001,200,187.57549999281764
30,2026-09-08T00:10:02.445596,1000,869,POST,/jobs,201,211.95539995096624
30,2026-09-08T00:10:02.445596,1000,870,PUT,/jobs/1000,404,194.3148000864312
30,2026-09-08T00:10:02.445596,1000,871,PUT,/jobs/1000,404,193.71100002899766
30,2026-09-08T00:10:02.445596,1000,872,PUT,/jobs/002,404,198.81979993078858
30,2026-09-08T00:10:02.445596,1000,873,GET,/jobs,200,122.19519994687289
30,2026-09-08T00:10:02.445596,1000,874,PUT,/jobs/001,200,193.18529998417944
30,2026-09-08T00:10:02.445596,1000,875,POST,/jobs,201,193.97140003275126
30,2026-09-08T00:10:02.445596,1000,876,DELETE,/jobs/1000,404,126.64339994080365
30,2026-09-08T00:10:02.445596,1000,877,POST,/jobs,201,194.5318999933079
30,2026-09-08T00:10:02.445596,1000,878,PUT,/jobs/001,200,195.11299999430776
30,2026-09-08T00:10:02.445596,1000,879,GET,/jobs/002,404,125.99640002008528
30,2026-09-08T00:10:02.445596,1000,880,DELETE,/jobs/1000,404,127.87029996979982
30,2026-09-08T00:10:02.445596,1000,881,DELETE,/jobs/002,404,112.3727000085637
30,2026-09-08T00:10:02.445596,1000,882,PUT,/jobs/002,404,192.223499994725
30,2026-09-08T00:10:02.445596,1000,883,POST,/jobs,201,191.32720003835857
30,2026-09-08T00:10:02.445596,1000,884,POST,/jobs,201,191.92200002726167
30,2026-09-08T00:10:02.445596,1000,885,GET,/jobs/001,200,191.4083999581635
30,2026-09-08T00:10:02.445596,1000,886,DELETE,/jobs/002,404,126.00299995392561
30,2026-09-08T00:10:02.445596,1000,887,DELETE,/jobs/002,404,112.42260003928095
30,2026-09-08T00:10:02.445596,1000,888,POST,/jobs,201,169.98340003192425
30,2026-09-08T00:10:02.445596,1000,889,GET,/jobs/001,200,171.31650005467236
30,2026-09-08T00:10:02.445596,1000,890,GET,/jobs,200,107.0706999162212
30,2026-09-08T00:10:02.445596,1000,891,GET,/jobs/002,404,121.42169999424368
30,2026-09-08T00:10:02.445596,1000,892,GET,/jobs/001,200,180.53020001389086
30,2026-09-08T00:10:02.445596,1000,893,DELETE,/jobs/002,404,133.72429995797575
30,2026-09-08T00:10:02.445596,1000,894,GET,/jobs,200,116.82360002305359
30,2026-09-08T00:10:02.445596,1000,895,GET,/jobs/1000,404,136.15859998390079
30,2026-09-08T00:10:02.445596,1000,896,PUT,/jobs/002,404,182.2196999564767
30,2026-09-08T00:10:02.445596,1000,897,DELETE,/jobs/1000,404,120.4498999286443
30,2026-09-08T00:10:02.445596,1000,898,DELETE,/jobs/1000,404,119.70760009717196
30,2026-09-08T00:10:02.445596,1000,899,POST,/jobs,201,178.77310002222657
30,2026-09-08T00:10:02.445596,1000,900,PUT,/jobs/001,200,178.08920005336404
30,2026-09-08T00:10:02.445596,1000,901,PUT,/jobs/002,404,177.18329990748316
30,2026-09-08T00:10:02.445596,1000,902,POST,/jobs,201,169.54309993889183
30,2026-09-08T00:10:02.445596,1000,903,POST,/jobs,201,166.25790006946772
30,2026-09-08T00:10:02.445596,1000,904,GET,/jobs,200,111.47619993425906
30,2026-09-08T00:10:02.445596,1000,905,POST,/jobs,201,165.3104000724852
30,2026-09-08T00:10:02.445596,1000,906,GET,/jobs,200,112.20299999695271
30,2026-09-08T00:10:02.445596,1000,907,POST,/jobs,201,167.36780002247542
30,2026-09-08T00:10:02.445596,1000,908,PUT,/jobs/001,200,167.65770001802593
30,2026-09-08T00:10:02.445596,1000,909,GET,/jobs,200,111.14050005562603
30,2026-09-08T00:10:02.445596,1000,910,POST,/jobs,201,168.16999996080995
30,2026-09-08T00:10:02.445596,1000,911,POST,/jobs,201,168.55059994850308
30,2026-09-08T00:10:02.445596,1000,912,GET,/jobs,200,111.74680001568049
30,2026-09-08T00:10:02.445596,1000,913,DELETE,/jobs/1000,404,116.30950006656349
30,2026-09-08T00:10:02.445596,1000,914,PUT,/jobs/1000,404,165.89169995859265
30,2026-09-08T00:10:02.445596,1000,915,DELETE,/jobs/002,404,115.97690009512007
30,2026-09-08T00:10:02.445596,1000,916,PUT,/jobs/1000,404,165.62470002099872
30,2026-09-08T00:10:02.445596,1000,917,GET,/jobs/002,404,113.00030001439154
30,2026-09-08T00:10:02.445596,1000,918,DELETE,/jobs/1000,404,113.76219999510795
30,2026-09-08T00:10:02.445596,1000,919,DELETE,/jobs/002,404,113.38779993820935
30,2026-09-08T00:10:02.445596,1000,920,GET,/jobs,200,110.106399981305
30,2026-09-08T00:10:02.445596,1000,921,PUT,/jobs/001,200,164.0757001005113
30,2026-09-08T00:10:02.445596,1000,922,POST,/jobs,201,163.8031000038609
30,2026-09-08T00:10:02.445596,1000,923,GET,/jobs,200,110.71360006462783
30,2026-09-08T00:10:02.445596,1000,924,DELETE,/jobs/002,404,109.14259997662157
30,2026-09-08T00:10:02.445596,1000,925,GET,/jobs,200,110.3332000784576
30,2026-09-08T00:10:02.445596,1000,926,GET,/jobs/1000,404,122.59520008228719
30,2026-09-08T00:10:02.445596,1000,927,PUT,/jobs/002,404,178.53440006729215
30,2026-09-08T00:10:02.445596,1000,928,DELETE,/jobs/002,404,123.55800007935613
30,2026-09-08T00:10:02.445596,1000,929,POST,/jobs,201,173.07559994515032
30,2026-09-08T00:10:02.445596,1000,930,POST,/jobs,201,171.02210002485663
30,2026-09-08T00:10:02.445596,1000,931,PUT,/jobs/002,404,172.27440001443028
30,2026-09-08T00:10:02.445596,1000,932,DELETE,/jobs/002,404,117.55719990469515
30,2026-09-08T00:10:02.445596,1000,933,POST,/jobs,201,163.16230001393706
30,2026-09-08T00:10:02.445596,1000,934,POST,/jobs,201,169.26280001644045
30,2026-09-08T00:10:02.445596,1000,935,DELETE,/jobs/1000,404,123.93969995900989
30,2026-09-08T00:10:02.445596,1000,936,POST,/jobs,201,170.2882000245154
30,2026-09-08T00:10:02.445596,1000,937,DELETE,/jobs/002,404,123.20539995562285
30,2026-09-08T00:10:02.445596,1000,938,POST,/jobs,201,173.8402999471873
30,2026-09-08T00:10:02.445596,1000,939,DELETE,/jobs/002,404,106.34749999735504
30,2026-09-08T00:10:02.445596,1000,940,POST,/jobs,201,158.93319994211197
30,2026-09-08T00:10:02.445596,1000,941,PUT,/jobs/001,200,159.27519998513162
30,2026-09-08T00:10:02.445596,1000,942,DELETE,/jobs/002,404,106.76959995180368
30,2026-09-08T00:10:02.445596,1000,943,POST,/jobs,201,160.7186000328511
30,2026-09-08T00:10:02.445596,1000,944,PUT,/jobs/1000,404,159.57779996097088
30,2026-09-08T00:10:02.445596,1000,945,POST,/jobs,201,149.94240005034953
30,2026-09-08T00:10:02.445596,1000,946,GET,/jobs/1000,404,98.07349997572601
30,2026-09-08T00:10:02.445596,1000,947,DELETE,/jobs/002,404,99.1488000145182
30,2026-09-08T00:10:02.445596,1000,948,PUT,/jobs/1000,404,156.33160003926605
30,2026-09-08T00:10:02.445596,1000,949,POST,/jobs,201,145.85349999833852
30,2026-09-08T00:10:02.445596,1000,950,POST,/jobs,201,160.09959997609258
30,2026-09-08T00:10:02.445596,1000,951,GET,/jobs/001,200,144.46149999275804
30,2026-09-08T00:10:02.445596,1000,952,POST,/jobs,201,158.18670007865876
30,2026-09-08T00:10:02.445596,1000,953,PUT,/jobs/001,200,159.37570005189627
30,2026-09-08T00:10:02.445596,1000,954,GET,/jobs/001,200,145.04670002497733
30,2026-09-08T00:10:02.445596,1000,955,GET,/jobs/001,200,157.36139996442944
30,2026-09-08T00:10:02.445596,1000,956,POST,/jobs,201,146.79100003559142
30,2026-09-08T00:10:02.445596,1000,957,GET,/jobs,200,101.64709994569421
30,2026-09-08T00:10:02.445596,1000,958,DELETE,/jobs/002,404,112.5788000645116
30,2026-09-08T00:10:02.445596,1000,959,POST,/jobs,201,146.55249996576458
30,2026-09-08T00:10:02.445596,1000,960,DELETE,/jobs/002,404,114.06490008812398
30,2026-09-08T00:10:02.445596,1000,961,DELETE,/jobs/1000,404,112.36849997658283
30,2026-09-08T00:10:02.445596,1000,962,GET,/jobs/001,200,156.25689993612468
30,2026-09-08T00:10:02.445596,1000,963,GET,/jobs/1000,404,114.16590004228055
30,2026-09-08T00:10:02.445596,1000,964,DELETE,/jobs/002,404,114.69730001408607
30,2026-09-08T00:10:02.445596,1000,965,PUT,/jobs/001,200,148.36840005591512
30,2026-09-08T00:10:02.445596,1000,966,PUT,/jobs/002,404,146.89470001030713
30,2026-09-08T00:10:02.445596,1000,967,GET,/jobs/002,404,101.62850003689528
30,2026-09-08T00:10:02.445596,1000,968,DELETE,/jobs/1000,404,96.76410001702607
30,2026-09-08T00:10:02.445596,1000,969,PUT,/jobs/001,200,134.9525999976322
30,2026-09-08T00:10:02.445596,1000,970,DELETE,/jobs/002,404,101.2051000725478
30,2026-09-08T00:10:02.445596,1000,971,POST,/jobs,201,140.39920002687722
30,2026-09-08T00:10:02.445596,1000,972,PUT,/jobs/001,200,124.40680002328008
30,2026-09-08T00:10:02.445596,1000,973,POST,/jobs,201,123.48990002647042
30,2026-09-08T00:10:02.445596,1000,974,DELETE,/jobs/1000,404,105.09860003367066
30,2026-09-08T00:10:02.445596,1000,975,PUT,/jobs/002,404,121.93099991418421
30,2026-09-08T00:10:02.445596,1000,976,PUT,/jobs/1000,404,122.29530001059175
30,2026-09-08T00:10:02.445596,1000,977,DELETE,/jobs/1000,404,102.43359999731183
30,2026-09-08T00:10:02.445596,1000,978,GET,/jobs/001,200,115.63430004753172
30,2026-09-08T00:10:02.445596,1000,979,DELETE,/jobs/002,404,96.41700005158782
30,2026-09-08T00:10:02.445596,1000,980,POST,/jobs,201,112.21920000389218
30,2026-09-08T00:10:02.445596,1000,981,PUT,/jobs/002,404,110.93640001490712
30,2026-09-08T00:10:02.445596,1000,982,DELETE,/jobs/002,404,96.89809998963028
30,2026-09-08T00:10:02.445596,1000,983,DELETE,/jobs/002,404,97.39030001219362
30,2026-09-08T00:10:02.445596,1000,984,POST,/jobs,201,110.54949997924268
30,2026-09-08T00:10:02.445596,1000,985,GET,/jobs/002,404,97.6894999621436
30,2026-09-08T00:10:02.445596,1000,986,PUT,/jobs/1000,404,110.6948999222368
30,2026-09-08T00:10:02.445596,1000,987,GET,/jobs/002,404,96.0031000431627
30,2026-09-08T00:10:02.445596,1000,988,GET,/jobs,200,92.16700005345047
30,2026-09-08T00:10:02.445596,1000,989,GET,/jobs/002,404,95.00840003602207
30,2026-09-08T00:10:02.445596,1000,990,POST,/jobs,201,111.86130007263273
30,2026-09-08T00:10:02.445596,1000,991,PUT,/jobs/001,200,109.85910007730126
30,2026-09-08T00:10:02.445596,1000,992,PUT,/jobs/1000,404,110.4300000006333
30,2026-09-08T00:10:02.445596,1000,993,POST,/jobs,201,112.53819998819381
30,2026-09-08T00:10:02.445596,1000,994,PUT,/jobs/001,200,88.84390001185238
30,2026-09-08T00:10:02.445596,1000,995,POST,/jobs,201,89.40289996098727
30,2026-09-08T00:10:02.445596,1000,996,GET,/jobs,200,72.84150004852563
30,2026-09-08T00:10:02.445596,1000,997,POST,/jobs,201,88.85350008495152
30,2026-09-08T00:10:02.445596,1000,998,POST,/jobs,201,89.55490007065237
30,2026-09-08T00:10:02.445596,1000,999,GET,/jobs/001,200,92.45360002387315
30,2026-09-08T00:10:02.445596,1000,1000,GET,/jobs,200,73.24600010178983
