run_id,timestamp,users,user_id,method,path,status_code,process_time_ms
1,2026-09-07T16:13:39.526535,30,1,GET,/jobs,200,15.626699896529317
1,2026-09-07T16:13:39.526535,30,2,GET,/jobs,200,15.515799983404577
1,2026-09-07T16:13:39.526535,30,3,POST,/jobs,201,26.462199981324375
1,2026-09-07T16:13:39.526535,30,4,GET,/jobs/001,200,25.93430003616959
1,2026-09-07T16:13:39.526535,30,5,GET,/jobs,200,16.686500050127506
1,2026-09-07T16:13:39.526535,30,6,DELETE,/jobs/002,200,16.077399952337146
1,2026-09-07T16:13:39.526535,30,7,DELETE,/jobs/1000,404,16.45769993774593
1,2026-09-07T16:13:39.526535,30,8,GET,/jobs,200,18.53320002555847
1,2026-09-07T16:13:39.526535,30,9,GET,/jobs,200,18.763400032185018
1,2026-09-07T16:13:39.526535,30,10,GET,/jobs,200,17.654199968092144
1,2026-09-07T16:13:39.526535,30,11,GET,/jobs/001,200,25.32509993761778
1,2026-09-07T16:13:39.526535,30,12,DELETE,/jobs/002,404,18.31120008137077
1,2026-09-07T16:13:39.526535,30,13,DELETE,/jobs/002,404,19.143300014548004
1,2026-09-07T16:13:39.526535,30,14,DELETE,/jobs/1000,404,21.468800026923418
1,2026-09-07T16:13:39.526535,30,15,GET,/jobs/002,404,19.444999983534217
1,2026-09-07T16:13:39.526535,30,16,DELETE,/jobs/1000,404,19.78829992003739
1,2026-09-07T16:13:39.526535,30,17,GET,/jobs,200,20.62990004196763
1,2026-09-07T16:13:39.526535,30,18,GET,/jobs/1000,404,19.371700007468462
1,2026-09-07T16:13:39.526535,30,19,PUT,/jobs/002,404,22.32160000130534
1,2026-09-07T16:13:39.526535,30,20,POST,/jobs,201,22.74569997098297
1,2026-09-07T16:13:39.526535,30,21,GET,/jobs/002,404,21.212399937212467
1,2026-09-07T16:13:39.526535,30,22,GET,/jobs,200,17.988600069656968
1,2026-09-07T16:13:39.526535,30,23,GET,/jobs,200,19.645299995318055
1,2026-09-07T16:13:39.526535,30,24,PUT,/jobs/001,200,22.68910000566393
1,2026-09-07T16:13:39.526535,30,25,POST,/jobs,201,23.352600052021444
1,2026-09-07T16:13:39.526535,30,26,POST,/jobs,201,23.260700050741434
1,2026-09-07T16:13:39.526535,30,27,POST,/jobs,201,23.407000000588596
1,2026-09-07T16:13:39.526535,30,28,GET,/jobs,200,18.607000005431473
1,2026-09-07T16:13:39.526535,30,29,PUT,/jobs/1000,404,22.71279995329678
1,2026-09-07T16:13:39.526535,30,30,GET,/jobs,200,16.743300016969442
2,2026-09-07T16:13:39.585897,30,1,GET,/jobs,200,14.677300001494586
2,2026-09-07T16:13:39.585897,30,2,GET,/jobs,200,15.422299969941378
2,2026-09-07T16:13:39.585897,30,3,POST,/jobs,201,27.108400012366474
2,2026-09-07T16:13:39.585897,30,4,GET,/jobs/001,200,25.341699947603047
2,2026-09-07T16:13:39.585897,30,5,GET,/jobs,200,16.48989995010197
2,2026-09-07T16:13:39.585897,30,6,DELETE,/jobs/002,200,17.14530005119741
2,2026-09-07T16:13:39.585897,30,7,DELETE,/jobs/1000,404,18.069999990984797
2,2026-09-07T16:13:39.585897,30,8,GET,/jobs,200,16.034700092859566
2,2026-09-07T16:13:39.585897,30,9,GET,/jobs,200,16.440900042653084
2,2026-09-07T16:13:39.585897,30,10,GET,/jobs,200,16.246799961663783
2,2026-09-07T16:13:39.585897,30,11,GET,/jobs/001,200,26.45720005966723
2,2026-09-07T16:13:39.585897,30,12,DELETE,/jobs/002,404,16.843199962750077
2,2026-09-07T16:13:39.585897,30,13,DELETE,/jobs/002,404,19.288100069388747
2,2026-09-07T16:13:39.585897,30,14,DELETE,/jobs/1000,404,18.482699990272522
2,2026-09-07T16:13:39.585897,30,15,GET,/jobs/002,404,20.85640002042055
2,2026-09-07T16:13:39.585897,30,16,DELETE,/jobs/1000,404,17.92559993918985
2,2026-09-07T16:13:39.585897,30,17,GET,/jobs,200,19.832999911159277
2,2026-09-07T16:13:39.585897,30,18,GET,/jobs/1000,404,22.451300057582557
2,2026-09-07T16:13:39.585897,30,19,PUT,/jobs/002,404,25.513800093904138
2,2026-09-07T16:13:39.585897,30,20,POST,/jobs,201,24.411199963651597
2,2026-09-07T16:13:39.585897,30,21,GET,/jobs/002,404,19.505699980072677
2,2026-09-07T16:13:39.585897,30,22,GET,/jobs,200,19.936900003813207
2,2026-09-07T16:13:39.585897,30,23,GET,/jobs,200,21.276699961163104
2,2026-09-07T16:13:39.585897,30,24,PUT,/jobs/001,200,23.126699961721897
2,2026-09-07T16:13:39.585897,30,25,POST,/jobs,201,22.901899996213615
2,2026-09-07T16:13:39.585897,30,26,POST,/jobs,201,22.5540999090299
2,2026-09-07T16:13:39.585897,30,27,POST,/jobs,201,23.667900008149445
2,2026-09-07T16:13:39.585897,30,28,GET,/jobs,200,18.55569996405393
2,2026-09-07T16:13:39.585897,30,29,PUT,/jobs/1000,404,23.469300009310246
2,2026-09-07T16:13:39.585897,30,30,GET,/jobs,200,18.39740003924817
3,2026-09-07T16:13:39.641870,30,1,GET,/jobs,200,13.064499944448471
3,2026-09-07T16:13:39.641870,30,2,GET,/jobs,200,13.358699972741306
3,2026-09-07T16:13:39.641870,30,3,POST,/jobs,201,28.601199970580637
3,2026-09-07T16:13:39.641870,30,4,GET,/jobs/001,200,28.811700060032308
3,2026-09-07T16:13:39.641870,30,5,GET,/jobs,200,16.837399918586016
3,2026-09-07T16:13:39.641870,30,6,DELETE,/jobs/002,200,22.72489992901683
3,2026-09-07T16:13:39.641870,30,7,DELETE,/jobs/1000,404,18.178600003011525
3,2026-09-07T16:13:39.641870,30,8,GET,/jobs,200,18.014200031757355
3,2026-09-07T16:13:39.641870,30,9,GET,/jobs,200,17.38520001526922
3,2026-09-07T16:13:39.641870,30,10,GET,/jobs,200,17.7152999676764
3,2026-09-07T16:13:39.641870,30,11,GET,/jobs/001,200,27.515099965967238
3,2026-09-07T16:13:39.641870,30,12,DELETE,/jobs/002,404,23.097699973732233
3,2026-09-07T16:13:39.641870,30,13,DELETE,/jobs/002,404,23.223299998790026
3,2026-09-07T16:13:39.641870,30,14,DELETE,/jobs/1000,404,22.0672000432387
3,2026-09-07T16:13:39.641870,30,15,GET,/jobs/002,404,21.358400001190603
3,2026-09-07T16:13:39.641870,30,16,DELETE,/jobs/1000,404,21.971100009977818
3,2026-09-07T16:13:39.641870,30,17,GET,/jobs,200,18.412599922157824
3,2026-09-07T16:13:39.641870,30,18,GET,/jobs/1000,404,20.843600039370358
3,2026-09-07T16:13:39.641870,30,19,PUT,/jobs/002,404,25.032599922269583
3,2026-09-07T16:13:39.641870,30,20,POST,/jobs,201,24.991999962367117
3,2026-09-07T16:13:39.641870,30,21,GET,/jobs/002,404,21.87579998280853
3,2026-09-07T16:13:39.641870,30,22,GET,/jobs,200,18.238199991174042
3,2026-09-07T16:13:39.641870,30,23,GET,/jobs,200,17.04880001489073
3,2026-09-07T16:13:39.641870,30,24,PUT,/jobs/001,200,23.22850003838539
3,2026-09-07T16:13:39.641870,30,25,POST,/jobs,201,23.708199965767562
3,2026-09-07T16:13:39.641870,30,26,POST,/jobs,201,24.109699996188283
3,2026-09-07T16:13:39.641870,30,27,POST,/jobs,201,23.301800014451146
3,2026-09-07T16:13:39.641870,30,28,GET,/jobs,200,15.976900001987815
3,2026-09-07T16:13:39.641870,30,29,PUT,/jobs/1000,404,22.06990006379783
3,2026-09-07T16:13:39.641870,30,30,GET,/jobs,200,17.5168999703601
4,2026-09-07T16:13:39.706048,30,1,GET,/jobs,200,13.319300021976233
4,2026-09-07T16:13:39.706048,30,2,GET,/jobs,200,13.292900053784251
4,2026-09-07T16:13:39.706048,30,3,POST,/jobs,201,30.409099999815226
4,2026-09-07T16:13:39.706048,30,4,GET,/jobs/001,200,27.534499997273088
4,2026-09-07T16:13:39.706048,30,5,GET,/jobs,200,15.891099930740893
4,2026-09-07T16:13:39.706048,30,6,DELETE,/jobs/002,200,19.27140005864203
4,2026-09-07T16:13:39.706048,30,7,DELETE,/jobs/1000,404,20.926100085489452
4,2026-09-07T16:13:39.706048,30,8,GET,/jobs,200,16.81309996638447
4,2026-09-07T16:13:39.706048,30,9,GET,/jobs,200,18.547300016507506
4,2026-09-07T16:13:39.706048,30,10,GET,/jobs,200,21.407000022009015
4,2026-09-07T16:13:39.706048,30,11,GET,/jobs/001,200,32.17439993750304
4,2026-09-07T16:13:39.706048,30,12,DELETE,/jobs/002,404,26.50320006068796
4,2026-09-07T16:13:39.706048,30,13,DELETE,/jobs/002,404,26.9562000175938
4,2026-09-07T16:13:39.706048,30,14,DELETE,/jobs/1000,404,24.547900073230267
4,2026-09-07T16:13:39.706048,30,15,GET,/jobs/002,404,25.102099985815585
4,2026-09-07T16:13:39.706048,30,16,DELETE,/jobs/1000,404,27.899700100533664
4,2026-09-07T16:13:39.706048,30,17,GET,/jobs,200,20.443999907001853
4,2026-09-07T16:13:39.706048,30,18,GET,/jobs/1000,404,22.76159997563809
4,2026-09-07T16:13:39.706048,30,19,PUT,/jobs/002,404,27.650099946185946
4,2026-09-07T16:13:39.706048,30,20,POST,/jobs,201,28.775100014172494
4,2026-09-07T16:13:39.706048,30,21,GET,/jobs/002,404,25.29699995648116
4,2026-09-07T16:13:39.706048,30,22,GET,/jobs,200,21.76940010394901
4,2026-09-07T16:13:39.706048,30,23,GET,/jobs,200,22.581500001251698
4,2026-09-07T16:13:39.706048,30,24,PUT,/jobs/001,200,26.878700009547174
4,2026-09-07T16:13:39.706048,30,25,POST,/jobs,201,27.476900024339557
4,2026-09-07T16:13:39.706048,30,26,POST,/jobs,201,28.27820007223636
4,2026-09-07T16:13:39.706048,30,27,POST,/jobs,201,28.20199995767325
4,2026-09-07T16:13:39.706048,30,28,GET,/jobs,200,24.552199989557266
4,2026-09-07T16:13:39.706048,30,29,PUT,/jobs/1000,404,27.559999958612025
4,2026-09-07T16:13:39.706048,30,30,GET,/jobs,200,24.205900030210614
5,2026-09-07T16:13:39.774566,30,1,GET,/jobs,200,22.388699930161238
5,2026-09-07T16:13:39.774566,30,2,GET,/jobs,200,23.365600034594536
5,2026-09-07T16:13:39.774566,30,3,POST,/jobs,201,37.88129996974021
5,2026-09-07T16:13:39.774566,30,4,GET,/jobs/001,200,38.79999998025596
5,2026-09-07T16:13:39.774566,30,5,GET,/jobs,200,23.40080006979406
5,2026-09-07T16:13:39.774566,30,6,DELETE,/jobs/002,200,25.163099984638393
5,2026-09-07T16:13:39.774566,30,7,DELETE,/jobs/1000,404,26.158499997109175
5,2026-09-07T16:13:39.774566,30,8,GET,/jobs,200,23.00200005993247
5,2026-09-07T16:13:39.774566,30,9,GET,/jobs,200,24.57209990825504
5,2026-09-07T16:13:39.774566,30,10,GET,/jobs,200,23.66089995484799
5,2026-09-07T16:13:39.774566,30,11,GET,/jobs/001,200,36.089600063860416
5,2026-09-07T16:13:39.774566,30,12,DELETE,/jobs/002,404,31.68689995072782
5,2026-09-07T16:13:39.774566,30,13,DELETE,/jobs/002,404,32.02889999374747
5,2026-09-07T16:13:39.774566,30,14,DELETE,/jobs/1000,404,30.607799999415874
5,2026-09-07T16:13:39.774566,30,15,GET,/jobs/002,404,27.226799982599914
5,2026-09-07T16:13:39.774566,30,16,DELETE,/jobs/1000,404,28.58000004198402
5,2026-09-07T16:13:39.774566,30,17,GET,/jobs,200,26.746899937279522
5,2026-09-07T16:13:39.774566,30,18,GET,/jobs/1000,404,20.93040000181645
5,2026-09-07T16:13:39.774566,30,19,PUT,/jobs/002,404,25.06760007236153
5,2026-09-07T16:13:39.774566,30,20,POST,/jobs,201,25.541699957102537
5,2026-09-07T16:13:39.774566,30,21,GET,/jobs/002,404,23.46119994763285
5,2026-09-07T16:13:39.774566,30,22,GET,/jobs,200,18.13620002940297
5,2026-09-07T16:13:39.774566,30,23,GET,/jobs,200,19.865800044499338
5,2026-09-07T16:13:39.774566,30,24,PUT,/jobs/001,200,26.677099987864494
5,2026-09-07T16:13:39.774566,30,25,POST,/jobs,201,27.098000049591064
5,2026-09-07T16:13:39.774566,30,26,POST,/jobs,201,26.265199994668365
5,2026-09-07T16:13:39.774566,30,27,POST,/jobs,201,25.583500042557716
5,2026-09-07T16:13:39.774566,30,28,GET,/jobs,200,22.088799974881113
5,2026-09-07T16:13:39.774566,30,29,PUT,/jobs/1000,404,25.562700000591576
5,2026-09-07T16:13:39.774566,30,30,GET,/jobs,200,18.43450008891523
6,2026-09-07T16:13:39.850190,30,1,GET,/jobs,200,15.477799926884472
6,2026-09-07T16:13:39.850190,30,2,GET,/jobs,200,15.738799935206771
6,2026-09-07T16:13:39.850190,30,3,POST,/jobs,201,30.64069990068674
6,2026-09-07T16:13:39.850190,30,4,GET,/jobs/001,200,29.22879997640848
6,2026-09-07T16:13:39.850190,30,5,GET,/jobs,200,16.981900087557733
6,2026-09-07T16:13:39.850190,30,6,DELETE,/jobs/002,200,18.60149996355176
6,2026-09-07T16:13:39.850190,30,7,DELETE,/jobs/1000,404,22.97540009021759
6,2026-09-07T16:13:39.850190,30,8,GET,/jobs,200,17.344500054605305
6,2026-09-07T16:13:39.850190,30,9,GET,/jobs,200,16.011100029572845
6,2026-09-07T16:13:39.850190,30,10,GET,/jobs,200,16.751699964515865
6,2026-09-07T16:13:39.850190,30,11,GET,/jobs/001,200,28.379900031723082
6,2026-09-07T16:13:39.850190,30,12,DELETE,/jobs/002,404,18.414199934341013
6,2026-09-07T16:13:39.850190,30,13,DELETE,/jobs/002,404,23.125600069761276
6,2026-09-07T16:13:39.850190,30,14,DELETE,/jobs/1000,404,25.628300034441054
6,2026-09-07T16:13:39.850190,30,15,GET,/jobs/002,404,24.074899964034557
6,2026-09-07T16:13:39.850190,30,16,DELETE,/jobs/1000,404,24.81680002529174
6,2026-09-07T16:13:39.850190,30,17,GET,/jobs,200,21.080599981360137
6,2026-09-07T16:13:39.850190,30,18,GET,/jobs/1000,404,25.1385000301525
6,2026-09-07T16:13:39.850190,30,19,PUT,/jobs/002,404,28.532300028018653
6,2026-09-07T16:13:39.850190,30,20,POST,/jobs,201,28.389399987645447
6,2026-09-07T16:13:39.850190,30,21,GET,/jobs/002,404,24.485499947331846
6,2026-09-07T16:13:39.850190,30,22,GET,/jobs,200,22.73379999678582
6,2026-09-07T16:13:39.850190,30,23,GET,/jobs,200,21.784999989904463
6,2026-09-07T16:13:39.850190,30,24,PUT,/jobs/001,200,26.391300023533404
6,2026-09-07T16:13:39.850190,30,25,POST,/jobs,201,26.481599896214902
6,2026-09-07T16:13:39.850190,30,26,POST,/jobs,201,27.16980001423508
6,2026-09-07T16:13:39.850190,30,27,POST,/jobs,201,26.330700027756393
6,2026-09-07T16:13:39.850190,30,28,GET,/jobs,200,17.51290005631745
6,2026-09-07T16:13:39.850190,30,29,PUT,/jobs/1000,404,25.839999900199473
6,2026-09-07T16:13:39.850190,30,30,GET,/jobs,200,18.805500003509223
7,2026-09-07T16:13:39.915664,30,1,GET,/jobs,200,14.792999951168895
7,2026-09-07T16:13:39.915664,30,2,GET,/jobs,200,17.040500068105757
7,2026-09-07T16:13:39.915664,30,3,POST,/jobs,201,35.4817999759689
7,2026-09-07T16:13:39.915664,30,4,GET,/jobs/001,200,37.098399945534766
7,2026-09-07T16:13:39.915664,30,5,GET,/jobs,200,17.681899946182966
7,2026-09-07T16:13:39.915664,30,6,DELETE,/jobs/002,200,24.92380002513528
7,2026-09-07T16:13:39.915664,30,7,DELETE,/jobs/1000,404,28.360500000417233
7,2026-09-07T16:13:39.915664,30,8,GET,/jobs,200,29.091899981722236
7,2026-09-07T16:13:39.915664,30,9,GET,/jobs,200,25.565999909304082
7,2026-09-07T16:13:39.915664,30,10,GET,/jobs,200,27.638399973511696
7,2026-09-07T16:13:39.915664,30,11,GET,/jobs/001,200,36.517799948342144
7,2026-09-07T16:13:39.915664,30,12,DELETE,/jobs/002,404,27.377299964427948
7,2026-09-07T16:13:39.915664,30,13,DELETE,/jobs/002,404,31.43069997895509
7,2026-09-07T16:13:39.915664,30,14,DELETE,/jobs/1000,404,28.90909998677671
7,2026-09-07T16:13:39.915664,30,15,GET,/jobs/002,404,28.659099945798516
7,2026-09-07T16:13:39.915664,30,16,DELETE,/jobs/1000,404,26.476699975319207
7,2026-09-07T16:13:39.915664,30,17,GET,/jobs,200,24.672500090673566
7,2026-09-07T16:13:39.915664,30,18,GET,/jobs/1000,404,27.176800067536533
7,2026-09-07T16:13:39.915664,30,19,PUT,/jobs/002,404,31.938100000843406
7,2026-09-07T16:13:39.915664,30,20,POST,/jobs,201,30.499999993480742
7,2026-09-07T16:13:39.915664,30,21,GET,/jobs/002,404,27.72380004171282
7,2026-09-07T16:13:39.915664,30,22,GET,/jobs,200,25.367800029926002
7,2026-09-07T16:13:39.915664,30,23,GET,/jobs,200,24.38130008522421
7,2026-09-07T16:13:39.915664,30,24,PUT,/jobs/001,200,30.516099999658763
7,2026-09-07T16:13:39.915664,30,25,POST,/jobs,201,27.57879998534918
7,2026-09-07T16:13:39.915664,30,26,POST,/jobs,201,30.875899945385754
7,2026-09-07T16:13:39.915664,30,27,POST,/jobs,201,31.83390002232045
7,2026-09-07T16:13:39.915664,30,28,GET,/jobs,200,25.007099960930645
7,2026-09-07T16:13:39.915664,30,29,PUT,/jobs/1000,404,32.33930002897978
7,2026-09-07T16:13:39.915664,30,30,GET,/jobs,200,17.311399918980896
8,2026-09-07T16:13:39.991592,30,1,GET,/jobs,200,20.143299945630133
8,2026-09-07T16:13:39.991592,30,2,GET,/jobs,200,17.477400018833578
8,2026-09-07T16:13:39.991592,30,3,POST,/jobs,201,32.532399985939264
8,2026-09-07T16:13:39.991592,30,4,GET,/jobs/001,200,34.142900025472045
8,2026-09-07T16:13:39.991592,30,5,GET,/jobs,200,22.682800074107945
8,2026-09-07T16:13:39.991592,30,6,DELETE,/jobs/002,200,25.217699934728444
8,2026-09-07T16:13:39.991592,30,7,DELETE,/jobs/1000,404,23.77240010537207
8,2026-09-07T16:13:39.991592,30,8,GET,/jobs,200,18.01190001424402
8,2026-09-07T16:13:39.991592,30,9,GET,/jobs,200,25.93280002474785
8,2026-09-07T16:13:39.991592,30,10,GET,/jobs,200,17.184099997393787
8,2026-09-07T16:13:39.991592,30,11,GET,/jobs/001,200,34.059799974784255
8,2026-09-07T16:13:39.991592,30,12,DELETE,/jobs/002,404,24.453000049106777
8,2026-09-07T16:13:39.991592,30,13,DELETE,/jobs/002,404,26.76829998381436
8,2026-09-07T16:13:39.991592,30,14,DELETE,/jobs/1000,404,27.42010005749762
8,2026-09-07T16:13:39.991592,30,15,GET,/jobs/002,404,26.660799980163574
8,2026-09-07T16:13:39.991592,30,16,DELETE,/jobs/1000,404,26.80099999997765
8,2026-09-07T16:13:39.991592,30,17,GET,/jobs,200,24.782099993899465
8,2026-09-07T16:13:39.991592,30,18,GET,/jobs/1000,404,28.45550002530217
8,2026-09-07T16:13:39.991592,30,19,PUT,/jobs/002,404,32.19389996957034
8,2026-09-07T16:13:39.991592,30,20,POST,/jobs,201,31.170799979008734
8,2026-09-07T16:13:39.991592,30,21,GET,/jobs/002,404,26.20949991978705
8,2026-09-07T16:13:39.991592,30,22,GET,/jobs,200,23.893499979749322
8,2026-09-07T16:13:39.991592,30,23,GET,/jobs,200,23.50420004222542
8,2026-09-07T16:13:39.991592,30,24,PUT,/jobs/001,200,30.889200046658516
8,2026-09-07T16:13:39.991592,30,25,POST,/jobs,201,32.0443999953568
8,2026-09-07T16:13:39.991592,30,26,POST,/jobs,201,31.690799980424345
8,2026-09-07T16:13:39.991592,30,27,POST,/jobs,201,31.23500000219792
8,2026-09-07T16:13:39.991592,30,28,GET,/jobs,200,25.272400001995265
8,2026-09-07T16:13:39.991592,30,29,PUT,/jobs/1000,404,30.874500051140785
8,2026-09-07T16:13:39.991592,30,30,GET,/jobs,200,16.83420001063496
9,2026-09-07T16:13:40.061238,30,1,GET,/jobs,200,12.59220007341355
9,2026-09-07T16:13:40.061238,30,2,GET,/jobs,200,15.792899997904897
9,2026-09-07T16:13:40.061238,30,3,POST,/jobs,201,25.24070010986179
9,2026-09-07T16:13:40.061238,30,4,GET,/jobs/001,200,27.975999983027577
9,2026-09-07T16:13:40.061238,30,5,GET,/jobs,200,13.78929999191314
9,2026-09-07T16:13:40.061238,30,6,DELETE,/jobs/002,200,15.179999987594783
9,2026-09-07T16:13:40.061238,30,7,DELETE,/jobs/1000,404,19.34560004156083
9,2026-09-07T16:13:40.061238,30,8,GET,/jobs,200,13.852000003680587
9,2026-09-07T16:13:40.061238,30,9,GET,/jobs,200,14.646600000560284
9,2026-09-07T16:13:40.061238,30,10,GET,/jobs,200,17.86629995331168
9,2026-09-07T16:13:40.061238,30,11,GET,/jobs/001,200,27.315500075928867
9,2026-09-07T16:13:40.061238,30,12,DELETE,/jobs/002,404,20.236800075508654
9,2026-09-07T16:13:40.061238,30,13,DELETE,/jobs/002,404,23.265899973921478
9,2026-09-07T16:13:40.061238,30,14,DELETE,/jobs/1000,404,19.934099982492626
9,2026-09-07T16:13:40.061238,30,15,GET,/jobs/002,404,22.276499890722334
9,2026-09-07T16:13:40.061238,30,16,DELETE,/jobs/1000,404,22.877599927596748
9,2026-09-07T16:13:40.061238,30,17,GET,/jobs,200,19.720999989658594
9,2026-09-07T16:13:40.061238,30,18,GET,/jobs/1000,404,21.1406999733299
9,2026-09-07T16:13:40.061238,30,19,PUT,/jobs/002,404,24.425400071777403
9,2026-09-07T16:13:40.061238,30,20,POST,/jobs,201,23.129599983803928
9,2026-09-07T16:13:40.061238,30,21,GET,/jobs/002,404,20.89649997651577
9,2026-09-07T16:13:40.061238,30,22,GET,/jobs,200,19.552099984139204
9,2026-09-07T16:13:40.061238,30,23,GET,/jobs,200,18.246799940243363
9,2026-09-07T16:13:40.061238,30,24,PUT,/jobs/001,200,24.273299961350858
9,2026-09-07T16:13:40.061238,30,25,POST,/jobs,201,23.58249993994832
9,2026-09-07T16:13:40.061238,30,26,POST,/jobs,201,23.34990003146231
9,2026-09-07T16:13:40.061238,30,27,POST,/jobs,201,23.264900082722306
9,2026-09-07T16:13:40.061238,30,28,GET,/jobs,200,18.39400001335889
9,2026-09-07T16:13:40.061238,30,29,PUT,/jobs/1000,404,23.751200060360134
9,2026-09-07T16:13:40.061238,30,30,GET,/jobs,200,16.738900099880993
10,2026-09-07T16:13:40.121104,30,1,GET,/jobs,200,12.983000022359192
10,2026-09-07T16:13:40.121104,30,2,GET,/jobs,200,11.949000065214932
10,2026-09-07T16:13:40.121104,30,3,POST,/jobs,201,22.205499932169914
10,2026-09-07T16:13:40.121104,30,4,GET,/jobs/001,200,22.798500023782253
10,2026-09-07T16:13:40.121104,30,5,GET,/jobs,200,14.43680003285408
10,2026-09-07T16:13:40.121104,30,6,DELETE,/jobs/002,200,16.291600069962442
10,2026-09-07T16:13:40.121104,30,7,DELETE,/jobs/1000,404,16.72610000241548
10,2026-09-07T16:13:40.121104,30,8,GET,/jobs,200,13.99359991773963
10,2026-09-07T16:13:40.121104,30,9,GET,/jobs,200,13.419600087217987
10,2026-09-07T16:13:40.121104,30,10,GET,/jobs,200,15.756600070744753
10,2026-09-07T16:13:40.121104,30,11,GET,/jobs/001,200,24.233600008301437
10,2026-09-07T16:13:40.121104,30,12,DELETE,/jobs/002,404,19.02220002375543
10,2026-09-07T16:13:40.121104,30,13,DELETE,/jobs/002,404,18.702599918469787
10,2026-09-07T16:13:40.121104,30,14,DELETE,/jobs/1000,404,19.40460002515465
10,2026-09-07T16:13:40.121104,30,15,GET,/jobs/002,404,17.827200004830956
10,2026-09-07T16:13:40.121104,30,16,DELETE,/jobs/1000,404,18.653800012543797
10,2026-09-07T16:13:40.121104,30,17,GET,/jobs,200,15.644000028260052
10,2026-09-07T16:13:40.121104,30,18,GET,/jobs/1000,404,17.981600016355515
10,2026-09-07T16:13:40.121104,30,19,PUT,/jobs/002,404,21.25500002875924
10,2026-09-07T16:13:40.121104,30,20,POST,/jobs,201,20.87460004258901
10,2026-09-07T16:13:40.121104,30,21,GET,/jobs/002,404,17.229199991561472
10,2026-09-07T16:13:40.121104,30,22,GET,/jobs,200,14.655199949629605
10,2026-09-07T16:13:40.121104,30,23,GET,/jobs,200,15.85319999139756
10,2026-09-07T16:13:40.121104,30,24,PUT,/jobs/001,200,21.493200096301734
10,2026-09-07T16:13:40.121104,30,25,POST,/jobs,201,21.479499991983175
10,2026-09-07T16:13:40.121104,30,26,POST,/jobs,201,20.679300068877637
10,2026-09-07T16:13:40.121104,30,27,POST,/jobs,201,21.555500105023384
10,2026-09-07T16:13:40.121104,30,28,GET,/jobs,200,14.204400009475648
10,2026-09-07T16:13:40.121104,30,29,PUT,/jobs/1000,404,20.885800011456013
10,2026-09-07T16:13:40.121104,30,30,GET,/jobs,200,13.864599983207881
11,2026-09-07T16:13:40.176146,100,1,GET,/jobs,200,35.752999945543706
11,2026-09-07T16:13:40.176146,100,2,GET,/jobs,200,39.51319993939251
11,2026-09-07T16:13:40.176146,100,3,POST,/jobs,201,100.85310006979853
11,2026-09-07T16:13:40.176146,100,4,GET,/jobs/001,200,91.5664000203833
11,2026-09-07T16:13:40.176146,100,5,GET,/jobs,200,39.56970002036542
11,2026-09-07T16:13:40.176146,100,6,DELETE,/jobs/002,200,40.61260004527867
11,2026-09-07T16:13:40.176146,100,7,DELETE,/jobs/1000,404,45.942299999296665
11,2026-09-07T16:13:40.176146,100,8,GET,/jobs,200,44.91000005509704
11,2026-09-07T16:13:40.176146,100,9,GET,/jobs,200,39.26829993724823
11,2026-09-07T16:13:40.176146,100,10,GET,/jobs,200,40.682799997739494
11,2026-09-07T16:13:40.176146,100,11,GET,/jobs/001,200,91.07379999477416
11,2026-09-07T16:13:40.176146,100,12,DELETE,/jobs/002,404,49.74960000254214
11,2026-09-07T16:13:40.176146,100,13,DELETE,/jobs/002,404,54.63269993197173
11,2026-09-07T16:13:40.176146,100,14,DELETE,/jobs/1000,404,56.54370004776865
11,2026-09-07T16:13:40.176146,100,15,GET,/jobs/002,404,55.183400050736964
11,2026-09-07T16:13:40.176146,100,16,DELETE,/jobs/1000,404,54.85319998115301
11,2026-09-07T16:13:40.176146,100,17,GET,/jobs,200,48.66799991577864
11,2026-09-07T16:13:40.176146,100,18,GET,/jobs/1000,404,49.36129995621741
11,2026-09-07T16:13:40.176146,100,19,PUT,/jobs/002,404,101.83970001526177
11,2026-09-07T16:13:40.176146,100,20,POST,/jobs,201,103.78659993875772
11,2026-09-07T16:13:40.176146,100,21,GET,/jobs/002,404,58.54610004462302
11,2026-09-07T16:13:40.176146,100,22,GET,/jobs,200,57.38969997037202
11,2026-09-07T16:13:40.176146,100,23,GET,/jobs,200,55.84729998372495
11,2026-09-07T16:13:40.176146,100,24,PUT,/jobs/001,200,93.10940001159906
11,2026-09-07T16:13:40.176146,100,25,POST,/jobs,201,90.13140003662556
11,2026-09-07T16:13:40.176146,100,26,POST,/jobs,201,96.26649995334446
11,2026-09-07T16:13:40.176146,100,27,POST,/jobs,201,101.31120006553829
11,2026-09-07T16:13:40.176146,100,28,GET,/jobs,200,57.11739999242127
11,2026-09-07T16:13:40.176146,100,29,PUT,/jobs/1000,404,98.83789997547865
11,2026-09-07T16:13:40.176146,100,30,GET,/jobs,200,55.899999919347465
11,2026-09-07T16:13:40.176146,100,31,PUT,/jobs/001,200,94.88460002467036
11,2026-09-07T16:13:40.176146,100,32,DELETE,/jobs/1000,404,58.40790004003793
11,2026-09-07T16:13:40.176146,100,33,DELETE,/jobs/1000,404,59.193799970671535
11,2026-09-07T16:13:40.176146,100,34,DELETE,/jobs/002,404,58.408700046129525
11,2026-09-07T16:13:40.176146,100,35,GET,/jobs,200,57.257400010712445
11,2026-09-07T16:13:40.176146,100,36,GET,/jobs,200,55.160799995064735
11,2026-09-07T16:13:40.176146,100,37,GET,/jobs/002,404,58.40739991981536
11,2026-09-07T16:13:40.176146,100,38,GET,/jobs,200,56.16290005855262
11,2026-09-07T16:13:40.176146,100,39,GET,/jobs/001,200,94.2827999824658
11,2026-09-07T16:13:40.176146,100,40,PUT,/jobs/002,404,106.35199991520494
11,2026-09-07T16:13:40.176146,100,41,PUT,/jobs/1000,404,100.71739996783435
11,2026-09-07T16:13:40.176146,100,42,POST,/jobs,201,101.98290005791932
11,2026-09-07T16:13:40.176146,100,43,POST,/jobs,201,110.8625999186188
11,2026-09-07T16:13:40.176146,100,44,GET,/jobs/1000,404,67.74970004335046
11,2026-09-07T16:13:40.176146,100,45,POST,/jobs,201,102.2701000329107
11,2026-09-07T16:13:40.176146,100,46,GET,/jobs,200,61.66040000971407
11,2026-09-07T16:13:40.176146,100,47,DELETE,/jobs/002,404,64.69530006870627
11,2026-09-07T16:13:40.176146,100,48,DELETE,/jobs/002,404,73.99409997742623
11,2026-09-07T16:13:40.176146,100,49,GET,/jobs/002,404,67.69500009249896
11,2026-09-07T16:13:40.176146,100,50,PUT,/jobs/002,404,103.63760008476675
11,2026-09-07T16:13:40.176146,100,51,DELETE,/jobs/002,404,77.37950002774596
11,2026-09-07T16:13:40.176146,100,52,POST,/jobs,201,109.81689998880029
11,2026-09-07T16:13:40.176146,100,53,GET,/jobs,200,63.035400002263486
11,2026-09-07T16:13:40.176146,100,54,GET,/jobs/001,200,112.78649989981204
11,2026-09-07T16:13:40.176146,100,55,POST,/jobs,201,108.69479994289577
11,2026-09-07T16:13:40.176146,100,56,POST,/jobs,201,100.3402000060305
11,2026-09-07T16:13:40.176146,100,57,GET,/jobs/1000,404,66.20360002852976
11,2026-09-07T16:13:40.176146,100,58,POST,/jobs,201,97.04509994480759
11,2026-09-07T16:13:40.176146,100,59,PUT,/jobs/002,404,112.81580000650138
11,2026-09-07T16:13:40.176146,100,60,PUT,/jobs/001,200,97.71499992348254
11,2026-09-07T16:13:40.176146,100,61,POST,/jobs,201,99.4329999666661
11,2026-09-07T16:13:40.176146,100,62,GET,/jobs/1000,404,75.78780001495034
11,2026-09-07T16:13:40.176146,100,63,DELETE,/jobs/1000,404,72.65029998961836
11,2026-09-07T16:13:40.176146,100,64,DELETE,/jobs/1000,404,73.40369990561157
11,2026-09-07T16:13:40.176146,100,65,DELETE,/jobs/1000,404,78.14940006937832
11,2026-09-07T16:13:40.176146,100,66,POST,/jobs,201,97.96669997740537
11,2026-09-07T16:13:40.176146,100,67,GET,/jobs/1000,404,76.88910001888871
11,2026-09-07T16:13:40.176146,100,68,PUT,/jobs/001,200,99.24019989557564
11,2026-09-07T16:13:40.176146,100,69,GET,/jobs,200,59.867999982088804
11,2026-09-07T16:13:40.176146,100,70,GET,/jobs,200,55.439000017941
11,2026-09-07T16:13:40.176146,100,71,GET,/jobs/1000,404,69.28509997669607
11,2026-09-07T16:13:40.176146,100,72,GET,/jobs/1000,404,68.22400004602969
11,2026-09-07T16:13:40.176146,100,73,PUT,/jobs/1000,404,95.3688999870792
11,2026-09-07T16:13:40.176146,100,74,GET,/jobs,200,67.90360005106777
11,2026-09-07T16:13:40.176146,100,75,PUT,/jobs/002,404,99.44449993781745
11,2026-09-07T16:13:40.176146,100,76,DELETE,/jobs/1000,404,68.89450002927333
11,2026-09-07T16:13:40.176146,100,77,DELETE,/jobs/1000,404,70.06559998262674
11,2026-09-07T16:13:40.176146,100,78,DELETE,/jobs/002,404,69.55590005964041
11,2026-09-07T16:13:40.176146,100,79,GET,/jobs,200,68.75879992730916
11,2026-09-07T16:13:40.176146,100,80,DELETE,/jobs/1000,404,69.71879990305752
11,2026-09-07T16:13:40.176146,100,81,POST,/jobs,201,94.5431999862194
11,2026-09-07T16:13:40.176146,100,82,POST,/jobs,201,97.18319994863123
11,2026-09-07T16:13:40.176146,100,83,GET,/jobs/002,404,67.48420000076294
11,2026-09-07T16:13:40.176146,100,84,GET,/jobs,200,68.8983000582084
11,2026-09-07T16:13:40.176146,100,85,POST,/jobs,201,91.94239997304976
11,2026-09-07T16:13:40.176146,100,86,GET,/jobs/1000,404,68.27809999231249
11,2026-09-07T16:13:40.176146,100,87,GET,/jobs,200,66.6027000406757
11,2026-09-07T16:13:40.176146,100,88,POST,/jobs,201,92.74839994031936
11,2026-09-07T16:13:40.176146,100,89,DELETE,/jobs/002,404,66.67550001293421
11,2026-09-07T16:13:40.176146,100,90,GET,/jobs/002,404,68.28349991701543
11,2026-09-07T16:13:40.176146,100,91,GET,/jobs/1000,404,68.77190002705902
11,2026-09-07T16:13:40.176146,100,92,DELETE,/jobs/002,404,69.84020001254976
11,2026-09-07T16:13:40.176146,100,93,DELETE,/jobs/1000,404,68.88299994170666
11,2026-09-07T16:13:40.176146,100,94,PUT,/jobs/001,200,93.66080001927912
11,2026-09-07T16:13:40.176146,100,95,GET,/jobs,200,61.6005000192672
11,2026-09-07T16:13:40.176146,100,96,POST,/jobs,201,94.95230007451028
11,2026-09-07T16:13:40.176146,100,97,POST,/jobs,201,90.6777000054717
11,2026-09-07T16:13:40.176146,100,98,GET,/jobs,200,69.06040001194924
11,2026-09-07T16:13:40.176146,100,99,GET,/jobs/1000,404,68.2150999782607
11,2026-09-07T16:13:40.176146,100,100,GET,/jobs,200,67.8050999995321
12,2026-09-07T16:13:40.402574,100,1,GET,/jobs,200,33.18939998280257
12,2026-09-07T16:13:40.402574,100,2,GET,/jobs,200,33.67879998404533
12,2026-09-07T16:13:40.402574,100,3,POST,/jobs,201,154.39629997126758
12,2026-09-07T16:13:40.402574,100,4,GET,/jobs/001,200,91.94209997076541
12,2026-09-07T16:13:40.402574,100,5,GET,/jobs,200,33.61939999740571
12,2026-09-07T16:13:40.402574,100,6,DELETE,/jobs/002,200,74.04019997920841
12,2026-09-07T16:13:40.402574,100,7,DELETE,/jobs/1000,404,88.72859994880855
12,2026-09-07T16:13:40.402574,100,8,GET,/jobs,200,62.78500007465482
12,2026-09-07T16:13:40.402574,100,9,GET,/jobs,200,65.77730004210025
12,2026-09-07T16:13:40.402574,100,10,GET,/jobs,200,78.71000003069639
12,2026-09-07T16:13:40.402574,100,11,GET,/jobs/001,200,145.01440001185983
12,2026-09-07T16:13:40.402574,100,12,DELETE,/jobs/002,404,83.17999995779246
12,2026-09-07T16:13:40.402574,100,13,DELETE,/jobs/002,404,85.04279993940145
12,2026-09-07T16:13:40.402574,100,14,DELETE,/jobs/1000,404,75.0654999865219
12,2026-09-07T16:13:40.402574,100,15,GET,/jobs/002,404,87.45120000094175
12,2026-09-07T16:13:40.402574,100,16,DELETE,/jobs/1000,404,86.01009997073561
12,2026-09-07T16:13:40.402574,100,17,GET,/jobs,200,84.84140003565699
12,2026-09-07T16:13:40.402574,100,18,GET,/jobs/1000,404,87.17959991190583
12,2026-09-07T16:13:40.402574,100,19,PUT,/jobs/002,404,147.61510002426803
12,2026-09-07T16:13:40.402574,100,20,POST,/jobs,201,143.97939993068576
12,2026-09-07T16:13:40.402574,100,21,GET,/jobs/002,404,86.9378000497818
12,2026-09-07T16:13:40.402574,100,22,GET,/jobs,200,82.99109991639853
12,2026-09-07T16:13:40.402574,100,23,GET,/jobs,200,84.5086999470368
12,2026-09-07T16:13:40.402574,100,24,PUT,/jobs/001,200,146.94490004330873
12,2026-09-07T16:13:40.402574,100,25,POST,/jobs,201,149.73080006893724
12,2026-09-07T16:13:40.402574,100,26,POST,/jobs,201,141.8233000440523
12,2026-09-07T16:13:40.402574,100,27,POST,/jobs,201,144.4868000689894
12,2026-09-07T16:13:40.402574,100,28,GET,/jobs,200,85.8059999300167
12,2026-09-07T16:13:40.402574,100,29,PUT,/jobs/1000,404,141.79020002484322
12,2026-09-07T16:13:40.402574,100,30,GET,/jobs,200,84.2986999778077
12,2026-09-07T16:13:40.402574,100,31,PUT,/jobs/001,200,143.7281999969855
12,2026-09-07T16:13:40.402574,100,32,DELETE,/jobs/1000,404,87.57210010662675
12,2026-09-07T16:13:40.402574,100,33,DELETE,/jobs/1000,404,86.7083000484854
12,2026-09-07T16:13:40.402574,100,34,DELETE,/jobs/002,404,88.30330008640885
12,2026-09-07T16:13:40.402574,100,35,GET,/jobs,200,82.12299994193017
12,2026-09-07T16:13:40.402574,100,36,GET,/jobs,200,89.53070000279695
12,2026-09-07T16:13:40.402574,100,37,GET,/jobs/002,404,110.03510002046824
12,2026-09-07T16:13:40.402574,100,38,GET,/jobs,200,91.99700003955513
12,2026-09-07T16:13:40.402574,100,39,GET,/jobs/001,200,134.3258999986574
12,2026-09-07T16:13:40.402574,100,40,PUT,/jobs/002,404,139.07519995700568
12,2026-09-07T16:13:40.402574,100,41,PUT,/jobs/1000,404,140.83109993953258
12,2026-09-07T16:13:40.402574,100,42,POST,/jobs,201,135.65670000389218
12,2026-09-07T16:13:40.402574,100,43,POST,/jobs,201,138.07300000917166
12,2026-09-07T16:13:40.402574,100,44,GET,/jobs/1000,404,95.92039999552071
12,2026-09-07T16:13:40.402574,100,45,POST,/jobs,201,136.77360001020133
12,2026-09-07T16:13:40.402574,100,46,GET,/jobs,200,89.46709998417646
12,2026-09-07T16:13:40.402574,100,47,DELETE,/jobs/002,404,97.08410000894219
12,2026-09-07T16:13:40.402574,100,48,DELETE,/jobs/002,404,99.52339995652437
12,2026-09-07T16:13:40.402574,100,49,GET,/jobs/002,404,99.60590000264347
12,2026-09-07T16:13:40.402574,100,50,PUT,/jobs/002,404,130.07129996549338
12,2026-09-07T16:13:40.402574,100,51,DELETE,/jobs/002,404,104.8708000453189
12,2026-09-07T16:13:40.402574,100,52,POST,/jobs,201,136.09389995690435
12,2026-09-07T16:13:40.402574,100,53,GET,/jobs,200,88.0155999911949
12,2026-09-07T16:13:40.402574,100,54,GET,/jobs/001,200,138.42159998603165
12,2026-09-07T16:13:40.402574,100,55,POST,/jobs,201,132.27519998326898
12,2026-09-07T16:13:40.402574,100,56,POST,/jobs,201,135.40500006638467
12,2026-09-07T16:13:40.402574,100,57,GET,/jobs/1000,404,107.45700006373227
12,2026-09-07T16:13:40.402574,100,58,POST,/jobs,201,135.8880999032408
12,2026-09-07T16:13:40.402574,100,59,PUT,/jobs/002,404,132.21319997683167
12,2026-09-07T16:13:40.402574,100,60,PUT,/jobs/001,200,132.9359000083059
12,2026-09-07T16:13:40.402574,100,61,POST,/jobs,201,132.46260001324117
12,2026-09-07T16:13:40.402574,100,62,GET,/jobs/1000,404,112.12550010532141
12,2026-09-07T16:13:40.402574,100,63,DELETE,/jobs/1000,404,110.9639999922365
12,2026-09-07T16:13:40.402574,100,64,DELETE,/jobs/1000,404,108.7129000807181
12,2026-09-07T16:13:40.402574,100,65,DELETE,/jobs/1000,404,108.18780004046857
12,2026-09-07T16:13:40.402574,100,66,POST,/jobs,201,131.60290010273457
12,2026-09-07T16:13:40.402574,100,67,GET,/jobs/1000,404,108.93709992524236
12,2026-09-07T16:13:40.402574,100,68,PUT,/jobs/001,200,135.6744000222534
12,2026-09-07T16:13:40.402574,100,69,GET,/jobs,200,100.97040003165603
12,2026-09-07T16:13:40.402574,100,70,GET,/jobs,200,99.03169993776828
12,2026-09-07T16:13:40.402574,100,71,GET,/jobs/1000,404,109.04370003845543
12,2026-09-07T16:13:40.402574,100,72,GET,/jobs/1000,404,109.23110006842762
12,2026-09-07T16:13:40.402574,100,73,PUT,/jobs/1000,404,134.61770000867546
12,2026-09-07T16:13:40.402574,100,74,GET,/jobs,200,90.73139994870871
12,2026-09-07T16:13:40.402574,100,75,PUT,/jobs/002,404,133.56680003926158
12,2026-09-07T16:13:40.402574,100,76,DELETE,/jobs/1000,404,106.46829998586327
12,2026-09-07T16:13:40.402574,100,77,DELETE,/jobs/1000,404,99.93979998398572
12,2026-09-07T16:13:40.402574,100,78,DELETE,/jobs/002,404,98.14010001718998
12,2026-09-07T16:13:40.402574,100,79,GET,/jobs,200,85.66750003956258
12,2026-09-07T16:13:40.402574,100,80,DELETE,/jobs/1000,404,105.89499992784113
12,2026-09-07T16:13:40.402574,100,81,POST,/jobs,201,137.79469998553395
12,2026-09-07T16:13:40.402574,100,82,POST,/jobs,201,130.45519997831434
12,2026-09-07T16:13:40.402574,100,83,GET,/jobs/002,404,108.1331999739632
12,2026-09-07T16:13:40.402574,100,84,GET,/jobs,200,89.70020001288503
12,2026-09-07T16:13:40.402574,100,85,POST,/jobs,201,130.6592000182718
12,2026-09-07T16:13:40.402574,100,86,GET,/jobs/1000,404,110.22859998047352
12,2026-09-07T16:13:40.402574,100,87,GET,/jobs,200,103.12230000272393
12,2026-09-07T16:13:40.402574,100,88,POST,/jobs,201,136.2755000591278
12,2026-09-07T16:13:40.402574,100,89,DELETE,/jobs/002,404,108.20509993936867
12,2026-09-07T16:13:40.402574,100,90,GET,/jobs/002,404,107.58599999826401
12,2026-09-07T16:13:40.402574,100,91,GET,/jobs/1000,404,109.99779996927828
12,2026-09-07T16:13:40.402574,100,92,DELETE,/jobs/002,404,86.22830000240356
12,2026-09-07T16:13:40.402574,100,93,DELETE,/jobs/1000,404,86.57849999144673
12,2026-09-07T16:13:40.402574,100,94,PUT,/jobs/001,200,111.01260001305491
12,2026-09-07T16:13:40.402574,100,95,GET,/jobs,200,94.87600007560104
12,2026-09-07T16:13:40.402574,100,96,POST,/jobs,201,108.41649991925806
12,2026-09-07T16:13:40.402574,100,97,POST,/jobs,201,111.3486000103876
12,2026-09-07T16:13:40.402574,100,98,GET,/jobs,200,79.6888000331819
12,2026-09-07T16:13:40.402574,100,99,GET,/jobs/1000,404,85.23059997241944
12,2026-09-07T16:13:40.402574,100,100,GET,/jobs,200,80.23159997537732
13,2026-09-07T16:13:40.680527,100,1,GET,/jobs,200,46.619700035080314
13,2026-09-07T16:13:40.680527,100,2,GET,/jobs,200,46.786700026132166
13,2026-09-07T16:13:40.680527,100,3,POST,/jobs,201,120.4454000107944
13,2026-09-07T16:13:40.680527,100,4,GET,/jobs/001,200,90.73669998906553
13,2026-09-07T16:13:40.680527,100,5,GET,/jobs,200,50.15959998127073
13,2026-09-07T16:13:40.680527,100,6,DELETE,/jobs/002,200,61.93830003030598
13,2026-09-07T16:13:40.680527,100,7,DELETE,/jobs/1000,404,54.03120000846684
13,2026-09-07T16:13:40.680527,100,8,GET,/jobs,200,52.064099931158125
13,2026-09-07T16:13:40.680527,100,9,GET,/jobs,200,51.253799931146204
13,2026-09-07T16:13:40.680527,100,10,GET,/jobs,200,50.11409998405725
13,2026-09-07T16:13:40.680527,100,11,GET,/jobs/001,200,109.26269995979965
13,2026-09-07T16:13:40.680527,100,12,DELETE,/jobs/002,404,63.65399993956089
13,2026-09-07T16:13:40.680527,100,13,DELETE,/jobs/002,404,67.52330006565899
13,2026-09-07T16:13:40.680527,100,14,DELETE,/jobs/1000,404,66.25599996186793
13,2026-09-07T16:13:40.680527,100,15,GET,/jobs/002,404,68.59639997128397
13,2026-09-07T16:13:40.680527,100,16,DELETE,/jobs/1000,404,64.57329995464534
13,2026-09-07T16:13:40.680527,100,17,GET,/jobs,200,61.76680000498891
13,2026-09-07T16:13:40.680527,100,18,GET,/jobs/1000,404,67.31569999828935
13,2026-09-07T16:13:40.680527,100,19,PUT,/jobs/002,404,111.94169998634607
13,2026-09-07T16:13:40.680527,100,20,POST,/jobs,201,114.34470000676811
13,2026-09-07T16:13:40.680527,100,21,GET,/jobs/002,404,68.72420001309365
13,2026-09-07T16:13:40.680527,100,22,GET,/jobs,200,64.41069999709725
13,2026-09-07T16:13:40.680527,100,23,GET,/jobs,200,62.83469998743385
13,2026-09-07T16:13:40.680527,100,24,PUT,/jobs/001,200,110.74459995143116
13,2026-09-07T16:13:40.680527,100,25,POST,/jobs,201,110.40080001112074
13,2026-09-07T16:13:40.680527,100,26,POST,/jobs,201,112.98010009340942
13,2026-09-07T16:13:40.680527,100,27,POST,/jobs,201,111.06730008032173
13,2026-09-07T16:13:40.680527,100,28,GET,/jobs,200,64.84309991355985
13,2026-09-07T16:13:40.680527,100,29,PUT,/jobs/1000,404,110.67770002409816
13,2026-09-07T16:13:40.680527,100,30,GET,/jobs,200,62.77980003505945
13,2026-09-07T16:13:40.680527,100,31,PUT,/jobs/001,200,111.56029999256134
13,2026-09-07T16:13:40.680527,100,32,DELETE,/jobs/1000,404,67.552600055933
13,2026-09-07T16:13:40.680527,100,33,DELETE,/jobs/1000,404,66.21680001262575
13,2026-09-07T16:13:40.680527,100,34,DELETE,/jobs/002,404,81.04539988562465
13,2026-09-07T16:13:40.680527,100,35,GET,/jobs,200,72.65350001398474
13,2026-09-07T16:13:40.680527,100,36,GET,/jobs,200,72.13169999886304
13,2026-09-07T16:13:40.680527,100,37,GET,/jobs/002,404,69.66229993849993
13,2026-09-07T16:13:40.680527,100,38,GET,/jobs,200,69.95290005579591
13,2026-09-07T16:13:40.680527,100,39,GET,/jobs/001,200,110.42729998007417
13,2026-09-07T16:13:40.680527,100,40,PUT,/jobs/002,404,101.44450003281236
13,2026-09-07T16:13:40.680527,100,41,PUT,/jobs/1000,404,103.31279993988574
13,2026-09-07T16:13:40.680527,100,42,POST,/jobs,201,106.50810005608946
13,2026-09-07T16:13:40.680527,100,43,POST,/jobs,201,103.7928001023829
13,2026-09-07T16:13:40.680527,100,44,GET,/jobs/1000,404,76.8955999519676
13,2026-09-07T16:13:40.680527,100,45,POST,/jobs,201,99.99100002460182
13,2026-09-07T16:13:40.680527,100,46,GET,/jobs,200,65.35209994763136
13,2026-09-07T16:13:40.680527,100,47,DELETE,/jobs/002,404,73.13580007757992
13,2026-09-07T16:13:40.680527,100,48,DELETE,/jobs/002,404,78.23540002573282
13,2026-09-07T16:13:40.680527,100,49,GET,/jobs/002,404,68.52400000207126
13,2026-09-07T16:13:40.680527,100,50,PUT,/jobs/002,404,104.9641000572592
13,2026-09-07T16:13:40.680527,100,51,DELETE,/jobs/002,404,82.01490005012602
13,2026-09-07T16:13:40.680527,100,52,POST,/jobs,201,99.76530005224049
13,2026-09-07T16:13:40.680527,100,53,GET,/jobs,200,68.66829993668944
13,2026-09-07T16:13:40.680527,100,54,GET,/jobs/001,200,110.21199997048825
13,2026-09-07T16:13:40.680527,100,55,POST,/jobs,201,105.52469990216196
13,2026-09-07T16:13:40.680527,100,56,POST,/jobs,201,100.58949992526323
13,2026-09-07T16:13:40.680527,100,57,GET,/jobs/1000,404,77.59560004342347
13,2026-09-07T16:13:40.680527,100,58,POST,/jobs,201,101.71099996659905
13,2026-09-07T16:13:40.680527,100,59,PUT,/jobs/002,404,103.2836000667885
13,2026-09-07T16:13:40.680527,100,60,PUT,/jobs/001,200,106.29510006401688
13,2026-09-07T16:13:40.680527,100,61,POST,/jobs,201,101.43999999854714
13,2026-09-07T16:13:40.680527,100,62,GET,/jobs/1000,404,79.7877999721095
13,2026-09-07T16:13:40.680527,100,63,DELETE,/jobs/1000,404,79.43359995260835
13,2026-09-07T16:13:40.680527,100,64,DELETE,/jobs/1000,404,74.83459997456521
13,2026-09-07T16:13:40.680527,100,65,DELETE,/jobs/1000,404,80.2386999130249
13,2026-09-07T16:13:40.680527,100,66,POST,/jobs,201,102.07109991461039
13,2026-09-07T16:13:40.680527,100,67,GET,/jobs/1000,404,68.49510001484305
13,2026-09-07T16:13:40.680527,100,68,PUT,/jobs/001,200,103.45389996655285
13,2026-09-07T16:13:40.680527,100,69,GET,/jobs,200,76.55470003373921
13,2026-09-07T16:13:40.680527,100,70,GET,/jobs,200,68.13740008510649
13,2026-09-07T16:13:40.680527,100,71,GET,/jobs/1000,404,80.00459999311715
13,2026-09-07T16:13:40.680527,100,72,GET,/jobs/1000,404,81.43709995783865
13,2026-09-07T16:13:40.680527,100,73,PUT,/jobs/1000,404,101.3218000298366
13,2026-09-07T16:13:40.680527,100,74,GET,/jobs,200,75.47250005882233
13,2026-09-07T16:13:40.680527,100,75,PUT,/jobs/002,404,102.2390000289306
13,2026-09-07T16:13:40.680527,100,76,DELETE,/jobs/1000,404,78.7905000615865
13,2026-09-07T16:13:40.680527,100,77,DELETE,/jobs/1000,404,79.36450000852346
13,2026-09-07T16:13:40.680527,100,78,DELETE,/jobs/002,404,68.30199994146824
13,2026-09-07T16:13:40.680527,100,79,GET,/jobs,200,66.64799991995096
13,2026-09-07T16:13:40.680527,100,80,DELETE,/jobs/1000,404,92.91889995802194
13,2026-09-07T16:13:40.680527,100,81,POST,/jobs,201,97.57490002084523
13,2026-09-07T16:13:40.680527,100,82,POST,/jobs,201,101.87169990967959
13,2026-09-07T16:13:40.680527,100,83,GET,/jobs/002,404,76.93430001381785
13,2026-09-07T16:13:40.680527,100,84,GET,/jobs,200,75.14149998314679
13,2026-09-07T16:13:40.680527,100,85,POST,/jobs,201,100.88340006768703
13,2026-09-07T16:13:40.680527,100,86,GET,/jobs/1000,404,66.65709998924285
13,2026-09-07T16:13:40.680527,100,87,GET,/jobs,200,77.30600005015731
13,2026-09-07T16:13:40.680527,100,88,POST,/jobs,201,100.4028000170365
13,2026-09-07T16:13:40.680527,100,89,DELETE,/jobs/002,404,77.43810000829399
13,2026-09-07T16:13:40.680527,100,90,GET,/jobs/002,404,63.39230004232377
13,2026-09-07T16:13:40.680527,100,91,GET,/jobs/1000,404,73.82140005938709
13,2026-09-07T16:13:40.680527,100,92,DELETE,/jobs/002,404,69.90429991856217
13,2026-09-07T16:13:40.680527,100,93,DELETE,/jobs/1000,404,78.53990001603961
13,2026-09-07T16:13:40.680527,100,94,PUT,/jobs/001,200,98.85060007218271
13,2026-09-07T16:13:40.680527,100,95,GET,/jobs,200,62.43179994635284
13,2026-09-07T16:13:40.680527,100,96,POST,/jobs,201,99.72019994165748
13,2026-09-07T16:13:40.680527,100,97,POST,/jobs,201,83.9441999560222
13,2026-09-07T16:13:40.680527,100,98,GET,/jobs,200,67.97570001799613
13,2026-09-07T16:13:40.680527,100,99,GET,/jobs/1000,404,68.06530000176281
13,2026-09-07T16:13:40.680527,100,100,GET,/jobs,200,69.36750002205372
14,2026-09-07T16:13:40.902549,100,1,GET,/jobs,200,48.755700001493096
14,2026-09-07T16:13:40.902549,100,2,GET,/jobs,200,49.065800034441054
14,2026-09-07T16:13:40.902549,100,3,POST,/jobs,201,146.97380003053695
14,2026-09-07T16:13:40.902549,100,4,GET,/jobs/001,200,134.88689996302128
14,2026-09-07T16:13:40.902549,100,5,GET,/jobs,200,57.65510001219809
14,2026-09-07T16:13:40.902549,100,6,DELETE,/jobs/002,200,60.89279998559505
14,2026-09-07T16:13:40.902549,100,7,DELETE,/jobs/1000,404,58.89350001234561
14,2026-09-07T16:13:40.902549,100,8,GET,/jobs,200,50.89279997628182
14,2026-09-07T16:13:40.902549,100,9,GET,/jobs,200,49.90159999579191
14,2026-09-07T16:13:40.902549,100,10,GET,/jobs,200,61.64560001343489
14,2026-09-07T16:13:40.902549,100,11,GET,/jobs/001,200,140.76129999011755
14,2026-09-07T16:13:40.902549,100,12,DELETE,/jobs/002,404,70.47989999409765
14,2026-09-07T16:13:40.902549,100,13,DELETE,/jobs/002,404,64.34580008499324
14,2026-09-07T16:13:40.902549,100,14,DELETE,/jobs/1000,404,69.34739998541772
14,2026-09-07T16:13:40.902549,100,15,GET,/jobs/002,404,77.37820001784712
14,2026-09-07T16:13:40.902549,100,16,DELETE,/jobs/1000,404,75.82509994972497
14,2026-09-07T16:13:40.902549,100,17,GET,/jobs,200,70.53510006517172
14,2026-09-07T16:13:40.902549,100,18,GET,/jobs/1000,404,73.77140002790838
14,2026-09-07T16:13:40.902549,100,19,PUT,/jobs/002,404,143.503199913539
14,2026-09-07T16:13:40.902549,100,20,POST,/jobs,201,141.79800008423626
14,2026-09-07T16:13:40.902549,100,21,GET,/jobs/002,404,76.90790004562587
14,2026-09-07T16:13:40.902549,100,22,GET,/jobs,200,85.97790007479489
14,2026-09-07T16:13:40.902549,100,23,GET,/jobs,200,82.61590008623898
14,2026-09-07T16:13:40.902549,100,24,PUT,/jobs/001,200,141.22949994634837
14,2026-09-07T16:13:40.902549,100,25,POST,/jobs,201,143.11579999048263
14,2026-09-07T16:13:40.902549,100,26,POST,/jobs,201,142.83000002615154
14,2026-09-07T16:13:40.902549,100,27,POST,/jobs,201,141.33309992030263
14,2026-09-07T16:13:40.902549,100,28,GET,/jobs,200,86.22010005638003
14,2026-09-07T16:13:40.902549,100,29,PUT,/jobs/1000,404,140.372300054878
14,2026-09-07T16:13:40.902549,100,30,GET,/jobs,200,87.82949997112155
14,2026-09-07T16:13:40.902549,100,31,PUT,/jobs/001,200,142.21840002574027
14,2026-09-07T16:13:40.902549,100,32,DELETE,/jobs/1000,404,88.67369999643415
14,2026-09-07T16:13:40.902549,100,33,DELETE,/jobs/1000,404,89.64860008563846
14,2026-09-07T16:13:40.902549,100,34,DELETE,/jobs/002,404,89.47000000625849
14,2026-09-07T16:13:40.902549,100,35,GET,/jobs,200,87.19079999718815
14,2026-09-07T16:13:40.902549,100,36,GET,/jobs,200,86.80079993791878
14,2026-09-07T16:13:40.902549,100,37,GET,/jobs/002,404,106.20399995241314
14,2026-09-07T16:13:40.902549,100,38,GET,/jobs,200,87.42609992623329
14,2026-09-07T16:13:40.902549,100,39,GET,/jobs/001,200,133.89170006848872
14,2026-09-07T16:13:40.902549,100,40,PUT,/jobs/002,404,140.59889991767704
14,2026-09-07T16:13:40.902549,100,41,PUT,/jobs/1000,404,139.39220004249364
14,2026-09-07T16:13:40.902549,100,42,POST,/jobs,201,136.62110001314431
14,2026-09-07T16:13:40.902549,100,43,POST,/jobs,201,137.58740003686398
14,2026-09-07T16:13:40.902549,100,44,GET,/jobs/1000,404,110.89799995534122
14,2026-09-07T16:13:40.902549,100,45,POST,/jobs,201,136.1076000612229
14,2026-09-07T16:13:40.902549,100,46,GET,/jobs,200,93.52520003449172
14,2026-09-07T16:13:40.902549,100,47,DELETE,/jobs/002,404,104.59530004300177
14,2026-09-07T16:13:40.902549,100,48,DELETE,/jobs/002,404,114.27419993560761
14,2026-09-07T16:13:40.902549,100,49,GET,/jobs/002,404,82.99359993543476
14,2026-09-07T16:13:40.902549,100,50,PUT,/jobs/002,404,136.28010009415448
14,2026-09-07T16:13:40.902549,100,51,DELETE,/jobs/002,404,99.61120004300028
14,2026-09-07T16:13:40.902549,100,52,POST,/jobs,201,134.7974999807775
14,2026-09-07T16:13:40.902549,100,53,GET,/jobs,200,96.22820001095533
14,2026-09-07T16:13:40.902549,100,54,GET,/jobs/001,200,138.19580001290888
14,2026-09-07T16:13:40.902549,100,55,POST,/jobs,201,140.6678999774158
14,2026-09-07T16:13:40.902549,100,56,POST,/jobs,201,135.76580001972616
14,2026-09-07T16:13:40.902549,100,57,GET,/jobs/1000,404,105.49890005495399
14,2026-09-07T16:13:40.902549,100,58,POST,/jobs,201,137.56440009456128
14,2026-09-07T16:13:40.902549,100,59,PUT,/jobs/002,404,138.44789995346218
14,2026-09-07T16:13:40.902549,100,60,PUT,/jobs/001,200,139.56020004116
14,2026-09-07T16:13:40.902549,100,61,POST,/jobs,201,134.9476999603212
14,2026-09-07T16:13:40.902549,100,62,GET,/jobs/1000,404,97.9334000730887
14,2026-09-07T16:13:40.902549,100,63,DELETE,/jobs/1000,404,97.18259994406253
14,2026-09-07T16:13:40.902549,100,64,DELETE,/jobs/1000,404,105.67509999964386
14,2026-09-07T16:13:40.902549,100,65,DELETE,/jobs/1000,404,96.67070000432432
14,2026-09-07T16:13:40.902549,100,66,POST,/jobs,201,122.96049995347857
14,2026-09-07T16:13:40.902549,100,67,GET,/jobs/1000,404,94.02120008599013
14,2026-09-07T16:13:40.902549,100,68,PUT,/jobs/001,200,122.39860009867698
14,2026-09-07T16:13:40.902549,100,69,GET,/jobs,200,94.92459998000413
14,2026-09-07T16:13:40.902549,100,70,GET,/jobs,200,77.99509994219989
14,2026-09-07T16:13:40.902549,100,71,GET,/jobs/1000,404,107.07379993982613
14,2026-09-07T16:13:40.902549,100,72,GET,/jobs/1000,404,107.77559992857277
14,2026-09-07T16:13:40.902549,100,73,PUT,/jobs/1000,404,123.56350000482053
14,2026-09-07T16:13:40.902549,100,74,GET,/jobs,200,90.15560010448098
14,2026-09-07T16:13:40.902549,100,75,PUT,/jobs/002,404,126.59750005695969
14,2026-09-07T16:13:40.902549,100,76,DELETE,/jobs/1000,404,96.27499990165234
14,2026-09-07T16:13:40.902549,100,77,DELETE,/jobs/1000,404,107.32190008275211
14,2026-09-07T16:13:40.902549,100,78,DELETE,/jobs/002,404,106.5758999902755
14,2026-09-07T16:13:40.902549,100,79,GET,/jobs,200,105.25040002539754
14,2026-09-07T16:13:40.902549,100,80,DELETE,/jobs/1000,404,97.39220002666116
14,2026-09-07T16:13:40.902549,100,81,POST,/jobs,201,119.12609997671098
14,2026-09-07T16:13:40.902549,100,82,POST,/jobs,201,124.0385000128299
14,2026-09-07T16:13:40.902549,100,83,GET,/jobs/002,404,96.39389999210835
14,2026-09-07T16:13:40.902549,100,84,GET,/jobs,200,104.38680008519441
14,2026-09-07T16:13:40.902549,100,85,POST,/jobs,201,120.84400001913309
14,2026-09-07T16:13:40.902549,100,86,GET,/jobs/1000,404,94.22670002095401
14,2026-09-07T16:13:40.902549,100,87,GET,/jobs,200,92.38879999611527
14,2026-09-07T16:13:40.902549,100,88,POST,/jobs,201,121.30750005599111
14,2026-09-07T16:13:40.902549,100,89,DELETE,/jobs/002,404,93.98839995265007
14,2026-09-07T16:13:40.902549,100,90,GET,/jobs/002,404,95.66539991647005
14,2026-09-07T16:13:40.902549,100,91,GET,/jobs/1000,404,85.01310006249696
14,2026-09-07T16:13:40.902549,100,92,DELETE,/jobs/002,404,94.28469999693334
14,2026-09-07T16:13:40.902549,100,93,DELETE,/jobs/1000,404,97.94270002748817
14,2026-09-07T16:13:40.902549,100,94,PUT,/jobs/001,200,125.7856999291107
14,2026-09-07T16:13:40.902549,100,95,GET,/jobs,200,84.50130000710487
14,2026-09-07T16:13:40.902549,100,96,POST,/jobs,201,126.19089998770505
14,2026-09-07T16:13:40.902549,100,97,POST,/jobs,201,125.52359991241246
14,2026-09-07T16:13:40.902549,100,98,GET,/jobs,200,94.3031000206247
14,2026-09-07T16:13:40.902549,100,99,GET,/jobs/1000,404,106.28099995665252
14,2026-09-07T16:13:40.902549,100,100,GET,/jobs,200,103.15329988952726
15,2026-09-07T16:13:41.154783,100,1,GET,/jobs,200,37.42840001359582
15,2026-09-07T16:13:41.154783,100,2,GET,/jobs,200,37.42680000141263
15,2026-09-07T16:13:41.154783,100,3,POST,/jobs,201,105.66970007494092
15,2026-09-07T16:13:41.154783,100,4,GET,/jobs/001,200,97.583599970676
15,2026-09-07T16:13:41.154783,100,5,GET,/jobs,200,37.39269997458905
15,2026-09-07T16:13:41.154783,100,6,DELETE,/jobs/002,200,51.67279997840524
15,2026-09-07T16:13:41.154783,100,7,DELETE,/jobs/1000,404,55.72050006594509
15,2026-09-07T16:13:41.154783,100,8,GET,/jobs,200,46.4042000239715
15,2026-09-07T16:13:41.154783,100,9,GET,/jobs,200,38.17620000336319
15,2026-09-07T16:13:41.154783,100,10,GET,/jobs,200,38.9067999785766
15,2026-09-07T16:13:41.154783,100,11,GET,/jobs/001,200,95.74979997705668
15,2026-09-07T16:13:41.154783,100,12,DELETE,/jobs/002,404,58.06660000234842
15,2026-09-07T16:13:41.154783,100,13,DELETE,/jobs/002,404,56.242600083351135
15,2026-09-07T16:13:41.154783,100,14,DELETE,/jobs/1000,404,57.05120007041842
15,2026-09-07T16:13:41.154783,100,15,GET,/jobs/002,404,57.33899993356317
15,2026-09-07T16:13:41.154783,100,16,DELETE,/jobs/1000,404,55.873700068332255
15,2026-09-07T16:13:41.154783,100,17,GET,/jobs,200,52.889499929733574
15,2026-09-07T16:13:41.154783,100,18,GET,/jobs/1000,404,56.695800041779876
15,2026-09-07T16:13:41.154783,100,19,PUT,/jobs/002,404,98.94950001034886
15,2026-09-07T16:13:41.154783,100,20,POST,/jobs,201,96.9066999386996
15,2026-09-07T16:13:41.154783,100,21,GET,/jobs/002,404,55.25189999025315
15,2026-09-07T16:13:41.154783,100,22,GET,/jobs,200,52.66759998630732
15,2026-09-07T16:13:41.154783,100,23,GET,/jobs,200,52.00689996127039
15,2026-09-07T16:13:41.154783,100,24,PUT,/jobs/001,200,96.31580009590834
15,2026-09-07T16:13:41.154783,100,25,POST,/jobs,201,99.9984999652952
15,2026-09-07T16:13:41.154783,100,26,POST,/jobs,201,102.17900003772229
15,2026-09-07T16:13:41.154783,100,27,POST,/jobs,201,95.41059995535761
15,2026-09-07T16:13:41.154783,100,28,GET,/jobs,200,53.37290000170469
15,2026-09-07T16:13:41.154783,100,29,PUT,/jobs/1000,404,97.82429994083941
15,2026-09-07T16:13:41.154783,100,30,GET,/jobs,200,53.20739990565926
15,2026-09-07T16:13:41.154783,100,31,PUT,/jobs/001,200,95.44659999664873
15,2026-09-07T16:13:41.154783,100,32,DELETE,/jobs/1000,404,75.7470999378711
15,2026-09-07T16:13:41.154783,100,33,DELETE,/jobs/1000,404,76.23180001974106
15,2026-09-07T16:13:41.154783,100,34,DELETE,/jobs/002,404,73.28759995289147
15,2026-09-07T16:13:41.154783,100,35,GET,/jobs,200,56.41369998920709
15,2026-09-07T16:13:41.154783,100,36,GET,/jobs,200,63.790999935008585
15,2026-09-07T16:13:41.154783,100,37,GET,/jobs/002,404,79.76560003589839
15,2026-09-07T16:13:41.154783,100,38,GET,/jobs,200,61.712299939244986
15,2026-09-07T16:13:41.154783,100,39,GET,/jobs/001,200,104.57429999951273
15,2026-09-07T16:13:41.154783,100,40,PUT,/jobs/002,404,94.56990007311106
15,2026-09-07T16:13:41.154783,100,41,PUT,/jobs/1000,404,95.91959998942912
15,2026-09-07T16:13:41.154783,100,42,POST,/jobs,201,94.04490003362298
15,2026-09-07T16:13:41.154783,100,43,POST,/jobs,201,91.40709997154772
15,2026-09-07T16:13:41.154783,100,44,GET,/jobs/1000,404,68.45390005037189
15,2026-09-07T16:13:41.154783,100,45,POST,/jobs,201,94.87670008093119
15,2026-09-07T16:13:41.154783,100,46,GET,/jobs,200,60.91619993094355
15,2026-09-07T16:13:41.154783,100,47,DELETE,/jobs/002,404,74.89329995587468
15,2026-09-07T16:13:41.154783,100,48,DELETE,/jobs/002,404,75.85809996817261
15,2026-09-07T16:13:41.154783,100,49,GET,/jobs/002,404,70.21000003442168
15,2026-09-07T16:13:41.154783,100,50,PUT,/jobs/002,404,90.8081999514252
15,2026-09-07T16:13:41.154783,100,51,DELETE,/jobs/002,404,73.93740001134574
15,2026-09-07T16:13:41.154783,100,52,POST,/jobs,201,92.58089994546026
15,2026-09-07T16:13:41.154783,100,53,GET,/jobs,200,61.84830004349351
15,2026-09-07T16:13:41.154783,100,54,GET,/jobs/001,200,103.8708999985829
15,2026-09-07T16:13:41.154783,100,55,POST,/jobs,201,90.55459999945015
15,2026-09-07T16:13:41.154783,100,56,POST,/jobs,201,90.89960006531328
15,2026-09-07T16:13:41.154783,100,57,GET,/jobs/1000,404,65.57370000518858
15,2026-09-07T16:13:41.154783,100,58,POST,/jobs,201,92.07979997154325
15,2026-09-07T16:13:41.154783,100,59,PUT,/jobs/002,404,96.75669996067882
15,2026-09-07T16:13:41.154783,100,60,PUT,/jobs/001,200,89.05429998412728
15,2026-09-07T16:13:41.154783,100,61,POST,/jobs,201,84.85149999614805
15,2026-09-07T16:13:41.154783,100,62,GET,/jobs/1000,404,68.74880008399487
15,2026-09-07T16:13:41.154783,100,63,DELETE,/jobs/1000,404,66.41890003811568
15,2026-09-07T16:13:41.154783,100,64,DELETE,/jobs/1000,404,70.88320003822446
15,2026-09-07T16:13:41.154783,100,65,DELETE,/jobs/1000,404,71.9321999931708
15,2026-09-07T16:13:41.154783,100,66,POST,/jobs,201,89.1604000935331
15,2026-09-07T16:13:41.154783,100,67,GET,/jobs/1000,404,70.08069998119026
15,2026-09-07T16:13:41.154783,100,68,PUT,/jobs/001,200,87.72290009073913
15,2026-09-07T16:13:41.154783,100,69,GET,/jobs,200,49.581100000068545
15,2026-09-07T16:13:41.154783,100,70,GET,/jobs,200,51.46330001298338
15,2026-09-07T16:13:41.154783,100,71,GET,/jobs/1000,404,68.02999996580184
15,2026-09-07T16:13:41.154783,100,72,GET,/jobs/1000,404,71.71459996607155
15,2026-09-07T16:13:41.154783,100,73,PUT,/jobs/1000,404,86.26729995012283
15,2026-09-07T16:13:41.154783,100,74,GET,/jobs,200,54.55879995133728
15,2026-09-07T16:13:41.154783,100,75,PUT,/jobs/002,404,83.19430006667972
15,2026-09-07T16:13:41.154783,100,76,DELETE,/jobs/1000,404,69.98060003388673
15,2026-09-07T16:13:41.154783,100,77,DELETE,/jobs/1000,404,67.41619994863868
15,2026-09-07T16:13:41.154783,100,78,DELETE,/jobs/002,404,68.02609993610531
15,2026-09-07T16:13:41.154783,100,79,GET,/jobs,200,79.38389992341399
15,2026-09-07T16:13:41.154783,100,80,DELETE,/jobs/1000,404,80.85470006335527
15,2026-09-07T16:13:41.154783,100,81,POST,/jobs,201,88.23080000001937
15,2026-09-07T16:13:41.154783,100,82,POST,/jobs,201,87.88240002468228
15,2026-09-07T16:13:41.154783,100,83,GET,/jobs/002,404,59.731399989686906
15,2026-09-07T16:13:41.154783,100,84,GET,/jobs,200,78.96079996135086
15,2026-09-07T16:13:41.154783,100,85,POST,/jobs,201,85.35270008724183
15,2026-09-07T16:13:41.154783,100,86,GET,/jobs/1000,404,69.40059992484748
15,2026-09-07T16:13:41.154783,100,87,GET,/jobs,200,67.09269993007183
15,2026-09-07T16:13:41.154783,100,88,POST,/jobs,201,88.31599995028228
15,2026-09-07T16:13:41.154783,100,89,DELETE,/jobs/002,404,69.31019993498921
15,2026-09-07T16:13:41.154783,100,90,GET,/jobs/002,404,68.641799967736
15,2026-09-07T16:13:41.154783,100,91,GET,/jobs/1000,404,71.5307000791654
15,2026-09-07T16:13:41.154783,100,92,DELETE,/jobs/002,404,77.21269992180169
15,2026-09-07T16:13:41.154783,100,93,DELETE,/jobs/1000,404,71.63539994508028
15,2026-09-07T16:13:41.154783,100,94,PUT,/jobs/001,200,87.89369999431074
15,2026-09-07T16:13:41.154783,100,95,GET,/jobs,200,71.56449998728931
15,2026-09-07T16:13:41.154783,100,96,POST,/jobs,201,87.116300011985
15,2026-09-07T16:13:41.154783,100,97,POST,/jobs,201,86.75900008529425
15,2026-09-07T16:13:41.154783,100,98,GET,/jobs,200,67.70360004156828
15,2026-09-07T16:13:41.154783,100,99,GET,/jobs/1000,404,70.94060000963509
15,2026-09-07T16:13:41.154783,100,100,GET,/jobs,200,79.27240000572056
16,2026-09-07T16:13:41.364812,100,1,GET,/jobs,200,31.60099999513477
16,2026-09-07T16:13:41.364812,100,2,GET,/jobs,200,30.46020003966987
16,2026-09-07T16:13:41.364812,100,3,POST,/jobs,201,88.6418999871239
16,2026-09-07T16:13:41.364812,100,4,GET,/jobs/001,200,85.21550009027123
16,2026-09-07T16:13:41.364812,100,5,GET,/jobs,200,33.79410004708916
16,2026-09-07T16:13:41.364812,100,6,DELETE,/jobs/002,200,38.46239997074008
16,2026-09-07T16:13:41.364812,100,7,DELETE,/jobs/1000,404,41.484500048682094
16,2026-09-07T16:13:41.364812,100,8,GET,/jobs,200,37.696999963372946
16,2026-09-07T16:13:41.364812,100,9,GET,/jobs,200,37.10670000873506
16,2026-09-07T16:13:41.364812,100,10,GET,/jobs,200,34.59519997704774
16,2026-09-07T16:13:41.364812,100,11,GET,/jobs/001,200,84.93030001409352
16,2026-09-07T16:13:41.364812,100,12,DELETE,/jobs/002,404,49.772299942560494
16,2026-09-07T16:13:41.364812,100,13,DELETE,/jobs/002,404,50.01579993404448
16,2026-09-07T16:13:41.364812,100,14,DELETE,/jobs/1000,404,45.86439998820424
16,2026-09-07T16:13:41.364812,100,15,GET,/jobs/002,404,48.88489993754774
16,2026-09-07T16:13:41.364812,100,16,DELETE,/jobs/1000,404,44.62409997358918
16,2026-09-07T16:13:41.364812,100,17,GET,/jobs,200,43.62650006078184
16,2026-09-07T16:13:41.364812,100,18,GET,/jobs/1000,404,48.95339999347925
16,2026-09-07T16:13:41.364812,100,19,PUT,/jobs/002,404,94.66579998843372
16,2026-09-07T16:13:41.364812,100,20,POST,/jobs,201,94.29550007916987
16,2026-09-07T16:13:41.364812,100,21,GET,/jobs/002,404,48.733900068327785
16,2026-09-07T16:13:41.364812,100,22,GET,/jobs,200,47.34000004827976
16,2026-09-07T16:13:41.364812,100,23,GET,/jobs,200,45.60800001490861
16,2026-09-07T16:13:41.364812,100,24,PUT,/jobs/001,200,87.26780000142753
16,2026-09-07T16:13:41.364812,100,25,POST,/jobs,201,85.30019992031157
16,2026-09-07T16:13:41.364812,100,26,POST,/jobs,201,84.88969993777573
16,2026-09-07T16:13:41.364812,100,27,POST,/jobs,201,94.82499992009252
16,2026-09-07T16:13:41.364812,100,28,GET,/jobs,200,45.857599936425686
16,2026-09-07T16:13:41.364812,100,29,PUT,/jobs/1000,404,87.63640001416206
16,2026-09-07T16:13:41.364812,100,30,GET,/jobs,200,52.85219999495894
16,2026-09-07T16:13:41.364812,100,31,PUT,/jobs/001,200,83.49989994894713
16,2026-09-07T16:13:41.364812,100,32,DELETE,/jobs/1000,404,63.82039992604405
16,2026-09-07T16:13:41.364812,100,33,DELETE,/jobs/1000,404,58.72309999540448
16,2026-09-07T16:13:41.364812,100,34,DELETE,/jobs/002,404,57.4199000839144
16,2026-09-07T16:13:41.364812,100,35,GET,/jobs,200,50.61909998767078
16,2026-09-07T16:13:41.364812,100,36,GET,/jobs,200,51.472999970428646
16,2026-09-07T16:13:41.364812,100,37,GET,/jobs/002,404,55.70100003387779
16,2026-09-07T16:13:41.364812,100,38,GET,/jobs,200,51.312500028871
16,2026-09-07T16:13:41.364812,100,39,GET,/jobs/001,200,86.37920010369271
16,2026-09-07T16:13:41.364812,100,40,PUT,/jobs/002,404,84.93300003465265
16,2026-09-07T16:13:41.364812,100,41,PUT,/jobs/1000,404,81.55230002012104
16,2026-09-07T16:13:41.364812,100,42,POST,/jobs,201,85.856799967587
16,2026-09-07T16:13:41.364812,100,43,POST,/jobs,201,88.30299996770918
16,2026-09-07T16:13:41.364812,100,44,GET,/jobs/1000,404,60.29219995252788
16,2026-09-07T16:13:41.364812,100,45,POST,/jobs,201,83.13629997428507
16,2026-09-07T16:13:41.364812,100,46,GET,/jobs,200,54.33459999039769
16,2026-09-07T16:13:41.364812,100,47,DELETE,/jobs/002,404,56.466300040483475
16,2026-09-07T16:13:41.364812,100,48,DELETE,/jobs/002,404,67.42250011302531
16,2026-09-07T16:13:41.364812,100,49,GET,/jobs/002,404,54.84849994536489
16,2026-09-07T16:13:41.364812,100,50,PUT,/jobs/002,404,84.63599998503923
16,2026-09-07T16:13:41.364812,100,51,DELETE,/jobs/002,404,67.16100010089576
16,2026-09-07T16:13:41.364812,100,52,POST,/jobs,201,85.92139999382198
16,2026-09-07T16:13:41.364812,100,53,GET,/jobs,200,51.353299990296364
16,2026-09-07T16:13:41.364812,100,54,GET,/jobs/001,200,94.92830000817776
16,2026-09-07T16:13:41.364812,100,55,POST,/jobs,201,82.5082000810653
16,2026-09-07T16:13:41.364812,100,56,POST,/jobs,201,87.03209995292127
16,2026-09-07T16:13:41.364812,100,57,GET,/jobs/1000,404,57.41690006107092
16,2026-09-07T16:13:41.364812,100,58,POST,/jobs,201,86.8514000903815
16,2026-09-07T16:13:41.364812,100,59,PUT,/jobs/002,404,82.0801000809297
16,2026-09-07T16:13:41.364812,100,60,PUT,/jobs/001,200,83.35720002651215
16,2026-09-07T16:13:41.364812,100,61,POST,/jobs,201,88.6496000457555
16,2026-09-07T16:13:41.364812,100,62,GET,/jobs/1000,404,68.7127000419423
16,2026-09-07T16:13:41.364812,100,63,DELETE,/jobs/1000,404,71.21849991381168
16,2026-09-07T16:13:41.364812,100,64,DELETE,/jobs/1000,404,61.83160003274679
16,2026-09-07T16:13:41.364812,100,65,DELETE,/jobs/1000,404,69.02769999578595
16,2026-09-07T16:13:41.364812,100,66,POST,/jobs,201,81.6353999543935
16,2026-09-07T16:13:41.364812,100,67,GET,/jobs/1000,404,60.81709999125451
16,2026-09-07T16:13:41.364812,100,68,PUT,/jobs/001,200,82.08239998202771
16,2026-09-07T16:13:41.364812,100,69,GET,/jobs,200,58.60939994454384
16,2026-09-07T16:13:41.364812,100,70,GET,/jobs,200,60.3401999687776
16,2026-09-07T16:13:41.364812,100,71,GET,/jobs/1000,404,56.71160004567355
16,2026-09-07T16:13:41.364812,100,72,GET,/jobs/1000,404,68.17129999399185
16,2026-09-07T16:13:41.364812,100,73,PUT,/jobs/1000,404,82.9353000735864
16,2026-09-07T16:13:41.364812,100,74,GET,/jobs,200,59.033900033682585
16,2026-09-07T16:13:41.364812,100,75,PUT,/jobs/002,404,81.86440006829798
16,2026-09-07T16:13:41.364812,100,76,DELETE,/jobs/1000,404,57.94870003592223
16,2026-09-07T16:13:41.364812,100,77,DELETE,/jobs/1000,404,61.38389999978244
16,2026-09-07T16:13:41.364812,100,78,DELETE,/jobs/002,404,50.64249993301928
16,2026-09-07T16:13:41.364812,100,79,GET,/jobs,200,47.48569999355823
16,2026-09-07T16:13:41.364812,100,80,DELETE,/jobs/1000,404,62.439900008030236
16,2026-09-07T16:13:41.364812,100,81,POST,/jobs,201,81.36750000994653
16,2026-09-07T16:13:41.364812,100,82,POST,/jobs,201,82.65919995028526
16,2026-09-07T16:13:41.364812,100,83,GET,/jobs/002,404,69.38480003736913
16,2026-09-07T16:13:41.364812,100,84,GET,/jobs,200,59.50890004169196
16,2026-09-07T16:13:41.364812,100,85,POST,/jobs,201,85.93180007301271
16,2026-09-07T16:13:41.364812,100,86,GET,/jobs/1000,404,58.467900031246245
16,2026-09-07T16:13:41.364812,100,87,GET,/jobs,200,58.43870004173368
16,2026-09-07T16:13:41.364812,100,88,POST,/jobs,201,83.00149999558926
16,2026-09-07T16:13:41.364812,100,89,DELETE,/jobs/002,404,62.02249997295439
16,2026-09-07T16:13:41.364812,100,90,GET,/jobs/002,404,54.03969995677471
16,2026-09-07T16:13:41.364812,100,91,GET,/jobs/1000,404,50.95120007172227
16,2026-09-07T16:13:41.364812,100,92,DELETE,/jobs/002,404,61.83620006777346
16,2026-09-07T16:13:41.364812,100,93,DELETE,/jobs/1000,404,51.258299965411425
16,2026-09-07T16:13:41.364812,100,94,PUT,/jobs/001,200,81.91559999249876
16,2026-09-07T16:13:41.364812,100,95,GET,/jobs,200,59.780299896374345
16,2026-09-07T16:13:41.364812,100,96,POST,/jobs,201,83.03139999043196
16,2026-09-07T16:13:41.364812,100,97,POST,/jobs,201,85.58479999192059
16,2026-09-07T16:13:41.364812,100,98,GET,/jobs,200,60.76020002365112
16,2026-09-07T16:13:41.364812,100,99,GET,/jobs/1000,404,53.320499951951206
16,2026-09-07T16:13:41.364812,100,100,GET,/jobs,200,66.9929999858141
17,2026-09-07T16:13:41.562414,100,1,GET,/jobs,200,31.21299995109439
17,2026-09-07T16:13:41.562414,100,2,GET,/jobs,200,34.01259996462613
17,2026-09-07T16:13:41.562414,100,3,POST,/jobs,201,85.15880000777543
17,2026-09-07T16:13:41.562414,100,4,GET,/jobs/001,200,80.05750004667789
17,2026-09-07T16:13:41.562414,100,5,GET,/jobs,200,34.789000055752695
17,2026-09-07T16:13:41.562414,100,6,DELETE,/jobs/002,200,41.15269996691495
17,2026-09-07T16:13:41.562414,100,7,DELETE,/jobs/1000,404,41.96659999433905
17,2026-09-07T16:13:41.562414,100,8,GET,/jobs,200,39.53040007036179
17,2026-09-07T16:13:41.562414,100,9,GET,/jobs,200,34.613900003023446
17,2026-09-07T16:13:41.562414,100,10,GET,/jobs,200,40.01100000459701
17,2026-09-07T16:13:41.562414,100,11,GET,/jobs/001,200,80.09910001419485
17,2026-09-07T16:13:41.562414,100,12,DELETE,/jobs/002,404,48.79260004963726
17,2026-09-07T16:13:41.562414,100,13,DELETE,/jobs/002,404,48.463799990713596
17,2026-09-07T16:13:41.562414,100,14,DELETE,/jobs/1000,404,47.76440002024174
17,2026-09-07T16:13:41.562414,100,15,GET,/jobs/002,404,43.081399984657764
17,2026-09-07T16:13:41.562414,100,16,DELETE,/jobs/1000,404,43.607500032521784
17,2026-09-07T16:13:41.562414,100,17,GET,/jobs,200,41.381699964404106
17,2026-09-07T16:13:41.562414,100,18,GET,/jobs/1000,404,45.167199918068945
17,2026-09-07T16:13:41.562414,100,19,PUT,/jobs/002,404,80.30120003968477
17,2026-09-07T16:13:41.562414,100,20,POST,/jobs,201,79.46149993222207
17,2026-09-07T16:13:41.562414,100,21,GET,/jobs/002,404,47.19359998125583
17,2026-09-07T16:13:41.562414,100,22,GET,/jobs,200,46.84109997469932
17,2026-09-07T16:13:41.562414,100,23,GET,/jobs,200,46.65069992188364
17,2026-09-07T16:13:41.562414,100,24,PUT,/jobs/001,200,77.95539998915046
17,2026-09-07T16:13:41.562414,100,25,POST,/jobs,201,79.80680000036955
17,2026-09-07T16:13:41.562414,100,26,POST,/jobs,201,78.82360008079559
17,2026-09-07T16:13:41.562414,100,27,POST,/jobs,201,79.44969995878637
17,2026-09-07T16:13:41.562414,100,28,GET,/jobs,200,47.32380004134029
17,2026-09-07T16:13:41.562414,100,29,PUT,/jobs/1000,404,77.02339999377728
17,2026-09-07T16:13:41.562414,100,30,GET,/jobs,200,46.44219996407628
17,2026-09-07T16:13:41.562414,100,31,PUT,/jobs/001,200,79.16339999064803
17,2026-09-07T16:13:41.562414,100,32,DELETE,/jobs/1000,404,48.14660002011806
17,2026-09-07T16:13:41.562414,100,33,DELETE,/jobs/1000,404,48.009400023147464
17,2026-09-07T16:13:41.562414,100,34,DELETE,/jobs/002,404,47.95679997187108
17,2026-09-07T16:13:41.562414,100,35,GET,/jobs,200,45.800300082191825
17,2026-09-07T16:13:41.562414,100,36,GET,/jobs,200,47.3421000642702
17,2026-09-07T16:13:41.562414,100,37,GET,/jobs/002,404,57.35320004168898
17,2026-09-07T16:13:41.562414,100,38,GET,/jobs,200,48.530699918046594
17,2026-09-07T16:13:41.562414,100,39,GET,/jobs/001,200,80.61409997753799
17,2026-09-07T16:13:41.562414,100,40,PUT,/jobs/002,404,76.83080004062504
17,2026-09-07T16:13:41.562414,100,41,PUT,/jobs/1000,404,76.69989997521043
17,2026-09-07T16:13:41.562414,100,42,POST,/jobs,201,74.62420000229031
17,2026-09-07T16:13:41.562414,100,43,POST,/jobs,201,75.98660001531243
17,2026-09-07T16:13:41.562414,100,44,GET,/jobs/1000,404,48.5566999996081
17,2026-09-07T16:13:41.562414,100,45,POST,/jobs,201,77.30809994973242
17,2026-09-07T16:13:41.562414,100,46,GET,/jobs,200,54.93600002955645
17,2026-09-07T16:13:41.562414,100,47,DELETE,/jobs/002,404,53.3952999394387
17,2026-09-07T16:13:41.562414,100,48,DELETE,/jobs/002,404,62.2434999095276
17,2026-09-07T16:13:41.562414,100,49,GET,/jobs/002,404,57.226200005970895
17,2026-09-07T16:13:41.562414,100,50,PUT,/jobs/002,404,76.6841999720782
17,2026-09-07T16:13:41.562414,100,51,DELETE,/jobs/002,404,60.3279999922961
17,2026-09-07T16:13:41.562414,100,52,POST,/jobs,201,76.06340001802891
17,2026-09-07T16:13:41.562414,100,53,GET,/jobs,200,48.24789997655898
17,2026-09-07T16:13:41.562414,100,54,GET,/jobs/001,200,79.49279993772507
17,2026-09-07T16:13:41.562414,100,55,POST,/jobs,201,74.60759999230504
17,2026-09-07T16:13:41.562414,100,56,POST,/jobs,201,76.90710003953427
17,2026-09-07T16:13:41.562414,100,57,GET,/jobs/1000,404,58.747899951413274
17,2026-09-07T16:13:41.562414,100,58,POST,/jobs,201,75.98639989737421
17,2026-09-07T16:13:41.562414,100,59,PUT,/jobs/002,404,78.83599994238466
17,2026-09-07T16:13:41.562414,100,60,PUT,/jobs/001,200,77.28229998610914
17,2026-09-07T16:13:41.562414,100,61,POST,/jobs,201,77.7465000282973
17,2026-09-07T16:13:41.562414,100,62,GET,/jobs/1000,404,58.97489993367344
17,2026-09-07T16:13:41.562414,100,63,DELETE,/jobs/1000,404,50.59819994494319
17,2026-09-07T16:13:41.562414,100,64,DELETE,/jobs/1000,404,60.432499973103404
17,2026-09-07T16:13:41.562414,100,65,DELETE,/jobs/1000,404,51.44559999462217
17,2026-09-07T16:13:41.562414,100,66,POST,/jobs,201,74.31820000056177
17,2026-09-07T16:13:41.562414,100,67,GET,/jobs/1000,404,50.12709996663034
17,2026-09-07T16:13:41.562414,100,68,PUT,/jobs/001,200,75.02560003194958
17,2026-09-07T16:13:41.562414,100,69,GET,/jobs,200,50.7988000754267
17,2026-09-07T16:13:41.562414,100,70,GET,/jobs,200,46.987100038677454
17,2026-09-07T16:13:41.562414,100,71,GET,/jobs/1000,404,54.56640000920743
17,2026-09-07T16:13:41.562414,100,72,GET,/jobs/1000,404,55.11459999252111
17,2026-09-07T16:13:41.562414,100,73,PUT,/jobs/1000,404,69.31120005901903
17,2026-09-07T16:13:41.562414,100,74,GET,/jobs,200,53.33939997944981
17,2026-09-07T16:13:41.562414,100,75,PUT,/jobs/002,404,67.36320001073182
17,2026-09-07T16:13:41.562414,100,76,DELETE,/jobs/1000,404,52.95670009218156
17,2026-09-07T16:13:41.562414,100,77,DELETE,/jobs/1000,404,52.87280003540218
17,2026-09-07T16:13:41.562414,100,78,DELETE,/jobs/002,404,54.22219994943589
17,2026-09-07T16:13:41.562414,100,79,GET,/jobs,200,54.732599994167686
17,2026-09-07T16:13:41.562414,100,80,DELETE,/jobs/1000,404,56.04890000540763
17,2026-09-07T16:13:41.562414,100,81,POST,/jobs,201,68.15479998476803
17,2026-09-07T16:13:41.562414,100,82,POST,/jobs,201,68.54479992762208
17,2026-09-07T16:13:41.562414,100,83,GET,/jobs/002,404,52.22690000664443
17,2026-09-07T16:13:41.562414,100,84,GET,/jobs,200,52.23370005842298
17,2026-09-07T16:13:41.562414,100,85,POST,/jobs,201,68.08180001098663
17,2026-09-07T16:13:41.562414,100,86,GET,/jobs/1000,404,54.52839995268732
17,2026-09-07T16:13:41.562414,100,87,GET,/jobs,200,47.70280001685023
17,2026-09-07T16:13:41.562414,100,88,POST,/jobs,201,68.25249991379678
17,2026-09-07T16:13:41.562414,100,89,DELETE,/jobs/002,404,54.07819990068674
17,2026-09-07T16:13:41.562414,100,90,GET,/jobs/002,404,55.64729997422546
17,2026-09-07T16:13:41.562414,100,91,GET,/jobs/1000,404,55.10520003736019
17,2026-09-07T16:13:41.562414,100,92,DELETE,/jobs/002,404,53.73179994057864
17,2026-09-07T16:13:41.562414,100,93,DELETE,/jobs/1000,404,53.994899964891374
17,2026-09-07T16:13:41.562414,100,94,PUT,/jobs/001,200,70.06980001460761
17,2026-09-07T16:13:41.562414,100,95,GET,/jobs,200,52.58639995008707
17,2026-09-07T16:13:41.562414,100,96,POST,/jobs,201,70.54570002947003
17,2026-09-07T16:13:41.562414,100,97,POST,/jobs,201,70.76919998507947
17,2026-09-07T16:13:41.562414,100,98,GET,/jobs,200,52.57349996827543
17,2026-09-07T16:13:41.562414,100,99,GET,/jobs/1000,404,55.886400048621
17,2026-09-07T16:13:41.562414,100,100,GET,/jobs,200,53.9670999860391
18,2026-09-07T16:13:41.733854,100,1,GET,/jobs,200,40.11029994580895
18,2026-09-07T16:13:41.733854,100,2,GET,/jobs,200,40.175799978896976
18,2026-09-07T16:13:41.733854,100,3,POST,/jobs,201,101.82920005172491
18,2026-09-07T16:13:41.733854,100,4,GET,/jobs/001,200,67.81799998134375
18,2026-09-07T16:13:41.733854,100,5,GET,/jobs,200,40.353399934247136
18,2026-09-07T16:13:41.733854,100,6,DELETE,/jobs/002,200,48.640099936164916
18,2026-09-07T16:13:41.733854,100,7,DELETE,/jobs/1000,404,52.270099986344576
18,2026-09-07T16:13:41.733854,100,8,GET,/jobs,200,46.903999987989664
18,2026-09-07T16:13:41.733854,100,9,GET,/jobs,200,44.82629999984056
18,2026-09-07T16:13:41.733854,100,10,GET,/jobs,200,46.13470006734133
18,2026-09-07T16:13:41.733854,100,11,GET,/jobs/001,200,94.58610008005053
18,2026-09-07T16:13:41.733854,100,12,DELETE,/jobs/002,404,50.76760007068515
18,2026-09-07T16:13:41.733854,100,13,DELETE,/jobs/002,404,51.40729993581772
18,2026-09-07T16:13:41.733854,100,14,DELETE,/jobs/1000,404,53.13440004829317
18,2026-09-07T16:13:41.733854,100,15,GET,/jobs/002,404,54.23409992363304
18,2026-09-07T16:13:41.733854,100,16,DELETE,/jobs/1000,404,54.91589999292046
18,2026-09-07T16:13:41.733854,100,17,GET,/jobs,200,48.049299977719784
18,2026-09-07T16:13:41.733854,100,18,GET,/jobs/1000,404,53.80879994481802
18,2026-09-07T16:13:41.733854,100,19,PUT,/jobs/002,404,99.98310008086264
18,2026-09-07T16:13:41.733854,100,20,POST,/jobs,201,100.46310001052916
18,2026-09-07T16:13:41.733854,100,21,GET,/jobs/002,404,58.821599930524826
18,2026-09-07T16:13:41.733854,100,22,GET,/jobs,200,55.605200002901256
18,2026-09-07T16:13:41.733854,100,23,GET,/jobs,200,56.955000036396086
18,2026-09-07T16:13:41.733854,100,24,PUT,/jobs/001,200,97.31500002089888
18,2026-09-07T16:13:41.733854,100,25,POST,/jobs,201,94.95209995657206
18,2026-09-07T16:13:41.733854,100,26,POST,/jobs,201,95.15790001023561
18,2026-09-07T16:13:41.733854,100,27,POST,/jobs,201,96.18720004800707
18,2026-09-07T16:13:41.733854,100,28,GET,/jobs,200,55.88789994362742
18,2026-09-07T16:13:41.733854,100,29,PUT,/jobs/1000,404,98.31600007601082
18,2026-09-07T16:13:41.733854,100,30,GET,/jobs,200,58.06240008678287
18,2026-09-07T16:13:41.733854,100,31,PUT,/jobs/001,200,94.6295999456197
18,2026-09-07T16:13:41.733854,100,32,DELETE,/jobs/1000,404,59.7635000012815
18,2026-09-07T16:13:41.733854,100,33,DELETE,/jobs/1000,404,59.6895000198856
18,2026-09-07T16:13:41.733854,100,34,DELETE,/jobs/002,404,58.73539997264743
18,2026-09-07T16:13:41.733854,100,35,GET,/jobs,200,56.74110003747046
18,2026-09-07T16:13:41.733854,100,36,GET,/jobs,200,55.26300007477403
18,2026-09-07T16:13:41.733854,100,37,GET,/jobs/002,404,74.68140008859336
18,2026-09-07T16:13:41.733854,100,38,GET,/jobs,200,54.861299926415086
18,2026-09-07T16:13:41.733854,100,39,GET,/jobs/001,200,98.61029998864979
18,2026-09-07T16:13:41.733854,100,40,PUT,/jobs/002,404,94.47030001319945
18,2026-09-07T16:13:41.733854,100,41,PUT,/jobs/1000,404,91.81050001643598
18,2026-09-07T16:13:41.733854,100,42,POST,/jobs,201,97.78539999388158
18,2026-09-07T16:13:41.733854,100,43,POST,/jobs,201,97.093699965626
18,2026-09-07T16:13:41.733854,100,44,GET,/jobs/1000,404,70.37380000110716
18,2026-09-07T16:13:41.733854,100,45,POST,/jobs,201,93.77429995220155
18,2026-09-07T16:13:41.733854,100,46,GET,/jobs,200,62.293500057421625
18,2026-09-07T16:13:41.733854,100,47,DELETE,/jobs/002,404,64.9013000074774
18,2026-09-07T16:13:41.733854,100,48,DELETE,/jobs/002,404,75.21729997824878
18,2026-09-07T16:13:41.733854,100,49,GET,/jobs/002,404,67.38779996521771
18,2026-09-07T16:13:41.733854,100,50,PUT,/jobs/002,404,90.60619992669672
18,2026-09-07T16:13:41.733854,100,51,DELETE,/jobs/002,404,73.09530000202358
18,2026-09-07T16:13:41.733854,100,52,POST,/jobs,201,90.26269998867065
18,2026-09-07T16:13:41.733854,100,53,GET,/jobs,200,58.59170004259795
18,2026-09-07T16:13:41.733854,100,54,GET,/jobs/001,200,89.8350999923423
18,2026-09-07T16:13:41.733854,100,55,POST,/jobs,201,96.62680001929402
18,2026-09-07T16:13:41.733854,100,56,POST,/jobs,201,94.48809991590679
18,2026-09-07T16:13:41.733854,100,57,GET,/jobs/1000,404,74.10199998412281
18,2026-09-07T16:13:41.733854,100,58,POST,/jobs,201,95.44699999969453
18,2026-09-07T16:13:41.733854,100,59,PUT,/jobs/002,404,90.87590000126511
18,2026-09-07T16:13:41.733854,100,60,PUT,/jobs/001,200,94.62870005518198
18,2026-09-07T16:13:41.733854,100,61,POST,/jobs,201,90.6400999519974
18,2026-09-07T16:13:41.733854,100,62,GET,/jobs/1000,404,62.18579993583262
18,2026-09-07T16:13:41.733854,100,63,DELETE,/jobs/1000,404,63.706599990837276
18,2026-09-07T16:13:41.733854,100,64,DELETE,/jobs/1000,404,66.51220005005598
18,2026-09-07T16:13:41.733854,100,65,DELETE,/jobs/1000,404,64.76009998004884
18,2026-09-07T16:13:41.733854,100,66,POST,/jobs,201,91.95419994648546
18,2026-09-07T16:13:41.733854,100,67,GET,/jobs/1000,404,71.17310003377497
18,2026-09-07T16:13:41.733854,100,68,PUT,/jobs/001,200,97.54019998945296
18,2026-09-07T16:13:41.733854,100,69,GET,/jobs,200,60.29819999821484
18,2026-09-07T16:13:41.733854,100,70,GET,/jobs,200,62.24070000462234
18,2026-09-07T16:13:41.733854,100,71,GET,/jobs/1000,404,62.309600063599646
18,2026-09-07T16:13:41.733854,100,72,GET,/jobs/1000,404,63.87890002224594
18,2026-09-07T16:13:41.733854,100,73,PUT,/jobs/1000,404,78.53349996730685
18,2026-09-07T16:13:41.733854,100,74,GET,/jobs,200,62.310799956321716
18,2026-09-07T16:13:41.733854,100,75,PUT,/jobs/002,404,78.09439999982715
18,2026-09-07T16:13:41.733854,100,76,DELETE,/jobs/1000,404,61.26450002193451
18,2026-09-07T16:13:41.733854,100,77,DELETE,/jobs/1000,404,65.97900006454438
18,2026-09-07T16:13:41.733854,100,78,DELETE,/jobs/002,404,63.50579997524619
18,2026-09-07T16:13:41.733854,100,79,GET,/jobs,200,50.26769998949021
18,2026-09-07T16:13:41.733854,100,80,DELETE,/jobs/1000,404,62.899400014430285
18,2026-09-07T16:13:41.733854,100,81,POST,/jobs,201,80.94030001666397
18,2026-09-07T16:13:41.733854,100,82,POST,/jobs,201,79.87970008980483
18,2026-09-07T16:13:41.733854,100,83,GET,/jobs/002,404,65.59669994749129
18,2026-09-07T16:13:41.733854,100,84,GET,/jobs,200,64.98209992423654
18,2026-09-07T16:13:41.733854,100,85,POST,/jobs,201,79.85540002118796
18,2026-09-07T16:13:41.733854,100,86,GET,/jobs/1000,404,65.05620002280921
18,2026-09-07T16:13:41.733854,100,87,GET,/jobs,200,63.402900006622076
18,2026-09-07T16:13:41.733854,100,88,POST,/jobs,201,77.64219993259758
18,2026-09-07T16:13:41.733854,100,89,DELETE,/jobs/002,404,63.017799984663725
18,2026-09-07T16:13:41.733854,100,90,GET,/jobs/002,404,65.43200009036809
18,2026-09-07T16:13:41.733854,100,91,GET,/jobs/1000,404,63.43780003953725
18,2026-09-07T16:13:41.733854,100,92,DELETE,/jobs/002,404,63.63240000791848
18,2026-09-07T16:13:41.733854,100,93,DELETE,/jobs/1000,404,65.16130000818521
18,2026-09-07T16:13:41.733854,100,94,PUT,/jobs/001,200,76.84609992429614
18,2026-09-07T16:13:41.733854,100,95,GET,/jobs,200,57.53210000693798
18,2026-09-07T16:13:41.733854,100,96,POST,/jobs,201,82.04639994073659
18,2026-09-07T16:13:41.733854,100,97,POST,/jobs,201,82.5671999482438
18,2026-09-07T16:13:41.733854,100,98,GET,/jobs,200,64.64879994746298
18,2026-09-07T16:13:41.733854,100,99,GET,/jobs/1000,404,62.573700095526874
18,2026-09-07T16:13:41.733854,100,100,GET,/jobs,200,60.99320005159825
19,2026-09-07T16:13:41.928574,100,1,GET,/jobs,200,43.706499971449375
19,2026-09-07T16:13:41.928574,100,2,GET,/jobs,200,42.6316000521183
19,2026-09-07T16:13:41.928574,100,3,POST,/jobs,201,100.02459993120283
19,2026-09-07T16:13:41.928574,100,4,GET,/jobs/001,200,98.51299994625151
19,2026-09-07T16:13:41.928574,100,5,GET,/jobs,200,44.611799996346235
19,2026-09-07T16:13:41.928574,100,6,DELETE,/jobs/002,200,55.49059994518757
19,2026-09-07T16:13:41.928574,100,7,DELETE,/jobs/1000,404,54.36860001645982
19,2026-09-07T16:13:41.928574,100,8,GET,/jobs,200,47.57539997808635
19,2026-09-07T16:13:41.928574,100,9,GET,/jobs,200,49.929299973882735
19,2026-09-07T16:13:41.928574,100,10,GET,/jobs,200,48.87040005996823
19,2026-09-07T16:13:41.928574,100,11,GET,/jobs/001,200,97.81970002222806
19,2026-09-07T16:13:41.928574,100,12,DELETE,/jobs/002,404,53.08340000919998
19,2026-09-07T16:13:41.928574,100,13,DELETE,/jobs/002,404,55.80179998651147
19,2026-09-07T16:13:41.928574,100,14,DELETE,/jobs/1000,404,56.34100001771003
19,2026-09-07T16:13:41.928574,100,15,GET,/jobs/002,404,55.397599935531616
19,2026-09-07T16:13:41.928574,100,16,DELETE,/jobs/1000,404,57.20050004310906
19,2026-09-07T16:13:41.928574,100,17,GET,/jobs,200,54.11539995111525
19,2026-09-07T16:13:41.928574,100,18,GET,/jobs/1000,404,53.68130002170801
19,2026-09-07T16:13:41.928574,100,19,PUT,/jobs/002,404,96.64420003537089
19,2026-09-07T16:13:41.928574,100,20,POST,/jobs,201,93.41019997373223
19,2026-09-07T16:13:41.928574,100,21,GET,/jobs/002,404,66.57560006715357
19,2026-09-07T16:13:41.928574,100,22,GET,/jobs,200,59.64230000972748
19,2026-09-07T16:13:41.928574,100,23,GET,/jobs,200,57.45089997071773
19,2026-09-07T16:13:41.928574,100,24,PUT,/jobs/001,200,94.81379995122552
19,2026-09-07T16:13:41.928574,100,25,POST,/jobs,201,93.72950007673353
19,2026-09-07T16:13:41.928574,100,26,POST,/jobs,201,93.20620005019009
19,2026-09-07T16:13:41.928574,100,27,POST,/jobs,201,94.02940003201365
19,2026-09-07T16:13:41.928574,100,28,GET,/jobs,200,60.39150001015514
19,2026-09-07T16:13:41.928574,100,29,PUT,/jobs/1000,404,95.07499996107072
19,2026-09-07T16:13:41.928574,100,30,GET,/jobs,200,59.881299966946244
19,2026-09-07T16:13:41.928574,100,31,PUT,/jobs/001,200,94.65500002261251
19,2026-09-07T16:13:41.928574,100,32,DELETE,/jobs/1000,404,61.771699925884604
19,2026-09-07T16:13:41.928574,100,33,DELETE,/jobs/1000,404,59.352300013415515
19,2026-09-07T16:13:41.928574,100,34,DELETE,/jobs/002,404,61.687299981713295
19,2026-09-07T16:13:41.928574,100,35,GET,/jobs,200,60.57990004774183
19,2026-09-07T16:13:41.928574,100,36,GET,/jobs,200,60.9620000468567
19,2026-09-07T16:13:41.928574,100,37,GET,/jobs/002,404,67.73440004326403
19,2026-09-07T16:13:41.928574,100,38,GET,/jobs,200,58.48790006712079
19,2026-09-07T16:13:41.928574,100,39,GET,/jobs/001,200,92.14910003356636
19,2026-09-07T16:13:41.928574,100,40,PUT,/jobs/002,404,83.07910000439733
19,2026-09-07T16:13:41.928574,100,41,PUT,/jobs/1000,404,84.79849994182587
19,2026-09-07T16:13:41.928574,100,42,POST,/jobs,201,88.28560006804764
19,2026-09-07T16:13:41.928574,100,43,POST,/jobs,201,87.03659998718649
19,2026-09-07T16:13:41.928574,100,44,GET,/jobs/1000,404,71.70270010828972
19,2026-09-07T16:13:41.928574,100,45,POST,/jobs,201,89.83149996493012
19,2026-09-07T16:13:41.928574,100,46,GET,/jobs,200,60.40469999425113
19,2026-09-07T16:13:41.928574,100,47,DELETE,/jobs/002,404,69.90669993683696
19,2026-09-07T16:13:41.928574,100,48,DELETE,/jobs/002,404,68.25469993054867
19,2026-09-07T16:13:41.928574,100,49,GET,/jobs/002,404,66.99419999495149
19,2026-09-07T16:13:41.928574,100,50,PUT,/jobs/002,404,85.92969994060695
19,2026-09-07T16:13:41.928574,100,51,DELETE,/jobs/002,404,68.2029000017792
19,2026-09-07T16:13:41.928574,100,52,POST,/jobs,201,87.9271999001503
19,2026-09-07T16:13:41.928574,100,53,GET,/jobs,200,65.13809994794428
19,2026-09-07T16:13:41.928574,100,54,GET,/jobs/001,200,92.352099949494
19,2026-09-07T16:13:41.928574,100,55,POST,/jobs,201,79.61449993308634
19,2026-09-07T16:13:41.928574,100,56,POST,/jobs,201,88.3272000355646
19,2026-09-07T16:13:41.928574,100,57,GET,/jobs/1000,404,72.5658000446856
19,2026-09-07T16:13:41.928574,100,58,POST,/jobs,201,87.94639992993325
19,2026-09-07T16:13:41.928574,100,59,PUT,/jobs/002,404,89.22189997974783
19,2026-09-07T16:13:41.928574,100,60,PUT,/jobs/001,200,89.68580001965165
19,2026-09-07T16:13:41.928574,100,61,POST,/jobs,201,86.60310006234795
19,2026-09-07T16:13:41.928574,100,62,GET,/jobs/1000,404,67.15830008033663
19,2026-09-07T16:13:41.928574,100,63,DELETE,/jobs/1000,404,67.72429996635765
19,2026-09-07T16:13:41.928574,100,64,DELETE,/jobs/1000,404,71.09280000440776
19,2026-09-07T16:13:41.928574,100,65,DELETE,/jobs/1000,404,62.71319999359548
19,2026-09-07T16:13:41.928574,100,66,POST,/jobs,201,90.31519992277026
19,2026-09-07T16:13:41.928574,100,67,GET,/jobs/1000,404,71.17030001245439
19,2026-09-07T16:13:41.928574,100,68,PUT,/jobs/001,200,86.87550004106015
19,2026-09-07T16:13:41.928574,100,69,GET,/jobs,200,61.65160005912185
19,2026-09-07T16:13:41.928574,100,70,GET,/jobs,200,64.18750004377216
19,2026-09-07T16:13:41.928574,100,71,GET,/jobs/1000,404,69.50640003196895
19,2026-09-07T16:13:41.928574,100,72,GET,/jobs/1000,404,69.2973000695929
19,2026-09-07T16:13:41.928574,100,73,PUT,/jobs/1000,404,85.2683000266552
19,2026-09-07T16:13:41.928574,100,74,GET,/jobs,200,67.37649999558926
19,2026-09-07T16:13:41.928574,100,75,PUT,/jobs/002,404,83.93520000390708
19,2026-09-07T16:13:41.928574,100,76,DELETE,/jobs/1000,404,71.93710003048182
19,2026-09-07T16:13:41.928574,100,77,DELETE,/jobs/1000,404,66.6338000446558
19,2026-09-07T16:13:41.928574,100,78,DELETE,/jobs/002,404,71.43799995537847
19,2026-09-07T16:13:41.928574,100,79,GET,/jobs,200,63.23169998358935
19,2026-09-07T16:13:41.928574,100,80,DELETE,/jobs/1000,404,68.20239999797195
19,2026-09-07T16:13:41.928574,100,81,POST,/jobs,201,87.45670004282147
19,2026-09-07T16:13:41.928574,100,82,POST,/jobs,201,90.16639995388687
19,2026-09-07T16:13:41.928574,100,83,GET,/jobs/002,404,71.41109998337924
19,2026-09-07T16:13:41.928574,100,84,GET,/jobs,200,62.97610001638532
19,2026-09-07T16:13:41.928574,100,85,POST,/jobs,201,85.55540000088513
19,2026-09-07T16:13:41.928574,100,86,GET,/jobs/1000,404,69.840700016357
19,2026-09-07T16:13:41.928574,100,87,GET,/jobs,200,66.42150005791336
19,2026-09-07T16:13:41.928574,100,88,POST,/jobs,201,89.61420005653054
19,2026-09-07T16:13:41.928574,100,89,DELETE,/jobs/002,404,67.62970006093383
19,2026-09-07T16:13:41.928574,100,90,GET,/jobs/002,404,68.2329999981448
19,2026-09-07T16:13:41.928574,100,91,GET,/jobs/1000,404,72.61140004266053
19,2026-09-07T16:13:41.928574,100,92,DELETE,/jobs/002,404,70.87940000928938
19,2026-09-07T16:13:41.928574,100,93,DELETE,/jobs/1000,404,69.38680005259812
19,2026-09-07T16:13:41.928574,100,94,PUT,/jobs/001,200,86.13900002092123
19,2026-09-07T16:13:41.928574,100,95,GET,/jobs,200,71.68190006632358
19,2026-09-07T16:13:41.928574,100,96,POST,/jobs,201,90.82409995608032
19,2026-09-07T16:13:41.928574,100,97,POST,/jobs,201,72.4922000663355
19,2026-09-07T16:13:41.928574,100,98,GET,/jobs,200,57.131499983370304
19,2026-09-07T16:13:41.928574,100,99,GET,/jobs/1000,404,58.51919995620847
19,2026-09-07T16:13:41.928574,100,100,GET,/jobs,200,55.81339995842427
20,2026-09-07T16:13:42.118458,100,1,GET,/jobs,200,25.30720003414899
20,2026-09-07T16:13:42.118458,100,2,GET,/jobs,200,29.564700089395046
20,2026-09-07T16:13:42.118458,100,3,POST,/jobs,201,79.7865999629721
20,2026-09-07T16:13:42.118458,100,4,GET,/jobs/001,200,78.07779998984188
20,2026-09-07T16:13:42.118458,100,5,GET,/jobs,200,34.23740004654974
20,2026-09-07T16:13:42.118458,100,6,DELETE,/jobs/002,200,38.55459997430444
20,2026-09-07T16:13:42.118458,100,7,DELETE,/jobs/1000,404,43.34570001810789
20,2026-09-07T16:13:42.118458,100,8,GET,/jobs,200,35.19119997508824
20,2026-09-07T16:13:42.118458,100,9,GET,/jobs,200,36.599099985323846
20,2026-09-07T16:13:42.118458,100,10,GET,/jobs,200,36.27719997894019
20,2026-09-07T16:13:42.118458,100,11,GET,/jobs/001,200,77.4436000501737
20,2026-09-07T16:13:42.118458,100,12,DELETE,/jobs/002,404,42.724600061774254
20,2026-09-07T16:13:42.118458,100,13,DELETE,/jobs/002,404,43.60330000054091
20,2026-09-07T16:13:42.118458,100,14,DELETE,/jobs/1000,404,41.46710003260523
20,2026-09-07T16:13:42.118458,100,15,GET,/jobs/002,404,40.232400060631335
20,2026-09-07T16:13:42.118458,100,16,DELETE,/jobs/1000,404,41.32530000060797
20,2026-09-07T16:13:42.118458,100,17,GET,/jobs,200,38.0384000018239
20,2026-09-07T16:13:42.118458,100,18,GET,/jobs/1000,404,38.86199998669326
20,2026-09-07T16:13:42.118458,100,19,PUT,/jobs/002,404,84.57869989797473
20,2026-09-07T16:13:42.118458,100,20,POST,/jobs,201,82.64819998294115
20,2026-09-07T16:13:42.118458,100,21,GET,/jobs/002,404,42.347899987362325
20,2026-09-07T16:13:42.118458,100,22,GET,/jobs,200,37.02079993672669
20,2026-09-07T16:13:42.118458,100,23,GET,/jobs,200,37.30820002965629
20,2026-09-07T16:13:42.118458,100,24,PUT,/jobs/001,200,79.27960006054491
20,2026-09-07T16:13:42.118458,100,25,POST,/jobs,201,77.6078999042511
20,2026-09-07T16:13:42.118458,100,26,POST,/jobs,201,78.54879996739328
20,2026-09-07T16:13:42.118458,100,27,POST,/jobs,201,76.9328000023961
20,2026-09-07T16:13:42.118458,100,28,GET,/jobs,200,42.94319998007268
20,2026-09-07T16:13:42.118458,100,29,PUT,/jobs/1000,404,79.67339991591871
20,2026-09-07T16:13:42.118458,100,30,GET,/jobs,200,46.35969991795719
20,2026-09-07T16:13:42.118458,100,31,PUT,/jobs/001,200,79.0013000369072
20,2026-09-07T16:13:42.118458,100,32,DELETE,/jobs/1000,404,49.124799901619554
20,2026-09-07T16:13:42.118458,100,33,DELETE,/jobs/1000,404,52.335299900732934
20,2026-09-07T16:13:42.118458,100,34,DELETE,/jobs/002,404,48.69159997906536
20,2026-09-07T16:13:42.118458,100,35,GET,/jobs,200,44.625299982726574
20,2026-09-07T16:13:42.118458,100,36,GET,/jobs,200,46.16530006751418
20,2026-09-07T16:13:42.118458,100,37,GET,/jobs/002,404,56.272300076670945
20,2026-09-07T16:13:42.118458,100,38,GET,/jobs,200,45.57570000179112
20,2026-09-07T16:13:42.118458,100,39,GET,/jobs/001,200,79.71389999147505
20,2026-09-07T16:13:42.118458,100,40,PUT,/jobs/002,404,81.90420002210885
20,2026-09-07T16:13:42.118458,100,41,PUT,/jobs/1000,404,79.16950003709644
20,2026-09-07T16:13:42.118458,100,42,POST,/jobs,201,75.47519996296614
20,2026-09-07T16:13:42.118458,100,43,POST,/jobs,201,80.52820002194494
20,2026-09-07T16:13:42.118458,100,44,GET,/jobs/1000,404,48.475899966433644
20,2026-09-07T16:13:42.118458,100,45,POST,/jobs,201,75.96789998933673
20,2026-09-07T16:13:42.118458,100,46,GET,/jobs,200,45.99190002772957
20,2026-09-07T16:13:42.118458,100,47,DELETE,/jobs/002,404,47.80300008133054
20,2026-09-07T16:13:42.118458,100,48,DELETE,/jobs/002,404,49.16880000382662
20,2026-09-07T16:13:42.118458,100,49,GET,/jobs/002,404,56.87159998342395
20,2026-09-07T16:13:42.118458,100,50,PUT,/jobs/002,404,82.45830005034804
20,2026-09-07T16:13:42.118458,100,51,DELETE,/jobs/002,404,51.341500016860664
20,2026-09-07T16:13:42.118458,100,52,POST,/jobs,201,76.8043000716716
20,2026-09-07T16:13:42.118458,100,53,GET,/jobs,200,55.011200020089746
20,2026-09-07T16:13:42.118458,100,54,GET,/jobs/001,200,78.43270001467317
20,2026-09-07T16:13:42.118458,100,55,POST,/jobs,201,77.12639996316284
20,2026-09-07T16:13:42.118458,100,56,POST,/jobs,201,74.56740003544837
20,2026-09-07T16:13:42.118458,100,57,GET,/jobs/1000,404,57.48970003332943
20,2026-09-07T16:13:42.118458,100,58,POST,/jobs,201,77.5060000596568
20,2026-09-07T16:13:42.118458,100,59,PUT,/jobs/002,404,76.59399998374283
20,2026-09-07T16:13:42.118458,100,60,PUT,/jobs/001,200,75.73149993550032
20,2026-09-07T16:13:42.118458,100,61,POST,/jobs,201,74.5981999207288
20,2026-09-07T16:13:42.118458,100,62,GET,/jobs/1000,404,58.53070004377514
20,2026-09-07T16:13:42.118458,100,63,DELETE,/jobs/1000,404,56.38520000502467
20,2026-09-07T16:13:42.118458,100,64,DELETE,/jobs/1000,404,58.97040001582354
20,2026-09-07T16:13:42.118458,100,65,DELETE,/jobs/1000,404,62.21579993143678
20,2026-09-07T16:13:42.118458,100,66,POST,/jobs,201,77.42310001049191
20,2026-09-07T16:13:42.118458,100,67,GET,/jobs/1000,404,59.17370005045086
20,2026-09-07T16:13:42.118458,100,68,PUT,/jobs/001,200,75.36330004222691
20,2026-09-07T16:13:42.118458,100,69,GET,/jobs,200,55.051099974662066
20,2026-09-07T16:13:42.118458,100,70,GET,/jobs,200,56.744700064882636
20,2026-09-07T16:13:42.118458,100,71,GET,/jobs/1000,404,54.36120007652789
20,2026-09-07T16:13:42.118458,100,72,GET,/jobs/1000,404,63.74900008086115
20,2026-09-07T16:13:42.118458,100,73,PUT,/jobs/1000,404,76.4002000214532
20,2026-09-07T16:13:42.118458,100,74,GET,/jobs,200,52.70929995458573
20,2026-09-07T16:13:42.118458,100,75,PUT,/jobs/002,404,77.63690000865608
20,2026-09-07T16:13:42.118458,100,76,DELETE,/jobs/1000,404,56.770100025460124
20,2026-09-07T16:13:42.118458,100,77,DELETE,/jobs/1000,404,57.08459997549653
20,2026-09-07T16:13:42.118458,100,78,DELETE,/jobs/002,404,58.12770000193268
20,2026-09-07T16:13:42.118458,100,79,GET,/jobs,200,48.17999992519617
20,2026-09-07T16:13:42.118458,100,80,DELETE,/jobs/1000,404,58.616099995560944
20,2026-09-07T16:13:42.118458,100,81,POST,/jobs,201,76.15280000027269
20,2026-09-07T16:13:42.118458,100,82,POST,/jobs,201,77.15340005233884
20,2026-09-07T16:13:42.118458,100,83,GET,/jobs/002,404,52.07099998369813
20,2026-09-07T16:13:42.118458,100,84,GET,/jobs,200,55.20719999913126
20,2026-09-07T16:13:42.118458,100,85,POST,/jobs,201,75.027099926956
20,2026-09-07T16:13:42.118458,100,86,GET,/jobs/1000,404,56.762700085528195
20,2026-09-07T16:13:42.118458,100,87,GET,/jobs,200,45.79360003117472
20,2026-09-07T16:13:42.118458,100,88,POST,/jobs,201,76.28700009081513
20,2026-09-07T16:13:42.118458,100,89,DELETE,/jobs/002,404,51.84109997935593
20,2026-09-07T16:13:42.118458,100,90,GET,/jobs/002,404,64.30559989530593
20,2026-09-07T16:13:42.118458,100,91,GET,/jobs/1000,404,53.5743999062106
20,2026-09-07T16:13:42.118458,100,92,DELETE,/jobs/002,404,58.45039989799261
20,2026-09-07T16:13:42.118458,100,93,DELETE,/jobs/1000,404,58.28370002564043
20,2026-09-07T16:13:42.118458,100,94,PUT,/jobs/001,200,68.46800004132092
20,2026-09-07T16:13:42.118458,100,95,GET,/jobs,200,53.68449992965907
20,2026-09-07T16:13:42.118458,100,96,POST,/jobs,201,69.50450001750141
20,2026-09-07T16:13:42.118458,100,97,POST,/jobs,201,68.77120002172887
20,2026-09-07T16:13:42.118458,100,98,GET,/jobs,200,52.63300007209182
20,2026-09-07T16:13:42.118458,100,99,GET,/jobs/1000,404,54.54789998475462
20,2026-09-07T16:13:42.118458,100,100,GET,/jobs,200,55.670499918051064
21,2026-09-07T16:13:42.284761,1000,1,GET,/jobs,200,29.592499951831996
21,2026-09-07T16:13:42.284761,1000,2,GET,/jobs,200,29.924099915660918
21,2026-09-07T16:13:42.284761,1000,3,POST,/jobs,201,118.77239996101707
21,2026-09-07T16:13:42.284761,1000,4,GET,/jobs/001,200,101.8387998919934
21,2026-09-07T16:13:42.284761,1000,5,GET,/jobs,200,40.38170003332198
21,2026-09-07T16:13:42.284761,1000,6,DELETE,/jobs/002,200,48.404700006358325
21,2026-09-07T16:13:42.284761,1000,7,DELETE,/jobs/1000,404,44.82469998765737
21,2026-09-07T16:13:42.284761,1000,8,GET,/jobs,200,45.74930004309863
21,2026-09-07T16:13:42.284761,1000,9,GET,/jobs,200,41.70830000657588
21,2026-09-07T16:13:42.284761,1000,10,GET,/jobs,200,48.13010001089424
21,2026-09-07T16:13:42.284761,1000,11,GET,/jobs/001,200,101.72420006711036
21,2026-09-07T16:13:42.284761,1000,12,DELETE,/jobs/002,404,49.12900005001575
21,2026-09-07T16:13:42.284761,1000,13,DELETE,/jobs/002,404,51.40869994647801
21,2026-09-07T16:13:42.284761,1000,14,DELETE,/jobs/1000,404,47.45720000937581
21,2026-09-07T16:13:42.284761,1000,15,GET,/jobs/002,404,48.49740001372993
21,2026-09-07T16:13:42.284761,1000,16,DELETE,/jobs/1000,404,47.98390006180853
21,2026-09-07T16:13:42.284761,1000,17,GET,/jobs,200,55.16340001486242
21,2026-09-07T16:13:42.284761,1000,18,GET,/jobs/1000,404,61.918499995954335
21,2026-09-07T16:13:42.284761,1000,19,PUT,/jobs/002,404,102.21669997554272
21,2026-09-07T16:13:42.284761,1000,20,POST,/jobs,201,113.02440008148551
21,2026-09-07T16:13:42.284761,1000,21,GET,/jobs/002,404,57.575999991968274
21,2026-09-07T16:13:42.284761,1000,22,GET,/jobs,200,54.749100003391504
21,2026-09-07T16:13:42.284761,1000,23,GET,/jobs,200,53.60860005021095
21,2026-09-07T16:13:42.284761,1000,24,PUT,/jobs/001,200,107.17430000659078
21,2026-09-07T16:13:42.284761,1000,25,POST,/jobs,201,108.60350006259978
21,2026-09-07T16:13:42.284761,1000,26,POST,/jobs,201,111.1741999629885
21,2026-09-07T16:13:42.284761,1000,27,POST,/jobs,201,106.40710010193288
21,2026-09-07T16:13:42.284761,1000,28,GET,/jobs,200,54.00319991167635
21,2026-09-07T16:13:42.284761,1000,29,PUT,/jobs/1000,404,106.29669995978475
21,2026-09-07T16:13:42.284761,1000,30,GET,/jobs,200,64.25399996805936
21,2026-09-07T16:13:42.284761,1000,31,PUT,/jobs/001,200,105.94119993038476
21,2026-09-07T16:13:42.284761,1000,32,DELETE,/jobs/1000,404,59.39180008135736
21,2026-09-07T16:13:42.284761,1000,33,DELETE,/jobs/1000,404,56.42539996188134
21,2026-09-07T16:13:42.284761,1000,34,DELETE,/jobs/002,404,65.20339997950941
21,2026-09-07T16:13:42.284761,1000,35,GET,/jobs,200,53.05069999303669
21,2026-09-07T16:13:42.284761,1000,36,GET,/jobs,200,57.123899925500154
21,2026-09-07T16:13:42.284761,1000,37,GET,/jobs/002,404,63.146400032565
21,2026-09-07T16:13:42.284761,1000,38,GET,/jobs,200,55.586199974641204
21,2026-09-07T16:13:42.284761,1000,39,GET,/jobs/001,200,113.70269989129156
21,2026-09-07T16:13:42.284761,1000,40,PUT,/jobs/002,404,107.53040004055947
21,2026-09-07T16:13:42.284761,1000,41,PUT,/jobs/1000,404,106.56270000617951
21,2026-09-07T16:13:42.284761,1000,42,POST,/jobs,201,102.53859998192638
21,2026-09-07T16:13:42.284761,1000,43,POST,/jobs,201,99.53620005398989
21,2026-09-07T16:13:42.284761,1000,44,GET,/jobs/1000,404,67.08229996729642
21,2026-09-07T16:13:42.284761,1000,45,POST,/jobs,201,102.0721000386402
21,2026-09-07T16:13:42.284761,1000,46,GET,/jobs,200,66.12019997555763
21,2026-09-07T16:13:42.284761,1000,47,DELETE,/jobs/002,404,70.97850006539375
21,2026-09-07T16:13:42.284761,1000,48,DELETE,/jobs/002,404,70.0022999662906
21,2026-09-07T16:13:42.284761,1000,49,GET,/jobs/002,404,69.343899958767
21,2026-09-07T16:13:42.284761,1000,50,PUT,/jobs/002,404,102.38169995136559
21,2026-09-07T16:13:42.284761,1000,51,DELETE,/jobs/002,404,68.6116999713704
21,2026-09-07T16:13:42.284761,1000,52,POST,/jobs,201,112.82059992663562
21,2026-09-07T16:13:42.284761,1000,53,GET,/jobs,200,63.687599962577224
21,2026-09-07T16:13:42.284761,1000,54,GET,/jobs/001,200,117.06520000007004
21,2026-09-07T16:13:42.284761,1000,55,POST,/jobs,201,101.47889994550496
21,2026-09-07T16:13:42.284761,1000,56,POST,/jobs,201,101.26129991840571
21,2026-09-07T16:13:42.284761,1000,57,GET,/jobs/1000,404,61.76060007419437
21,2026-09-07T16:13:42.284761,1000,58,POST,/jobs,201,103.97970001213253
21,2026-09-07T16:13:42.284761,1000,59,PUT,/jobs/002,404,101.70200001448393
21,2026-09-07T16:13:42.284761,1000,60,PUT,/jobs/001,200,115.12700002640486
21,2026-09-07T16:13:42.284761,1000,61,POST,/jobs,201,104.5532999560237
21,2026-09-07T16:13:42.284761,1000,62,GET,/jobs/1000,404,71.88469998072833
21,2026-09-07T16:13:42.284761,1000,63,DELETE,/jobs/1000,404,71.38479989953339
21,2026-09-07T16:13:42.284761,1000,64,DELETE,/jobs/1000,404,71.01169996894896
21,2026-09-07T16:13:42.284761,1000,65,DELETE,/jobs/1000,404,68.28310003038496
21,2026-09-07T16:13:42.284761,1000,66,POST,/jobs,201,103.04169997107238
21,2026-09-07T16:13:42.284761,1000,67,GET,/jobs/1000,404,70.14179998077452
21,2026-09-07T16:13:42.284761,1000,68,PUT,/jobs/001,200,104.21859996858984
21,2026-09-07T16:13:42.284761,1000,69,GET,/jobs,200,66.5248999139294
21,2026-09-07T16:13:42.284761,1000,70,GET,/jobs,200,64.57839999347925
21,2026-09-07T16:13:42.284761,1000,71,GET,/jobs/1000,404,64.20409993734211
21,2026-09-07T16:13:42.284761,1000,72,GET,/jobs/1000,404,69.84030001331121
21,2026-09-07T16:13:42.284761,1000,73,PUT,/jobs/1000,404,102.61230007745326
21,2026-09-07T16:13:42.284761,1000,74,GET,/jobs,200,70.53969998378307
21,2026-09-07T16:13:42.284761,1000,75,PUT,/jobs/002,404,101.66179994121194
21,2026-09-07T16:13:42.284761,1000,76,DELETE,/jobs/1000,404,69.87869995646179
21,2026-09-07T16:13:42.284761,1000,77,DELETE,/jobs/1000,404,70.79600007273257
21,2026-09-07T16:13:42.284761,1000,78,DELETE,/jobs/002,404,63.34529991727322
21,2026-09-07T16:13:42.284761,1000,79,GET,/jobs,200,67.65899993479252
21,2026-09-07T16:13:42.284761,1000,80,DELETE,/jobs/1000,404,69.28299996070564
21,2026-09-07T16:13:42.284761,1000,81,POST,/jobs,201,101.29280004184693
21,2026-09-07T16:13:42.284761,1000,82,POST,/jobs,201,101.33650002535433
21,2026-09-07T16:13:42.284761,1000,83,GET,/jobs/002,404,71.14350004121661
21,2026-09-07T16:13:42.284761,1000,84,GET,/jobs,200,67.63329997193068
21,2026-09-07T16:13:42.284761,1000,85,POST,/jobs,201,102.56670007947832
21,2026-09-07T16:13:42.284761,1000,86,GET,/jobs/1000,404,68.02909995894879
21,2026-09-07T16:13:42.284761,1000,87,GET,/jobs,200,67.00679997447878
21,2026-09-07T16:13:42.284761,1000,88,POST,/jobs,201,100.47549998853356
21,2026-09-07T16:13:42.284761,1000,89,DELETE,/jobs/002,404,67.68560002092272
21,2026-09-07T16:13:42.284761,1000,90,GET,/jobs/002,404,67.45089998003095
21,2026-09-07T16:13:42.284761,1000,91,GET,/jobs/1000,404,68.15499998629093
21,2026-09-07T16:13:42.284761,1000,92,DELETE,/jobs/002,404,75.37900004535913
21,2026-09-07T16:13:42.284761,1000,93,DELETE,/jobs/1000,404,68.62529995851219
21,2026-09-07T16:13:42.284761,1000,94,PUT,/jobs/001,200,101.87750007025898
21,2026-09-07T16:13:42.284761,1000,95,GET,/jobs,200,66.93460000678897
21,2026-09-07T16:13:42.284761,1000,96,POST,/jobs,201,101.26889997627586
21,2026-09-07T16:13:42.284761,1000,97,POST,/jobs,201,101.90679994411767
21,2026-09-07T16:13:42.284761,1000,98,GET,/jobs,200,76.2377999490127
21,2026-09-07T16:13:42.284761,1000,99,GET,/jobs/1000,404,75.8479000069201
21,2026-09-07T16:13:42.284761,1000,100,GET,/jobs,200,66.74779998138547
21,2026-09-07T16:13:42.284761,1000,101,GET,/jobs,200,64.34020004235208
21,2026-09-07T16:13:42.284761,1000,102,PUT,/jobs/001,200,97.71010000258684
21,2026-09-07T16:13:42.284761,1000,103,DELETE,/jobs/002,404,73.12089996412396
21,2026-09-07T16:13:42.284761,1000,104,GET,/jobs/1000,404,73.32679990213364
21,2026-09-07T16:13:42.284761,1000,105,PUT,/jobs/1000,404,108.269999967888
21,2026-09-07T16:13:42.284761,1000,106,GET,/jobs/002,404,80.10340004693717
21,2026-09-07T16:13:42.284761,1000,107,DELETE,/jobs/1000,404,80.5378999793902
21,2026-09-07T16:13:42.284761,1000,108,GET,/jobs/1000,404,73.17979994695634
21,2026-09-07T16:13:42.284761,1000,109,GET,/jobs/1000,404,81.55130001250654
21,2026-09-07T16:13:42.284761,1000,110,POST,/jobs,201,111.30479990970343
21,2026-09-07T16:13:42.284761,1000,111,POST,/jobs,201,109.29930000565946
21,2026-09-07T16:13:42.284761,1000,112,DELETE,/jobs/1000,404,73.80610005930066
21,2026-09-07T16:13:42.284761,1000,113,GET,/jobs,200,72.45330000296235
21,2026-09-07T16:13:42.284761,1000,114,GET,/jobs/001,200,102.47559996787459
21,2026-09-07T16:13:42.284761,1000,115,GET,/jobs,200,64.95769997127354
21,2026-09-07T16:13:42.284761,1000,116,POST,/jobs,201,102.64529997948557
21,2026-09-07T16:13:42.284761,1000,117,DELETE,/jobs/002,404,62.96519993338734
21,2026-09-07T16:13:42.284761,1000,118,DELETE,/jobs/002,404,65.75639999937266
21,2026-09-07T16:13:42.284761,1000,119,GET,/jobs,200,59.189600055105984
21,2026-09-07T16:13:42.284761,1000,120,GET,/jobs,200,63.73700010590255
21,2026-09-07T16:13:42.284761,1000,121,GET,/jobs,200,64.30870003532618
21,2026-09-07T16:13:42.284761,1000,122,GET,/jobs/001,200,104.06479996163398
21,2026-09-07T16:13:42.284761,1000,123,GET,/jobs,200,64.63070004247129
21,2026-09-07T16:13:42.284761,1000,124,POST,/jobs,201,101.35100001934916
21,2026-09-07T16:13:42.284761,1000,125,DELETE,/jobs/002,404,58.492899988777936
21,2026-09-07T16:13:42.284761,1000,126,POST,/jobs,201,101.75130004063249
21,2026-09-07T16:13:42.284761,1000,127,PUT,/jobs/001,200,101.53370001353323
21,2026-09-07T16:13:42.284761,1000,128,DELETE,/jobs/002,404,71.88429997768253
21,2026-09-07T16:13:42.284761,1000,129,DELETE,/jobs/1000,404,74.58640006370842
21,2026-09-07T16:13:42.284761,1000,130,GET,/jobs/002,404,73.95859993994236
21,2026-09-07T16:13:42.284761,1000,131,PUT,/jobs/001,200,107.04870009794831
21,2026-09-07T16:13:42.284761,1000,132,GET,/jobs,200,69.08549997024238
21,2026-09-07T16:13:42.284761,1000,133,GET,/jobs,200,68.4254999505356
21,2026-09-07T16:13:42.284761,1000,134,PUT,/jobs/002,404,106.79710004478693
21,2026-09-07T16:13:42.284761,1000,135,PUT,/jobs/002,404,93.88880000915378
21,2026-09-07T16:13:42.284761,1000,136,PUT,/jobs/1000,404,93.73359999153763
21,2026-09-07T16:13:42.284761,1000,137,GET,/jobs,200,60.574800008907914
21,2026-09-07T16:13:42.284761,1000,138,GET,/jobs,200,64.57940000109375
21,2026-09-07T16:13:42.284761,1000,139,GET,/jobs,200,68.42860009055585
21,2026-09-07T16:13:42.284761,1000,140,PUT,/jobs/1000,404,97.89380000438541
21,2026-09-07T16:13:42.284761,1000,141,POST,/jobs,201,96.00599994882941
21,2026-09-07T16:13:42.284761,1000,142,GET,/jobs,200,61.07719999272376
21,2026-09-07T16:13:42.284761,1000,143,GET,/jobs/001,200,103.60609996132553
21,2026-09-07T16:13:42.284761,1000,144,GET,/jobs/1000,404,66.18379999417812
21,2026-09-07T16:13:42.284761,1000,145,PUT,/jobs/001,200,96.1216000141576
21,2026-09-07T16:13:42.284761,1000,146,PUT,/jobs/001,200,94.70919996965677
21,2026-09-07T16:13:42.284761,1000,147,POST,/jobs,201,95.84389999508858
21,2026-09-07T16:13:42.284761,1000,148,GET,/jobs/001,200,106.10149998683482
21,2026-09-07T16:13:42.284761,1000,149,PUT,/jobs/1000,404,94.27900006994605
21,2026-09-07T16:13:42.284761,1000,150,GET,/jobs,200,65.23459998425096
21,2026-09-07T16:13:42.284761,1000,151,GET,/jobs,200,64.22780000139028
21,2026-09-07T16:13:42.284761,1000,152,DELETE,/jobs/002,404,64.18340001255274
21,2026-09-07T16:13:42.284761,1000,153,GET,/jobs,200,58.60790004953742
21,2026-09-07T16:13:42.284761,1000,154,GET,/jobs/001,200,112.77949996292591
21,2026-09-07T16:13:42.284761,1000,155,PUT,/jobs/002,404,101.42339998856187
21,2026-09-07T16:13:42.284761,1000,156,PUT,/jobs/001,200,95.66340001765639
21,2026-09-07T16:13:42.284761,1000,157,PUT,/jobs/001,200,101.07750003226101
21,2026-09-07T16:13:42.284761,1000,158,GET,/jobs/002,404,63.952900003641844
21,2026-09-07T16:13:42.284761,1000,159,GET,/jobs,200,59.23869996331632
21,2026-09-07T16:13:42.284761,1000,160,PUT,/jobs/002,404,100.75219999998808
21,2026-09-07T16:13:42.284761,1000,161,PUT,/jobs/002,404,118.82780003361404
21,2026-09-07T16:13:42.284761,1000,162,PUT,/jobs/1000,404,117.15609999373555
21,2026-09-07T16:13:42.284761,1000,163,DELETE,/jobs/1000,404,68.23800003621727
21,2026-09-07T16:13:42.284761,1000,164,GET,/jobs/001,200,117.52039997372776
21,2026-09-07T16:13:42.284761,1000,165,POST,/jobs,201,117.71829996723682
21,2026-09-07T16:13:42.284761,1000,166,GET,/jobs,200,64.25370008219033
21,2026-09-07T16:13:42.284761,1000,167,DELETE,/jobs/002,404,66.94230006542057
21,2026-09-07T16:13:42.284761,1000,168,POST,/jobs,201,111.93370004184544
21,2026-09-07T16:13:42.284761,1000,169,GET,/jobs,200,66.04019994847476
21,2026-09-07T16:13:42.284761,1000,170,DELETE,/jobs/1000,404,68.37120000272989
21,2026-09-07T16:13:42.284761,1000,171,DELETE,/jobs/002,404,69.29839996155351
21,2026-09-07T16:13:42.284761,1000,172,GET,/jobs,200,68.30499996431172
21,2026-09-07T16:13:42.284761,1000,173,DELETE,/jobs/002,404,69.75430005695671
21,2026-09-07T16:13:42.284761,1000,174,GET,/jobs/001,200,112.42520005907863
21,2026-09-07T16:13:42.284761,1000,175,DELETE,/jobs/002,404,72.92009994853288
21,2026-09-07T16:13:42.284761,1000,176,GET,/jobs/002,404,70.12940000277013
21,2026-09-07T16:13:42.284761,1000,177,GET,/jobs,200,70.60310000088066
21,2026-09-07T16:13:42.284761,1000,178,DELETE,/jobs/002,404,72.01849995180964
21,2026-09-07T16:13:42.284761,1000,179,DELETE,/jobs/002,404,70.75870002154261
21,2026-09-07T16:13:42.284761,1000,180,DELETE,/jobs/002,404,72.23519997205585
21,2026-09-07T16:13:42.284761,1000,181,PUT,/jobs/1000,404,103.86229993309826
21,2026-09-07T16:13:42.284761,1000,182,DELETE,/jobs/1000,404,72.42640003096312
21,2026-09-07T16:13:42.284761,1000,183,POST,/jobs,201,113.16950002219528
21,2026-09-07T16:13:42.284761,1000,184,POST,/jobs,201,104.35829998459667
21,2026-09-07T16:13:42.284761,1000,185,POST,/jobs,201,105.99210008513182
21,2026-09-07T16:13:42.284761,1000,186,GET,/jobs/1000,404,70.31139999162406
21,2026-09-07T16:13:42.284761,1000,187,POST,/jobs,201,105.75860005337745
21,2026-09-07T16:13:42.284761,1000,188,POST,/jobs,201,106.0166999232024
21,2026-09-07T16:13:42.284761,1000,189,GET,/jobs,200,69.94289997965097
21,2026-09-07T16:13:42.284761,1000,190,GET,/jobs,200,64.43180004134774
21,2026-09-07T16:13:42.284761,1000,191,PUT,/jobs/1000,404,113.54199994821101
21,2026-09-07T16:13:42.284761,1000,192,DELETE,/jobs/002,404,72.43900001049042
21,2026-09-07T16:13:42.284761,1000,193,GET,/jobs,200,69.45870001800358
21,2026-09-07T16:13:42.284761,1000,194,DELETE,/jobs/002,404,75.045199948363
21,2026-09-07T16:13:42.284761,1000,195,DELETE,/jobs/1000,404,70.38399996235967
21,2026-09-07T16:13:42.284761,1000,196,GET,/jobs/002,404,89.29510007146746
21,2026-09-07T16:13:42.284761,1000,197,GET,/jobs,200,69.15929995011538
21,2026-09-07T16:13:42.284761,1000,198,GET,/jobs/002,404,89.62240000255406
21,2026-09-07T16:13:42.284761,1000,199,POST,/jobs,201,103.76790002919734
21,2026-09-07T16:13:42.284761,1000,200,PUT,/jobs/1000,404,110.05480005405843
21,2026-09-07T16:13:42.284761,1000,201,POST,/jobs,201,104.39530003350228
21,2026-09-07T16:13:42.284761,1000,202,DELETE,/jobs/002,404,87.47640007641166
21,2026-09-07T16:13:42.284761,1000,203,DELETE,/jobs/1000,404,68.11320001725107
21,2026-09-07T16:13:42.284761,1000,204,GET,/jobs,200,74.09529993310571
21,2026-09-07T16:13:42.284761,1000,205,GET,/jobs/002,404,80.89480001945049
21,2026-09-07T16:13:42.284761,1000,206,GET,/jobs,200,73.09389999136329
21,2026-09-07T16:13:42.284761,1000,207,GET,/jobs,200,62.838700017891824
21,2026-09-07T16:13:42.284761,1000,208,DELETE,/jobs/002,404,72.03130004927516
21,2026-09-07T16:13:42.284761,1000,209,POST,/jobs,201,103.45329996198416
21,2026-09-07T16:13:42.284761,1000,210,DELETE,/jobs/002,404,71.32079999428242
21,2026-09-07T16:13:42.284761,1000,211,POST,/jobs,201,104.07959995791316
21,2026-09-07T16:13:42.284761,1000,212,POST,/jobs,201,107.13120002765208
21,2026-09-07T16:13:42.284761,1000,213,PUT,/jobs/002,404,107.3501999489963
21,2026-09-07T16:13:42.284761,1000,214,GET,/jobs,200,66.93839991930872
21,2026-09-07T16:13:42.284761,1000,215,GET,/jobs,200,72.90270004887134
21,2026-09-07T16:13:42.284761,1000,216,PUT,/jobs/002,404,105.22629995830357
21,2026-09-07T16:13:42.284761,1000,217,GET,/jobs,200,65.3342999285087
21,2026-09-07T16:13:42.284761,1000,218,GET,/jobs,200,73.10919999144971
21,2026-09-07T16:13:42.284761,1000,219,POST,/jobs,201,118.5884999576956
21,2026-09-07T16:13:42.284761,1000,220,GET,/jobs/1000,404,79.41210002172738
21,2026-09-07T16:13:42.284761,1000,221,POST,/jobs,201,113.50420000962913
21,2026-09-07T16:13:42.284761,1000,222,PUT,/jobs/1000,404,112.83590004313737
21,2026-09-07T16:13:42.284761,1000,223,PUT,/jobs/1000,404,119.43690001498908
21,2026-09-07T16:13:42.284761,1000,224,GET,/jobs,200,77.00660009868443
21,2026-09-07T16:13:42.284761,1000,225,GET,/jobs,200,72.61669996660203
21,2026-09-07T16:13:42.284761,1000,226,GET,/jobs,200,71.99239998590201
21,2026-09-07T16:13:42.284761,1000,227,GET,/jobs/1000,404,79.6753999311477
21,2026-09-07T16:13:42.284761,1000,228,GET,/jobs,200,77.60149997193366
21,2026-09-07T16:13:42.284761,1000,229,POST,/jobs,201,109.82839995995164
21,2026-09-07T16:13:42.284761,1000,230,DELETE,/jobs/002,404,75.59569994919002
21,2026-09-07T16:13:42.284761,1000,231,PUT,/jobs/001,200,108.51980000734329
21,2026-09-07T16:13:42.284761,1000,232,GET,/jobs,200,67.50899995677173
21,2026-09-07T16:13:42.284761,1000,233,POST,/jobs,201,108.22809999808669
21,2026-09-07T16:13:42.284761,1000,234,GET,/jobs,200,66.59729999955744
21,2026-09-07T16:13:42.284761,1000,235,POST,/jobs,201,108.84090000763535
21,2026-09-07T16:13:42.284761,1000,236,GET,/jobs/1000,404,76.2568999780342
21,2026-09-07T16:13:42.284761,1000,237,GET,/jobs,200,75.40430000517517
21,2026-09-07T16:13:42.284761,1000,238,POST,/jobs,201,115.14989996794611
21,2026-09-07T16:13:42.284761,1000,239,DELETE,/jobs/1000,404,75.98209998104721
21,2026-09-07T16:13:42.284761,1000,240,DELETE,/jobs/002,404,76.28319994546473
21,2026-09-07T16:13:42.284761,1000,241,GET,/jobs/001,200,117.33539996203035
21,2026-09-07T16:13:42.284761,1000,242,GET,/jobs/002,404,76.99069997761399
21,2026-09-07T16:13:42.284761,1000,243,GET,/jobs,200,71.2612000061199
21,2026-09-07T16:13:42.284761,1000,244,GET,/jobs/1000,404,76.72530005220324
21,2026-09-07T16:13:42.284761,1000,245,POST,/jobs,201,116.82309990283102
21,2026-09-07T16:13:42.284761,1000,246,PUT,/jobs/1000,404,110.37389992270619
21,2026-09-07T16:13:42.284761,1000,247,GET,/jobs/002,404,77.89660000707954
21,2026-09-07T16:13:42.284761,1000,248,GET,/jobs/1000,404,80.15920000616461
21,2026-09-07T16:13:42.284761,1000,249,GET,/jobs,200,70.00770000740886
21,2026-09-07T16:13:42.284761,1000,250,PUT,/jobs/001,200,110.11579993646592
21,2026-09-07T16:13:42.284761,1000,251,PUT,/jobs/001,200,111.08489998150617
21,2026-09-07T16:13:42.284761,1000,252,GET,/jobs/002,404,76.37420005630702
21,2026-09-07T16:13:42.284761,1000,253,POST,/jobs,201,118.1264000479132
21,2026-09-07T16:13:42.284761,1000,254,GET,/jobs/001,200,108.74509997665882
21,2026-09-07T16:13:42.284761,1000,255,GET,/jobs,200,69.82850003987551
21,2026-09-07T16:13:42.284761,1000,256,GET,/jobs/002,404,79.64680006261915
21,2026-09-07T16:13:42.284761,1000,257,POST,/jobs,201,117.65659996308386
21,2026-09-07T16:13:42.284761,1000,258,GET,/jobs,200,73.38509999681264
21,2026-09-07T16:13:42.284761,1000,259,POST,/jobs,201,105.26360000949353
21,2026-09-07T16:13:42.284761,1000,260,DELETE,/jobs/1000,404,75.05780004430562
21,2026-09-07T16:13:42.284761,1000,261,DELETE,/jobs/1000,404,75.39539993740618
21,2026-09-07T16:13:42.284761,1000,262,GET,/jobs,200,69.11510007921606
21,2026-09-07T16:13:42.284761,1000,263,GET,/jobs,200,73.9936000900343
21,2026-09-07T16:13:42.284761,1000,264,POST,/jobs,201,107.23580000922084
21,2026-09-07T16:13:42.284761,1000,265,DELETE,/jobs/1000,404,74.57339996472001
21,2026-09-07T16:13:42.284761,1000,266,GET,/jobs,200,70.2000999590382
21,2026-09-07T16:13:42.284761,1000,267,GET,/jobs,200,67.21809995360672
21,2026-09-07T16:13:42.284761,1000,268,DELETE,/jobs/1000,404,74.24170000012964
21,2026-09-07T16:13:42.284761,1000,269,POST,/jobs,201,108.17190003581345
21,2026-09-07T16:13:42.284761,1000,270,POST,/jobs,201,105.60180002357811
21,2026-09-07T16:13:42.284761,1000,271,DELETE,/jobs/002,404,74.84539994038641
21,2026-09-07T16:13:42.284761,1000,272,PUT,/jobs/1000,404,104.99370004981756
21,2026-09-07T16:13:42.284761,1000,273,GET,/jobs/002,404,74.37420007772744
21,2026-09-07T16:13:42.284761,1000,274,GET,/jobs,200,68.53639998007566
21,2026-09-07T16:13:42.284761,1000,275,PUT,/jobs/001,200,107.6510000275448
21,2026-09-07T16:13:42.284761,1000,276,DELETE,/jobs/002,404,72.79749994631857
21,2026-09-07T16:13:42.284761,1000,277,POST,/jobs,201,113.6055999668315
21,2026-09-07T16:13:42.284761,1000,278,GET,/jobs,200,72.05259997863322
21,2026-09-07T16:13:42.284761,1000,279,POST,/jobs,201,114.20469998847693
21,2026-09-07T16:13:42.284761,1000,280,POST,/jobs,201,113.0353999324143
21,2026-09-07T16:13:42.284761,1000,281,GET,/jobs,200,70.92910003848374
21,2026-09-07T16:13:42.284761,1000,282,POST,/jobs,201,113.4703999850899
21,2026-09-07T16:13:42.284761,1000,283,POST,/jobs,201,115.69299991242588
21,2026-09-07T16:13:42.284761,1000,284,PUT,/jobs/002,404,114.59050001576543
21,2026-09-07T16:13:42.284761,1000,285,PUT,/jobs/1000,404,112.09210008382797
21,2026-09-07T16:13:42.284761,1000,286,POST,/jobs,201,116.42019997816533
21,2026-09-07T16:13:42.284761,1000,287,GET,/jobs/001,200,115.4328000266105
21,2026-09-07T16:13:42.284761,1000,288,PUT,/jobs/1000,404,108.98440005257726
21,2026-09-07T16:13:42.284761,1000,289,PUT,/jobs/1000,404,106.38510005082935
21,2026-09-07T16:13:42.284761,1000,290,GET,/jobs/1000,404,73.43190000392497
21,2026-09-07T16:13:42.284761,1000,291,DELETE,/jobs/1000,404,72.69699999596924
21,2026-09-07T16:13:42.284761,1000,292,PUT,/jobs/1000,404,105.8796999277547
21,2026-09-07T16:13:42.284761,1000,293,GET,/jobs,200,65.68780005909503
21,2026-09-07T16:13:42.284761,1000,294,POST,/jobs,201,104.36920006759465
21,2026-09-07T16:13:42.284761,1000,295,GET,/jobs/002,404,74.1865000454709
21,2026-09-07T16:13:42.284761,1000,296,DELETE,/jobs/1000,404,73.72540002688766
21,2026-09-07T16:13:42.284761,1000,297,PUT,/jobs/002,404,107.87139995954931
21,2026-09-07T16:13:42.284761,1000,298,PUT,/jobs/1000,404,105.28600006364286
21,2026-09-07T16:13:42.284761,1000,299,GET,/jobs/1000,404,74.61130002047867
21,2026-09-07T16:13:42.284761,1000,300,PUT,/jobs/1000,404,114.82409993186593
21,2026-09-07T16:13:42.284761,1000,301,GET,/jobs/1000,404,73.59939999878407
21,2026-09-07T16:13:42.284761,1000,302,GET,/jobs,200,65.79969997983426
21,2026-09-07T16:13:42.284761,1000,303,POST,/jobs,201,103.9339000126347
21,2026-09-07T16:13:42.284761,1000,304,DELETE,/jobs/1000,404,71.99229998514056
21,2026-09-07T16:13:42.284761,1000,305,GET,/jobs,200,65.89119997806847
21,2026-09-07T16:13:42.284761,1000,306,GET,/jobs/1000,404,71.3363999966532
21,2026-09-07T16:13:42.284761,1000,307,POST,/jobs,201,104.03409996069968
21,2026-09-07T16:13:42.284761,1000,308,GET,/jobs/001,200,113.01929992623627
21,2026-09-07T16:13:42.284761,1000,309,GET,/jobs,200,64.10159997176379
21,2026-09-07T16:13:42.284761,1000,310,GET,/jobs,200,65.53760007955134
21,2026-09-07T16:13:42.284761,1000,311,GET,/jobs/002,404,71.85429998207837
21,2026-09-07T16:13:42.284761,1000,312,DELETE,/jobs/002,404,70.85549994371831
21,2026-09-07T16:13:42.284761,1000,313,PUT,/jobs/002,404,105.62520008534193
21,2026-09-07T16:13:42.284761,1000,314,DELETE,/jobs/002,404,75.57280000764877
21,2026-09-07T16:13:42.284761,1000,315,PUT,/jobs/002,404,105.99909990560263
21,2026-09-07T16:13:42.284761,1000,316,PUT,/jobs/001,200,112.55399999208748
21,2026-09-07T16:13:42.284761,1000,317,GET,/jobs/1000,404,71.68740010820329
21,2026-09-07T16:13:42.284761,1000,318,GET,/jobs,200,72.02009996399283
21,2026-09-07T16:13:42.284761,1000,319,GET,/jobs,200,73.2242000522092
21,2026-09-07T16:13:42.284761,1000,320,PUT,/jobs/001,200,113.80430008284748
21,2026-09-07T16:13:42.284761,1000,321,GET,/jobs/1000,404,75.57190000079572
21,2026-09-07T16:13:42.284761,1000,322,DELETE,/jobs/1000,404,75.86860004812479
21,2026-09-07T16:13:42.284761,1000,323,GET,/jobs,200,71.42020005267113
21,2026-09-07T16:13:42.284761,1000,324,DELETE,/jobs/002,404,72.18490005470812
21,2026-09-07T16:13:42.284761,1000,325,GET,/jobs,200,71.18930004071444
21,2026-09-07T16:13:42.284761,1000,326,PUT,/jobs/001,200,102.91060002055019
21,2026-09-07T16:13:42.284761,1000,327,PUT,/jobs/1000,404,102.65080002136528
21,2026-09-07T16:13:42.284761,1000,328,DELETE,/jobs/1000,404,71.84909994248301
21,2026-09-07T16:13:42.284761,1000,329,PUT,/jobs/1000,404,108.10720000881702
21,2026-09-07T16:13:42.284761,1000,330,DELETE,/jobs/1000,404,73.41219997033477
21,2026-09-07T16:13:42.284761,1000,331,DELETE,/jobs/1000,404,73.64149997010827
21,2026-09-07T16:13:42.284761,1000,332,GET,/jobs/1000,404,73.92360002268106
21,2026-09-07T16:13:42.284761,1000,333,PUT,/jobs/002,404,114.53799996525049
21,2026-09-07T16:13:42.284761,1000,334,POST,/jobs,201,115.97869999241084
21,2026-09-07T16:13:42.284761,1000,335,GET,/jobs/1000,404,71.40700006857514
21,2026-09-07T16:13:42.284761,1000,336,POST,/jobs,201,114.77370001375675
21,2026-09-07T16:13:42.284761,1000,337,DELETE,/jobs/1000,404,73.41099996119738
21,2026-09-07T16:13:42.284761,1000,338,GET,/jobs/002,404,72.0023000612855
21,2026-09-07T16:13:42.284761,1000,339,PUT,/jobs/001,200,117.66709992662072
21,2026-09-07T16:13:42.284761,1000,340,POST,/jobs,201,118.50840004626662
21,2026-09-07T16:13:42.284761,1000,341,POST,/jobs,201,118.1725999340415
21,2026-09-07T16:13:42.284761,1000,342,POST,/jobs,201,118.84579993784428
21,2026-09-07T16:13:42.284761,1000,343,GET,/jobs,200,73.18159996066242
21,2026-09-07T16:13:42.284761,1000,344,GET,/jobs/001,200,119.37720002606511
21,2026-09-07T16:13:42.284761,1000,345,GET,/jobs/002,404,74.84489993657917
21,2026-09-07T16:13:42.284761,1000,346,GET,/jobs/1000,404,66.27419998403639
21,2026-09-07T16:13:42.284761,1000,347,GET,/jobs/001,200,117.10419994778931
21,2026-09-07T16:13:42.284761,1000,348,PUT,/jobs/002,404,111.93000001367182
21,2026-09-07T16:13:42.284761,1000,349,POST,/jobs,201,111.48780002258718
21,2026-09-07T16:13:42.284761,1000,350,PUT,/jobs/002,404,112.19159991014749
21,2026-09-07T16:13:42.284761,1000,351,GET,/jobs,200,74.20669996645302
21,2026-09-07T16:13:42.284761,1000,352,GET,/jobs/002,404,65.94379991292953
21,2026-09-07T16:13:42.284761,1000,353,PUT,/jobs/1000,404,111.21929995715618
21,2026-09-07T16:13:42.284761,1000,354,GET,/jobs,200,74.12750006187707
21,2026-09-07T16:13:42.284761,1000,355,DELETE,/jobs/1000,404,75.1329999184236
21,2026-09-07T16:13:42.284761,1000,356,PUT,/jobs/001,200,109.50689995661378
21,2026-09-07T16:13:42.284761,1000,357,POST,/jobs,201,109.82539993710816
21,2026-09-07T16:13:42.284761,1000,358,PUT,/jobs/002,404,109.33510004542768
21,2026-09-07T16:13:42.284761,1000,359,DELETE,/jobs/002,404,73.80259991623461
21,2026-09-07T16:13:42.284761,1000,360,PUT,/jobs/001,200,112.8638000227511
21,2026-09-07T16:13:42.284761,1000,361,POST,/jobs,201,115.41219998616725
21,2026-09-07T16:13:42.284761,1000,362,PUT,/jobs/001,200,116.39480001758784
21,2026-09-07T16:13:42.284761,1000,363,PUT,/jobs/002,404,116.44550005439669
21,2026-09-07T16:13:42.284761,1000,364,PUT,/jobs/1000,404,117.0208000112325
21,2026-09-07T16:13:42.284761,1000,365,GET,/jobs/002,404,77.64459995087236
21,2026-09-07T16:13:42.284761,1000,366,GET,/jobs/1000,404,77.44379993528128
21,2026-09-07T16:13:42.284761,1000,367,DELETE,/jobs/002,404,76.74729998689145
21,2026-09-07T16:13:42.284761,1000,368,PUT,/jobs/1000,404,117.14210000354797
21,2026-09-07T16:13:42.284761,1000,369,DELETE,/jobs/002,404,76.43899996764958
21,2026-09-07T16:13:42.284761,1000,370,GET,/jobs,200,74.94139997288585
21,2026-09-07T16:13:42.284761,1000,371,PUT,/jobs/001,200,117.49230010900646
21,2026-09-07T16:13:42.284761,1000,372,PUT,/jobs/001,200,115.43250002432615
21,2026-09-07T16:13:42.284761,1000,373,GET,/jobs,200,75.38699998985976
21,2026-09-07T16:13:42.284761,1000,374,POST,/jobs,201,114.64359995443374
21,2026-09-07T16:13:42.284761,1000,375,POST,/jobs,201,115.13940000440925
21,2026-09-07T16:13:42.284761,1000,376,PUT,/jobs/002,404,115.00869994051754
21,2026-09-07T16:13:42.284761,1000,377,POST,/jobs,201,116.59340001642704
21,2026-09-07T16:13:42.284761,1000,378,PUT,/jobs/002,404,116.03960010688752
21,2026-09-07T16:13:42.284761,1000,379,PUT,/jobs/002,404,116.06390005908906
21,2026-09-07T16:13:42.284761,1000,380,GET,/jobs,200,70.52910001948476
21,2026-09-07T16:13:42.284761,1000,381,PUT,/jobs/001,200,117.58399999234825
21,2026-09-07T16:13:42.284761,1000,382,DELETE,/jobs/002,404,76.81130000855774
21,2026-09-07T16:13:42.284761,1000,383,POST,/jobs,201,116.74440000206232
21,2026-09-07T16:13:42.284761,1000,384,GET,/jobs,200,75.1589999999851
21,2026-09-07T16:13:42.284761,1000,385,GET,/jobs,200,75.13080001808703
21,2026-09-07T16:13:42.284761,1000,386,GET,/jobs,200,74.33610002044588
21,2026-09-07T16:13:42.284761,1000,387,GET,/jobs/001,200,117.53530008718371
21,2026-09-07T16:13:42.284761,1000,388,GET,/jobs,200,73.31130001693964
21,2026-09-07T16:13:42.284761,1000,389,DELETE,/jobs/002,404,75.84249996580184
21,2026-09-07T16:13:42.284761,1000,390,GET,/jobs/001,200,107.44709998834878
21,2026-09-07T16:13:42.284761,1000,391,PUT,/jobs/1000,404,107.0548000279814
21,2026-09-07T16:13:42.284761,1000,392,GET,/jobs,200,66.78599992301315
21,2026-09-07T16:13:42.284761,1000,393,DELETE,/jobs/002,404,68.77500005066395
21,2026-09-07T16:13:42.284761,1000,394,PUT,/jobs/1000,404,117.99229995813221
21,2026-09-07T16:13:42.284761,1000,395,POST,/jobs,201,120.35840004682541
21,2026-09-07T16:13:42.284761,1000,396,POST,/jobs,201,119.48460002895445
21,2026-09-07T16:13:42.284761,1000,397,DELETE,/jobs/002,404,86.12689992878586
21,2026-09-07T16:13:42.284761,1000,398,GET,/jobs/002,404,81.81410003453493
21,2026-09-07T16:13:42.284761,1000,399,GET,/jobs,200,72.9863999877125
21,2026-09-07T16:13:42.284761,1000,400,DELETE,/jobs/002,404,73.45829997211695
21,2026-09-07T16:13:42.284761,1000,401,POST,/jobs,201,112.72099998313934
21,2026-09-07T16:13:42.284761,1000,402,PUT,/jobs/002,404,117.91879998054355
21,2026-09-07T16:13:42.284761,1000,403,GET,/jobs/001,200,121.902099926956
21,2026-09-07T16:13:42.284761,1000,404,DELETE,/jobs/002,404,73.55260010808706
21,2026-09-07T16:13:42.284761,1000,405,GET,/jobs,200,72.06580007914454
21,2026-09-07T16:13:42.284761,1000,406,POST,/jobs,201,117.67659999895841
21,2026-09-07T16:13:42.284761,1000,407,DELETE,/jobs/002,404,85.39500006008893
21,2026-09-07T16:13:42.284761,1000,408,DELETE,/jobs/002,404,78.2811000244692
21,2026-09-07T16:13:42.284761,1000,409,POST,/jobs,201,119.39189990516752
21,2026-09-07T16:13:42.284761,1000,410,PUT,/jobs/1000,404,120.36739999894053
21,2026-09-07T16:13:42.284761,1000,411,POST,/jobs,201,118.5459999833256
21,2026-09-07T16:13:42.284761,1000,412,DELETE,/jobs/1000,404,78.61030008643866
21,2026-09-07T16:13:42.284761,1000,413,GET,/jobs,200,76.53560000471771
21,2026-09-07T16:13:42.284761,1000,414,PUT,/jobs/002,404,118.52429993450642
21,2026-09-07T16:13:42.284761,1000,415,GET,/jobs,200,65.2096999110654
21,2026-09-07T16:13:42.284761,1000,416,PUT,/jobs/002,404,107.30540007352829
21,2026-09-07T16:13:42.284761,1000,417,PUT,/jobs/1000,404,106.70609993394464
21,2026-09-07T16:13:42.284761,1000,418,GET,/jobs/002,404,73.91649996861815
21,2026-09-07T16:13:42.284761,1000,419,GET,/jobs/1000,404,72.89140007924289
21,2026-09-07T16:13:42.284761,1000,420,DELETE,/jobs/1000,404,73.05390003602952
21,2026-09-07T16:13:42.284761,1000,421,DELETE,/jobs/1000,404,74.49550007004291
21,2026-09-07T16:13:42.284761,1000,422,PUT,/jobs/002,404,119.48019999545068
21,2026-09-07T16:13:42.284761,1000,423,DELETE,/jobs/1000,404,78.87119997758418
21,2026-09-07T16:13:42.284761,1000,424,POST,/jobs,201,119.92570001166314
21,2026-09-07T16:13:42.284761,1000,425,GET,/jobs/001,200,119.916099938564
21,2026-09-07T16:13:42.284761,1000,426,POST,/jobs,201,118.97270008921623
21,2026-09-07T16:13:42.284761,1000,427,GET,/jobs/002,404,79.4489000691101
21,2026-09-07T16:13:42.284761,1000,428,DELETE,/jobs/1000,404,78.80609994754195
21,2026-09-07T16:13:42.284761,1000,429,POST,/jobs,201,120.35370001103729
21,2026-09-07T16:13:42.284761,1000,430,PUT,/jobs/002,404,118.92439995426685
21,2026-09-07T16:13:42.284761,1000,431,GET,/jobs/002,404,80.04610007628798
21,2026-09-07T16:13:42.284761,1000,432,GET,/jobs/002,404,80.32780000939965
21,2026-09-07T16:13:42.284761,1000,433,POST,/jobs,201,115.127700031735
21,2026-09-07T16:13:42.284761,1000,434,POST,/jobs,201,113.09209989849478
21,2026-09-07T16:13:42.284761,1000,435,POST,/jobs,201,113.92459995113313
21,2026-09-07T16:13:42.284761,1000,436,GET,/jobs,200,80.95759991556406
21,2026-09-07T16:13:42.284761,1000,437,DELETE,/jobs/002,404,71.00050000008196
21,2026-09-07T16:13:42.284761,1000,438,GET,/jobs,200,79.70979996025562
21,2026-09-07T16:13:42.284761,1000,439,GET,/jobs/1000,404,68.98840004578233
21,2026-09-07T16:13:42.284761,1000,440,PUT,/jobs/002,404,116.40399997122586
21,2026-09-07T16:13:42.284761,1000,441,DELETE,/jobs/002,404,70.03399997483939
21,2026-09-07T16:13:42.284761,1000,442,PUT,/jobs/1000,404,124.03599999379367
21,2026-09-07T16:13:42.284761,1000,443,PUT,/jobs/002,404,121.99989997316152
21,2026-09-07T16:13:42.284761,1000,444,GET,/jobs,200,74.79329989291728
21,2026-09-07T16:13:42.284761,1000,445,GET,/jobs,200,75.92279999516904
21,2026-09-07T16:13:42.284761,1000,446,POST,/jobs,201,126.80269998963922
21,2026-09-07T16:13:42.284761,1000,447,PUT,/jobs/1000,404,125.00779994297773
21,2026-09-07T16:13:42.284761,1000,448,GET,/jobs/002,404,77.71300000604242
21,2026-09-07T16:13:42.284761,1000,449,DELETE,/jobs/1000,404,78.619199921377
21,2026-09-07T16:13:42.284761,1000,450,PUT,/jobs/1000,404,127.79020005837083
21,2026-09-07T16:13:42.284761,1000,451,DELETE,/jobs/1000,404,79.14549997076392
21,2026-09-07T16:13:42.284761,1000,452,PUT,/jobs/1000,404,120.43559993617237
21,2026-09-07T16:13:42.284761,1000,453,DELETE,/jobs/1000,404,72.38330005202442
21,2026-09-07T16:13:42.284761,1000,454,POST,/jobs,201,119.94239990599453
21,2026-09-07T16:13:42.284761,1000,455,PUT,/jobs/002,404,121.02019996382296
21,2026-09-07T16:13:42.284761,1000,456,POST,/jobs,201,125.29800005722791
21,2026-09-07T16:13:42.284761,1000,457,GET,/jobs/001,200,125.10260008275509
21,2026-09-07T16:13:42.284761,1000,458,GET,/jobs/002,404,94.23109993804246
21,2026-09-07T16:13:42.284761,1000,459,GET,/jobs,200,85.71030001621693
21,2026-09-07T16:13:42.284761,1000,460,DELETE,/jobs/002,404,91.89679997507483
21,2026-09-07T16:13:42.284761,1000,461,GET,/jobs/001,200,138.5501999175176
21,2026-09-07T16:13:42.284761,1000,462,PUT,/jobs/002,404,125.44189998880029
21,2026-09-07T16:13:42.284761,1000,463,DELETE,/jobs/1000,404,87.7362999599427
21,2026-09-07T16:13:42.284761,1000,464,GET,/jobs,200,83.08349992148578
21,2026-09-07T16:13:42.284761,1000,465,GET,/jobs/002,404,92.54270000383258
21,2026-09-07T16:13:42.284761,1000,466,GET,/jobs/002,404,88.95949996076524
21,2026-09-07T16:13:42.284761,1000,467,GET,/jobs/002,404,92.53459994215518
21,2026-09-07T16:13:42.284761,1000,468,GET,/jobs,200,86.88060007989407
21,2026-09-07T16:13:42.284761,1000,469,DELETE,/jobs/002,404,89.66840000357479
21,2026-09-07T16:13:42.284761,1000,470,POST,/jobs,201,116.79929995443672
21,2026-09-07T16:13:42.284761,1000,471,GET,/jobs,200,81.65610011201352
21,2026-09-07T16:13:42.284761,1000,472,DELETE,/jobs/1000,404,84.50229989830405
21,2026-09-07T16:13:42.284761,1000,473,GET,/jobs/1000,404,93.16829999443144
21,2026-09-07T16:13:42.284761,1000,474,PUT,/jobs/001,200,125.21399999968708
21,2026-09-07T16:13:42.284761,1000,475,GET,/jobs,200,84.9766000173986
21,2026-09-07T16:13:42.284761,1000,476,DELETE,/jobs/1000,404,84.07149999402463
21,2026-09-07T16:13:42.284761,1000,477,PUT,/jobs/002,404,113.8320000609383
21,2026-09-07T16:13:42.284761,1000,478,PUT,/jobs/002,404,113.49290004000068
21,2026-09-07T16:13:42.284761,1000,479,GET,/jobs/001,200,126.19430001359433
21,2026-09-07T16:13:42.284761,1000,480,POST,/jobs,201,114.39489992335439
21,2026-09-07T16:13:42.284761,1000,481,PUT,/jobs/001,200,114.41129993181676
21,2026-09-07T16:13:42.284761,1000,482,GET,/jobs,200,76.65969990193844
21,2026-09-07T16:13:42.284761,1000,483,PUT,/jobs/002,404,114.98950002714992
21,2026-09-07T16:13:42.284761,1000,484,GET,/jobs,200,80.47130005434155
21,2026-09-07T16:13:42.284761,1000,485,DELETE,/jobs/002,404,85.23129997774959
21,2026-09-07T16:13:42.284761,1000,486,GET,/jobs/001,200,125.80529996193945
21,2026-09-07T16:13:42.284761,1000,487,DELETE,/jobs/1000,404,84.95739998761564
21,2026-09-07T16:13:42.284761,1000,488,GET,/jobs,200,82.98780000768602
21,2026-09-07T16:13:42.284761,1000,489,GET,/jobs/001,200,125.95589994452894
21,2026-09-07T16:13:42.284761,1000,490,DELETE,/jobs/1000,404,83.79689999856055
21,2026-09-07T16:13:42.284761,1000,491,DELETE,/jobs/002,404,84.39570001792163
21,2026-09-07T16:13:42.284761,1000,492,DELETE,/jobs/1000,404,84.26020003389567
21,2026-09-07T16:13:42.284761,1000,493,PUT,/jobs/002,404,118.46530006732792
21,2026-09-07T16:13:42.284761,1000,494,POST,/jobs,201,121.54219998046756
21,2026-09-07T16:13:42.284761,1000,495,DELETE,/jobs/1000,404,85.12429997790605
21,2026-09-07T16:13:42.284761,1000,496,POST,/jobs,201,119.8821000289172
21,2026-09-07T16:13:42.284761,1000,497,DELETE,/jobs/002,404,93.68300007190555
21,2026-09-07T16:13:42.284761,1000,498,DELETE,/jobs/002,404,84.47070000693202
21,2026-09-07T16:13:42.284761,1000,499,GET,/jobs/1000,404,90.80000000540167
21,2026-09-07T16:13:42.284761,1000,500,GET,/jobs/002,404,91.21460001915693
21,2026-09-07T16:13:42.284761,1000,501,GET,/jobs,200,78.63389991689473
21,2026-09-07T16:13:42.284761,1000,502,GET,/jobs/001,200,127.1847999887541
21,2026-09-07T16:13:42.284761,1000,503,GET,/jobs/1000,404,93.8197000650689
21,2026-09-07T16:13:42.284761,1000,504,GET,/jobs,200,86.87429991550744
21,2026-09-07T16:13:42.284761,1000,505,GET,/jobs/001,200,127.67990003339946
21,2026-09-07T16:13:42.284761,1000,506,PUT,/jobs/002,404,118.34129993803799
21,2026-09-07T16:13:42.284761,1000,507,DELETE,/jobs/1000,404,91.69390005990863
21,2026-09-07T16:13:42.284761,1000,508,POST,/jobs,201,126.59460003487766
21,2026-09-07T16:13:42.284761,1000,509,GET,/jobs/002,404,77.00609997846186
21,2026-09-07T16:13:42.284761,1000,510,POST,/jobs,201,114.88840007223189
21,2026-09-07T16:13:42.284761,1000,511,PUT,/jobs/001,200,117.38990002777427
21,2026-09-07T16:13:42.284761,1000,512,GET,/jobs/002,404,86.77769999485463
21,2026-09-07T16:13:42.284761,1000,513,DELETE,/jobs/002,404,87.1408999664709
21,2026-09-07T16:13:42.284761,1000,514,PUT,/jobs/001,200,116.33259989321232
21,2026-09-07T16:13:42.284761,1000,515,DELETE,/jobs/002,404,87.55089994519949
21,2026-09-07T16:13:42.284761,1000,516,GET,/jobs/002,404,86.80590009316802
21,2026-09-07T16:13:42.284761,1000,517,GET,/jobs/001,200,119.8691000463441
21,2026-09-07T16:13:42.284761,1000,518,GET,/jobs,200,75.30529994983226
21,2026-09-07T16:13:42.284761,1000,519,GET,/jobs/002,404,76.99450000654906
21,2026-09-07T16:13:42.284761,1000,520,DELETE,/jobs/1000,404,79.78570007253438
21,2026-09-07T16:13:42.284761,1000,521,PUT,/jobs/001,200,119.1619000164792
21,2026-09-07T16:13:42.284761,1000,522,PUT,/jobs/1000,404,117.62030003592372
21,2026-09-07T16:13:42.284761,1000,523,POST,/jobs,201,118.63120005000383
21,2026-09-07T16:13:42.284761,1000,524,PUT,/jobs/002,404,118.88720002025366
21,2026-09-07T16:13:42.284761,1000,525,DELETE,/jobs/1000,404,77.6456999592483
21,2026-09-07T16:13:42.284761,1000,526,PUT,/jobs/001,200,118.28129994682968
21,2026-09-07T16:13:42.284761,1000,527,DELETE,/jobs/002,404,76.2845000717789
21,2026-09-07T16:13:42.284761,1000,528,PUT,/jobs/1000,404,120.22429995704442
21,2026-09-07T16:13:42.284761,1000,529,POST,/jobs,201,121.07819993980229
21,2026-09-07T16:13:42.284761,1000,530,POST,/jobs,201,111.553700058721
21,2026-09-07T16:13:42.284761,1000,531,GET,/jobs,200,70.29400009196252
21,2026-09-07T16:13:42.284761,1000,532,GET,/jobs/1000,404,74.18130000587553
21,2026-09-07T16:13:42.284761,1000,533,DELETE,/jobs/002,404,72.76819995604455
21,2026-09-07T16:13:42.284761,1000,534,POST,/jobs,201,110.06880004424602
21,2026-09-07T16:13:42.284761,1000,535,GET,/jobs,200,72.34209997113794
21,2026-09-07T16:13:42.284761,1000,536,GET,/jobs/002,404,70.13710006140172
21,2026-09-07T16:13:42.284761,1000,537,DELETE,/jobs/1000,404,74.67959995847195
21,2026-09-07T16:13:42.284761,1000,538,POST,/jobs,201,114.24260004423559
21,2026-09-07T16:13:42.284761,1000,539,DELETE,/jobs/1000,404,77.48740003444254
21,2026-09-07T16:13:42.284761,1000,540,PUT,/jobs/001,200,115.55480002425611
21,2026-09-07T16:13:42.284761,1000,541,PUT,/jobs/002,404,120.81019999459386
21,2026-09-07T16:13:42.284761,1000,542,PUT,/jobs/002,404,117.70469998009503
21,2026-09-07T16:13:42.284761,1000,543,POST,/jobs,201,117.00879991985857
21,2026-09-07T16:13:42.284761,1000,544,GET,/jobs,200,68.74910008627921
21,2026-09-07T16:13:42.284761,1000,545,GET,/jobs/002,404,76.36449998244643
21,2026-09-07T16:13:42.284761,1000,546,PUT,/jobs/1000,404,121.4497999753803
21,2026-09-07T16:13:42.284761,1000,547,PUT,/jobs/002,404,125.58850005734712
21,2026-09-07T16:13:42.284761,1000,548,PUT,/jobs/1000,404,125.82740001380444
21,2026-09-07T16:13:42.284761,1000,549,GET,/jobs,200,70.03499998245388
21,2026-09-07T16:13:42.284761,1000,550,PUT,/jobs/001,200,123.98989999201149
21,2026-09-07T16:13:42.284761,1000,551,POST,/jobs,201,124.8871999559924
21,2026-09-07T16:13:42.284761,1000,552,POST,/jobs,201,126.24370004050434
21,2026-09-07T16:13:42.284761,1000,553,PUT,/jobs/1000,404,125.23240002337843
21,2026-09-07T16:13:42.284761,1000,554,GET,/jobs,200,70.77320001553744
21,2026-09-07T16:13:42.284761,1000,555,DELETE,/jobs/1000,404,75.40550001431257
21,2026-09-07T16:13:42.284761,1000,556,PUT,/jobs/001,200,124.76260005496442
21,2026-09-07T16:13:42.284761,1000,557,GET,/jobs/1000,404,72.49229995068163
21,2026-09-07T16:13:42.284761,1000,558,POST,/jobs,201,128.06309992447495
21,2026-09-07T16:13:42.284761,1000,559,PUT,/jobs/1000,404,124.13630005903542
21,2026-09-07T16:13:42.284761,1000,560,PUT,/jobs/001,200,114.86680002417415
21,2026-09-07T16:13:42.284761,1000,561,GET,/jobs/002,404,75.18879999406636
21,2026-09-07T16:13:42.284761,1000,562,DELETE,/jobs/002,404,75.73659997433424
21,2026-09-07T16:13:42.284761,1000,563,POST,/jobs,201,111.66539997793734
21,2026-09-07T16:13:42.284761,1000,564,PUT,/jobs/001,200,113.08649997226894
21,2026-09-07T16:13:42.284761,1000,565,GET,/jobs,200,64.72460005898029
21,2026-09-07T16:13:42.284761,1000,566,DELETE,/jobs/002,404,76.91359997261316
21,2026-09-07T16:13:42.284761,1000,567,GET,/jobs/002,404,82.15669996570796
21,2026-09-07T16:13:42.284761,1000,568,DELETE,/jobs/002,404,80.36170003470033
21,2026-09-07T16:13:42.284761,1000,569,DELETE,/jobs/1000,404,78.3231999957934
21,2026-09-07T16:13:42.284761,1000,570,GET,/jobs,200,75.04939998034388
21,2026-09-07T16:13:42.284761,1000,571,GET,/jobs/001,200,131.64459995459765
21,2026-09-07T16:13:42.284761,1000,572,PUT,/jobs/001,200,130.57150004897267
21,2026-09-07T16:13:42.284761,1000,573,GET,/jobs/002,404,79.37440008390695
21,2026-09-07T16:13:42.284761,1000,574,POST,/jobs,201,128.39769991114736
21,2026-09-07T16:13:42.284761,1000,575,POST,/jobs,201,131.01689994800836
21,2026-09-07T16:13:42.284761,1000,576,PUT,/jobs/002,404,133.31509998533875
21,2026-09-07T16:13:42.284761,1000,577,GET,/jobs/002,404,73.79890000447631
21,2026-09-07T16:13:42.284761,1000,578,DELETE,/jobs/002,404,75.21270005963743
21,2026-09-07T16:13:42.284761,1000,579,PUT,/jobs/001,200,130.5423000594601
21,2026-09-07T16:13:42.284761,1000,580,DELETE,/jobs/002,404,75.64129994716495
21,2026-09-07T16:13:42.284761,1000,581,GET,/jobs,200,67.13049998506904
21,2026-09-07T16:13:42.284761,1000,582,POST,/jobs,201,129.50059992726892
21,2026-09-07T16:13:42.284761,1000,583,PUT,/jobs/002,404,131.47989998105913
21,2026-09-07T16:13:42.284761,1000,584,DELETE,/jobs/1000,404,74.78679995983839
21,2026-09-07T16:13:42.284761,1000,585,GET,/jobs,200,81.06140000745654
21,2026-09-07T16:13:42.284761,1000,586,POST,/jobs,201,128.4686999861151
21,2026-09-07T16:13:42.284761,1000,587,POST,/jobs,201,128.65790002979338
21,2026-09-07T16:13:42.284761,1000,588,DELETE,/jobs/1000,404,83.28409993555397
21,2026-09-07T16:13:42.284761,1000,589,GET,/jobs/002,404,75.12639998458326
21,2026-09-07T16:13:42.284761,1000,590,DELETE,/jobs/1000,404,77.69890001509339
21,2026-09-07T16:13:42.284761,1000,591,POST,/jobs,201,128.93839995376766
21,2026-09-07T16:13:42.284761,1000,592,DELETE,/jobs/1000,404,78.90359999146312
21,2026-09-07T16:13:42.284761,1000,593,PUT,/jobs/002,404,129.52219997532666
21,2026-09-07T16:13:42.284761,1000,594,GET,/jobs/1000,404,75.90019993949682
21,2026-09-07T16:13:42.284761,1000,595,GET,/jobs/1000,404,74.7044999152422
21,2026-09-07T16:13:42.284761,1000,596,PUT,/jobs/001,200,128.06819996330887
21,2026-09-07T16:13:42.284761,1000,597,PUT,/jobs/001,200,128.76229989342391
21,2026-09-07T16:13:42.284761,1000,598,POST,/jobs,201,130.6744999019429
21,2026-09-07T16:13:42.284761,1000,599,PUT,/jobs/1000,404,128.38220002595335
21,2026-09-07T16:13:42.284761,1000,600,PUT,/jobs/002,404,130.2119999891147
21,2026-09-07T16:13:42.284761,1000,601,GET,/jobs/002,404,78.30339996144176
21,2026-09-07T16:13:42.284761,1000,602,GET,/jobs,200,73.32399999722838
21,2026-09-07T16:13:42.284761,1000,603,GET,/jobs/1000,404,80.78570000361651
21,2026-09-07T16:13:42.284761,1000,604,DELETE,/jobs/1000,404,75.6381000392139
21,2026-09-07T16:13:42.284761,1000,605,GET,/jobs,200,84.4047999707982
21,2026-09-07T16:13:42.284761,1000,606,PUT,/jobs/001,200,138.8204999966547
21,2026-09-07T16:13:42.284761,1000,607,DELETE,/jobs/1000,404,87.51600002869964
21,2026-09-07T16:13:42.284761,1000,608,GET,/jobs,200,76.53870002832264
21,2026-09-07T16:13:42.284761,1000,609,GET,/jobs/002,404,86.576999980025
21,2026-09-07T16:13:42.284761,1000,610,GET,/jobs/001,200,141.7314000427723
21,2026-09-07T16:13:42.284761,1000,611,PUT,/jobs/002,404,140.045499894768
21,2026-09-07T16:13:42.284761,1000,612,POST,/jobs,201,136.34369999635965
21,2026-09-07T16:13:42.284761,1000,613,PUT,/jobs/1000,404,137.40300002973527
21,2026-09-07T16:13:42.284761,1000,614,GET,/jobs,200,94.97159998863935
21,2026-09-07T16:13:42.284761,1000,615,POST,/jobs,201,138.43259995337576
21,2026-09-07T16:13:42.284761,1000,616,DELETE,/jobs/1000,404,95.32029996626079
21,2026-09-07T16:13:42.284761,1000,617,POST,/jobs,201,137.93349999468774
21,2026-09-07T16:13:42.284761,1000,618,PUT,/jobs/1000,404,148.13679992221296
21,2026-09-07T16:13:42.284761,1000,619,GET,/jobs,200,94.79170001577586
21,2026-09-07T16:13:42.284761,1000,620,DELETE,/jobs/002,404,95.93950002454221
21,2026-09-07T16:13:42.284761,1000,621,GET,/jobs/1000,404,83.25219992548227
21,2026-09-07T16:13:42.284761,1000,622,POST,/jobs,201,143.70680006686598
21,2026-09-07T16:13:42.284761,1000,623,GET,/jobs,200,82.55109994206578
21,2026-09-07T16:13:42.284761,1000,624,PUT,/jobs/001,200,141.1827999399975
21,2026-09-07T16:13:42.284761,1000,625,GET,/jobs,200,81.40470006037503
21,2026-09-07T16:13:42.284761,1000,626,PUT,/jobs/001,200,141.78930001799017
21,2026-09-07T16:13:42.284761,1000,627,POST,/jobs,201,142.30519998818636
21,2026-09-07T16:13:42.284761,1000,628,GET,/jobs,200,90.59180004987866
21,2026-09-07T16:13:42.284761,1000,629,POST,/jobs,201,141.21299993712455
21,2026-09-07T16:13:42.284761,1000,630,GET,/jobs,200,102.77350002434105
21,2026-09-07T16:13:42.284761,1000,631,POST,/jobs,201,148.34179996978492
21,2026-09-07T16:13:42.284761,1000,632,POST,/jobs,201,149.9746999470517
21,2026-09-07T16:13:42.284761,1000,633,GET,/jobs/001,200,152.27339998818934
21,2026-09-07T16:13:42.284761,1000,634,DELETE,/jobs/1000,404,96.49189992342144
21,2026-09-07T16:13:42.284761,1000,635,DELETE,/jobs/002,404,97.21089992672205
21,2026-09-07T16:13:42.284761,1000,636,GET,/jobs/001,200,151.57909994013608
21,2026-09-07T16:13:42.284761,1000,637,GET,/jobs,200,95.18790000583977
21,2026-09-07T16:13:42.284761,1000,638,DELETE,/jobs/1000,404,97.05720003694296
21,2026-09-07T16:13:42.284761,1000,639,DELETE,/jobs/002,404,97.79169992543757
21,2026-09-07T16:13:42.284761,1000,640,PUT,/jobs/1000,404,148.74209999106824
21,2026-09-07T16:13:42.284761,1000,641,GET,/jobs/001,200,151.763099944219
21,2026-09-07T16:13:42.284761,1000,642,PUT,/jobs/1000,404,149.5559000177309
21,2026-09-07T16:13:42.284761,1000,643,POST,/jobs,201,142.76399998925626
21,2026-09-07T16:13:42.284761,1000,644,POST,/jobs,201,141.03159995283931
21,2026-09-07T16:13:42.284761,1000,645,GET,/jobs,200,87.72950002457947
21,2026-09-07T16:13:42.284761,1000,646,PUT,/jobs/002,404,150.8481000782922
21,2026-09-07T16:13:42.284761,1000,647,DELETE,/jobs/002,404,96.44719993229955
21,2026-09-07T16:13:42.284761,1000,648,GET,/jobs,200,99.643399938941
21,2026-09-07T16:13:42.284761,1000,649,PUT,/jobs/002,404,155.42870003264397
21,2026-09-07T16:13:42.284761,1000,650,DELETE,/jobs/1000,404,95.01729998737574
21,2026-09-07T16:13:42.284761,1000,651,PUT,/jobs/1000,404,148.71540002059191
21,2026-09-07T16:13:42.284761,1000,652,POST,/jobs,201,154.41580000333488
21,2026-09-07T16:13:42.284761,1000,653,POST,/jobs,201,155.9032000368461
21,2026-09-07T16:13:42.284761,1000,654,PUT,/jobs/002,404,152.40350004751235
21,2026-09-07T16:13:42.284761,1000,655,GET,/jobs,200,92.95419999398291
21,2026-09-07T16:13:42.284761,1000,656,GET,/jobs/002,404,95.50840000156313
21,2026-09-07T16:13:42.284761,1000,657,DELETE,/jobs/1000,404,96.31030005402863
21,2026-09-07T16:13:42.284761,1000,658,DELETE,/jobs/1000,404,101.94560000672936
21,2026-09-07T16:13:42.284761,1000,659,POST,/jobs,201,149.51500005554408
21,2026-09-07T16:13:42.284761,1000,660,PUT,/jobs/002,404,153.16240000538528
21,2026-09-07T16:13:42.284761,1000,661,GET,/jobs,200,95.38080007769167
21,2026-09-07T16:13:42.284761,1000,662,DELETE,/jobs/002,404,98.81740005221218
21,2026-09-07T16:13:42.284761,1000,663,DELETE,/jobs/1000,404,98.06809993460774
21,2026-09-07T16:13:42.284761,1000,664,POST,/jobs,201,146.15280006546527
21,2026-09-07T16:13:42.284761,1000,665,GET,/jobs/1000,404,92.17930003069341
21,2026-09-07T16:13:42.284761,1000,666,POST,/jobs,201,137.85910001024604
21,2026-09-07T16:13:42.284761,1000,667,GET,/jobs/1000,404,90.06910002790391
21,2026-09-07T16:13:42.284761,1000,668,POST,/jobs,201,136.68280001729727
21,2026-09-07T16:13:42.284761,1000,669,GET,/jobs/1000,404,91.50069998577237
21,2026-09-07T16:13:42.284761,1000,670,GET,/jobs,200,93.70349999517202
21,2026-09-07T16:13:42.284761,1000,671,GET,/jobs,200,86.74299996346235
21,2026-09-07T16:13:42.284761,1000,672,POST,/jobs,201,137.63859996106476
21,2026-09-07T16:13:42.284761,1000,673,PUT,/jobs/001,200,137.54300004802644
21,2026-09-07T16:13:42.284761,1000,674,DELETE,/jobs/1000,404,96.29100002348423
21,2026-09-07T16:13:42.284761,1000,675,GET,/jobs/001,200,136.1453999998048
21,2026-09-07T16:13:42.284761,1000,676,POST,/jobs,201,135.83380007185042
21,2026-09-07T16:13:42.284761,1000,677,PUT,/jobs/001,200,134.08350001554936
21,2026-09-07T16:13:42.284761,1000,678,GET,/jobs/001,200,137.21149996854365
21,2026-09-07T16:13:42.284761,1000,679,DELETE,/jobs/1000,404,91.0631000297144
21,2026-09-07T16:13:42.284761,1000,680,DELETE,/jobs/1000,404,101.10169998370111
21,2026-09-07T16:13:42.284761,1000,681,GET,/jobs/002,404,93.55430002324283
21,2026-09-07T16:13:42.284761,1000,682,PUT,/jobs/002,404,138.04430002346635
21,2026-09-07T16:13:42.284761,1000,683,POST,/jobs,201,134.05300001613796
21,2026-09-07T16:13:42.284761,1000,684,GET,/jobs,200,88.01910001784563
21,2026-09-07T16:13:42.284761,1000,685,PUT,/jobs/001,200,136.04530005250126
21,2026-09-07T16:13:42.284761,1000,686,GET,/jobs/001,200,156.19499993044883
21,2026-09-07T16:13:42.284761,1000,687,PUT,/jobs/1000,404,157.46300003957003
21,2026-09-07T16:13:42.284761,1000,688,POST,/jobs,201,151.39410004485399
21,2026-09-07T16:13:42.284761,1000,689,PUT,/jobs/001,200,163.84880000259727
21,2026-09-07T16:13:42.284761,1000,690,POST,/jobs,201,160.7938000233844
21,2026-09-07T16:13:42.284761,1000,691,GET,/jobs,200,94.85080000013113
21,2026-09-07T16:13:42.284761,1000,692,PUT,/jobs/002,404,160.79670004546642
21,2026-09-07T16:13:42.284761,1000,693,POST,/jobs,201,167.41729993373156
21,2026-09-07T16:13:42.284761,1000,694,PUT,/jobs/1000,404,166.5276000276208
21,2026-09-07T16:13:42.284761,1000,695,POST,/jobs,201,165.0388000998646
21,2026-09-07T16:13:42.284761,1000,696,GET,/jobs/002,404,90.99200007040054
21,2026-09-07T16:13:42.284761,1000,697,GET,/jobs,200,89.54169997014105
21,2026-09-07T16:13:42.284761,1000,698,DELETE,/jobs/1000,404,90.9740999341011
21,2026-09-07T16:13:42.284761,1000,699,DELETE,/jobs/002,404,90.51830007229
21,2026-09-07T16:13:42.284761,1000,700,GET,/jobs,200,88.87920004781336
21,2026-09-07T16:13:42.284761,1000,701,PUT,/jobs/1000,404,166.17530002258718
21,2026-09-07T16:13:42.284761,1000,702,POST,/jobs,201,165.73030001018196
21,2026-09-07T16:13:42.284761,1000,703,PUT,/jobs/001,200,150.52589995320886
21,2026-09-07T16:13:42.284761,1000,704,GET,/jobs/001,200,167.41729993373156
21,2026-09-07T16:13:42.284761,1000,705,GET,/jobs,200,86.71329997014254
21,2026-09-07T16:13:42.284761,1000,706,POST,/jobs,201,165.25650001130998
21,2026-09-07T16:13:42.284761,1000,707,GET,/jobs,200,86.18520002346486
21,2026-09-07T16:13:42.284761,1000,708,GET,/jobs,200,87.43569999933243
21,2026-09-07T16:13:42.284761,1000,709,GET,/jobs/1000,404,102.45330003090203
21,2026-09-07T16:13:42.284761,1000,710,GET,/jobs/002,404,103.61969994846731
21,2026-09-07T16:13:42.284761,1000,711,PUT,/jobs/002,404,173.64030005410314
21,2026-09-07T16:13:42.284761,1000,712,DELETE,/jobs/1000,404,100.98869993817061
21,2026-09-07T16:13:42.284761,1000,713,DELETE,/jobs/002,404,90.6282999785617
21,2026-09-07T16:13:42.284761,1000,714,PUT,/jobs/1000,404,172.18270001467317
21,2026-09-07T16:13:42.284761,1000,715,GET,/jobs,200,108.49269991740584
21,2026-09-07T16:13:42.284761,1000,716,PUT,/jobs/1000,404,172.5577999604866
21,2026-09-07T16:13:42.284761,1000,717,PUT,/jobs/002,404,169.59559998940676
21,2026-09-07T16:13:42.284761,1000,718,GET,/jobs,200,125.58540003374219
21,2026-09-07T16:13:42.284761,1000,719,POST,/jobs,201,167.66810009721667
21,2026-09-07T16:13:42.284761,1000,720,PUT,/jobs/002,404,172.7425999706611
21,2026-09-07T16:13:42.284761,1000,721,GET,/jobs/002,404,130.4551000939682
21,2026-09-07T16:13:42.284761,1000,722,GET,/jobs,200,108.07379998732358
21,2026-09-07T16:13:42.284761,1000,723,POST,/jobs,201,167.0927000232041
21,2026-09-07T16:13:42.284761,1000,724,POST,/jobs,201,169.05160003807396
21,2026-09-07T16:13:42.284761,1000,725,PUT,/jobs/002,404,166.43620003014803
21,2026-09-07T16:13:42.284761,1000,726,GET,/jobs/001,200,178.18889999762177
21,2026-09-07T16:13:42.284761,1000,727,PUT,/jobs/001,200,166.3300000363961
21,2026-09-07T16:13:42.284761,1000,728,GET,/jobs/1000,404,114.87419996410608
21,2026-09-07T16:13:42.284761,1000,729,DELETE,/jobs/002,404,108.923300052993
21,2026-09-07T16:13:42.284761,1000,730,GET,/jobs,200,109.40339998342097
21,2026-09-07T16:13:42.284761,1000,731,POST,/jobs,201,175.91969994828105
21,2026-09-07T16:13:42.284761,1000,732,GET,/jobs/1000,404,115.7041999977082
21,2026-09-07T16:13:42.284761,1000,733,GET,/jobs/001,200,196.27960002981126
21,2026-09-07T16:13:42.284761,1000,734,DELETE,/jobs/002,404,119.12759998813272
21,2026-09-07T16:13:42.284761,1000,735,DELETE,/jobs/002,404,116.74560001119971
21,2026-09-07T16:13:42.284761,1000,736,GET,/jobs/002,404,117.4674000358209
21,2026-09-07T16:13:42.284761,1000,737,GET,/jobs/1000,404,114.7865999955684
21,2026-09-07T16:13:42.284761,1000,738,GET,/jobs,200,113.76650002785027
21,2026-09-07T16:13:42.284761,1000,739,POST,/jobs,201,175.44219992123544
21,2026-09-07T16:13:42.284761,1000,740,GET,/jobs/001,200,196.79329998325557
21,2026-09-07T16:13:42.284761,1000,741,DELETE,/jobs/1000,404,117.14180000126362
21,2026-09-07T16:13:42.284761,1000,742,GET,/jobs/001,200,198.03450000472367
21,2026-09-07T16:13:42.284761,1000,743,GET,/jobs,200,106.44679993856698
21,2026-09-07T16:13:42.284761,1000,744,GET,/jobs/001,200,217.7344000665471
21,2026-09-07T16:13:42.284761,1000,745,POST,/jobs,201,198.95669992547482
21,2026-09-07T16:13:42.284761,1000,746,GET,/jobs/1000,404,125.18100009765476
21,2026-09-07T16:13:42.284761,1000,747,POST,/jobs,201,206.07219997327775
21,2026-09-07T16:13:42.284761,1000,748,GET,/jobs/002,404,131.24699995387346
21,2026-09-07T16:13:42.284761,1000,749,GET,/jobs,200,127.70339997950941
21,2026-09-07T16:13:42.284761,1000,750,GET,/jobs/1000,404,131.5654000500217
21,2026-09-07T16:13:42.284761,1000,751,PUT,/jobs/1000,404,211.5339000010863
21,2026-09-07T16:13:42.284761,1000,752,GET,/jobs,200,128.960800007917
21,2026-09-07T16:13:42.284761,1000,753,GET,/jobs,200,125.49120001494884
21,2026-09-07T16:13:42.284761,1000,754,PUT,/jobs/002,404,209.78619996458292
21,2026-09-07T16:13:42.284761,1000,755,POST,/jobs,201,222.8244999423623
21,2026-09-07T16:13:42.284761,1000,756,DELETE,/jobs/002,404,131.17659999988973
21,2026-09-07T16:13:42.284761,1000,757,PUT,/jobs/1000,404,222.19480003695935
21,2026-09-07T16:13:42.284761,1000,758,GET,/jobs/1000,404,129.27399994805455
21,2026-09-07T16:13:42.284761,1000,759,GET,/jobs,200,115.46710005495697
21,2026-09-07T16:13:42.284761,1000,760,DELETE,/jobs/1000,404,129.26650000736117
21,2026-09-07T16:13:42.284761,1000,761,PUT,/jobs/1000,404,226.99620004277676
21,2026-09-07T16:13:42.284761,1000,762,GET,/jobs,200,113.29600005410612
21,2026-09-07T16:13:42.284761,1000,763,GET,/jobs,200,126.43609999213368
21,2026-09-07T16:13:42.284761,1000,764,PUT,/jobs/002,404,204.01320001110435
21,2026-09-07T16:13:42.284761,1000,765,PUT,/jobs/1000,404,204.9438999965787
21,2026-09-07T16:13:42.284761,1000,766,GET,/jobs,200,108.87689993251115
21,2026-09-07T16:13:42.284761,1000,767,PUT,/jobs/1000,404,219.67180003412068
21,2026-09-07T16:13:42.284761,1000,768,PUT,/jobs/001,200,221.04750003200024
21,2026-09-07T16:13:42.284761,1000,769,GET,/jobs,200,141.59350004047155
21,2026-09-07T16:13:42.284761,1000,770,POST,/jobs,201,230.60110001824796
21,2026-09-07T16:13:42.284761,1000,771,GET,/jobs/001,200,232.9353999812156
21,2026-09-07T16:13:42.284761,1000,772,GET,/jobs/002,404,142.60230003856122
21,2026-09-07T16:13:42.284761,1000,773,DELETE,/jobs/1000,404,143.6139999423176
21,2026-09-07T16:13:42.284761,1000,774,PUT,/jobs/1000,404,231.2524999724701
21,2026-09-07T16:13:42.284761,1000,775,DELETE,/jobs/1000,404,128.84300004225224
21,2026-09-07T16:13:42.284761,1000,776,PUT,/jobs/1000,404,228.87749993242323
21,2026-09-07T16:13:42.284761,1000,777,DELETE,/jobs/1000,404,144.17029998730868
21,2026-09-07T16:13:42.284761,1000,778,GET,/jobs,200,142.92110002133995
21,2026-09-07T16:13:42.284761,1000,779,GET,/jobs,200,124.25550003536046
21,2026-09-07T16:13:42.284761,1000,780,DELETE,/jobs/002,404,143.65079998970032
21,2026-09-07T16:13:42.284761,1000,781,PUT,/jobs/002,404,230.83959997165948
21,2026-09-07T16:13:42.284761,1000,782,GET,/jobs/002,404,131.33220002055168
21,2026-09-07T16:13:42.284761,1000,783,POST,/jobs,201,229.03749998658895
21,2026-09-07T16:13:42.284761,1000,784,PUT,/jobs/002,404,218.12570001929998
21,2026-09-07T16:13:42.284761,1000,785,PUT,/jobs/1000,404,231.92619998008013
21,2026-09-07T16:13:42.284761,1000,786,GET,/jobs,200,138.92669999040663
21,2026-09-07T16:13:42.284761,1000,787,POST,/jobs,201,214.98579997569323
21,2026-09-07T16:13:42.284761,1000,788,POST,/jobs,201,217.92640001513064
21,2026-09-07T16:13:42.284761,1000,789,POST,/jobs,201,228.29830006230623
21,2026-09-07T16:13:42.284761,1000,790,GET,/jobs/1000,404,144.57030000630766
21,2026-09-07T16:13:42.284761,1000,791,PUT,/jobs/001,200,227.17199998442084
21,2026-09-07T16:13:42.284761,1000,792,GET,/jobs,200,141.86639990657568
21,2026-09-07T16:13:42.284761,1000,793,GET,/jobs,200,134.97030001599342
21,2026-09-07T16:13:42.284761,1000,794,GET,/jobs,200,140.25659998878837
21,2026-09-07T16:13:42.284761,1000,795,PUT,/jobs/001,200,226.20329994242638
21,2026-09-07T16:13:42.284761,1000,796,POST,/jobs,201,214.0053000766784
21,2026-09-07T16:13:42.284761,1000,797,GET,/jobs/1000,404,150.2372999675572
21,2026-09-07T16:13:42.284761,1000,798,GET,/jobs,200,132.35670002177358
21,2026-09-07T16:13:42.284761,1000,799,DELETE,/jobs/1000,404,160.3631000034511
21,2026-09-07T16:13:42.284761,1000,800,GET,/jobs,200,158.91180001199245
21,2026-09-07T16:13:42.284761,1000,801,PUT,/jobs/002,404,224.65540003031492
21,2026-09-07T16:13:42.284761,1000,802,PUT,/jobs/1000,404,220.60560004319996
21,2026-09-07T16:13:42.284761,1000,803,GET,/jobs,200,152.7731999522075
21,2026-09-07T16:13:42.284761,1000,804,POST,/jobs,201,228.5850999178365
21,2026-09-07T16:13:42.284761,1000,805,POST,/jobs,201,229.63760001584888
21,2026-09-07T16:13:42.284761,1000,806,GET,/jobs,200,153.0120000243187
21,2026-09-07T16:13:42.284761,1000,807,DELETE,/jobs/002,404,163.31879992503673
21,2026-09-07T16:13:42.284761,1000,808,GET,/jobs/1000,404,162.42179996334016
21,2026-09-07T16:13:42.284761,1000,809,PUT,/jobs/001,200,227.31270000804216
21,2026-09-07T16:13:42.284761,1000,810,GET,/jobs,200,151.43599989823997
21,2026-09-07T16:13:42.284761,1000,811,POST,/jobs,201,228.34740008693188
21,2026-09-07T16:13:42.284761,1000,812,DELETE,/jobs/1000,404,162.62640000786632
21,2026-09-07T16:13:42.284761,1000,813,GET,/jobs,200,161.3083000993356
21,2026-09-07T16:13:42.284761,1000,814,POST,/jobs,201,212.39400003105402
21,2026-09-07T16:13:42.284761,1000,815,GET,/jobs/002,404,166.61960002966225
21,2026-09-07T16:13:42.284761,1000,816,DELETE,/jobs/002,404,163.95209997426718
21,2026-09-07T16:13:42.284761,1000,817,DELETE,/jobs/1000,404,159.75260001141578
21,2026-09-07T16:13:42.284761,1000,818,GET,/jobs,200,147.2648000344634
21,2026-09-07T16:13:42.284761,1000,819,GET,/jobs/002,404,163.91210001893342
21,2026-09-07T16:13:42.284761,1000,820,POST,/jobs,201,215.9149000653997
21,2026-09-07T16:13:42.284761,1000,821,POST,/jobs,201,215.44010005891323
21,2026-09-07T16:13:42.284761,1000,822,GET,/jobs/001,200,215.20420000888407
21,2026-09-07T16:13:42.284761,1000,823,DELETE,/jobs/1000,404,150.23309993557632
21,2026-09-07T16:13:42.284761,1000,824,GET,/jobs,200,148.26950000133365
21,2026-09-07T16:13:42.284761,1000,825,GET,/jobs/1000,404,149.22250004019588
21,2026-09-07T16:13:42.284761,1000,826,GET,/jobs,200,146.95700001902878
21,2026-09-07T16:13:42.284761,1000,827,GET,/jobs,200,146.4630999835208
21,2026-09-07T16:13:42.284761,1000,828,DELETE,/jobs/002,404,148.02760002203286
21,2026-09-07T16:13:42.284761,1000,829,PUT,/jobs/002,404,215.60300001874566
21,2026-09-07T16:13:42.284761,1000,830,PUT,/jobs/002,404,213.50680000614375
21,2026-09-07T16:13:42.284761,1000,831,GET,/jobs/002,404,148.38349993806332
21,2026-09-07T16:13:42.284761,1000,832,POST,/jobs,201,214.6793999709189
21,2026-09-07T16:13:42.284761,1000,833,POST,/jobs,201,215.86300001945347
21,2026-09-07T16:13:42.284761,1000,834,DELETE,/jobs/002,404,148.38750008493662
21,2026-09-07T16:13:42.284761,1000,835,GET,/jobs,200,139.61700000800192
21,2026-09-07T16:13:42.284761,1000,836,GET,/jobs/001,200,222.9767000535503
21,2026-09-07T16:13:42.284761,1000,837,DELETE,/jobs/002,404,144.8439999949187
21,2026-09-07T16:13:42.284761,1000,838,GET,/jobs,200,136.4109000423923
21,2026-09-07T16:13:42.284761,1000,839,POST,/jobs,201,209.89189995452762
21,2026-09-07T16:13:42.284761,1000,840,PUT,/jobs/002,404,220.2310999855399
21,2026-09-07T16:13:42.284761,1000,841,DELETE,/jobs/1000,404,145.62830002978444
21,2026-09-07T16:13:42.284761,1000,842,PUT,/jobs/002,404,193.14240000676364
21,2026-09-07T16:13:42.284761,1000,843,GET,/jobs/1000,404,120.6401000963524
21,2026-09-07T16:13:42.284761,1000,844,GET,/jobs,200,120.17580005340278
21,2026-09-07T16:13:42.284761,1000,845,POST,/jobs,201,189.36230009421706
21,2026-09-07T16:13:42.284761,1000,846,GET,/jobs,200,131.40509999357164
21,2026-09-07T16:13:42.284761,1000,847,POST,/jobs,201,193.25260003097355
21,2026-09-07T16:13:42.284761,1000,848,DELETE,/jobs/1000,404,132.62370007578284
21,2026-09-07T16:13:42.284761,1000,849,DELETE,/jobs/1000,404,132.00949993915856
21,2026-09-07T16:13:42.284761,1000,850,GET,/jobs,200,112.79569996986538
21,2026-09-07T16:13:42.284761,1000,851,GET,/jobs/002,404,119.34390000533313
21,2026-09-07T16:13:42.284761,1000,852,DELETE,/jobs/002,404,131.0249000089243
21,2026-09-07T16:13:42.284761,1000,853,GET,/jobs,200,113.66110004018992
21,2026-09-07T16:13:42.284761,1000,854,GET,/jobs/002,404,119.46739989798516
21,2026-09-07T16:13:42.284761,1000,855,GET,/jobs/001,200,187.85420001950115
21,2026-09-07T16:13:42.284761,1000,856,POST,/jobs,201,189.0770000172779
21,2026-09-07T16:13:42.284761,1000,857,POST,/jobs,201,200.53519995417446
21,2026-09-07T16:13:42.284761,1000,858,GET,/jobs,200,126.00899999961257
21,2026-09-07T16:13:42.284761,1000,859,PUT,/jobs/1000,404,206.1550000216812
21,2026-09-07T16:13:42.284761,1000,860,PUT,/jobs/001,200,183.8853000663221
21,2026-09-07T16:13:42.284761,1000,861,GET,/jobs/002,404,132.98159989062697
21,2026-09-07T16:13:42.284761,1000,862,DELETE,/jobs/002,404,131.81569997686893
21,2026-09-07T16:13:42.284761,1000,863,DELETE,/jobs/1000,404,131.01439992897213
21,2026-09-07T16:13:42.284761,1000,864,GET,/jobs,200,119.0984999993816
21,2026-09-07T16:13:42.284761,1000,865,PUT,/jobs/1000,404,219.19219999108464
21,2026-09-07T16:13:42.284761,1000,866,GET,/jobs,200,117.43320000823587
21,2026-09-07T16:13:42.284761,1000,867,PUT,/jobs/001,200,214.42089998163283
21,2026-09-07T16:13:42.284761,1000,868,PUT,/jobs/001,200,211.93250000942498
21,2026-09-07T16:13:42.284761,1000,869,POST,/jobs,201,213.30050006508827
21,2026-09-07T16:13:42.284761,1000,870,PUT,/jobs/1000,404,217.14949992019683
21,2026-09-07T16:13:42.284761,1000,871,PUT,/jobs/1000,404,217.85750007256866
21,2026-09-07T16:13:42.284761,1000,872,PUT,/jobs/002,404,218.20230002049357
21,2026-09-07T16:13:42.284761,1000,873,GET,/jobs,200,126.04640005156398
21,2026-09-07T16:13:42.284761,1000,874,PUT,/jobs/001,200,220.4628000035882
21,2026-09-07T16:13:42.284761,1000,875,POST,/jobs,201,216.21280000545084
21,2026-09-07T16:13:42.284761,1000,876,DELETE,/jobs/1000,404,128.92289995215833
21,2026-09-07T16:13:42.284761,1000,877,POST,/jobs,201,214.01930006686598
21,2026-09-07T16:13:42.284761,1000,878,PUT,/jobs/001,200,213.05899997241795
21,2026-09-07T16:13:42.284761,1000,879,GET,/jobs/002,404,118.58720006421208
21,2026-09-07T16:13:42.284761,1000,880,DELETE,/jobs/1000,404,119.0903999377042
21,2026-09-07T16:13:42.284761,1000,881,DELETE,/jobs/002,404,119.57330000586808
21,2026-09-07T16:13:42.284761,1000,882,PUT,/jobs/002,404,200.30199992470443
21,2026-09-07T16:13:42.284761,1000,883,POST,/jobs,201,216.82650002185255
21,2026-09-07T16:13:42.284761,1000,884,POST,/jobs,201,214.9375999579206
21,2026-09-07T16:13:42.284761,1000,885,GET,/jobs/001,200,216.2222999613732
21,2026-09-07T16:13:42.284761,1000,886,DELETE,/jobs/002,404,125.88070007041097
21,2026-09-07T16:13:42.284761,1000,887,DELETE,/jobs/002,404,126.70440005604178
21,2026-09-07T16:13:42.284761,1000,888,POST,/jobs,201,215.61150008346885
21,2026-09-07T16:13:42.284761,1000,889,GET,/jobs/001,200,218.07030006311834
21,2026-09-07T16:13:42.284761,1000,890,GET,/jobs,200,130.8022999437526
21,2026-09-07T16:13:42.284761,1000,891,GET,/jobs/002,404,136.70609996188432
21,2026-09-07T16:13:42.284761,1000,892,GET,/jobs/001,200,222.40540001075715
21,2026-09-07T16:13:42.284761,1000,893,DELETE,/jobs/002,404,137.63499993365258
21,2026-09-07T16:13:42.284761,1000,894,GET,/jobs,200,139.12569999229163
21,2026-09-07T16:13:42.284761,1000,895,GET,/jobs/1000,404,138.22019996587187
21,2026-09-07T16:13:42.284761,1000,896,PUT,/jobs/002,404,215.65300005022436
21,2026-09-07T16:13:42.284761,1000,897,DELETE,/jobs/1000,404,139.9460999527946
21,2026-09-07T16:13:42.284761,1000,898,DELETE,/jobs/1000,404,136.15999999456108
21,2026-09-07T16:13:42.284761,1000,899,POST,/jobs,201,209.39999993424863
21,2026-09-07T16:13:42.284761,1000,900,PUT,/jobs/001,200,210.25580004788935
21,2026-09-07T16:13:42.284761,1000,901,PUT,/jobs/002,404,207.15329993981868
21,2026-09-07T16:13:42.284761,1000,902,POST,/jobs,201,209.85250000376254
21,2026-09-07T16:13:42.284761,1000,903,POST,/jobs,201,212.4937999760732
21,2026-09-07T16:13:42.284761,1000,904,GET,/jobs,200,124.58649999462068
21,2026-09-07T16:13:42.284761,1000,905,POST,/jobs,201,211.29230002406985
21,2026-09-07T16:13:42.284761,1000,906,GET,/jobs,200,125.51050004549325
21,2026-09-07T16:13:42.284761,1000,907,POST,/jobs,201,212.688900064677
21,2026-09-07T16:13:42.284761,1000,908,PUT,/jobs/001,200,213.35420000832528
21,2026-09-07T16:13:42.284761,1000,909,GET,/jobs,200,148.42929993756115
21,2026-09-07T16:13:42.284761,1000,910,POST,/jobs,201,206.0423999791965
21,2026-09-07T16:13:42.284761,1000,911,POST,/jobs,201,208.53329997044057
21,2026-09-07T16:13:42.284761,1000,912,GET,/jobs,200,123.56640002690256
21,2026-09-07T16:13:42.284761,1000,913,DELETE,/jobs/1000,404,152.67430001404136
21,2026-09-07T16:13:42.284761,1000,914,PUT,/jobs/1000,404,204.6448999317363
21,2026-09-07T16:13:42.284761,1000,915,DELETE,/jobs/002,404,153.39079999830574
21,2026-09-07T16:13:42.284761,1000,916,PUT,/jobs/1000,404,207.10249990224838
21,2026-09-07T16:13:42.284761,1000,917,GET,/jobs/002,404,152.11100003216416
21,2026-09-07T16:13:42.284761,1000,918,DELETE,/jobs/1000,404,130.0361999310553
21,2026-09-07T16:13:42.284761,1000,919,DELETE,/jobs/002,404,124.7208999702707
21,2026-09-07T16:13:42.284761,1000,920,GET,/jobs,200,122.90550000034273
21,2026-09-07T16:13:42.284761,1000,921,PUT,/jobs/001,200,194.505300023593
21,2026-09-07T16:13:42.284761,1000,922,POST,/jobs,201,205.46840003225952
21,2026-09-07T16:13:42.284761,1000,923,GET,/jobs,200,136.7548000998795
21,2026-09-07T16:13:42.284761,1000,924,DELETE,/jobs/002,404,146.0494000930339
21,2026-09-07T16:13:42.284761,1000,925,GET,/jobs,200,146.73110004514456
21,2026-09-07T16:13:42.284761,1000,926,GET,/jobs/1000,404,142.90119998622686
21,2026-09-07T16:13:42.284761,1000,927,PUT,/jobs/002,404,198.86460003908724
21,2026-09-07T16:13:42.284761,1000,928,DELETE,/jobs/002,404,145.4148000339046
21,2026-09-07T16:13:42.284761,1000,929,POST,/jobs,201,196.51739997789264
21,2026-09-07T16:13:42.284761,1000,930,POST,/jobs,201,201.22970000375062
21,2026-09-07T16:13:42.284761,1000,931,PUT,/jobs/002,404,197.1552000613883
21,2026-09-07T16:13:42.284761,1000,932,DELETE,/jobs/002,404,144.33799998369068
21,2026-09-07T16:13:42.284761,1000,933,POST,/jobs,201,199.77329997345805
21,2026-09-07T16:13:42.284761,1000,934,POST,/jobs,201,200.5045999540016
21,2026-09-07T16:13:42.284761,1000,935,DELETE,/jobs/1000,404,147.50820002518594
21,2026-09-07T16:13:42.284761,1000,936,POST,/jobs,201,202.1305999951437
21,2026-09-07T16:13:42.284761,1000,937,DELETE,/jobs/002,404,141.2218000041321
21,2026-09-07T16:13:42.284761,1000,938,POST,/jobs,201,185.66009995993227
21,2026-09-07T16:13:42.284761,1000,939,DELETE,/jobs/002,404,139.37530003022403
21,2026-09-07T16:13:42.284761,1000,940,POST,/jobs,201,185.923199984245
21,2026-09-07T16:13:42.284761,1000,941,PUT,/jobs/001,200,185.87000004481524
21,2026-09-07T16:13:42.284761,1000,942,DELETE,/jobs/002,404,153.3651000354439
21,2026-09-07T16:13:42.284761,1000,943,POST,/jobs,201,186.51440006215125
21,2026-09-07T16:13:42.284761,1000,944,PUT,/jobs/1000,404,186.36579997837543
21,2026-09-07T16:13:42.284761,1000,945,POST,/jobs,201,185.17950002569705
21,2026-09-07T16:13:42.284761,1000,946,GET,/jobs/1000,404,147.96139998361468
21,2026-09-07T16:13:42.284761,1000,947,DELETE,/jobs/002,404,148.42049998696893
21,2026-09-07T16:13:42.284761,1000,948,PUT,/jobs/1000,404,183.0486999824643
21,2026-09-07T16:13:42.284761,1000,949,POST,/jobs,201,179.0540999500081
21,2026-09-07T16:13:42.284761,1000,950,POST,/jobs,201,171.43830005079508
21,2026-09-07T16:13:42.284761,1000,951,GET,/jobs/001,200,178.31340001430362
21,2026-09-07T16:13:42.284761,1000,952,POST,/jobs,201,170.75160006061196
21,2026-09-07T16:13:42.284761,1000,953,PUT,/jobs/001,200,169.21710001770407
21,2026-09-07T16:13:42.284761,1000,954,GET,/jobs/001,200,179.76790003012866
21,2026-09-07T16:13:42.284761,1000,955,GET,/jobs/001,200,180.0234999973327
21,2026-09-07T16:13:42.284761,1000,956,POST,/jobs,201,180.8296999661252
21,2026-09-07T16:13:42.284761,1000,957,GET,/jobs,200,111.9751000078395
21,2026-09-07T16:13:42.284761,1000,958,DELETE,/jobs/002,404,116.11589998938143
21,2026-09-07T16:13:42.284761,1000,959,POST,/jobs,201,150.49089991953224
21,2026-09-07T16:13:42.284761,1000,960,DELETE,/jobs/002,404,115.80020003020763
21,2026-09-07T16:13:42.284761,1000,961,DELETE,/jobs/1000,404,113.93410002347082
21,2026-09-07T16:13:42.284761,1000,962,GET,/jobs/001,200,152.2674000589177
21,2026-09-07T16:13:42.284761,1000,963,GET,/jobs/1000,404,100.12369998730719
21,2026-09-07T16:13:42.284761,1000,964,DELETE,/jobs/002,404,99.25119997933507
21,2026-09-07T16:13:42.284761,1000,965,PUT,/jobs/001,200,131.35469995904714
21,2026-09-07T16:13:42.284761,1000,966,PUT,/jobs/002,404,130.93699992168695
21,2026-09-07T16:13:42.284761,1000,967,GET,/jobs/002,404,100.6402000784874
21,2026-09-07T16:13:42.284761,1000,968,DELETE,/jobs/1000,404,92.10390003863722
21,2026-09-07T16:13:42.284761,1000,969,PUT,/jobs/001,200,119.28159999661148
21,2026-09-07T16:13:42.284761,1000,970,DELETE,/jobs/002,404,90.37410002201796
21,2026-09-07T16:13:42.284761,1000,971,POST,/jobs,201,112.19030001666397
21,2026-09-07T16:13:42.284761,1000,972,PUT,/jobs/001,200,111.4183000754565
21,2026-09-07T16:13:42.284761,1000,973,POST,/jobs,201,110.42119993362576
21,2026-09-07T16:13:42.284761,1000,974,DELETE,/jobs/1000,404,88.59009994193912
21,2026-09-07T16:13:42.284761,1000,975,PUT,/jobs/002,404,110.98560004029423
21,2026-09-07T16:13:42.284761,1000,976,PUT,/jobs/1000,404,110.47499999403954
21,2026-09-07T16:13:42.284761,1000,977,DELETE,/jobs/1000,404,87.73020002990961
21,2026-09-07T16:13:42.284761,1000,978,GET,/jobs/001,200,109.36170001514256
21,2026-09-07T16:13:42.284761,1000,979,DELETE,/jobs/002,404,86.84220002032816
21,2026-09-07T16:13:42.284761,1000,980,POST,/jobs,201,110.83200003486127
21,2026-09-07T16:13:42.284761,1000,981,PUT,/jobs/002,404,111.43180006183684
21,2026-09-07T16:13:42.284761,1000,982,DELETE,/jobs/002,404,84.30520002730191
21,2026-09-07T16:13:42.284761,1000,983,DELETE,/jobs/002,404,86.31959999911487
21,2026-09-07T16:13:42.284761,1000,984,POST,/jobs,201,84.74760001990944
21,2026-09-07T16:13:42.284761,1000,985,GET,/jobs/002,404,68.28969996422529
21,2026-09-07T16:13:42.284761,1000,986,PUT,/jobs/1000,404,83.63589993678033
21,2026-09-07T16:13:42.284761,1000,987,GET,/jobs/002,404,68.38509999215603
21,2026-09-07T16:13:42.284761,1000,988,GET,/jobs,200,67.26669997442514
21,2026-09-07T16:13:42.284761,1000,989,GET,/jobs/002,404,68.61329998355359
21,2026-09-07T16:13:42.284761,1000,990,POST,/jobs,201,84.20829998794943
21,2026-09-07T16:13:42.284761,1000,991,PUT,/jobs/001,200,78.52900004945695
21,2026-09-07T16:13:42.284761,1000,992,PUT,/jobs/1000,404,78.1862000003457
21,2026-09-07T16:13:42.284761,1000,993,POST,/jobs,201,76.6118000028655
21,2026-09-07T16:13:42.284761,1000,994,PUT,/jobs/001,200,76.45739999134094
21,2026-09-07T16:13:42.284761,1000,995,POST,/jobs,201,77.39700004458427
21,2026-09-07T16:13:42.284761,1000,996,GET,/jobs,200,62.01809993945062
21,2026-09-07T16:13:42.284761,1000,997,POST,/jobs,201,77.64369994401932
21,2026-09-07T16:13:42.284761,1000,998,POST,/jobs,201,77.77980004902929
21,2026-09-07T16:13:42.284761,1000,999,GET,/jobs/001,200,75.69190009962767
21,2026-09-07T16:13:42.284761,1000,1000,GET,/jobs,200,61.49510003160685
22,2026-09-07T16:13:44.167878,1000,1,GET,/jobs,200,28.00209994893521
22,2026-09-07T16:13:44.167878,1000,2,GET,/jobs,200,28.032199945300817
22,2026-09-07T16:13:44.167878,1000,3,POST,/jobs,201,98.32069999538362
22,2026-09-07T16:13:44.167878,1000,4,GET,/jobs/001,200,71.43059989903122
22,2026-09-07T16:13:44.167878,1000,5,GET,/jobs,200,41.58999992068857
22,2026-09-07T16:13:44.167878,1000,6,DELETE,/jobs/002,200,45.03540007863194
22,2026-09-07T16:13:44.167878,1000,7,DELETE,/jobs/1000,404,40.71700002532452
22,2026-09-07T16:13:44.167878,1000,8,GET,/jobs,200,41.00149997975677
22,2026-09-07T16:13:44.167878,1000,9,GET,/jobs,200,41.9042999856174
22,2026-09-07T16:13:44.167878,1000,10,GET,/jobs,200,41.32080008275807
22,2026-09-07T16:13:44.167878,1000,11,GET,/jobs/001,200,93.88239996042103
22,2026-09-07T16:13:44.167878,1000,12,DELETE,/jobs/002,404,47.637099982239306
22,2026-09-07T16:13:44.167878,1000,13,DELETE,/jobs/002,404,49.686299986205995
22,2026-09-07T16:13:44.167878,1000,14,DELETE,/jobs/1000,404,45.33980006817728
22,2026-09-07T16:13:44.167878,1000,15,GET,/jobs/002,404,51.09899991657585
22,2026-09-07T16:13:44.167878,1000,16,DELETE,/jobs/1000,404,49.84310001600534
22,2026-09-07T16:13:44.167878,1000,17,GET,/jobs,200,48.51710004732013
22,2026-09-07T16:13:44.167878,1000,18,GET,/jobs/1000,404,49.687699996866286
22,2026-09-07T16:13:44.167878,1000,19,PUT,/jobs/002,404,116.25580000691116
22,2026-09-07T16:13:44.167878,1000,20,POST,/jobs,201,113.16119995899498
22,2026-09-07T16:13:44.167878,1000,21,GET,/jobs/002,404,57.94760002754629
22,2026-09-07T16:13:44.167878,1000,22,GET,/jobs,200,54.68029994517565
22,2026-09-07T16:13:44.167878,1000,23,GET,/jobs,200,53.62400005105883
22,2026-09-07T16:13:44.167878,1000,24,PUT,/jobs/001,200,110.16409995499998
22,2026-09-07T16:13:44.167878,1000,25,POST,/jobs,201,109.06610009260476
22,2026-09-07T16:13:44.167878,1000,26,POST,/jobs,201,110.480000032112
22,2026-09-07T16:13:44.167878,1000,27,POST,/jobs,201,111.27760005183518
22,2026-09-07T16:13:44.167878,1000,28,GET,/jobs,200,52.5890999706462
22,2026-09-07T16:13:44.167878,1000,29,PUT,/jobs/1000,404,110.41590000968426
22,2026-09-07T16:13:44.167878,1000,30,GET,/jobs,200,54.22220006585121
22,2026-09-07T16:13:44.167878,1000,31,PUT,/jobs/001,200,111.45299999043345
22,2026-09-07T16:13:44.167878,1000,32,DELETE,/jobs/1000,404,56.82810000143945
22,2026-09-07T16:13:44.167878,1000,33,DELETE,/jobs/1000,404,55.762300034984946
22,2026-09-07T16:13:44.167878,1000,34,DELETE,/jobs/002,404,58.17929992917925
22,2026-09-07T16:13:44.167878,1000,35,GET,/jobs,200,53.63280000165105
22,2026-09-07T16:13:44.167878,1000,36,GET,/jobs,200,52.411100012250245
22,2026-09-07T16:13:44.167878,1000,37,GET,/jobs/002,404,57.10259999614209
22,2026-09-07T16:13:44.167878,1000,38,GET,/jobs,200,51.6631999053061
22,2026-09-07T16:13:44.167878,1000,39,GET,/jobs/001,200,107.69600002095103
22,2026-09-07T16:13:44.167878,1000,40,PUT,/jobs/002,404,109.10070000682026
22,2026-09-07T16:13:44.167878,1000,41,PUT,/jobs/1000,404,109.00589998345822
22,2026-09-07T16:13:44.167878,1000,42,POST,/jobs,201,94.79579993057996
22,2026-09-07T16:13:44.167878,1000,43,POST,/jobs,201,111.42170010134578
22,2026-09-07T16:13:44.167878,1000,44,GET,/jobs/1000,404,58.39919997379184
22,2026-09-07T16:13:44.167878,1000,45,POST,/jobs,201,104.33210001792759
22,2026-09-07T16:13:44.167878,1000,46,GET,/jobs,200,59.18620002921671
22,2026-09-07T16:13:44.167878,1000,47,DELETE,/jobs/002,404,63.379600062035024
22,2026-09-07T16:13:44.167878,1000,48,DELETE,/jobs/002,404,70.28960005845875
22,2026-09-07T16:13:44.167878,1000,49,GET,/jobs/002,404,62.004099949263036
22,2026-09-07T16:13:44.167878,1000,50,PUT,/jobs/002,404,101.65900003630668
22,2026-09-07T16:13:44.167878,1000,51,DELETE,/jobs/002,404,69.68409998808056
22,2026-09-07T16:13:44.167878,1000,52,POST,/jobs,201,103.19639998488128
22,2026-09-07T16:13:44.167878,1000,53,GET,/jobs,200,66.78540003485978
22,2026-09-07T16:13:44.167878,1000,54,GET,/jobs/001,200,106.29869997501373
22,2026-09-07T16:13:44.167878,1000,55,POST,/jobs,201,102.66570001840591
22,2026-09-07T16:13:44.167878,1000,56,POST,/jobs,201,104.09599996637553
22,2026-09-07T16:13:44.167878,1000,57,GET,/jobs/1000,404,72.04190001357347
22,2026-09-07T16:13:44.167878,1000,58,POST,/jobs,201,103.78870007116348
22,2026-09-07T16:13:44.167878,1000,59,PUT,/jobs/002,404,104.71430001780391
22,2026-09-07T16:13:44.167878,1000,60,PUT,/jobs/001,200,104.32320006657392
22,2026-09-07T16:13:44.167878,1000,61,POST,/jobs,201,105.67220009397715
22,2026-09-07T16:13:44.167878,1000,62,GET,/jobs/1000,404,69.8108000215143
22,2026-09-07T16:13:44.167878,1000,63,DELETE,/jobs/1000,404,69.67170001007617
22,2026-09-07T16:13:44.167878,1000,64,DELETE,/jobs/1000,404,62.773499987088144
22,2026-09-07T16:13:44.167878,1000,65,DELETE,/jobs/1000,404,64.14880009833723
22,2026-09-07T16:13:44.167878,1000,66,POST,/jobs,201,104.75699999369681
22,2026-09-07T16:13:44.167878,1000,67,GET,/jobs/1000,404,70.8763999864459
22,2026-09-07T16:13:44.167878,1000,68,PUT,/jobs/001,200,104.6461999649182
22,2026-09-07T16:13:44.167878,1000,69,GET,/jobs,200,60.81229995470494
22,2026-09-07T16:13:44.167878,1000,70,GET,/jobs,200,65.2486999752
22,2026-09-07T16:13:44.167878,1000,71,GET,/jobs/1000,404,62.27429991122335
22,2026-09-07T16:13:44.167878,1000,72,GET,/jobs/1000,404,69.98579995706677
22,2026-09-07T16:13:44.167878,1000,73,PUT,/jobs/1000,404,104.13869994226843
22,2026-09-07T16:13:44.167878,1000,74,GET,/jobs,200,51.492300000973046
22,2026-09-07T16:13:44.167878,1000,75,PUT,/jobs/002,404,103.74330007471144
22,2026-09-07T16:13:44.167878,1000,76,DELETE,/jobs/1000,404,72.6682998938486
22,2026-09-07T16:13:44.167878,1000,77,DELETE,/jobs/1000,404,71.98120001703501
22,2026-09-07T16:13:44.167878,1000,78,DELETE,/jobs/002,404,71.78160001058131
22,2026-09-07T16:13:44.167878,1000,79,GET,/jobs,200,69.41890006419271
22,2026-09-07T16:13:44.167878,1000,80,DELETE,/jobs/1000,404,60.62600004952401
22,2026-09-07T16:13:44.167878,1000,81,POST,/jobs,201,103.04469999391586
22,2026-09-07T16:13:44.167878,1000,82,POST,/jobs,201,101.70499992091209
22,2026-09-07T16:13:44.167878,1000,83,GET,/jobs/002,404,71.80889998562634
22,2026-09-07T16:13:44.167878,1000,84,GET,/jobs,200,70.1838000677526
22,2026-09-07T16:13:44.167878,1000,85,POST,/jobs,201,95.44220007956028
22,2026-09-07T16:13:44.167878,1000,86,GET,/jobs/1000,404,59.56079997122288
22,2026-09-07T16:13:44.167878,1000,87,GET,/jobs,200,70.49770001322031
22,2026-09-07T16:13:44.167878,1000,88,POST,/jobs,201,93.29650003928691
22,2026-09-07T16:13:44.167878,1000,89,DELETE,/jobs/002,404,60.48680003732443
22,2026-09-07T16:13:44.167878,1000,90,GET,/jobs/002,404,71.8159000389278
22,2026-09-07T16:13:44.167878,1000,91,GET,/jobs/1000,404,61.55950005631894
22,2026-09-07T16:13:44.167878,1000,92,DELETE,/jobs/002,404,73.09049996547401
22,2026-09-07T16:13:44.167878,1000,93,DELETE,/jobs/1000,404,71.50840002577752
22,2026-09-07T16:13:44.167878,1000,94,PUT,/jobs/001,200,95.23430000990629
22,2026-09-07T16:13:44.167878,1000,95,GET,/jobs,200,57.999399956315756
22,2026-09-07T16:13:44.167878,1000,96,POST,/jobs,201,100.88469996117055
22,2026-09-07T16:13:44.167878,1000,97,POST,/jobs,201,104.1674999287352
22,2026-09-07T16:13:44.167878,1000,98,GET,/jobs,200,57.6343999709934
22,2026-09-07T16:13:44.167878,1000,99,GET,/jobs/1000,404,56.58979993313551
22,2026-09-07T16:13:44.167878,1000,100,GET,/jobs,200,71.01129996590316
22,2026-09-07T16:13:44.167878,1000,101,GET,/jobs,200,71.68430008459836
22,2026-09-07T16:13:44.167878,1000,102,PUT,/jobs/001,200,97.97350002918392
22,2026-09-07T16:13:44.167878,1000,103,DELETE,/jobs/002,404,69.44099999964237
22,2026-09-07T16:13:44.167878,1000,104,GET,/jobs/1000,404,68.82220006082207
22,2026-09-07T16:13:44.167878,1000,105,PUT,/jobs/1000,404,106.08629998750985
22,2026-09-07T16:13:44.167878,1000,106,GET,/jobs/002,404,76.33619999978691
22,2026-09-07T16:13:44.167878,1000,107,DELETE,/jobs/1000,404,76.12619991414249
22,2026-09-07T16:13:44.167878,1000,108,GET,/jobs/1000,404,76.82200009003282
22,2026-09-07T16:13:44.167878,1000,109,GET,/jobs/1000,404,75.05979994311929
22,2026-09-07T16:13:44.167878,1000,110,POST,/jobs,201,107.9353999812156
22,2026-09-07T16:13:44.167878,1000,111,POST,/jobs,201,107.23480000160635
22,2026-09-07T16:13:44.167878,1000,112,DELETE,/jobs/1000,404,75.94580005388707
22,2026-09-07T16:13:44.167878,1000,113,GET,/jobs,200,74.33190010488033
22,2026-09-07T16:13:44.167878,1000,114,GET,/jobs/001,200,115.71959999855608
22,2026-09-07T16:13:44.167878,1000,115,GET,/jobs,200,75.32790000550449
22,2026-09-07T16:13:44.167878,1000,116,POST,/jobs,201,91.59549989271909
22,2026-09-07T16:13:44.167878,1000,117,DELETE,/jobs/002,404,63.69570002425462
22,2026-09-07T16:13:44.167878,1000,118,DELETE,/jobs/002,404,63.225300051271915
22,2026-09-07T16:13:44.167878,1000,119,GET,/jobs,200,56.676500011235476
22,2026-09-07T16:13:44.167878,1000,120,GET,/jobs,200,55.87140005081892
22,2026-09-07T16:13:44.167878,1000,121,GET,/jobs,200,56.466199923306704
22,2026-09-07T16:13:44.167878,1000,122,GET,/jobs/001,200,103.71960001066327
22,2026-09-07T16:13:44.167878,1000,123,GET,/jobs,200,57.04970005899668
22,2026-09-07T16:13:44.167878,1000,124,POST,/jobs,201,96.96490003261715
22,2026-09-07T16:13:44.167878,1000,125,DELETE,/jobs/002,404,69.46060003247112
22,2026-09-07T16:13:44.167878,1000,126,POST,/jobs,201,103.88849989976734
22,2026-09-07T16:13:44.167878,1000,127,PUT,/jobs/001,200,104.46259996388108
22,2026-09-07T16:13:44.167878,1000,128,DELETE,/jobs/002,404,68.7993000028655
22,2026-09-07T16:13:44.167878,1000,129,DELETE,/jobs/1000,404,69.23729996196926
22,2026-09-07T16:13:44.167878,1000,130,GET,/jobs/002,404,70.75830001849681
22,2026-09-07T16:13:44.167878,1000,131,PUT,/jobs/001,200,104.15380005724728
22,2026-09-07T16:13:44.167878,1000,132,GET,/jobs,200,67.58669996634126
22,2026-09-07T16:13:44.167878,1000,133,GET,/jobs,200,68.06149997282773
22,2026-09-07T16:13:44.167878,1000,134,PUT,/jobs/002,404,102.54200000781566
22,2026-09-07T16:13:44.167878,1000,135,PUT,/jobs/002,404,102.86340001039207
22,2026-09-07T16:13:44.167878,1000,136,PUT,/jobs/1000,404,102.97540004830807
22,2026-09-07T16:13:44.167878,1000,137,GET,/jobs,200,66.69750006403774
22,2026-09-07T16:13:44.167878,1000,138,GET,/jobs,200,68.71899997349828
22,2026-09-07T16:13:44.167878,1000,139,GET,/jobs,200,70.04449993837625
22,2026-09-07T16:13:44.167878,1000,140,PUT,/jobs/1000,404,103.84310001973063
22,2026-09-07T16:13:44.167878,1000,141,POST,/jobs,201,102.86440001800656
22,2026-09-07T16:13:44.167878,1000,142,GET,/jobs,200,69.41579992417246
22,2026-09-07T16:13:44.167878,1000,143,GET,/jobs/001,200,115.71569996885955
22,2026-09-07T16:13:44.167878,1000,144,GET,/jobs/1000,404,70.9692999953404
22,2026-09-07T16:13:44.167878,1000,145,PUT,/jobs/001,200,101.63459996692836
22,2026-09-07T16:13:44.167878,1000,146,PUT,/jobs/001,200,104.66299997642636
22,2026-09-07T16:13:44.167878,1000,147,POST,/jobs,201,111.30129999946803
22,2026-09-07T16:13:44.167878,1000,148,GET,/jobs/001,200,115.66830007359385
22,2026-09-07T16:13:44.167878,1000,149,PUT,/jobs/1000,404,102.90509997867048
22,2026-09-07T16:13:44.167878,1000,150,GET,/jobs,200,61.196699971333146
22,2026-09-07T16:13:44.167878,1000,151,GET,/jobs,200,61.84690003283322
22,2026-09-07T16:13:44.167878,1000,152,DELETE,/jobs/002,404,72.47519993688911
22,2026-09-07T16:13:44.167878,1000,153,GET,/jobs,200,69.10800002515316
22,2026-09-07T16:13:44.167878,1000,154,GET,/jobs/001,200,124.60790004115552
22,2026-09-07T16:13:44.167878,1000,155,PUT,/jobs/002,404,117.71209992002696
22,2026-09-07T16:13:44.167878,1000,156,PUT,/jobs/001,200,120.9251000545919
22,2026-09-07T16:13:44.167878,1000,157,PUT,/jobs/001,200,116.99350003618747
22,2026-09-07T16:13:44.167878,1000,158,GET,/jobs/002,404,69.45379998069257
22,2026-09-07T16:13:44.167878,1000,159,GET,/jobs,200,66.1168999504298
22,2026-09-07T16:13:44.167878,1000,160,PUT,/jobs/002,404,116.09219992533326
22,2026-09-07T16:13:44.167878,1000,161,PUT,/jobs/002,404,116.68239999562502
22,2026-09-07T16:13:44.167878,1000,162,PUT,/jobs/1000,404,121.3945000199601
22,2026-09-07T16:13:44.167878,1000,163,DELETE,/jobs/1000,404,71.20579993352294
22,2026-09-07T16:13:44.167878,1000,164,GET,/jobs/001,200,119.01839997153729
22,2026-09-07T16:13:44.167878,1000,165,POST,/jobs,201,117.39469994790852
22,2026-09-07T16:13:44.167878,1000,166,GET,/jobs,200,68.13939998392016
22,2026-09-07T16:13:44.167878,1000,167,DELETE,/jobs/002,404,70.68770006299019
22,2026-09-07T16:13:44.167878,1000,168,POST,/jobs,201,120.22790010087192
22,2026-09-07T16:13:44.167878,1000,169,GET,/jobs,200,64.98000002466142
22,2026-09-07T16:13:44.167878,1000,170,DELETE,/jobs/1000,404,74.58220003172755
22,2026-09-07T16:13:44.167878,1000,171,DELETE,/jobs/002,404,73.24149995110929
22,2026-09-07T16:13:44.167878,1000,172,GET,/jobs,200,72.53650005441159
22,2026-09-07T16:13:44.167878,1000,173,DELETE,/jobs/002,404,74.91990004200488
22,2026-09-07T16:13:44.167878,1000,174,GET,/jobs/001,200,120.53149996791035
22,2026-09-07T16:13:44.167878,1000,175,DELETE,/jobs/002,404,75.93230006750673
22,2026-09-07T16:13:44.167878,1000,176,GET,/jobs/002,404,75.57909993920475
22,2026-09-07T16:13:44.167878,1000,177,GET,/jobs,200,73.71080003213137
22,2026-09-07T16:13:44.167878,1000,178,DELETE,/jobs/002,404,75.56040002964437
22,2026-09-07T16:13:44.167878,1000,179,DELETE,/jobs/002,404,78.13169993460178
22,2026-09-07T16:13:44.167878,1000,180,DELETE,/jobs/002,404,88.59079994726926
22,2026-09-07T16:13:44.167878,1000,181,PUT,/jobs/1000,404,122.76179995387793
22,2026-09-07T16:13:44.167878,1000,182,DELETE,/jobs/1000,404,75.86480001918972
22,2026-09-07T16:13:44.167878,1000,183,POST,/jobs,201,120.20230002235621
22,2026-09-07T16:13:44.167878,1000,184,POST,/jobs,201,121.32350006140769
22,2026-09-07T16:13:44.167878,1000,185,POST,/jobs,201,121.44689995329827
22,2026-09-07T16:13:44.167878,1000,186,GET,/jobs/1000,404,76.40479994006455
22,2026-09-07T16:13:44.167878,1000,187,POST,/jobs,201,120.10050006210804
22,2026-09-07T16:13:44.167878,1000,188,POST,/jobs,201,118.94229997415096
22,2026-09-07T16:13:44.167878,1000,189,GET,/jobs,200,71.72050001099706
22,2026-09-07T16:13:44.167878,1000,190,GET,/jobs,200,72.87189993076026
22,2026-09-07T16:13:44.167878,1000,191,PUT,/jobs/1000,404,123.36329999379814
22,2026-09-07T16:13:44.167878,1000,192,DELETE,/jobs/002,404,77.47810008004308
22,2026-09-07T16:13:44.167878,1000,193,GET,/jobs,200,71.77270005922765
22,2026-09-07T16:13:44.167878,1000,194,DELETE,/jobs/002,404,76.62340009119362
22,2026-09-07T16:13:44.167878,1000,195,DELETE,/jobs/1000,404,75.89670002926141
22,2026-09-07T16:13:44.167878,1000,196,GET,/jobs/002,404,76.0586999822408
22,2026-09-07T16:13:44.167878,1000,197,GET,/jobs,200,77.93629996012896
22,2026-09-07T16:13:44.167878,1000,198,GET,/jobs/002,404,77.49100006185472
22,2026-09-07T16:13:44.167878,1000,199,POST,/jobs,201,121.9103999901563
22,2026-09-07T16:13:44.167878,1000,200,PUT,/jobs/1000,404,122.01280007138848
22,2026-09-07T16:13:44.167878,1000,201,POST,/jobs,201,121.07979995198548
22,2026-09-07T16:13:44.167878,1000,202,DELETE,/jobs/002,404,84.62430001236498
22,2026-09-07T16:13:44.167878,1000,203,DELETE,/jobs/1000,404,86.37529995758086
22,2026-09-07T16:13:44.167878,1000,204,GET,/jobs,200,77.6025999803096
22,2026-09-07T16:13:44.167878,1000,205,GET,/jobs/002,404,77.86550000309944
22,2026-09-07T16:13:44.167878,1000,206,GET,/jobs,200,78.79520009737462
22,2026-09-07T16:13:44.167878,1000,207,GET,/jobs,200,80.62479994259775
22,2026-09-07T16:13:44.167878,1000,208,DELETE,/jobs/002,404,80.34129999577999
22,2026-09-07T16:13:44.167878,1000,209,POST,/jobs,201,123.04910004604608
22,2026-09-07T16:13:44.167878,1000,210,DELETE,/jobs/002,404,87.52770000137389
22,2026-09-07T16:13:44.167878,1000,211,POST,/jobs,201,126.04290002491325
22,2026-09-07T16:13:44.167878,1000,212,POST,/jobs,201,124.31020010262728
22,2026-09-07T16:13:44.167878,1000,213,PUT,/jobs/002,404,123.57940000947565
22,2026-09-07T16:13:44.167878,1000,214,GET,/jobs,200,76.3625999679789
22,2026-09-07T16:13:44.167878,1000,215,GET,/jobs,200,78.28809996135533
22,2026-09-07T16:13:44.167878,1000,216,PUT,/jobs/002,404,125.61660003848374
22,2026-09-07T16:13:44.167878,1000,217,GET,/jobs,200,79.34339996427298
22,2026-09-07T16:13:44.167878,1000,218,GET,/jobs,200,77.39080011378974
22,2026-09-07T16:13:44.167878,1000,219,POST,/jobs,201,120.34039990976453
22,2026-09-07T16:13:44.167878,1000,220,GET,/jobs/1000,404,79.16690001729876
22,2026-09-07T16:13:44.167878,1000,221,POST,/jobs,201,120.86399993859231
22,2026-09-07T16:13:44.167878,1000,222,PUT,/jobs/1000,404,122.09909991361201
22,2026-09-07T16:13:44.167878,1000,223,PUT,/jobs/1000,404,123.13930003438145
22,2026-09-07T16:13:44.167878,1000,224,GET,/jobs,200,78.10769998468459
22,2026-09-07T16:13:44.167878,1000,225,GET,/jobs,200,78.59630009625107
22,2026-09-07T16:13:44.167878,1000,226,GET,/jobs,200,77.94109999667853
22,2026-09-07T16:13:44.167878,1000,227,GET,/jobs/1000,404,87.32299995608628
22,2026-09-07T16:13:44.167878,1000,228,GET,/jobs,200,79.9004000145942
22,2026-09-07T16:13:44.167878,1000,229,POST,/jobs,201,119.7808999568224
22,2026-09-07T16:13:44.167878,1000,230,DELETE,/jobs/002,404,85.64669999759644
22,2026-09-07T16:13:44.167878,1000,231,PUT,/jobs/001,200,120.41919992771
22,2026-09-07T16:13:44.167878,1000,232,GET,/jobs,200,84.51690000947565
22,2026-09-07T16:13:44.167878,1000,233,POST,/jobs,201,125.7507000118494
22,2026-09-07T16:13:44.167878,1000,234,GET,/jobs,200,84.98050004709512
22,2026-09-07T16:13:44.167878,1000,235,POST,/jobs,201,126.72220007516444
22,2026-09-07T16:13:44.167878,1000,236,GET,/jobs/1000,404,86.22099994681776
22,2026-09-07T16:13:44.167878,1000,237,GET,/jobs,200,77.49389996752143
22,2026-09-07T16:13:44.167878,1000,238,POST,/jobs,201,128.18130000960082
22,2026-09-07T16:13:44.167878,1000,239,DELETE,/jobs/1000,404,81.14420005585998
22,2026-09-07T16:13:44.167878,1000,240,DELETE,/jobs/002,404,82.06130005419254
22,2026-09-07T16:13:44.167878,1000,241,GET,/jobs/001,200,129.3187999399379
22,2026-09-07T16:13:44.167878,1000,242,GET,/jobs/002,404,80.5996999843046
22,2026-09-07T16:13:44.167878,1000,243,GET,/jobs,200,80.31069999560714
22,2026-09-07T16:13:44.167878,1000,244,GET,/jobs/1000,404,81.60329994279891
22,2026-09-07T16:13:44.167878,1000,245,POST,/jobs,201,135.4554999852553
22,2026-09-07T16:13:44.167878,1000,246,PUT,/jobs/1000,404,122.41720000747591
22,2026-09-07T16:13:44.167878,1000,247,GET,/jobs/002,404,83.72490003239363
22,2026-09-07T16:13:44.167878,1000,248,GET,/jobs/1000,404,72.68930005375296
22,2026-09-07T16:13:44.167878,1000,249,GET,/jobs,200,71.87139999587089
22,2026-09-07T16:13:44.167878,1000,250,PUT,/jobs/001,200,120.99800002761185
22,2026-09-07T16:13:44.167878,1000,251,PUT,/jobs/001,200,123.15090000629425
22,2026-09-07T16:13:44.167878,1000,252,GET,/jobs/002,404,77.00650009792298
22,2026-09-07T16:13:44.167878,1000,253,POST,/jobs,201,128.34659998770803
22,2026-09-07T16:13:44.167878,1000,254,GET,/jobs/001,200,125.5770999705419
22,2026-09-07T16:13:44.167878,1000,255,GET,/jobs,200,75.01829997636378
22,2026-09-07T16:13:44.167878,1000,256,GET,/jobs/002,404,79.34359996579587
22,2026-09-07T16:13:44.167878,1000,257,POST,/jobs,201,126.03940011467785
22,2026-09-07T16:13:44.167878,1000,258,GET,/jobs,200,75.14960004482418
22,2026-09-07T16:13:44.167878,1000,259,POST,/jobs,201,127.46699992567301
22,2026-09-07T16:13:44.167878,1000,260,DELETE,/jobs/1000,404,76.38620003126562
22,2026-09-07T16:13:44.167878,1000,261,DELETE,/jobs/1000,404,80.92610002495348
22,2026-09-07T16:13:44.167878,1000,262,GET,/jobs,200,77.97820004634559
22,2026-09-07T16:13:44.167878,1000,263,GET,/jobs,200,72.61270005255938
22,2026-09-07T16:13:44.167878,1000,264,POST,/jobs,201,125.87009998969734
22,2026-09-07T16:13:44.167878,1000,265,DELETE,/jobs/1000,404,78.66960007231683
22,2026-09-07T16:13:44.167878,1000,266,GET,/jobs,200,73.31250002607703
22,2026-09-07T16:13:44.167878,1000,267,GET,/jobs,200,73.08639993425459
22,2026-09-07T16:13:44.167878,1000,268,DELETE,/jobs/1000,404,84.41540005151182
22,2026-09-07T16:13:44.167878,1000,269,POST,/jobs,201,134.71849996130913
22,2026-09-07T16:13:44.167878,1000,270,POST,/jobs,201,135.60479995794594
22,2026-09-07T16:13:44.167878,1000,271,DELETE,/jobs/002,404,83.73209997080266
22,2026-09-07T16:13:44.167878,1000,272,PUT,/jobs/1000,404,133.5095000686124
22,2026-09-07T16:13:44.167878,1000,273,GET,/jobs/002,404,84.06070002820343
22,2026-09-07T16:13:44.167878,1000,274,GET,/jobs,200,71.63289992604405
22,2026-09-07T16:13:44.167878,1000,275,PUT,/jobs/001,200,136.47419994231313
22,2026-09-07T16:13:44.167878,1000,276,DELETE,/jobs/002,404,81.77799999248236
22,2026-09-07T16:13:44.167878,1000,277,POST,/jobs,201,138.2224999833852
22,2026-09-07T16:13:44.167878,1000,278,GET,/jobs,200,80.66560002043843
22,2026-09-07T16:13:44.167878,1000,279,POST,/jobs,201,134.48480004444718
22,2026-09-07T16:13:44.167878,1000,280,POST,/jobs,201,132.87299999501556
22,2026-09-07T16:13:44.167878,1000,281,GET,/jobs,200,83.64970004186034
22,2026-09-07T16:13:44.167878,1000,282,POST,/jobs,201,137.4161000130698
22,2026-09-07T16:13:44.167878,1000,283,POST,/jobs,201,136.950199957937
22,2026-09-07T16:13:44.167878,1000,284,PUT,/jobs/002,404,135.3493999922648
22,2026-09-07T16:13:44.167878,1000,285,PUT,/jobs/1000,404,136.66980003472418
22,2026-09-07T16:13:44.167878,1000,286,POST,/jobs,201,137.36470008734614
22,2026-09-07T16:13:44.167878,1000,287,GET,/jobs/001,200,136.7928000399843
22,2026-09-07T16:13:44.167878,1000,288,PUT,/jobs/1000,404,127.94639996718615
22,2026-09-07T16:13:44.167878,1000,289,PUT,/jobs/1000,404,127.29860004037619
22,2026-09-07T16:13:44.167878,1000,290,GET,/jobs/1000,404,86.64320001844317
22,2026-09-07T16:13:44.167878,1000,291,DELETE,/jobs/1000,404,87.82769995741546
22,2026-09-07T16:13:44.167878,1000,292,PUT,/jobs/1000,404,134.45149990729988
22,2026-09-07T16:13:44.167878,1000,293,GET,/jobs,200,85.3040999500081
22,2026-09-07T16:13:44.167878,1000,294,POST,/jobs,201,134.81960003264248
22,2026-09-07T16:13:44.167878,1000,295,GET,/jobs/002,404,86.00729994941503
22,2026-09-07T16:13:44.167878,1000,296,DELETE,/jobs/1000,404,87.32060005422682
22,2026-09-07T16:13:44.167878,1000,297,PUT,/jobs/002,404,130.3786999778822
22,2026-09-07T16:13:44.167878,1000,298,PUT,/jobs/1000,404,132.44269997812808
22,2026-09-07T16:13:44.167878,1000,299,GET,/jobs/1000,404,90.71070002391934
22,2026-09-07T16:13:44.167878,1000,300,PUT,/jobs/1000,404,131.02830003481358
22,2026-09-07T16:13:44.167878,1000,301,GET,/jobs/1000,404,90.29620001092553
22,2026-09-07T16:13:44.167878,1000,302,GET,/jobs,200,83.05550005752593
22,2026-09-07T16:13:44.167878,1000,303,POST,/jobs,201,138.67730007041246
22,2026-09-07T16:13:44.167878,1000,304,DELETE,/jobs/1000,404,94.11619999445975
22,2026-09-07T16:13:44.167878,1000,305,GET,/jobs,200,93.58729992527515
22,2026-09-07T16:13:44.167878,1000,306,GET,/jobs/1000,404,95.57499992661178
22,2026-09-07T16:13:44.167878,1000,307,POST,/jobs,201,146.80610003415495
22,2026-09-07T16:13:44.167878,1000,308,GET,/jobs/001,200,150.0870999880135
22,2026-09-07T16:13:44.167878,1000,309,GET,/jobs,200,92.14010008145124
22,2026-09-07T16:13:44.167878,1000,310,GET,/jobs,200,91.08459996059537
22,2026-09-07T16:13:44.167878,1000,311,GET,/jobs/002,404,96.37940011452883
22,2026-09-07T16:13:44.167878,1000,312,DELETE,/jobs/002,404,93.48489996045828
22,2026-09-07T16:13:44.167878,1000,313,PUT,/jobs/002,404,136.12229994032532
22,2026-09-07T16:13:44.167878,1000,314,DELETE,/jobs/002,404,95.20310000516474
22,2026-09-07T16:13:44.167878,1000,315,PUT,/jobs/002,404,136.06659998185933
22,2026-09-07T16:13:44.167878,1000,316,PUT,/jobs/001,200,136.4596999483183
22,2026-09-07T16:13:44.167878,1000,317,GET,/jobs/1000,404,92.75090007577091
22,2026-09-07T16:13:44.167878,1000,318,GET,/jobs,200,93.6869999859482
22,2026-09-07T16:13:44.167878,1000,319,GET,/jobs,200,82.99300004728138
22,2026-09-07T16:13:44.167878,1000,320,PUT,/jobs/001,200,144.39609996043146
22,2026-09-07T16:13:44.167878,1000,321,GET,/jobs/1000,404,94.44390004500747
22,2026-09-07T16:13:44.167878,1000,322,DELETE,/jobs/1000,404,94.71079998183995
22,2026-09-07T16:13:44.167878,1000,323,GET,/jobs,200,86.30180009640753
22,2026-09-07T16:13:44.167878,1000,324,DELETE,/jobs/002,404,102.13280003517866
22,2026-09-07T16:13:44.167878,1000,325,GET,/jobs,200,90.56179993785918
22,2026-09-07T16:13:44.167878,1000,326,PUT,/jobs/001,200,149.0458999760449
22,2026-09-07T16:13:44.167878,1000,327,PUT,/jobs/1000,404,149.5732000330463
22,2026-09-07T16:13:44.167878,1000,328,DELETE,/jobs/1000,404,102.37420001067221
22,2026-09-07T16:13:44.167878,1000,329,PUT,/jobs/1000,404,156.51659993454814
22,2026-09-07T16:13:44.167878,1000,330,DELETE,/jobs/1000,404,104.21030002180487
22,2026-09-07T16:13:44.167878,1000,331,DELETE,/jobs/1000,404,103.096800041385
22,2026-09-07T16:13:44.167878,1000,332,GET,/jobs/1000,404,95.11310001835227
22,2026-09-07T16:13:44.167878,1000,333,PUT,/jobs/002,404,160.38510005455464
22,2026-09-07T16:13:44.167878,1000,334,POST,/jobs,201,155.2966000745073
22,2026-09-07T16:13:44.167878,1000,335,GET,/jobs/1000,404,101.06630006339401
22,2026-09-07T16:13:44.167878,1000,336,POST,/jobs,201,154.8546999692917
22,2026-09-07T16:13:44.167878,1000,337,DELETE,/jobs/1000,404,102.6831999188289
22,2026-09-07T16:13:44.167878,1000,338,GET,/jobs/002,404,103.86320005636662
22,2026-09-07T16:13:44.167878,1000,339,PUT,/jobs/001,200,156.50580008514225
22,2026-09-07T16:13:44.167878,1000,340,POST,/jobs,201,174.75060001015663
22,2026-09-07T16:13:44.167878,1000,341,POST,/jobs,201,174.107400001958
22,2026-09-07T16:13:44.167878,1000,342,POST,/jobs,201,162.40839997772127
22,2026-09-07T16:13:44.167878,1000,343,GET,/jobs,200,91.3293999619782
22,2026-09-07T16:13:44.167878,1000,344,GET,/jobs/001,200,175.45219999738038
22,2026-09-07T16:13:44.167878,1000,345,GET,/jobs/002,404,103.90510002616793
22,2026-09-07T16:13:44.167878,1000,346,GET,/jobs/1000,404,102.26620000321418
22,2026-09-07T16:13:44.167878,1000,347,GET,/jobs/001,200,175.03869999200106
22,2026-09-07T16:13:44.167878,1000,348,PUT,/jobs/002,404,160.9732999932021
22,2026-09-07T16:13:44.167878,1000,349,POST,/jobs,201,161.89400001894683
22,2026-09-07T16:13:44.167878,1000,350,PUT,/jobs/002,404,162.32680005487055
22,2026-09-07T16:13:44.167878,1000,351,GET,/jobs,200,91.44570003263652
22,2026-09-07T16:13:44.167878,1000,352,GET,/jobs/002,404,96.76389989908785
22,2026-09-07T16:13:44.167878,1000,353,PUT,/jobs/1000,404,168.59299992211163
22,2026-09-07T16:13:44.167878,1000,354,GET,/jobs,200,97.37029997631907
22,2026-09-07T16:13:44.167878,1000,355,DELETE,/jobs/1000,404,110.70660001132637
22,2026-09-07T16:13:44.167878,1000,356,PUT,/jobs/001,200,169.62040006183088
22,2026-09-07T16:13:44.167878,1000,357,POST,/jobs,201,166.83650005143136
22,2026-09-07T16:13:44.167878,1000,358,PUT,/jobs/002,404,164.29490002337843
22,2026-09-07T16:13:44.167878,1000,359,DELETE,/jobs/002,404,111.56049999408424
22,2026-09-07T16:13:44.167878,1000,360,PUT,/jobs/001,200,166.5924999397248
22,2026-09-07T16:13:44.167878,1000,361,POST,/jobs,201,166.26770002767444
22,2026-09-07T16:13:44.167878,1000,362,PUT,/jobs/001,200,173.32710011396557
22,2026-09-07T16:13:44.167878,1000,363,PUT,/jobs/002,404,166.0501998849213
22,2026-09-07T16:13:44.167878,1000,364,PUT,/jobs/1000,404,167.2639000462368
22,2026-09-07T16:13:44.167878,1000,365,GET,/jobs/002,404,112.64840001240373
22,2026-09-07T16:13:44.167878,1000,366,GET,/jobs/1000,404,103.84250001516193
22,2026-09-07T16:13:44.167878,1000,367,DELETE,/jobs/002,404,102.78940002899617
22,2026-09-07T16:13:44.167878,1000,368,PUT,/jobs/1000,404,165.250200079754
22,2026-09-07T16:13:44.167878,1000,369,DELETE,/jobs/002,404,120.25689997244626
22,2026-09-07T16:13:44.167878,1000,370,GET,/jobs,200,101.3325999956578
22,2026-09-07T16:13:44.167878,1000,371,PUT,/jobs/001,200,170.61839997768402
22,2026-09-07T16:13:44.167878,1000,372,PUT,/jobs/001,200,171.94199992809445
22,2026-09-07T16:13:44.167878,1000,373,GET,/jobs,200,110.03119999077171
22,2026-09-07T16:13:44.167878,1000,374,POST,/jobs,201,180.36110000684857
22,2026-09-07T16:13:44.167878,1000,375,POST,/jobs,201,173.899200046435
22,2026-09-07T16:13:44.167878,1000,376,PUT,/jobs/002,404,172.51519998535514
22,2026-09-07T16:13:44.167878,1000,377,POST,/jobs,201,180.624199914746
22,2026-09-07T16:13:44.167878,1000,378,PUT,/jobs/002,404,169.79419998824596
22,2026-09-07T16:13:44.167878,1000,379,PUT,/jobs/002,404,166.084700031206
22,2026-09-07T16:13:44.167878,1000,380,GET,/jobs,200,113.67150000296533
22,2026-09-07T16:13:44.167878,1000,381,PUT,/jobs/001,200,166.7551000136882
22,2026-09-07T16:13:44.167878,1000,382,DELETE,/jobs/002,404,118.34899999666959
22,2026-09-07T16:13:44.167878,1000,383,POST,/jobs,201,178.6135999718681
22,2026-09-07T16:13:44.167878,1000,384,GET,/jobs,200,111.45109997596592
22,2026-09-07T16:13:44.167878,1000,385,GET,/jobs,200,108.73800003901124
22,2026-09-07T16:13:44.167878,1000,386,GET,/jobs,200,109.31889992207289
22,2026-09-07T16:13:44.167878,1000,387,GET,/jobs/001,200,178.8683000486344
22,2026-09-07T16:13:44.167878,1000,388,GET,/jobs,200,110.6290000025183
22,2026-09-07T16:13:44.167878,1000,389,DELETE,/jobs/002,404,112.74420004338026
22,2026-09-07T16:13:44.167878,1000,390,GET,/jobs/001,200,181.4271000912413
22,2026-09-07T16:13:44.167878,1000,391,PUT,/jobs/1000,404,177.88650002330542
22,2026-09-07T16:13:44.167878,1000,392,GET,/jobs,200,110.43600004632026
22,2026-09-07T16:13:44.167878,1000,393,DELETE,/jobs/002,404,113.70739992707968
22,2026-09-07T16:13:44.167878,1000,394,PUT,/jobs/1000,404,184.94530010502785
22,2026-09-07T16:13:44.167878,1000,395,POST,/jobs,201,186.67129997629672
22,2026-09-07T16:13:44.167878,1000,396,POST,/jobs,201,185.78429997432977
22,2026-09-07T16:13:44.167878,1000,397,DELETE,/jobs/002,404,122.05870007164776
22,2026-09-07T16:13:44.167878,1000,398,GET,/jobs/002,404,122.3448000382632
22,2026-09-07T16:13:44.167878,1000,399,GET,/jobs,200,108.18089998792857
22,2026-09-07T16:13:44.167878,1000,400,DELETE,/jobs/002,404,120.85599999409169
22,2026-09-07T16:13:44.167878,1000,401,POST,/jobs,201,186.61910004448146
22,2026-09-07T16:13:44.167878,1000,402,PUT,/jobs/002,404,185.45840005390346
22,2026-09-07T16:13:44.167878,1000,403,GET,/jobs/001,200,188.73149994760752
22,2026-09-07T16:13:44.167878,1000,404,DELETE,/jobs/002,404,121.4768000645563
22,2026-09-07T16:13:44.167878,1000,405,GET,/jobs,200,113.18979994393885
22,2026-09-07T16:13:44.167878,1000,406,POST,/jobs,201,187.69200006499887
22,2026-09-07T16:13:44.167878,1000,407,DELETE,/jobs/002,404,121.70340004377067
22,2026-09-07T16:13:44.167878,1000,408,DELETE,/jobs/002,404,122.04699998255819
22,2026-09-07T16:13:44.167878,1000,409,POST,/jobs,201,188.6846999404952
22,2026-09-07T16:13:44.167878,1000,410,PUT,/jobs/1000,404,186.41139997635037
22,2026-09-07T16:13:44.167878,1000,411,POST,/jobs,201,188.9208999928087
22,2026-09-07T16:13:44.167878,1000,412,DELETE,/jobs/1000,404,117.49169998802245
22,2026-09-07T16:13:44.167878,1000,413,GET,/jobs,200,109.38569996505976
22,2026-09-07T16:13:44.167878,1000,414,PUT,/jobs/002,404,187.1497998945415
22,2026-09-07T16:13:44.167878,1000,415,GET,/jobs,200,110.92919996008277
22,2026-09-07T16:13:44.167878,1000,416,PUT,/jobs/002,404,185.13070000335574
22,2026-09-07T16:13:44.167878,1000,417,PUT,/jobs/1000,404,186.1157000530511
22,2026-09-07T16:13:44.167878,1000,418,GET,/jobs/002,404,123.97640000563115
22,2026-09-07T16:13:44.167878,1000,419,GET,/jobs/1000,404,125.91249996330589
22,2026-09-07T16:13:44.167878,1000,420,DELETE,/jobs/1000,404,124.36899996828288
22,2026-09-07T16:13:44.167878,1000,421,DELETE,/jobs/1000,404,123.15669993404299
22,2026-09-07T16:13:44.167878,1000,422,PUT,/jobs/002,404,185.7305000303313
22,2026-09-07T16:13:44.167878,1000,423,DELETE,/jobs/1000,404,125.3461999585852
22,2026-09-07T16:13:44.167878,1000,424,POST,/jobs,201,184.1569000389427
22,2026-09-07T16:13:44.167878,1000,425,GET,/jobs/001,200,198.51010001730174
22,2026-09-07T16:13:44.167878,1000,426,POST,/jobs,201,183.8133999845013
22,2026-09-07T16:13:44.167878,1000,427,GET,/jobs/002,404,131.84689998161048
22,2026-09-07T16:13:44.167878,1000,428,DELETE,/jobs/1000,404,129.9964999780059
22,2026-09-07T16:13:44.167878,1000,429,POST,/jobs,201,195.76699996832758
22,2026-09-07T16:13:44.167878,1000,430,PUT,/jobs/002,404,184.35029999818653
22,2026-09-07T16:13:44.167878,1000,431,GET,/jobs/002,404,134.04329994227737
22,2026-09-07T16:13:44.167878,1000,432,GET,/jobs/002,404,118.8687999965623
22,2026-09-07T16:13:44.167878,1000,433,POST,/jobs,201,186.92260002717376
22,2026-09-07T16:13:44.167878,1000,434,POST,/jobs,201,184.8388999933377
22,2026-09-07T16:13:44.167878,1000,435,POST,/jobs,201,185.6776000931859
22,2026-09-07T16:13:44.167878,1000,436,GET,/jobs,200,117.75510001461953
22,2026-09-07T16:13:44.167878,1000,437,DELETE,/jobs/002,404,130.58830006048083
22,2026-09-07T16:13:44.167878,1000,438,GET,/jobs,200,119.75330009590834
22,2026-09-07T16:13:44.167878,1000,439,GET,/jobs/1000,404,130.10499998927116
22,2026-09-07T16:13:44.167878,1000,440,PUT,/jobs/002,404,178.0307999579236
22,2026-09-07T16:13:44.167878,1000,441,DELETE,/jobs/002,404,125.95939997117966
22,2026-09-07T16:13:44.167878,1000,442,PUT,/jobs/1000,404,176.43330001737922
22,2026-09-07T16:13:44.167878,1000,443,PUT,/jobs/002,404,178.33829997107387
22,2026-09-07T16:13:44.167878,1000,444,GET,/jobs,200,119.247299968265
22,2026-09-07T16:13:44.167878,1000,445,GET,/jobs,200,120.46990008093417
22,2026-09-07T16:13:44.167878,1000,446,POST,/jobs,201,187.39169999025762
22,2026-09-07T16:13:44.167878,1000,447,PUT,/jobs/1000,404,176.47720000240952
22,2026-09-07T16:13:44.167878,1000,448,GET,/jobs/002,404,127.08549993112683
22,2026-09-07T16:13:44.167878,1000,449,DELETE,/jobs/1000,404,128.6967999767512
22,2026-09-07T16:13:44.167878,1000,450,PUT,/jobs/1000,404,179.18479989748448
22,2026-09-07T16:13:44.167878,1000,451,DELETE,/jobs/1000,404,126.30240002181381
22,2026-09-07T16:13:44.167878,1000,452,PUT,/jobs/1000,404,180.5857999715954
22,2026-09-07T16:13:44.167878,1000,453,DELETE,/jobs/1000,404,126.54249998740852
22,2026-09-07T16:13:44.167878,1000,454,POST,/jobs,201,180.29930000193417
22,2026-09-07T16:13:44.167878,1000,455,PUT,/jobs/002,404,179.17410004884005
22,2026-09-07T16:13:44.167878,1000,456,POST,/jobs,201,178.51630004588515
22,2026-09-07T16:13:44.167878,1000,457,GET,/jobs/001,200,181.6120999865234
22,2026-09-07T16:13:44.167878,1000,458,GET,/jobs/002,404,129.3527000816539
22,2026-09-07T16:13:44.167878,1000,459,GET,/jobs,200,127.77219992130995
22,2026-09-07T16:13:44.167878,1000,460,DELETE,/jobs/002,404,128.53580003138632
22,2026-09-07T16:13:44.167878,1000,461,GET,/jobs/001,200,180.76880008447915
22,2026-09-07T16:13:44.167878,1000,462,PUT,/jobs/002,404,179.6332000521943
22,2026-09-07T16:13:44.167878,1000,463,DELETE,/jobs/1000,404,121.18809996172786
22,2026-09-07T16:13:44.167878,1000,464,GET,/jobs,200,124.08029998186976
22,2026-09-07T16:13:44.167878,1000,465,GET,/jobs/002,404,121.61879998166114
22,2026-09-07T16:13:44.167878,1000,466,GET,/jobs/002,404,117.67669999971986
22,2026-09-07T16:13:44.167878,1000,467,GET,/jobs/002,404,125.27149997185916
22,2026-09-07T16:13:44.167878,1000,468,GET,/jobs,200,109.48169999755919
22,2026-09-07T16:13:44.167878,1000,469,DELETE,/jobs/002,404,119.95719990227371
22,2026-09-07T16:13:44.167878,1000,470,POST,/jobs,201,159.31590006221086
22,2026-09-07T16:13:44.167878,1000,471,GET,/jobs,200,116.88039998989552
22,2026-09-07T16:13:44.167878,1000,472,DELETE,/jobs/1000,404,119.8152001015842
22,2026-09-07T16:13:44.167878,1000,473,GET,/jobs/1000,404,116.38449993915856
22,2026-09-07T16:13:44.167878,1000,474,PUT,/jobs/001,200,162.8459000494331
22,2026-09-07T16:13:44.167878,1000,475,GET,/jobs,200,115.57460005860776
22,2026-09-07T16:13:44.167878,1000,476,DELETE,/jobs/1000,404,117.22100002225488
22,2026-09-07T16:13:44.167878,1000,477,PUT,/jobs/002,404,161.3804999506101
22,2026-09-07T16:13:44.167878,1000,478,PUT,/jobs/002,404,159.84179999213666
22,2026-09-07T16:13:44.167878,1000,479,GET,/jobs/001,200,170.5864000832662
22,2026-09-07T16:13:44.167878,1000,480,POST,/jobs,201,160.7298000017181
22,2026-09-07T16:13:44.167878,1000,481,PUT,/jobs/001,200,161.31770005449653
22,2026-09-07T16:13:44.167878,1000,482,GET,/jobs,200,114.8795000044629
22,2026-09-07T16:13:44.167878,1000,483,PUT,/jobs/002,404,148.29189993906766
22,2026-09-07T16:13:44.167878,1000,484,GET,/jobs,200,98.42299995943904
22,2026-09-07T16:13:44.167878,1000,485,DELETE,/jobs/002,404,106.04809992946684
22,2026-09-07T16:13:44.167878,1000,486,GET,/jobs/001,200,150.4288000287488
22,2026-09-07T16:13:44.167878,1000,487,DELETE,/jobs/1000,404,106.71339998953044
22,2026-09-07T16:13:44.167878,1000,488,GET,/jobs,200,100.6739999866113
22,2026-09-07T16:13:44.167878,1000,489,GET,/jobs/001,200,151.121599948965
22,2026-09-07T16:13:44.167878,1000,490,DELETE,/jobs/1000,404,104.65259989723563
22,2026-09-07T16:13:44.167878,1000,491,DELETE,/jobs/002,404,103.87460002675653
22,2026-09-07T16:13:44.167878,1000,492,DELETE,/jobs/1000,404,105.68509995937347
22,2026-09-07T16:13:44.167878,1000,493,PUT,/jobs/002,404,147.3416000371799
22,2026-09-07T16:13:44.167878,1000,494,POST,/jobs,201,150.07420000620186
22,2026-09-07T16:13:44.167878,1000,495,DELETE,/jobs/1000,404,105.22359993774444
22,2026-09-07T16:13:44.167878,1000,496,POST,/jobs,201,146.0296999430284
22,2026-09-07T16:13:44.167878,1000,497,DELETE,/jobs/002,404,100.11980007402599
22,2026-09-07T16:13:44.167878,1000,498,DELETE,/jobs/002,404,96.6342999599874
22,2026-09-07T16:13:44.167878,1000,499,GET,/jobs/1000,404,100.58369999751449
22,2026-09-07T16:13:44.167878,1000,500,GET,/jobs/002,404,98.18849992007017
22,2026-09-07T16:13:44.167878,1000,501,GET,/jobs,200,91.00219991523772
22,2026-09-07T16:13:44.167878,1000,502,GET,/jobs/001,200,148.80880003329366
22,2026-09-07T16:13:44.167878,1000,503,GET,/jobs/1000,404,97.04400005284697
22,2026-09-07T16:13:44.167878,1000,504,GET,/jobs,200,90.02879995387048
22,2026-09-07T16:13:44.167878,1000,505,GET,/jobs/001,200,148.8749000709504
22,2026-09-07T16:13:44.167878,1000,506,PUT,/jobs/002,404,134.77869995404035
22,2026-09-07T16:13:44.167878,1000,507,DELETE,/jobs/1000,404,92.49189996626228
22,2026-09-07T16:13:44.167878,1000,508,POST,/jobs,201,136.87339995522052
22,2026-09-07T16:13:44.167878,1000,509,GET,/jobs/002,404,92.17249997891486
22,2026-09-07T16:13:44.167878,1000,510,POST,/jobs,201,135.9882999677211
22,2026-09-07T16:13:44.167878,1000,511,PUT,/jobs/001,200,137.02979998197407
22,2026-09-07T16:13:44.167878,1000,512,GET,/jobs/002,404,99.07450003083795
22,2026-09-07T16:13:44.167878,1000,513,DELETE,/jobs/002,404,96.23969998210669
22,2026-09-07T16:13:44.167878,1000,514,PUT,/jobs/001,200,141.60820003598928
22,2026-09-07T16:13:44.167878,1000,515,DELETE,/jobs/002,404,96.71610000077635
22,2026-09-07T16:13:44.167878,1000,516,GET,/jobs/002,404,97.1827000612393
22,2026-09-07T16:13:44.167878,1000,517,GET,/jobs/001,200,145.14549996238202
22,2026-09-07T16:13:44.167878,1000,518,GET,/jobs,200,96.69259993825108
22,2026-09-07T16:13:44.167878,1000,519,GET,/jobs/002,404,97.7437999099493
22,2026-09-07T16:13:44.167878,1000,520,DELETE,/jobs/1000,404,95.78299999702722
22,2026-09-07T16:13:44.167878,1000,521,PUT,/jobs/001,200,136.38989999890327
22,2026-09-07T16:13:44.167878,1000,522,PUT,/jobs/1000,404,143.30579992383718
22,2026-09-07T16:13:44.167878,1000,523,POST,/jobs,201,132.13309994898736
22,2026-09-07T16:13:44.167878,1000,524,PUT,/jobs/002,404,145.16080007888377
22,2026-09-07T16:13:44.167878,1000,525,DELETE,/jobs/1000,404,89.38350004609674
22,2026-09-07T16:13:44.167878,1000,526,PUT,/jobs/001,200,143.76060001086444
22,2026-09-07T16:13:44.167878,1000,527,DELETE,/jobs/002,404,89.10600002855062
22,2026-09-07T16:13:44.167878,1000,528,PUT,/jobs/1000,404,142.35829992685467
22,2026-09-07T16:13:44.167878,1000,529,POST,/jobs,201,142.7148999646306
22,2026-09-07T16:13:44.167878,1000,530,POST,/jobs,201,141.320800059475
22,2026-09-07T16:13:44.167878,1000,531,GET,/jobs,200,77.45830004569143
22,2026-09-07T16:13:44.167878,1000,532,GET,/jobs/1000,404,87.70689996890724
22,2026-09-07T16:13:44.167878,1000,533,DELETE,/jobs/002,404,78.45779997296631
22,2026-09-07T16:13:44.167878,1000,534,POST,/jobs,201,140.97189996391535
22,2026-09-07T16:13:44.167878,1000,535,GET,/jobs,200,77.63850002083927
22,2026-09-07T16:13:44.167878,1000,536,GET,/jobs/002,404,88.09179998934269
22,2026-09-07T16:13:44.167878,1000,537,DELETE,/jobs/1000,404,90.43899993412197
22,2026-09-07T16:13:44.167878,1000,538,POST,/jobs,201,141.76839997526258
22,2026-09-07T16:13:44.167878,1000,539,DELETE,/jobs/1000,404,87.83029997721314
22,2026-09-07T16:13:44.167878,1000,540,PUT,/jobs/001,200,134.7007000586018
22,2026-09-07T16:13:44.167878,1000,541,PUT,/jobs/002,404,143.9148000208661
22,2026-09-07T16:13:44.167878,1000,542,PUT,/jobs/002,404,142.07289996556938
22,2026-09-07T16:13:44.167878,1000,543,POST,/jobs,201,142.40330003667623
22,2026-09-07T16:13:44.167878,1000,544,GET,/jobs,200,92.80430001672357
22,2026-09-07T16:13:44.167878,1000,545,GET,/jobs/002,404,93.29859993886203
22,2026-09-07T16:13:44.167878,1000,546,PUT,/jobs/1000,404,137.17610004823655
22,2026-09-07T16:13:44.167878,1000,547,PUT,/jobs/002,404,136.17780001368374
22,2026-09-07T16:13:44.167878,1000,548,PUT,/jobs/1000,404,145.79760003834963
22,2026-09-07T16:13:44.167878,1000,549,GET,/jobs,200,91.53710003010929
22,2026-09-07T16:13:44.167878,1000,550,PUT,/jobs/001,200,136.0949999652803
22,2026-09-07T16:13:44.167878,1000,551,POST,/jobs,201,139.83869994990528
22,2026-09-07T16:13:44.167878,1000,552,POST,/jobs,201,141.6769000934437
22,2026-09-07T16:13:44.167878,1000,553,PUT,/jobs/1000,404,137.17249990440905
22,2026-09-07T16:13:44.167878,1000,554,GET,/jobs,200,91.24410001095384
22,2026-09-07T16:13:44.167878,1000,555,DELETE,/jobs/1000,404,92.10220002569258
22,2026-09-07T16:13:44.167878,1000,556,PUT,/jobs/001,200,138.32359993830323
22,2026-09-07T16:13:44.167878,1000,557,GET,/jobs/1000,404,91.71509998850524
22,2026-09-07T16:13:44.167878,1000,558,POST,/jobs,201,138.2757000392303
22,2026-09-07T16:13:44.167878,1000,559,PUT,/jobs/1000,404,136.78950001485646
22,2026-09-07T16:13:44.167878,1000,560,PUT,/jobs/001,200,141.05069998186082
22,2026-09-07T16:13:44.167878,1000,561,GET,/jobs/002,404,91.6706999996677
22,2026-09-07T16:13:44.167878,1000,562,DELETE,/jobs/002,404,91.51699999347329
22,2026-09-07T16:13:44.167878,1000,563,POST,/jobs,201,152.5137999560684
22,2026-09-07T16:13:44.167878,1000,564,PUT,/jobs/001,200,156.25300002284348
22,2026-09-07T16:13:44.167878,1000,565,GET,/jobs,200,84.01540003251284
22,2026-09-07T16:13:44.167878,1000,566,DELETE,/jobs/002,404,97.11500001139939
22,2026-09-07T16:13:44.167878,1000,567,GET,/jobs/002,404,93.73119997326285
22,2026-09-07T16:13:44.167878,1000,568,DELETE,/jobs/002,404,92.54470001906157
22,2026-09-07T16:13:44.167878,1000,569,DELETE,/jobs/1000,404,99.92629999760538
22,2026-09-07T16:13:44.167878,1000,570,GET,/jobs,200,97.92870003730059
22,2026-09-07T16:13:44.167878,1000,571,GET,/jobs/001,200,167.35140001401305
22,2026-09-07T16:13:44.167878,1000,572,PUT,/jobs/001,200,153.19719992112368
22,2026-09-07T16:13:44.167878,1000,573,GET,/jobs/002,404,98.40709995478392
22,2026-09-07T16:13:44.167878,1000,574,POST,/jobs,201,151.72970003914088
22,2026-09-07T16:13:44.167878,1000,575,POST,/jobs,201,153.89289997983724
22,2026-09-07T16:13:44.167878,1000,576,PUT,/jobs/002,404,150.77730000484735
22,2026-09-07T16:13:44.167878,1000,577,GET,/jobs/002,404,98.01910002715886
22,2026-09-07T16:13:44.167878,1000,578,DELETE,/jobs/002,404,96.93489992059767
22,2026-09-07T16:13:44.167878,1000,579,PUT,/jobs/001,200,158.93539995886385
22,2026-09-07T16:13:44.167878,1000,580,DELETE,/jobs/002,404,97.08259999752045
22,2026-09-07T16:13:44.167878,1000,581,GET,/jobs,200,88.13950000330806
22,2026-09-07T16:13:44.167878,1000,582,POST,/jobs,201,154.07809999305755
22,2026-09-07T16:13:44.167878,1000,583,PUT,/jobs/002,404,159.6853999653831
22,2026-09-07T16:13:44.167878,1000,584,DELETE,/jobs/1000,404,98.28499995637685
22,2026-09-07T16:13:44.167878,1000,585,GET,/jobs,200,89.58719996735454
22,2026-09-07T16:13:44.167878,1000,586,POST,/jobs,201,172.6746999192983
22,2026-09-07T16:13:44.167878,1000,587,POST,/jobs,201,154.26330000627786
22,2026-09-07T16:13:44.167878,1000,588,DELETE,/jobs/1000,404,97.22739993594587
22,2026-09-07T16:13:44.167878,1000,589,GET,/jobs/002,404,98.00750005524606
22,2026-09-07T16:13:44.167878,1000,590,DELETE,/jobs/1000,404,98.17370004020631
22,2026-09-07T16:13:44.167878,1000,591,POST,/jobs,201,157.77960000559688
22,2026-09-07T16:13:44.167878,1000,592,DELETE,/jobs/1000,404,97.56959998048842
22,2026-09-07T16:13:44.167878,1000,593,PUT,/jobs/002,404,157.057199976407
22,2026-09-07T16:13:44.167878,1000,594,GET,/jobs/1000,404,104.14449998643249
22,2026-09-07T16:13:44.167878,1000,595,GET,/jobs/1000,404,109.79010001756251
22,2026-09-07T16:13:44.167878,1000,596,PUT,/jobs/001,200,178.48499992396683
22,2026-09-07T16:13:44.167878,1000,597,PUT,/jobs/001,200,181.58600002061576
22,2026-09-07T16:13:44.167878,1000,598,POST,/jobs,201,179.9131000880152
22,2026-09-07T16:13:44.167878,1000,599,PUT,/jobs/1000,404,181.9743000669405
22,2026-09-07T16:13:44.167878,1000,600,PUT,/jobs/002,404,178.7395999999717
22,2026-09-07T16:13:44.167878,1000,601,GET,/jobs/002,404,109.51380000915378
22,2026-09-07T16:13:44.167878,1000,602,GET,/jobs,200,108.3937999792397
22,2026-09-07T16:13:44.167878,1000,603,GET,/jobs/1000,404,110.04500009585172
22,2026-09-07T16:13:44.167878,1000,604,DELETE,/jobs/1000,404,110.14060000889003
22,2026-09-07T16:13:44.167878,1000,605,GET,/jobs,200,107.87710000295192
22,2026-09-07T16:13:44.167878,1000,606,PUT,/jobs/001,200,171.49869992863387
22,2026-09-07T16:13:44.167878,1000,607,DELETE,/jobs/1000,404,101.7877000849694
22,2026-09-07T16:13:44.167878,1000,608,GET,/jobs,200,96.95110004395247
22,2026-09-07T16:13:44.167878,1000,609,GET,/jobs/002,404,98.94870000425726
22,2026-09-07T16:13:44.167878,1000,610,GET,/jobs/001,200,168.8998999306932
22,2026-09-07T16:13:44.167878,1000,611,PUT,/jobs/002,404,167.54900000523776
22,2026-09-07T16:13:44.167878,1000,612,POST,/jobs,201,167.81019989866763
22,2026-09-07T16:13:44.167878,1000,613,PUT,/jobs/1000,404,172.03200003132224
22,2026-09-07T16:13:44.167878,1000,614,GET,/jobs,200,98.49650005344301
22,2026-09-07T16:13:44.167878,1000,615,POST,/jobs,201,170.00500007998198
22,2026-09-07T16:13:44.167878,1000,616,DELETE,/jobs/1000,404,105.90149997733533
22,2026-09-07T16:13:44.167878,1000,617,POST,/jobs,201,177.19640000723302
22,2026-09-07T16:13:44.167878,1000,618,PUT,/jobs/1000,404,177.7888999786228
22,2026-09-07T16:13:44.167878,1000,619,GET,/jobs,200,103.58189989347011
22,2026-09-07T16:13:44.167878,1000,620,DELETE,/jobs/002,404,110.1683999877423
22,2026-09-07T16:13:44.167878,1000,621,GET,/jobs/1000,404,107.2837000247091
22,2026-09-07T16:13:44.167878,1000,622,POST,/jobs,201,181.69750005472451
22,2026-09-07T16:13:44.167878,1000,623,GET,/jobs,200,113.01990004722029
22,2026-09-07T16:13:44.167878,1000,624,PUT,/jobs/001,200,182.66990000847727
22,2026-09-07T16:13:44.167878,1000,625,GET,/jobs,200,109.27420004736632
22,2026-09-07T16:13:44.167878,1000,626,PUT,/jobs/001,200,180.13540003448725
22,2026-09-07T16:13:44.167878,1000,627,POST,/jobs,201,181.21259997133166
22,2026-09-07T16:13:44.167878,1000,628,GET,/jobs,200,123.0493999319151
22,2026-09-07T16:13:44.167878,1000,629,POST,/jobs,201,193.53050005156547
22,2026-09-07T16:13:44.167878,1000,630,GET,/jobs,200,115.25610007811338
22,2026-09-07T16:13:44.167878,1000,631,POST,/jobs,201,189.23409993294626
22,2026-09-07T16:13:44.167878,1000,632,POST,/jobs,201,182.08519998006523
22,2026-09-07T16:13:44.167878,1000,633,GET,/jobs/001,200,204.11669998429716
22,2026-09-07T16:13:44.167878,1000,634,DELETE,/jobs/1000,404,133.25080007780343
22,2026-09-07T16:13:44.167878,1000,635,DELETE,/jobs/002,404,116.78260006010532
22,2026-09-07T16:13:44.167878,1000,636,GET,/jobs/001,200,203.57599994167686
22,2026-09-07T16:13:44.167878,1000,637,GET,/jobs,200,113.86239994317293
22,2026-09-07T16:13:44.167878,1000,638,DELETE,/jobs/1000,404,132.31749995611608
22,2026-09-07T16:13:44.167878,1000,639,DELETE,/jobs/002,404,115.01750000752509
22,2026-09-07T16:13:44.167878,1000,640,PUT,/jobs/1000,404,191.43210002221167
22,2026-09-07T16:13:44.167878,1000,641,GET,/jobs/001,200,182.4239999987185
22,2026-09-07T16:13:44.167878,1000,642,PUT,/jobs/1000,404,190.89189998339862
22,2026-09-07T16:13:44.167878,1000,643,POST,/jobs,201,183.56589996255934
22,2026-09-07T16:13:44.167878,1000,644,POST,/jobs,201,191.2116000894457
22,2026-09-07T16:13:44.167878,1000,645,GET,/jobs,200,113.50849992595613
22,2026-09-07T16:13:44.167878,1000,646,PUT,/jobs/002,404,191.9078000355512
22,2026-09-07T16:13:44.167878,1000,647,DELETE,/jobs/002,404,115.33529998268932
22,2026-09-07T16:13:44.167878,1000,648,GET,/jobs,200,123.03299992345273
22,2026-09-07T16:13:44.167878,1000,649,PUT,/jobs/002,404,186.0541000496596
22,2026-09-07T16:13:44.167878,1000,650,DELETE,/jobs/1000,404,132.13879999238998
22,2026-09-07T16:13:44.167878,1000,651,PUT,/jobs/1000,404,185.18250004854053
22,2026-09-07T16:13:44.167878,1000,652,POST,/jobs,201,182.11449997033924
22,2026-09-07T16:13:44.167878,1000,653,POST,/jobs,201,188.5984999826178
22,2026-09-07T16:13:44.167878,1000,654,PUT,/jobs/002,404,182.1528000291437
22,2026-09-07T16:13:44.167878,1000,655,GET,/jobs,200,124.18479996267706
22,2026-09-07T16:13:44.167878,1000,656,GET,/jobs/002,404,123.83459997363389
22,2026-09-07T16:13:44.167878,1000,657,DELETE,/jobs/1000,404,126.54890003614128
22,2026-09-07T16:13:44.167878,1000,658,DELETE,/jobs/1000,404,130.20010001491755
22,2026-09-07T16:13:44.167878,1000,659,POST,/jobs,201,182.6110000256449
22,2026-09-07T16:13:44.167878,1000,660,PUT,/jobs/002,404,187.5179000198841
22,2026-09-07T16:13:44.167878,1000,661,GET,/jobs,200,117.70439997781068
22,2026-09-07T16:13:44.167878,1000,662,DELETE,/jobs/002,404,125.10159995872527
22,2026-09-07T16:13:44.167878,1000,663,DELETE,/jobs/1000,404,128.5624000011012
22,2026-09-07T16:13:44.167878,1000,664,POST,/jobs,201,181.67560000438243
22,2026-09-07T16:13:44.167878,1000,665,GET,/jobs/1000,404,127.53040005918592
22,2026-09-07T16:13:44.167878,1000,666,POST,/jobs,201,163.82939997129142
22,2026-09-07T16:13:44.167878,1000,667,GET,/jobs/1000,404,108.44860004726797
22,2026-09-07T16:13:44.167878,1000,668,POST,/jobs,201,162.8770000534132
22,2026-09-07T16:13:44.167878,1000,669,GET,/jobs/1000,404,109.21230004169047
22,2026-09-07T16:13:44.167878,1000,670,GET,/jobs,200,111.0876000020653
22,2026-09-07T16:13:44.167878,1000,671,GET,/jobs,200,106.57230007927865
22,2026-09-07T16:13:44.167878,1000,672,POST,/jobs,201,167.5798000069335
22,2026-09-07T16:13:44.167878,1000,673,PUT,/jobs/001,200,163.54159999173135
22,2026-09-07T16:13:44.167878,1000,674,DELETE,/jobs/1000,404,130.33439998980612
22,2026-09-07T16:13:44.167878,1000,675,GET,/jobs/001,200,162.67810005228966
22,2026-09-07T16:13:44.167878,1000,676,POST,/jobs,201,168.61170006450266
22,2026-09-07T16:13:44.167878,1000,677,PUT,/jobs/001,200,163.8891000766307
22,2026-09-07T16:13:44.167878,1000,678,GET,/jobs/001,200,179.18310000095516
22,2026-09-07T16:13:44.167878,1000,679,DELETE,/jobs/1000,404,109.8264999454841
22,2026-09-07T16:13:44.167878,1000,680,DELETE,/jobs/1000,404,123.21119999978691
22,2026-09-07T16:13:44.167878,1000,681,GET,/jobs/002,404,122.92669992893934
22,2026-09-07T16:13:44.167878,1000,682,PUT,/jobs/002,404,182.09740007296205
22,2026-09-07T16:13:44.167878,1000,683,POST,/jobs,201,168.0515999905765
22,2026-09-07T16:13:44.167878,1000,684,GET,/jobs,200,116.35070003103465
22,2026-09-07T16:13:44.167878,1000,685,PUT,/jobs/001,200,174.49450003914535
22,2026-09-07T16:13:44.167878,1000,686,GET,/jobs/001,200,182.8134999377653
22,2026-09-07T16:13:44.167878,1000,687,PUT,/jobs/1000,404,180.85040000732988
22,2026-09-07T16:13:44.167878,1000,688,POST,/jobs,201,167.38609992899
22,2026-09-07T16:13:44.167878,1000,689,PUT,/jobs/001,200,171.973199932836
22,2026-09-07T16:13:44.167878,1000,690,POST,/jobs,201,171.03279998991638
22,2026-09-07T16:13:44.167878,1000,691,GET,/jobs,200,113.78480005078018
22,2026-09-07T16:13:44.167878,1000,692,PUT,/jobs/002,404,170.91439990326762
22,2026-09-07T16:13:44.167878,1000,693,POST,/jobs,201,169.52590004075319
22,2026-09-07T16:13:44.167878,1000,694,PUT,/jobs/1000,404,181.66060000658035
22,2026-09-07T16:13:44.167878,1000,695,POST,/jobs,201,181.34749995078892
22,2026-09-07T16:13:44.167878,1000,696,GET,/jobs/002,404,122.58640001527965
22,2026-09-07T16:13:44.167878,1000,697,GET,/jobs,200,101.4216000912711
22,2026-09-07T16:13:44.167878,1000,698,DELETE,/jobs/1000,404,109.43569999653846
22,2026-09-07T16:13:44.167878,1000,699,DELETE,/jobs/002,404,109.26559998188168
22,2026-09-07T16:13:44.167878,1000,700,GET,/jobs,200,105.84360000211746
22,2026-09-07T16:13:44.167878,1000,701,PUT,/jobs/1000,404,174.14440005086362
22,2026-09-07T16:13:44.167878,1000,702,POST,/jobs,201,173.959800042212
22,2026-09-07T16:13:44.167878,1000,703,PUT,/jobs/001,200,175.22710002958775
22,2026-09-07T16:13:44.167878,1000,704,GET,/jobs/001,200,174.78660005144775
22,2026-09-07T16:13:44.167878,1000,705,GET,/jobs,200,105.76309997122735
22,2026-09-07T16:13:44.167878,1000,706,POST,/jobs,201,173.2631999766454
22,2026-09-07T16:13:44.167878,1000,707,GET,/jobs,200,102.18929999973625
22,2026-09-07T16:13:44.167878,1000,708,GET,/jobs,200,94.18330003973097
22,2026-09-07T16:13:44.167878,1000,709,GET,/jobs/1000,404,96.61910007707775
22,2026-09-07T16:13:44.167878,1000,710,GET,/jobs/002,404,97.51979995053262
22,2026-09-07T16:13:44.167878,1000,711,PUT,/jobs/002,404,162.3676000162959
22,2026-09-07T16:13:44.167878,1000,712,DELETE,/jobs/1000,404,115.96049997024238
22,2026-09-07T16:13:44.167878,1000,713,DELETE,/jobs/002,404,116.68870004359633
22,2026-09-07T16:13:44.167878,1000,714,PUT,/jobs/1000,404,167.19099995680153
22,2026-09-07T16:13:44.167878,1000,715,GET,/jobs,200,103.75150002073497
22,2026-09-07T16:13:44.167878,1000,716,PUT,/jobs/1000,404,165.75879999436438
22,2026-09-07T16:13:44.167878,1000,717,PUT,/jobs/002,404,167.59300010744482
22,2026-09-07T16:13:44.167878,1000,718,GET,/jobs,200,104.3345999205485
22,2026-09-07T16:13:44.167878,1000,719,POST,/jobs,201,164.50610000174493
22,2026-09-07T16:13:44.167878,1000,720,PUT,/jobs/002,404,167.22880001179874
22,2026-09-07T16:13:44.167878,1000,721,GET,/jobs/002,404,108.24410000350326
22,2026-09-07T16:13:44.167878,1000,722,GET,/jobs,200,101.59490001387894
22,2026-09-07T16:13:44.167878,1000,723,POST,/jobs,201,164.62180006783456
22,2026-09-07T16:13:44.167878,1000,724,POST,/jobs,201,165.5978000489995
22,2026-09-07T16:13:44.167878,1000,725,PUT,/jobs/002,404,166.61600000225008
22,2026-09-07T16:13:44.167878,1000,726,GET,/jobs/001,200,164.12710002623498
22,2026-09-07T16:13:44.167878,1000,727,PUT,/jobs/001,200,162.77519997674972
22,2026-09-07T16:13:44.167878,1000,728,GET,/jobs/1000,404,100.53030005656183
22,2026-09-07T16:13:44.167878,1000,729,DELETE,/jobs/002,404,102.63480001594871
22,2026-09-07T16:13:44.167878,1000,730,GET,/jobs,200,86.57389995642006
22,2026-09-07T16:13:44.167878,1000,731,POST,/jobs,201,163.14299998339266
22,2026-09-07T16:13:44.167878,1000,732,GET,/jobs/1000,404,103.10249996837229
22,2026-09-07T16:13:44.167878,1000,733,GET,/jobs/001,200,167.08980000112206
22,2026-09-07T16:13:44.167878,1000,734,DELETE,/jobs/002,404,99.36009999364614
22,2026-09-07T16:13:44.167878,1000,735,DELETE,/jobs/002,404,111.09519994352013
22,2026-09-07T16:13:44.167878,1000,736,GET,/jobs/002,404,111.82390002068132
22,2026-09-07T16:13:44.167878,1000,737,GET,/jobs/1000,404,111.66910000611097
22,2026-09-07T16:13:44.167878,1000,738,GET,/jobs,200,99.68820004723966
22,2026-09-07T16:13:44.167878,1000,739,POST,/jobs,201,158.8299999712035
22,2026-09-07T16:13:44.167878,1000,740,GET,/jobs/001,200,161.2650000024587
22,2026-09-07T16:13:44.167878,1000,741,DELETE,/jobs/1000,404,104.41599995829165
22,2026-09-07T16:13:44.167878,1000,742,GET,/jobs/001,200,160.50959995482117
22,2026-09-07T16:13:44.167878,1000,743,GET,/jobs,200,102.72349999286234
22,2026-09-07T16:13:44.167878,1000,744,GET,/jobs/001,200,159.8843999672681
22,2026-09-07T16:13:44.167878,1000,745,POST,/jobs,201,159.36759999021888
22,2026-09-07T16:13:44.167878,1000,746,GET,/jobs/1000,404,105.27049994561821
22,2026-09-07T16:13:44.167878,1000,747,POST,/jobs,201,158.8864999357611
22,2026-09-07T16:13:44.167878,1000,748,GET,/jobs/002,404,105.48749996814877
22,2026-09-07T16:13:44.167878,1000,749,GET,/jobs,200,97.02560002915561
22,2026-09-07T16:13:44.167878,1000,750,GET,/jobs/1000,404,114.11439999938011
22,2026-09-07T16:13:44.167878,1000,751,PUT,/jobs/1000,404,166.1204999545589
22,2026-09-07T16:13:44.167878,1000,752,GET,/jobs,200,107.77629993390292
22,2026-09-07T16:13:44.167878,1000,753,GET,/jobs,200,108.6045999545604
22,2026-09-07T16:13:44.167878,1000,754,PUT,/jobs/002,404,167.23999998066574
22,2026-09-07T16:13:44.167878,1000,755,POST,/jobs,201,170.33649992663413
22,2026-09-07T16:13:44.167878,1000,756,DELETE,/jobs/002,404,109.93140004575253
22,2026-09-07T16:13:44.167878,1000,757,PUT,/jobs/1000,404,166.48789995815605
22,2026-09-07T16:13:44.167878,1000,758,GET,/jobs/1000,404,110.47620000317693
22,2026-09-07T16:13:44.167878,1000,759,GET,/jobs,200,101.36109997984022
22,2026-09-07T16:13:44.167878,1000,760,DELETE,/jobs/1000,404,108.8798000710085
22,2026-09-07T16:13:44.167878,1000,761,PUT,/jobs/1000,404,161.28669993486255
22,2026-09-07T16:13:44.167878,1000,762,GET,/jobs,200,103.44189999159425
22,2026-09-07T16:13:44.167878,1000,763,GET,/jobs,200,100.93610000330955
22,2026-09-07T16:13:44.167878,1000,764,PUT,/jobs/002,404,160.34580010455102
22,2026-09-07T16:13:44.167878,1000,765,PUT,/jobs/1000,404,174.23610005062073
22,2026-09-07T16:13:44.167878,1000,766,GET,/jobs,200,99.80429999995977
22,2026-09-07T16:13:44.167878,1000,767,PUT,/jobs/1000,404,161.5882000187412
22,2026-09-07T16:13:44.167878,1000,768,PUT,/jobs/001,200,161.86829993966967
22,2026-09-07T16:13:44.167878,1000,769,GET,/jobs,200,101.7568000825122
22,2026-09-07T16:13:44.167878,1000,770,POST,/jobs,201,171.01559997536242
22,2026-09-07T16:13:44.167878,1000,771,GET,/jobs/001,200,170.4913000576198
22,2026-09-07T16:13:44.167878,1000,772,GET,/jobs/002,404,107.77070000767708
22,2026-09-07T16:13:44.167878,1000,773,DELETE,/jobs/1000,404,108.17869997117668
22,2026-09-07T16:13:44.167878,1000,774,PUT,/jobs/1000,404,157.59700001217425
22,2026-09-07T16:13:44.167878,1000,775,DELETE,/jobs/1000,404,121.75379996187985
22,2026-09-07T16:13:44.167878,1000,776,PUT,/jobs/1000,404,160.92220006976277
22,2026-09-07T16:13:44.167878,1000,777,DELETE,/jobs/1000,404,123.12160001602024
22,2026-09-07T16:13:44.167878,1000,778,GET,/jobs,200,114.62190002202988
22,2026-09-07T16:13:44.167878,1000,779,GET,/jobs,200,112.93069995008409
22,2026-09-07T16:13:44.167878,1000,780,DELETE,/jobs/002,404,122.53170006442815
22,2026-09-07T16:13:44.167878,1000,781,PUT,/jobs/002,404,158.1432999810204
22,2026-09-07T16:13:44.167878,1000,782,GET,/jobs/002,404,120.80809997860342
22,2026-09-07T16:13:44.167878,1000,783,POST,/jobs,201,156.91489994060248
22,2026-09-07T16:13:44.167878,1000,784,PUT,/jobs/002,404,162.24740003235638
22,2026-09-07T16:13:44.167878,1000,785,PUT,/jobs/1000,404,162.29870007373393
22,2026-09-07T16:13:44.167878,1000,786,GET,/jobs,200,112.9752000560984
22,2026-09-07T16:13:44.167878,1000,787,POST,/jobs,201,157.52159990370274
22,2026-09-07T16:13:44.167878,1000,788,POST,/jobs,201,160.28940002433956
22,2026-09-07T16:13:44.167878,1000,789,POST,/jobs,201,159.15620001032948
22,2026-09-07T16:13:44.167878,1000,790,GET,/jobs/1000,404,121.49110005702823
22,2026-09-07T16:13:44.167878,1000,791,PUT,/jobs/001,200,159.0351000195369
22,2026-09-07T16:13:44.167878,1000,792,GET,/jobs,200,120.94459997024387
22,2026-09-07T16:13:44.167878,1000,793,GET,/jobs,200,93.43020000960678
22,2026-09-07T16:13:44.167878,1000,794,GET,/jobs,200,109.78199995588511
22,2026-09-07T16:13:44.167878,1000,795,PUT,/jobs/001,200,160.16609990037978
22,2026-09-07T16:13:44.167878,1000,796,POST,/jobs,201,153.8613000884652
22,2026-09-07T16:13:44.167878,1000,797,GET,/jobs/1000,404,112.14270000346005
22,2026-09-07T16:13:44.167878,1000,798,GET,/jobs,200,109.16770005133003
22,2026-09-07T16:13:44.167878,1000,799,DELETE,/jobs/1000,404,111.52619996573776
22,2026-09-07T16:13:44.167878,1000,800,GET,/jobs,200,110.76640000101179
22,2026-09-07T16:13:44.167878,1000,801,PUT,/jobs/002,404,160.82630003802478
22,2026-09-07T16:13:44.167878,1000,802,PUT,/jobs/1000,404,158.16799993626773
22,2026-09-07T16:13:44.167878,1000,803,GET,/jobs,200,110.15940003562719
22,2026-09-07T16:13:44.167878,1000,804,POST,/jobs,201,154.46770004928112
22,2026-09-07T16:13:44.167878,1000,805,POST,/jobs,201,162.26830007508397
22,2026-09-07T16:13:44.167878,1000,806,GET,/jobs,200,104.69569999258965
22,2026-09-07T16:13:44.167878,1000,807,DELETE,/jobs/002,404,105.4048000369221
22,2026-09-07T16:13:44.167878,1000,808,GET,/jobs/1000,404,105.22890009451658
22,2026-09-07T16:13:44.167878,1000,809,PUT,/jobs/001,200,162.66569995786995
22,2026-09-07T16:13:44.167878,1000,810,GET,/jobs,200,103.51139993872494
22,2026-09-07T16:13:44.167878,1000,811,POST,/jobs,201,163.07879996020347
22,2026-09-07T16:13:44.167878,1000,812,DELETE,/jobs/1000,404,104.9145000288263
22,2026-09-07T16:13:44.167878,1000,813,GET,/jobs,200,109.79760007467121
22,2026-09-07T16:13:44.167878,1000,814,POST,/jobs,201,152.8516000835225
22,2026-09-07T16:13:44.167878,1000,815,GET,/jobs/002,404,102.3447000188753
22,2026-09-07T16:13:44.167878,1000,816,DELETE,/jobs/002,404,110.52550002932549
22,2026-09-07T16:13:44.167878,1000,817,DELETE,/jobs/1000,404,110.94229994341731
22,2026-09-07T16:13:44.167878,1000,818,GET,/jobs,200,100.05880007520318
22,2026-09-07T16:13:44.167878,1000,819,GET,/jobs/002,404,111.21420003473759
22,2026-09-07T16:13:44.167878,1000,820,POST,/jobs,201,153.02739990875125
22,2026-09-07T16:13:44.167878,1000,821,POST,/jobs,201,153.46529998350888
22,2026-09-07T16:13:44.167878,1000,822,GET,/jobs/001,200,162.7889999654144
22,2026-09-07T16:13:44.167878,1000,823,DELETE,/jobs/1000,404,107.81780001707375
22,2026-09-07T16:13:44.167878,1000,824,GET,/jobs,200,99.35700008645654
22,2026-09-07T16:13:44.167878,1000,825,GET,/jobs/1000,404,108.15710003953427
22,2026-09-07T16:13:44.167878,1000,826,GET,/jobs,200,99.06050004065037
22,2026-09-07T16:13:44.167878,1000,827,GET,/jobs,200,98.97239995189011
22,2026-09-07T16:13:44.167878,1000,828,DELETE,/jobs/002,404,114.61309995502234
22,2026-09-07T16:13:44.167878,1000,829,PUT,/jobs/002,404,153.87969999574125
22,2026-09-07T16:13:44.167878,1000,830,PUT,/jobs/002,404,153.99820008315146
22,2026-09-07T16:13:44.167878,1000,831,GET,/jobs/002,404,114.27869996987283
22,2026-09-07T16:13:44.167878,1000,832,POST,/jobs,201,153.14099995885044
22,2026-09-07T16:13:44.167878,1000,833,POST,/jobs,201,152.94770000036806
22,2026-09-07T16:13:44.167878,1000,834,DELETE,/jobs/002,404,114.47120003867894
22,2026-09-07T16:13:44.167878,1000,835,GET,/jobs,200,99.13190000224859
22,2026-09-07T16:13:44.167878,1000,836,GET,/jobs/001,200,172.24450001958758
22,2026-09-07T16:13:44.167878,1000,837,DELETE,/jobs/002,404,113.80060005467385
22,2026-09-07T16:13:44.167878,1000,838,GET,/jobs,200,99.78839999530464
22,2026-09-07T16:13:44.167878,1000,839,POST,/jobs,201,151.45749994553626
22,2026-09-07T16:13:44.167878,1000,840,PUT,/jobs/002,404,157.82229998148978
22,2026-09-07T16:13:44.167878,1000,841,DELETE,/jobs/1000,404,96.85610001906753
22,2026-09-07T16:13:44.167878,1000,842,PUT,/jobs/002,404,142.17709994409233
22,2026-09-07T16:13:44.167878,1000,843,GET,/jobs/1000,404,97.59709995705634
22,2026-09-07T16:13:44.167878,1000,844,GET,/jobs,200,98.56780001427978
22,2026-09-07T16:13:44.167878,1000,845,POST,/jobs,201,141.7409999994561
22,2026-09-07T16:13:44.167878,1000,846,GET,/jobs,200,95.85379995405674
22,2026-09-07T16:13:44.167878,1000,847,POST,/jobs,201,145.608099992387
22,2026-09-07T16:13:44.167878,1000,848,DELETE,/jobs/1000,404,98.97409996483475
22,2026-09-07T16:13:44.167878,1000,849,DELETE,/jobs/1000,404,99.7878999914974
22,2026-09-07T16:13:44.167878,1000,850,GET,/jobs,200,98.20340003352612
22,2026-09-07T16:13:44.167878,1000,851,GET,/jobs/002,404,97.34740003477782
22,2026-09-07T16:13:44.167878,1000,852,DELETE,/jobs/002,404,100.90909991413355
22,2026-09-07T16:13:44.167878,1000,853,GET,/jobs,200,93.65270007401705
22,2026-09-07T16:13:44.167878,1000,854,GET,/jobs/002,404,100.60749994590878
22,2026-09-07T16:13:44.167878,1000,855,GET,/jobs/001,200,144.6356000378728
22,2026-09-07T16:13:44.167878,1000,856,POST,/jobs,201,158.0611999379471
22,2026-09-07T16:13:44.167878,1000,857,POST,/jobs,201,147.80789997894317
22,2026-09-07T16:13:44.167878,1000,858,GET,/jobs,200,91.49399993475527
22,2026-09-07T16:13:44.167878,1000,859,PUT,/jobs/1000,404,157.4235000880435
22,2026-09-07T16:13:44.167878,1000,860,PUT,/jobs/001,200,148.58410006854683
22,2026-09-07T16:13:44.167878,1000,861,GET,/jobs/002,404,95.61449999455363
22,2026-09-07T16:13:44.167878,1000,862,DELETE,/jobs/002,404,101.93310002796352
22,2026-09-07T16:13:44.167878,1000,863,DELETE,/jobs/1000,404,91.4367000805214
22,2026-09-07T16:13:44.167878,1000,864,GET,/jobs,200,90.76180006377399
22,2026-09-07T16:13:44.167878,1000,865,PUT,/jobs/1000,404,147.7120000636205
22,2026-09-07T16:13:44.167878,1000,866,GET,/jobs,200,91.07349999248981
22,2026-09-07T16:13:44.167878,1000,867,PUT,/jobs/001,200,149.64770001824945
22,2026-09-07T16:13:44.167878,1000,868,PUT,/jobs/001,200,144.4848000537604
22,2026-09-07T16:13:44.167878,1000,869,POST,/jobs,201,146.32319996599108
22,2026-09-07T16:13:44.167878,1000,870,PUT,/jobs/1000,404,145.39389999117702
22,2026-09-07T16:13:44.167878,1000,871,PUT,/jobs/1000,404,149.45699996314943
22,2026-09-07T16:13:44.167878,1000,872,PUT,/jobs/002,404,147.25639997050166
22,2026-09-07T16:13:44.167878,1000,873,GET,/jobs,200,87.55299996118993
22,2026-09-07T16:13:44.167878,1000,874,PUT,/jobs/001,200,148.72440008912235
22,2026-09-07T16:13:44.167878,1000,875,POST,/jobs,201,148.46689999103546
22,2026-09-07T16:13:44.167878,1000,876,DELETE,/jobs/1000,404,103.45809999853373
22,2026-09-07T16:13:44.167878,1000,877,POST,/jobs,201,149.2296999786049
22,2026-09-07T16:13:44.167878,1000,878,PUT,/jobs/001,200,147.26120000705123
22,2026-09-07T16:13:44.167878,1000,879,GET,/jobs/002,404,100.62759998254478
22,2026-09-07T16:13:44.167878,1000,880,DELETE,/jobs/1000,404,102.76479995809495
22,2026-09-07T16:13:44.167878,1000,881,DELETE,/jobs/002,404,89.42950004711747
22,2026-09-07T16:13:44.167878,1000,882,PUT,/jobs/002,404,136.90459995996207
22,2026-09-07T16:13:44.167878,1000,883,POST,/jobs,201,136.454000021331
22,2026-09-07T16:13:44.167878,1000,884,POST,/jobs,201,140.22369997110218
22,2026-09-07T16:13:44.167878,1000,885,GET,/jobs/001,200,142.70299999043345
22,2026-09-07T16:13:44.167878,1000,886,DELETE,/jobs/002,404,88.0092999432236
22,2026-09-07T16:13:44.167878,1000,887,DELETE,/jobs/002,404,94.38779996708035
22,2026-09-07T16:13:44.167878,1000,888,POST,/jobs,201,144.28060001228005
22,2026-09-07T16:13:44.167878,1000,889,GET,/jobs/001,200,146.07759995851666
22,2026-09-07T16:13:44.167878,1000,890,GET,/jobs,200,96.45650000311434
22,2026-09-07T16:13:44.167878,1000,891,GET,/jobs/002,404,101.5539999352768
22,2026-09-07T16:13:44.167878,1000,892,GET,/jobs/001,200,143.65660003386438
22,2026-09-07T16:13:44.167878,1000,893,DELETE,/jobs/002,404,102.35559998545796
22,2026-09-07T16:13:44.167878,1000,894,GET,/jobs,200,96.49120003450662
22,2026-09-07T16:13:44.167878,1000,895,GET,/jobs/1000,404,101.59070009831339
22,2026-09-07T16:13:44.167878,1000,896,PUT,/jobs/002,404,137.75320001877844
22,2026-09-07T16:13:44.167878,1000,897,DELETE,/jobs/1000,404,99.51670002192259
22,2026-09-07T16:13:44.167878,1000,898,DELETE,/jobs/1000,404,99.23229995183647
22,2026-09-07T16:13:44.167878,1000,899,POST,/jobs,201,138.10470001772046
22,2026-09-07T16:13:44.167878,1000,900,PUT,/jobs/001,200,141.16779994219542
22,2026-09-07T16:13:44.167878,1000,901,PUT,/jobs/002,404,145.00200003385544
22,2026-09-07T16:13:44.167878,1000,902,POST,/jobs,201,136.00150006823242
22,2026-09-07T16:13:44.167878,1000,903,POST,/jobs,201,140.2983000734821
22,2026-09-07T16:13:44.167878,1000,904,GET,/jobs,200,98.21610001381487
22,2026-09-07T16:13:44.167878,1000,905,POST,/jobs,201,127.69049999769777
22,2026-09-07T16:13:44.167878,1000,906,GET,/jobs,200,83.34020001348108
22,2026-09-07T16:13:44.167878,1000,907,POST,/jobs,201,127.53399997018278
22,2026-09-07T16:13:44.167878,1000,908,PUT,/jobs/001,200,126.89039995893836
22,2026-09-07T16:13:44.167878,1000,909,GET,/jobs,200,81.55210001859814
22,2026-09-07T16:13:44.167878,1000,910,POST,/jobs,201,127.38989992067218
22,2026-09-07T16:13:44.167878,1000,911,POST,/jobs,201,128.57120006810874
22,2026-09-07T16:13:44.167878,1000,912,GET,/jobs,200,90.11049999389797
22,2026-09-07T16:13:44.167878,1000,913,DELETE,/jobs/1000,404,94.14870000910014
22,2026-09-07T16:13:44.167878,1000,914,PUT,/jobs/1000,404,132.72800005506724
22,2026-09-07T16:13:44.167878,1000,915,DELETE,/jobs/002,404,91.69039991684258
22,2026-09-07T16:13:44.167878,1000,916,PUT,/jobs/1000,404,132.87089997902513
22,2026-09-07T16:13:44.167878,1000,917,GET,/jobs/002,404,94.41500005777925
22,2026-09-07T16:13:44.167878,1000,918,DELETE,/jobs/1000,404,100.32340011093765
22,2026-09-07T16:13:44.167878,1000,919,DELETE,/jobs/002,404,92.28380001150072
22,2026-09-07T16:13:44.167878,1000,920,GET,/jobs,200,89.77740001864731
22,2026-09-07T16:13:44.167878,1000,921,PUT,/jobs/001,200,132.23180000204593
22,2026-09-07T16:13:44.167878,1000,922,POST,/jobs,201,132.01619999017566
22,2026-09-07T16:13:44.167878,1000,923,GET,/jobs,200,89.73250002600253
22,2026-09-07T16:13:44.167878,1000,924,DELETE,/jobs/002,404,93.13359996303916
22,2026-09-07T16:13:44.167878,1000,925,GET,/jobs,200,89.5491000264883
22,2026-09-07T16:13:44.167878,1000,926,GET,/jobs/1000,404,91.70230000745505
22,2026-09-07T16:13:44.167878,1000,927,PUT,/jobs/002,404,131.5038000466302
22,2026-09-07T16:13:44.167878,1000,928,DELETE,/jobs/002,404,88.27249996829778
22,2026-09-07T16:13:44.167878,1000,929,POST,/jobs,201,130.3817000007257
22,2026-09-07T16:13:44.167878,1000,930,POST,/jobs,201,132.02149991411716
22,2026-09-07T16:13:44.167878,1000,931,PUT,/jobs/002,404,130.5333999916911
22,2026-09-07T16:13:44.167878,1000,932,DELETE,/jobs/002,404,93.81559991743416
22,2026-09-07T16:13:44.167878,1000,933,POST,/jobs,201,129.85559995286167
22,2026-09-07T16:13:44.167878,1000,934,POST,/jobs,201,128.86699999216944
22,2026-09-07T16:13:44.167878,1000,935,DELETE,/jobs/1000,404,93.65640010219067
22,2026-09-07T16:13:44.167878,1000,936,POST,/jobs,201,129.07809996977448
22,2026-09-07T16:13:44.167878,1000,937,DELETE,/jobs/002,404,92.65849995426834
22,2026-09-07T16:13:44.167878,1000,938,POST,/jobs,201,130.81780006177723
22,2026-09-07T16:13:44.167878,1000,939,DELETE,/jobs/002,404,85.7588000362739
22,2026-09-07T16:13:44.167878,1000,940,POST,/jobs,201,129.11280000116676
22,2026-09-07T16:13:44.167878,1000,941,PUT,/jobs/001,200,129.75590000860393
22,2026-09-07T16:13:44.167878,1000,942,DELETE,/jobs/002,404,87.87930000107735
22,2026-09-07T16:13:44.167878,1000,943,POST,/jobs,201,118.31869999878109
22,2026-09-07T16:13:44.167878,1000,944,PUT,/jobs/1000,404,120.7856999244541
22,2026-09-07T16:13:44.167878,1000,945,POST,/jobs,201,118.71869990136474
22,2026-09-07T16:13:44.167878,1000,946,GET,/jobs/1000,404,85.4035000083968
22,2026-09-07T16:13:44.167878,1000,947,DELETE,/jobs/002,404,86.00900007877499
22,2026-09-07T16:13:44.167878,1000,948,PUT,/jobs/1000,404,120.31899997964501
22,2026-09-07T16:13:44.167878,1000,949,POST,/jobs,201,118.81690006703138
22,2026-09-07T16:13:44.167878,1000,950,POST,/jobs,201,117.52640001941472
22,2026-09-07T16:13:44.167878,1000,951,GET,/jobs/001,200,118.28609998337924
22,2026-09-07T16:13:44.167878,1000,952,POST,/jobs,201,109.28930004592985
22,2026-09-07T16:13:44.167878,1000,953,PUT,/jobs/001,200,108.37280005216599
22,2026-09-07T16:13:44.167878,1000,954,GET,/jobs/001,200,112.42300004232675
22,2026-09-07T16:13:44.167878,1000,955,GET,/jobs/001,200,112.45499993674457
22,2026-09-07T16:13:44.167878,1000,956,POST,/jobs,201,108.30919991713017
22,2026-09-07T16:13:44.167878,1000,957,GET,/jobs,200,78.77460005693138
22,2026-09-07T16:13:44.167878,1000,958,DELETE,/jobs/002,404,79.54730000346899
22,2026-09-07T16:13:44.167878,1000,959,POST,/jobs,201,108.47129998728633
22,2026-09-07T16:13:44.167878,1000,960,DELETE,/jobs/002,404,78.14070000313222
22,2026-09-07T16:13:44.167878,1000,961,DELETE,/jobs/1000,404,80.0174999749288
22,2026-09-07T16:13:44.167878,1000,962,GET,/jobs/001,200,99.72289996221662
22,2026-09-07T16:13:44.167878,1000,963,GET,/jobs/1000,404,65.4773999704048
22,2026-09-07T16:13:44.167878,1000,964,DELETE,/jobs/002,404,66.21979991905391
22,2026-09-07T16:13:44.167878,1000,965,PUT,/jobs/001,200,99.09640008118004
22,2026-09-07T16:13:44.167878,1000,966,PUT,/jobs/002,404,98.82810001727194
22,2026-09-07T16:13:44.167878,1000,967,GET,/jobs/002,404,73.99760000407696
22,2026-09-07T16:13:44.167878,1000,968,DELETE,/jobs/1000,404,72.74279999546707
22,2026-09-07T16:13:44.167878,1000,969,PUT,/jobs/001,200,98.53600000496954
22,2026-09-07T16:13:44.167878,1000,970,DELETE,/jobs/002,404,70.45469991862774
22,2026-09-07T16:13:44.167878,1000,971,POST,/jobs,201,87.4702000292018
22,2026-09-07T16:13:44.167878,1000,972,PUT,/jobs/001,200,87.06159994471818
22,2026-09-07T16:13:44.167878,1000,973,POST,/jobs,201,86.47420001216233
22,2026-09-07T16:13:44.167878,1000,974,DELETE,/jobs/1000,404,63.74479993246496
22,2026-09-07T16:13:44.167878,1000,975,PUT,/jobs/002,404,87.41919999010861
22,2026-09-07T16:13:44.167878,1000,976,PUT,/jobs/1000,404,88.15720002166927
22,2026-09-07T16:13:44.167878,1000,977,DELETE,/jobs/1000,404,63.07929998729378
22,2026-09-07T16:13:44.167878,1000,978,GET,/jobs/001,200,89.35310004744679
22,2026-09-07T16:13:44.167878,1000,979,DELETE,/jobs/002,404,62.819700106047094
22,2026-09-07T16:13:44.167878,1000,980,POST,/jobs,201,86.5522000240162
22,2026-09-07T16:13:44.167878,1000,981,PUT,/jobs/002,404,86.82169998064637
22,2026-09-07T16:13:44.167878,1000,982,DELETE,/jobs/002,404,63.59020003583282
22,2026-09-07T16:13:44.167878,1000,983,DELETE,/jobs/002,404,60.90689997654408
22,2026-09-07T16:13:44.167878,1000,984,POST,/jobs,201,76.92759996280074
22,2026-09-07T16:13:44.167878,1000,985,GET,/jobs/002,404,60.90340006630868
22,2026-09-07T16:13:44.167878,1000,986,PUT,/jobs/1000,404,70.51640003919601
22,2026-09-07T16:13:44.167878,1000,987,GET,/jobs/002,404,61.63080001715571
22,2026-09-07T16:13:44.167878,1000,988,GET,/jobs,200,57.298599975183606
22,2026-09-07T16:13:44.167878,1000,989,GET,/jobs/002,404,62.68970004748553
22,2026-09-07T16:13:44.167878,1000,990,POST,/jobs,201,72.72339996416122
22,2026-09-07T16:13:44.167878,1000,991,PUT,/jobs/001,200,71.96780003141612
22,2026-09-07T16:13:44.167878,1000,992,PUT,/jobs/1000,404,71.07089995406568
22,2026-09-07T16:13:44.167878,1000,993,POST,/jobs,201,70.36130002234131
22,2026-09-07T16:13:44.167878,1000,994,PUT,/jobs/001,200,72.03909999225289
22,2026-09-07T16:13:44.167878,1000,995,POST,/jobs,201,70.2620999654755
22,2026-09-07T16:13:44.167878,1000,996,GET,/jobs,200,57.44190001860261
22,2026-09-07T16:13:44.167878,1000,997,POST,/jobs,201,71.42189994920045
22,2026-09-07T16:13:44.167878,1000,998,POST,/jobs,201,72.49869999941438
22,2026-09-07T16:13:44.167878,1000,999,GET,/jobs/001,200,70.71900006849319
22,2026-09-07T16:13:44.167878,1000,1000,GET,/jobs,200,59.40159992314875
23,2026-09-07T16:13:46.113169,1000,1,GET,/jobs,200,68.14240000676364
23,2026-09-07T16:13:46.113169,1000,2,GET,/jobs,200,68.08509991969913
23,2026-09-07T16:13:46.113169,1000,3,POST,/jobs,201,147.21970004029572
23,2026-09-07T16:13:46.113169,1000,4,GET,/jobs/001,200,140.81579993944615
23,2026-09-07T16:13:46.113169,1000,5,GET,/jobs,200,72.96570006292313
23,2026-09-07T16:13:46.113169,1000,6,DELETE,/jobs/002,200,83.2127999747172
23,2026-09-07T16:13:46.113169,1000,7,DELETE,/jobs/1000,404,82.96749996952713
23,2026-09-07T16:13:46.113169,1000,8,GET,/jobs,200,76.84660004451871
23,2026-09-07T16:13:46.113169,1000,9,GET,/jobs,200,75.3683999646455
23,2026-09-07T16:13:46.113169,1000,10,GET,/jobs,200,79.00709996465594
23,2026-09-07T16:13:46.113169,1000,11,GET,/jobs/001,200,136.2688000081107
23,2026-09-07T16:13:46.113169,1000,12,DELETE,/jobs/002,404,84.7200999269262
23,2026-09-07T16:13:46.113169,1000,13,DELETE,/jobs/002,404,82.84430007915944
23,2026-09-07T16:13:46.113169,1000,14,DELETE,/jobs/1000,404,84.23779997974634
23,2026-09-07T16:13:46.113169,1000,15,GET,/jobs/002,404,84.82180000282824
23,2026-09-07T16:13:46.113169,1000,16,DELETE,/jobs/1000,404,82.86189998034388
23,2026-09-07T16:13:46.113169,1000,17,GET,/jobs,200,77.6464999653399
23,2026-09-07T16:13:46.113169,1000,18,GET,/jobs/1000,404,80.70869999937713
23,2026-09-07T16:13:46.113169,1000,19,PUT,/jobs/002,404,136.00629998836666
23,2026-09-07T16:13:46.113169,1000,20,POST,/jobs,201,141.8603000929579
23,2026-09-07T16:13:46.113169,1000,21,GET,/jobs/002,404,95.07959999609739
23,2026-09-07T16:13:46.113169,1000,22,GET,/jobs,200,89.44799995515496
23,2026-09-07T16:13:46.113169,1000,23,GET,/jobs,200,91.01119998376817
23,2026-09-07T16:13:46.113169,1000,24,PUT,/jobs/001,200,136.68460003100336
23,2026-09-07T16:13:46.113169,1000,25,POST,/jobs,201,140.26810007635504
23,2026-09-07T16:13:46.113169,1000,26,POST,/jobs,201,133.14049993641675
23,2026-09-07T16:13:46.113169,1000,27,POST,/jobs,201,137.00780004728585
23,2026-09-07T16:13:46.113169,1000,28,GET,/jobs,200,88.97469996009022
23,2026-09-07T16:13:46.113169,1000,29,PUT,/jobs/1000,404,134.01130004785955
23,2026-09-07T16:13:46.113169,1000,30,GET,/jobs,200,92.69959991797805
23,2026-09-07T16:13:46.113169,1000,31,PUT,/jobs/001,200,144.13750008679926
23,2026-09-07T16:13:46.113169,1000,32,DELETE,/jobs/1000,404,109.26730011124164
23,2026-09-07T16:13:46.113169,1000,33,DELETE,/jobs/1000,404,111.41470004804432
23,2026-09-07T16:13:46.113169,1000,34,DELETE,/jobs/002,404,107.99950000364333
23,2026-09-07T16:13:46.113169,1000,35,GET,/jobs,200,88.79870001692325
23,2026-09-07T16:13:46.113169,1000,36,GET,/jobs,200,95.38479999173433
23,2026-09-07T16:13:46.113169,1000,37,GET,/jobs/002,404,109.09719998016953
23,2026-09-07T16:13:46.113169,1000,38,GET,/jobs,200,97.58099995087832
23,2026-09-07T16:13:46.113169,1000,39,GET,/jobs/001,200,159.91639997810125
23,2026-09-07T16:13:46.113169,1000,40,PUT,/jobs/002,404,135.16700000036508
23,2026-09-07T16:13:46.113169,1000,41,PUT,/jobs/1000,404,134.0144999558106
23,2026-09-07T16:13:46.113169,1000,42,POST,/jobs,201,132.74049991741776
23,2026-09-07T16:13:46.113169,1000,43,POST,/jobs,201,133.47160001285374
23,2026-09-07T16:13:46.113169,1000,44,GET,/jobs/1000,404,105.49340001307428
23,2026-09-07T16:13:46.113169,1000,45,POST,/jobs,201,114.97530003543943
23,2026-09-07T16:13:46.113169,1000,46,GET,/jobs,200,102.73909999523312
23,2026-09-07T16:13:46.113169,1000,47,DELETE,/jobs/002,404,93.84960005991161
23,2026-09-07T16:13:46.113169,1000,48,DELETE,/jobs/002,404,92.58909989148378
23,2026-09-07T16:13:46.113169,1000,49,GET,/jobs/002,404,88.50910002365708
23,2026-09-07T16:13:46.113169,1000,50,PUT,/jobs/002,404,118.26809996273369
23,2026-09-07T16:13:46.113169,1000,51,DELETE,/jobs/002,404,104.60580000653863
23,2026-09-07T16:13:46.113169,1000,52,POST,/jobs,201,117.83269990701228
23,2026-09-07T16:13:46.113169,1000,53,GET,/jobs,200,88.41610001400113
23,2026-09-07T16:13:46.113169,1000,54,GET,/jobs/001,200,144.41399998031557
23,2026-09-07T16:13:46.113169,1000,55,POST,/jobs,201,147.74689998012036
23,2026-09-07T16:13:46.113169,1000,56,POST,/jobs,201,120.41529989801347
23,2026-09-07T16:13:46.113169,1000,57,GET,/jobs/1000,404,92.21929998602718
23,2026-09-07T16:13:46.113169,1000,58,POST,/jobs,201,149.06029996927828
23,2026-09-07T16:13:46.113169,1000,59,PUT,/jobs/002,404,125.18790003377944
23,2026-09-07T16:13:46.113169,1000,60,PUT,/jobs/001,200,112.91500006336719
23,2026-09-07T16:13:46.113169,1000,61,POST,/jobs,201,119.5688999723643
23,2026-09-07T16:13:46.113169,1000,62,GET,/jobs/1000,404,90.91659996192902
23,2026-09-07T16:13:46.113169,1000,63,DELETE,/jobs/1000,404,106.7364999325946
23,2026-09-07T16:13:46.113169,1000,64,DELETE,/jobs/1000,404,93.51360006257892
23,2026-09-07T16:13:46.113169,1000,65,DELETE,/jobs/1000,404,88.05320004466921
23,2026-09-07T16:13:46.113169,1000,66,POST,/jobs,201,148.60720001161098
23,2026-09-07T16:13:46.113169,1000,67,GET,/jobs/1000,404,91.52419993188232
23,2026-09-07T16:13:46.113169,1000,68,PUT,/jobs/001,200,138.81200004834682
23,2026-09-07T16:13:46.113169,1000,69,GET,/jobs,200,101.69750009663403
23,2026-09-07T16:13:46.113169,1000,70,GET,/jobs,200,92.41689997725189
23,2026-09-07T16:13:46.113169,1000,71,GET,/jobs/1000,404,89.79190001264215
23,2026-09-07T16:13:46.113169,1000,72,GET,/jobs/1000,404,88.66530004888773
23,2026-09-07T16:13:46.113169,1000,73,PUT,/jobs/1000,404,147.0796000212431
23,2026-09-07T16:13:46.113169,1000,74,GET,/jobs,200,105.1119000185281
23,2026-09-07T16:13:46.113169,1000,75,PUT,/jobs/002,404,125.44279999565333
23,2026-09-07T16:13:46.113169,1000,76,DELETE,/jobs/1000,404,106.65470000822097
23,2026-09-07T16:13:46.113169,1000,77,DELETE,/jobs/1000,404,88.40580005198717
23,2026-09-07T16:13:46.113169,1000,78,DELETE,/jobs/002,404,90.84900002926588
23,2026-09-07T16:13:46.113169,1000,79,GET,/jobs,200,76.27249998040497
23,2026-09-07T16:13:46.113169,1000,80,DELETE,/jobs/1000,404,106.40689998399466
23,2026-09-07T16:13:46.113169,1000,81,POST,/jobs,201,127.37739994190633
23,2026-09-07T16:13:46.113169,1000,82,POST,/jobs,201,116.35799997020513
23,2026-09-07T16:13:46.113169,1000,83,GET,/jobs/002,404,89.38859996851534
23,2026-09-07T16:13:46.113169,1000,84,GET,/jobs,200,68.84640001226217
23,2026-09-07T16:13:46.113169,1000,85,POST,/jobs,201,117.95650003477931
23,2026-09-07T16:13:46.113169,1000,86,GET,/jobs/1000,404,102.61529998388141
23,2026-09-07T16:13:46.113169,1000,87,GET,/jobs,200,85.39990009739995
23,2026-09-07T16:13:46.113169,1000,88,POST,/jobs,201,122.24159995093942
23,2026-09-07T16:13:46.113169,1000,89,DELETE,/jobs/002,404,97.55439998116344
23,2026-09-07T16:13:46.113169,1000,90,GET,/jobs/002,404,91.59269998781383
23,2026-09-07T16:13:46.113169,1000,91,GET,/jobs/1000,404,89.56260001286864
23,2026-09-07T16:13:46.113169,1000,92,DELETE,/jobs/002,404,90.23119998164475
23,2026-09-07T16:13:46.113169,1000,93,DELETE,/jobs/1000,404,90.73769999668002
23,2026-09-07T16:13:46.113169,1000,94,PUT,/jobs/001,200,111.98129993863404
23,2026-09-07T16:13:46.113169,1000,95,GET,/jobs,200,85.13489994220436
23,2026-09-07T16:13:46.113169,1000,96,POST,/jobs,201,122.33439995907247
23,2026-09-07T16:13:46.113169,1000,97,POST,/jobs,201,115.49810005817562
23,2026-09-07T16:13:46.113169,1000,98,GET,/jobs,200,104.79020001366735
23,2026-09-07T16:13:46.113169,1000,99,GET,/jobs/1000,404,90.82859999034554
23,2026-09-07T16:13:46.113169,1000,100,GET,/jobs,200,88.78690004348755
23,2026-09-07T16:13:46.113169,1000,101,GET,/jobs,200,90.87640000507236
23,2026-09-07T16:13:46.113169,1000,102,PUT,/jobs/001,200,93.85550010483712
23,2026-09-07T16:13:46.113169,1000,103,DELETE,/jobs/002,404,87.92360010556877
23,2026-09-07T16:13:46.113169,1000,104,GET,/jobs/1000,404,86.9563000742346
23,2026-09-07T16:13:46.113169,1000,105,PUT,/jobs/1000,404,122.2557999426499
23,2026-09-07T16:13:46.113169,1000,106,GET,/jobs/002,404,73.14590003807098
23,2026-09-07T16:13:46.113169,1000,107,DELETE,/jobs/1000,404,61.10130005981773
23,2026-09-07T16:13:46.113169,1000,108,GET,/jobs/1000,404,61.74310005735606
23,2026-09-07T16:13:46.113169,1000,109,GET,/jobs/1000,404,66.9808000093326
23,2026-09-07T16:13:46.113169,1000,110,POST,/jobs,201,109.37960003502667
23,2026-09-07T16:13:46.113169,1000,111,POST,/jobs,201,128.53390001691878
23,2026-09-07T16:13:46.113169,1000,112,DELETE,/jobs/1000,404,75.52920002490282
23,2026-09-07T16:13:46.113169,1000,113,GET,/jobs,200,74.29180003236979
23,2026-09-07T16:13:46.113169,1000,114,GET,/jobs/001,200,122.50789999961853
23,2026-09-07T16:13:46.113169,1000,115,GET,/jobs,200,74.71149996854365
23,2026-09-07T16:13:46.113169,1000,116,POST,/jobs,201,124.95880003552884
23,2026-09-07T16:13:46.113169,1000,117,DELETE,/jobs/002,404,83.0560999456793
23,2026-09-07T16:13:46.113169,1000,118,DELETE,/jobs/002,404,85.40510002058
23,2026-09-07T16:13:46.113169,1000,119,GET,/jobs,200,84.88159999251366
23,2026-09-07T16:13:46.113169,1000,120,GET,/jobs,200,82.31399999931455
23,2026-09-07T16:13:46.113169,1000,121,GET,/jobs,200,81.65199996437877
23,2026-09-07T16:13:46.113169,1000,122,GET,/jobs/001,200,111.83269997127354
23,2026-09-07T16:13:46.113169,1000,123,GET,/jobs,200,69.18730004690588
23,2026-09-07T16:13:46.113169,1000,124,POST,/jobs,201,111.21770006138831
23,2026-09-07T16:13:46.113169,1000,125,DELETE,/jobs/002,404,71.27930002752692
23,2026-09-07T16:13:46.113169,1000,126,POST,/jobs,201,134.33410006109625
23,2026-09-07T16:13:46.113169,1000,127,PUT,/jobs/001,200,132.0667000254616
23,2026-09-07T16:13:46.113169,1000,128,DELETE,/jobs/002,404,91.31419996265322
23,2026-09-07T16:13:46.113169,1000,129,DELETE,/jobs/1000,404,85.23899991996586
23,2026-09-07T16:13:46.113169,1000,130,GET,/jobs/002,404,88.86719995643944
23,2026-09-07T16:13:46.113169,1000,131,PUT,/jobs/001,200,132.83929997123778
23,2026-09-07T16:13:46.113169,1000,132,GET,/jobs,200,76.80509996134788
23,2026-09-07T16:13:46.113169,1000,133,GET,/jobs,200,81.7223999183625
23,2026-09-07T16:13:46.113169,1000,134,PUT,/jobs/002,404,134.7558000124991
23,2026-09-07T16:13:46.113169,1000,135,PUT,/jobs/002,404,136.38869998976588
23,2026-09-07T16:13:46.113169,1000,136,PUT,/jobs/1000,404,133.69729998521507
23,2026-09-07T16:13:46.113169,1000,137,GET,/jobs,200,75.5832000868395
23,2026-09-07T16:13:46.113169,1000,138,GET,/jobs,200,84.27150000352412
23,2026-09-07T16:13:46.113169,1000,139,GET,/jobs,200,83.90470000449568
23,2026-09-07T16:13:46.113169,1000,140,PUT,/jobs/1000,404,134.10440005827695
23,2026-09-07T16:13:46.113169,1000,141,POST,/jobs,201,133.2696001045406
23,2026-09-07T16:13:46.113169,1000,142,GET,/jobs,200,84.3755000969395
23,2026-09-07T16:13:46.113169,1000,143,GET,/jobs/001,200,137.37949996721
23,2026-09-07T16:13:46.113169,1000,144,GET,/jobs/1000,404,88.52880005724728
23,2026-09-07T16:13:46.113169,1000,145,PUT,/jobs/001,200,133.5388000588864
23,2026-09-07T16:13:46.113169,1000,146,PUT,/jobs/001,200,133.26909998431802
23,2026-09-07T16:13:46.113169,1000,147,POST,/jobs,201,136.03679998777807
23,2026-09-07T16:13:46.113169,1000,148,GET,/jobs/001,200,153.8706999272108
23,2026-09-07T16:13:46.113169,1000,149,PUT,/jobs/1000,404,134.7932000644505
23,2026-09-07T16:13:46.113169,1000,150,GET,/jobs,200,84.86669999547303
23,2026-09-07T16:13:46.113169,1000,151,GET,/jobs,200,81.46779995877296
23,2026-09-07T16:13:46.113169,1000,152,DELETE,/jobs/002,404,92.18529995996505
23,2026-09-07T16:13:46.113169,1000,153,GET,/jobs,200,83.35349999833852
23,2026-09-07T16:13:46.113169,1000,154,GET,/jobs/001,200,144.34680005069822
23,2026-09-07T16:13:46.113169,1000,155,PUT,/jobs/002,404,122.95759993139654
23,2026-09-07T16:13:46.113169,1000,156,PUT,/jobs/001,200,143.5611000051722
23,2026-09-07T16:13:46.113169,1000,157,PUT,/jobs/001,200,145.44689992908388
23,2026-09-07T16:13:46.113169,1000,158,GET,/jobs/002,404,87.14070008136332
23,2026-09-07T16:13:46.113169,1000,159,GET,/jobs,200,82.55379996262491
23,2026-09-07T16:13:46.113169,1000,160,PUT,/jobs/002,404,145.42979991529137
23,2026-09-07T16:13:46.113169,1000,161,PUT,/jobs/002,404,148.898100014776
23,2026-09-07T16:13:46.113169,1000,162,PUT,/jobs/1000,404,150.87490004952997
23,2026-09-07T16:13:46.113169,1000,163,DELETE,/jobs/1000,404,87.94980007223785
23,2026-09-07T16:13:46.113169,1000,164,GET,/jobs/001,200,135.58120001107454
23,2026-09-07T16:13:46.113169,1000,165,POST,/jobs,201,146.95309998933226
23,2026-09-07T16:13:46.113169,1000,166,GET,/jobs,200,84.14509997237474
23,2026-09-07T16:13:46.113169,1000,167,DELETE,/jobs/002,404,83.29820004291832
23,2026-09-07T16:13:46.113169,1000,168,POST,/jobs,201,146.50480006821454
23,2026-09-07T16:13:46.113169,1000,169,GET,/jobs,200,79.50029999483377
23,2026-09-07T16:13:46.113169,1000,170,DELETE,/jobs/1000,404,90.12340009212494
23,2026-09-07T16:13:46.113169,1000,171,DELETE,/jobs/002,404,83.97270005661994
23,2026-09-07T16:13:46.113169,1000,172,GET,/jobs,200,81.70910004992038
23,2026-09-07T16:13:46.113169,1000,173,DELETE,/jobs/002,404,87.15529995970428
23,2026-09-07T16:13:46.113169,1000,174,GET,/jobs/001,200,139.44450009148568
23,2026-09-07T16:13:46.113169,1000,175,DELETE,/jobs/002,404,85.56669997051358
23,2026-09-07T16:13:46.113169,1000,176,GET,/jobs/002,404,84.4470999436453
23,2026-09-07T16:13:46.113169,1000,177,GET,/jobs,200,84.86970001831651
23,2026-09-07T16:13:46.113169,1000,178,DELETE,/jobs/002,404,78.95769993774593
23,2026-09-07T16:13:46.113169,1000,179,DELETE,/jobs/002,404,91.1078000208363
23,2026-09-07T16:13:46.113169,1000,180,DELETE,/jobs/002,404,92.02870004810393
23,2026-09-07T16:13:46.113169,1000,181,PUT,/jobs/1000,404,137.35889992676675
23,2026-09-07T16:13:46.113169,1000,182,DELETE,/jobs/1000,404,81.69060002546757
23,2026-09-07T16:13:46.113169,1000,183,POST,/jobs,201,134.6866999519989
23,2026-09-07T16:13:46.113169,1000,184,POST,/jobs,201,133.7335999123752
23,2026-09-07T16:13:46.113169,1000,185,POST,/jobs,201,134.83390002511442
23,2026-09-07T16:13:46.113169,1000,186,GET,/jobs/1000,404,86.76850004121661
23,2026-09-07T16:13:46.113169,1000,187,POST,/jobs,201,136.4851000253111
23,2026-09-07T16:13:46.113169,1000,188,POST,/jobs,201,137.74550007656217
23,2026-09-07T16:13:46.113169,1000,189,GET,/jobs,200,83.37059989571571
23,2026-09-07T16:13:46.113169,1000,190,GET,/jobs,200,74.53640003222972
23,2026-09-07T16:13:46.113169,1000,191,PUT,/jobs/1000,404,135.24130010046065
23,2026-09-07T16:13:46.113169,1000,192,DELETE,/jobs/002,404,83.034300012514
23,2026-09-07T16:13:46.113169,1000,193,GET,/jobs,200,77.72189995739609
23,2026-09-07T16:13:46.113169,1000,194,DELETE,/jobs/002,404,91.7131999740377
23,2026-09-07T16:13:46.113169,1000,195,DELETE,/jobs/1000,404,87.44550007395446
23,2026-09-07T16:13:46.113169,1000,196,GET,/jobs/002,404,94.27000000141561
23,2026-09-07T16:13:46.113169,1000,197,GET,/jobs,200,98.44510001130402
23,2026-09-07T16:13:46.113169,1000,198,GET,/jobs/002,404,94.51760002411902
23,2026-09-07T16:13:46.113169,1000,199,POST,/jobs,201,129.8725000815466
23,2026-09-07T16:13:46.113169,1000,200,PUT,/jobs/1000,404,127.7476999675855
23,2026-09-07T16:13:46.113169,1000,201,POST,/jobs,201,129.40360000357032
23,2026-09-07T16:13:46.113169,1000,202,DELETE,/jobs/002,404,93.45339995343238
23,2026-09-07T16:13:46.113169,1000,203,DELETE,/jobs/1000,404,99.14439998101443
23,2026-09-07T16:13:46.113169,1000,204,GET,/jobs,200,99.72239995840937
23,2026-09-07T16:13:46.113169,1000,205,GET,/jobs/002,404,100.43340001720935
23,2026-09-07T16:13:46.113169,1000,206,GET,/jobs,200,90.84339998662472
23,2026-09-07T16:13:46.113169,1000,207,GET,/jobs,200,99.94179999921471
23,2026-09-07T16:13:46.113169,1000,208,DELETE,/jobs/002,404,102.1086999680847
23,2026-09-07T16:13:46.113169,1000,209,POST,/jobs,201,136.8705000495538
23,2026-09-07T16:13:46.113169,1000,210,DELETE,/jobs/002,404,100.89969995897263
23,2026-09-07T16:13:46.113169,1000,211,POST,/jobs,201,135.80160005949438
23,2026-09-07T16:13:46.113169,1000,212,POST,/jobs,201,139.37540003098547
23,2026-09-07T16:13:46.113169,1000,213,PUT,/jobs/002,404,137.27750000543892
23,2026-09-07T16:13:46.113169,1000,214,GET,/jobs,200,84.18619993608445
23,2026-09-07T16:13:46.113169,1000,215,GET,/jobs,200,85.55640000849962
23,2026-09-07T16:13:46.113169,1000,216,PUT,/jobs/002,404,136.62810006644577
23,2026-09-07T16:13:46.113169,1000,217,GET,/jobs,200,84.59590002894402
23,2026-09-07T16:13:46.113169,1000,218,GET,/jobs,200,82.87690009456128
23,2026-09-07T16:13:46.113169,1000,219,POST,/jobs,201,137.77500006835908
23,2026-09-07T16:13:46.113169,1000,220,GET,/jobs/1000,404,99.40790000837296
23,2026-09-07T16:13:46.113169,1000,221,POST,/jobs,201,148.8775999750942
23,2026-09-07T16:13:46.113169,1000,222,PUT,/jobs/1000,404,149.89990007597953
23,2026-09-07T16:13:46.113169,1000,223,PUT,/jobs/1000,404,154.85320007428527
23,2026-09-07T16:13:46.113169,1000,224,GET,/jobs,200,97.2071000142023
23,2026-09-07T16:13:46.113169,1000,225,GET,/jobs,200,84.8198999883607
23,2026-09-07T16:13:46.113169,1000,226,GET,/jobs,200,98.58460002578795
23,2026-09-07T16:13:46.113169,1000,227,GET,/jobs/1000,404,99.33220001403242
23,2026-09-07T16:13:46.113169,1000,228,GET,/jobs,200,98.40129991061985
23,2026-09-07T16:13:46.113169,1000,229,POST,/jobs,201,151.95359999779612
23,2026-09-07T16:13:46.113169,1000,230,DELETE,/jobs/002,404,98.84109999984503
23,2026-09-07T16:13:46.113169,1000,231,PUT,/jobs/001,200,149.24039994366467
23,2026-09-07T16:13:46.113169,1000,232,GET,/jobs,200,99.17380008846521
23,2026-09-07T16:13:46.113169,1000,233,POST,/jobs,201,151.76700009033084
23,2026-09-07T16:13:46.113169,1000,234,GET,/jobs,200,100.15449998900294
23,2026-09-07T16:13:46.113169,1000,235,POST,/jobs,201,155.15460004098713
23,2026-09-07T16:13:46.113169,1000,236,GET,/jobs/1000,404,96.24189999885857
23,2026-09-07T16:13:46.113169,1000,237,GET,/jobs,200,86.61250001750886
23,2026-09-07T16:13:46.113169,1000,238,POST,/jobs,201,143.71610002126545
23,2026-09-07T16:13:46.113169,1000,239,DELETE,/jobs/1000,404,96.56350000295788
23,2026-09-07T16:13:46.113169,1000,240,DELETE,/jobs/002,404,97.7287000278011
23,2026-09-07T16:13:46.113169,1000,241,GET,/jobs/001,200,152.58549991995096
23,2026-09-07T16:13:46.113169,1000,242,GET,/jobs/002,404,100.10240005794913
23,2026-09-07T16:13:46.113169,1000,243,GET,/jobs,200,90.3136000270024
23,2026-09-07T16:13:46.113169,1000,244,GET,/jobs/1000,404,98.74950000084937
23,2026-09-07T16:13:46.113169,1000,245,POST,/jobs,201,151.48930007126182
23,2026-09-07T16:13:46.113169,1000,246,PUT,/jobs/1000,404,149.26129998639226
23,2026-09-07T16:13:46.113169,1000,247,GET,/jobs/002,404,100.91599996667355
23,2026-09-07T16:13:46.113169,1000,248,GET,/jobs/1000,404,95.33229994121939
23,2026-09-07T16:13:46.113169,1000,249,GET,/jobs,200,94.68539990484715
23,2026-09-07T16:13:46.113169,1000,250,PUT,/jobs/001,200,149.36790009960532
23,2026-09-07T16:13:46.113169,1000,251,PUT,/jobs/001,200,146.41819999087602
23,2026-09-07T16:13:46.113169,1000,252,GET,/jobs/002,404,99.8893000651151
23,2026-09-07T16:13:46.113169,1000,253,POST,/jobs,201,148.24060001410544
23,2026-09-07T16:13:46.113169,1000,254,GET,/jobs/001,200,164.58640003111213
23,2026-09-07T16:13:46.113169,1000,255,GET,/jobs,200,92.96810009982437
23,2026-09-07T16:13:46.113169,1000,256,GET,/jobs/002,404,99.09569995943457
23,2026-09-07T16:13:46.113169,1000,257,POST,/jobs,201,145.62399999704212
23,2026-09-07T16:13:46.113169,1000,258,GET,/jobs,200,93.95439992658794
23,2026-09-07T16:13:46.113169,1000,259,POST,/jobs,201,147.25020003970712
23,2026-09-07T16:13:46.113169,1000,260,DELETE,/jobs/1000,404,96.7393999453634
23,2026-09-07T16:13:46.113169,1000,261,DELETE,/jobs/1000,404,94.68460001517087
23,2026-09-07T16:13:46.113169,1000,262,GET,/jobs,200,89.2139000352472
23,2026-09-07T16:13:46.113169,1000,263,GET,/jobs,200,91.64760005660355
23,2026-09-07T16:13:46.113169,1000,264,POST,/jobs,201,147.57689996622503
23,2026-09-07T16:13:46.113169,1000,265,DELETE,/jobs/1000,404,100.03129998221993
23,2026-09-07T16:13:46.113169,1000,266,GET,/jobs,200,92.24809997249395
23,2026-09-07T16:13:46.113169,1000,267,GET,/jobs,200,86.94350009318441
23,2026-09-07T16:13:46.113169,1000,268,DELETE,/jobs/1000,404,96.36750002391636
23,2026-09-07T16:13:46.113169,1000,269,POST,/jobs,201,148.39109999593347
23,2026-09-07T16:13:46.113169,1000,270,POST,/jobs,201,149.34539992827922
23,2026-09-07T16:13:46.113169,1000,271,DELETE,/jobs/002,404,94.72910000476986
23,2026-09-07T16:13:46.113169,1000,272,PUT,/jobs/1000,404,148.9535999717191
23,2026-09-07T16:13:46.113169,1000,273,GET,/jobs/002,404,97.44509996380657
23,2026-09-07T16:13:46.113169,1000,274,GET,/jobs,200,92.53719996195287
23,2026-09-07T16:13:46.113169,1000,275,PUT,/jobs/001,200,149.20340001117438
23,2026-09-07T16:13:46.113169,1000,276,DELETE,/jobs/002,404,97.25370001979172
23,2026-09-07T16:13:46.113169,1000,277,POST,/jobs,201,149.5597999310121
23,2026-09-07T16:13:46.113169,1000,278,GET,/jobs,200,93.54019991587847
23,2026-09-07T16:13:46.113169,1000,279,POST,/jobs,201,149.2761999834329
23,2026-09-07T16:13:46.113169,1000,280,POST,/jobs,201,148.8229000242427
23,2026-09-07T16:13:46.113169,1000,281,GET,/jobs,200,93.07740000076592
23,2026-09-07T16:13:46.113169,1000,282,POST,/jobs,201,154.57250003237277
23,2026-09-07T16:13:46.113169,1000,283,POST,/jobs,201,155.08329996373504
23,2026-09-07T16:13:46.113169,1000,284,PUT,/jobs/002,404,157.89110003970563
23,2026-09-07T16:13:46.113169,1000,285,PUT,/jobs/1000,404,153.10689993202686
23,2026-09-07T16:13:46.113169,1000,286,POST,/jobs,201,153.8452000822872
23,2026-09-07T16:13:46.113169,1000,287,GET,/jobs/001,200,152.56039996165782
23,2026-09-07T16:13:46.113169,1000,288,PUT,/jobs/1000,404,152.09590003360063
23,2026-09-07T16:13:46.113169,1000,289,PUT,/jobs/1000,404,153.9240999845788
23,2026-09-07T16:13:46.113169,1000,290,GET,/jobs/1000,404,106.65460000745952
23,2026-09-07T16:13:46.113169,1000,291,DELETE,/jobs/1000,404,107.44839999824762
23,2026-09-07T16:13:46.113169,1000,292,PUT,/jobs/1000,404,143.18560005631298
23,2026-09-07T16:13:46.113169,1000,293,GET,/jobs,200,86.45729999989271
23,2026-09-07T16:13:46.113169,1000,294,POST,/jobs,201,144.03510000556707
23,2026-09-07T16:13:46.113169,1000,295,GET,/jobs/002,404,106.4710000064224
23,2026-09-07T16:13:46.113169,1000,296,DELETE,/jobs/1000,404,107.7941000694409
23,2026-09-07T16:13:46.113169,1000,297,PUT,/jobs/002,404,139.99449997209013
23,2026-09-07T16:13:46.113169,1000,298,PUT,/jobs/1000,404,145.80189995467663
23,2026-09-07T16:13:46.113169,1000,299,GET,/jobs/1000,404,109.23999990336597
23,2026-09-07T16:13:46.113169,1000,300,PUT,/jobs/1000,404,144.78839992079884
23,2026-09-07T16:13:46.113169,1000,301,GET,/jobs/1000,404,107.4959000106901
23,2026-09-07T16:13:46.113169,1000,302,GET,/jobs,200,88.34769995883107
23,2026-09-07T16:13:46.113169,1000,303,POST,/jobs,201,146.30539994686842
23,2026-09-07T16:13:46.113169,1000,304,DELETE,/jobs/1000,404,106.70200001914054
23,2026-09-07T16:13:46.113169,1000,305,GET,/jobs,200,93.40690006501973
23,2026-09-07T16:13:46.113169,1000,306,GET,/jobs/1000,404,93.33529998548329
23,2026-09-07T16:13:46.113169,1000,307,POST,/jobs,201,142.22149993292987
23,2026-09-07T16:13:46.113169,1000,308,GET,/jobs/001,200,155.62550001777709
23,2026-09-07T16:13:46.113169,1000,309,GET,/jobs,200,91.37909999117255
23,2026-09-07T16:13:46.113169,1000,310,GET,/jobs,200,107.2954999981448
23,2026-09-07T16:13:46.113169,1000,311,GET,/jobs/002,404,92.99649996683002
23,2026-09-07T16:13:46.113169,1000,312,DELETE,/jobs/002,404,92.27080002892762
23,2026-09-07T16:13:46.113169,1000,313,PUT,/jobs/002,404,147.9043000144884
23,2026-09-07T16:13:46.113169,1000,314,DELETE,/jobs/002,404,95.05050000734627
23,2026-09-07T16:13:46.113169,1000,315,PUT,/jobs/002,404,141.39170001726598
23,2026-09-07T16:13:46.113169,1000,316,PUT,/jobs/001,200,143.57429998926818
23,2026-09-07T16:13:46.113169,1000,317,GET,/jobs/1000,404,96.23500006273389
23,2026-09-07T16:13:46.113169,1000,318,GET,/jobs,200,85.6728000799194
23,2026-09-07T16:13:46.113169,1000,319,GET,/jobs,200,83.32440000958741
23,2026-09-07T16:13:46.113169,1000,320,PUT,/jobs/001,200,130.90220000594854
23,2026-09-07T16:13:46.113169,1000,321,GET,/jobs/1000,404,94.98749999329448
23,2026-09-07T16:13:46.113169,1000,322,DELETE,/jobs/1000,404,94.44230003282428
23,2026-09-07T16:13:46.113169,1000,323,GET,/jobs,200,81.75830007530749
23,2026-09-07T16:13:46.113169,1000,324,DELETE,/jobs/002,404,95.44489998370409
23,2026-09-07T16:13:46.113169,1000,325,GET,/jobs,200,84.0687999734655
23,2026-09-07T16:13:46.113169,1000,326,PUT,/jobs/001,200,130.3264000453055
23,2026-09-07T16:13:46.113169,1000,327,PUT,/jobs/1000,404,129.66120010241866
23,2026-09-07T16:13:46.113169,1000,328,DELETE,/jobs/1000,404,95.4593000933528
23,2026-09-07T16:13:46.113169,1000,329,PUT,/jobs/1000,404,130.11389994062483
23,2026-09-07T16:13:46.113169,1000,330,DELETE,/jobs/1000,404,89.6121000405401
23,2026-09-07T16:13:46.113169,1000,331,DELETE,/jobs/1000,404,88.92739994917065
23,2026-09-07T16:13:46.113169,1000,332,GET,/jobs/1000,404,90.7915000570938
23,2026-09-07T16:13:46.113169,1000,333,PUT,/jobs/002,404,143.64929997827858
23,2026-09-07T16:13:46.113169,1000,334,POST,/jobs,201,136.91230001859367
23,2026-09-07T16:13:46.113169,1000,335,GET,/jobs/1000,404,101.21420002542436
23,2026-09-07T16:13:46.113169,1000,336,POST,/jobs,201,141.3659000536427
23,2026-09-07T16:13:46.113169,1000,337,DELETE,/jobs/1000,404,103.18069998174906
23,2026-09-07T16:13:46.113169,1000,338,GET,/jobs/002,404,100.19869997631758
23,2026-09-07T16:13:46.113169,1000,339,PUT,/jobs/001,200,137.34479993581772
23,2026-09-07T16:13:46.113169,1000,340,POST,/jobs,201,144.16750008240342
23,2026-09-07T16:13:46.113169,1000,341,POST,/jobs,201,140.9412999637425
23,2026-09-07T16:13:46.113169,1000,342,POST,/jobs,201,143.1262999540195
23,2026-09-07T16:13:46.113169,1000,343,GET,/jobs,200,94.32409994769841
23,2026-09-07T16:13:46.113169,1000,344,GET,/jobs/001,200,150.26939997915179
23,2026-09-07T16:13:46.113169,1000,345,GET,/jobs/002,404,85.45769995544106
23,2026-09-07T16:13:46.113169,1000,346,GET,/jobs/1000,404,82.6879000524059
23,2026-09-07T16:13:46.113169,1000,347,GET,/jobs/001,200,134.73940000403672
23,2026-09-07T16:13:46.113169,1000,348,PUT,/jobs/002,404,134.38369997311383
23,2026-09-07T16:13:46.113169,1000,349,POST,/jobs,201,133.39380000252277
23,2026-09-07T16:13:46.113169,1000,350,PUT,/jobs/002,404,134.8897999851033
23,2026-09-07T16:13:46.113169,1000,351,GET,/jobs,200,79.40650009550154
23,2026-09-07T16:13:46.113169,1000,352,GET,/jobs/002,404,84.75549996364862
23,2026-09-07T16:13:46.113169,1000,353,PUT,/jobs/1000,404,131.73749996349216
23,2026-09-07T16:13:46.113169,1000,354,GET,/jobs,200,78.59390007797629
23,2026-09-07T16:13:46.113169,1000,355,DELETE,/jobs/1000,404,83.37720006238669
23,2026-09-07T16:13:46.113169,1000,356,PUT,/jobs/001,200,132.69860006403178
23,2026-09-07T16:13:46.113169,1000,357,POST,/jobs,201,134.97280003502965
23,2026-09-07T16:13:46.113169,1000,358,PUT,/jobs/002,404,128.54930001776665
23,2026-09-07T16:13:46.113169,1000,359,DELETE,/jobs/002,404,71.84380001854151
23,2026-09-07T16:13:46.113169,1000,360,PUT,/jobs/001,200,129.42080001812428
23,2026-09-07T16:13:46.113169,1000,361,POST,/jobs,201,120.72659994009882
23,2026-09-07T16:13:46.113169,1000,362,PUT,/jobs/001,200,128.00169992260635
23,2026-09-07T16:13:46.113169,1000,363,PUT,/jobs/002,404,128.97459999658167
23,2026-09-07T16:13:46.113169,1000,364,PUT,/jobs/1000,404,127.53879989031702
23,2026-09-07T16:13:46.113169,1000,365,GET,/jobs/002,404,92.60410000570118
23,2026-09-07T16:13:46.113169,1000,366,GET,/jobs/1000,404,94.14709999691695
23,2026-09-07T16:13:46.113169,1000,367,DELETE,/jobs/002,404,94.51599989552051
23,2026-09-07T16:13:46.113169,1000,368,PUT,/jobs/1000,404,129.98119997791946
23,2026-09-07T16:13:46.113169,1000,369,DELETE,/jobs/002,404,92.17509999871254
23,2026-09-07T16:13:46.113169,1000,370,GET,/jobs,200,87.89560000877827
23,2026-09-07T16:13:46.113169,1000,371,PUT,/jobs/001,200,127.91979999747127
23,2026-09-07T16:13:46.113169,1000,372,PUT,/jobs/001,200,129.7822999767959
23,2026-09-07T16:13:46.113169,1000,373,GET,/jobs,200,88.95000000484288
23,2026-09-07T16:13:46.113169,1000,374,POST,/jobs,201,132.58880004286766
23,2026-09-07T16:13:46.113169,1000,375,POST,/jobs,201,132.63410003855824
23,2026-09-07T16:13:46.113169,1000,376,PUT,/jobs/002,404,134.3181999400258
23,2026-09-07T16:13:46.113169,1000,377,POST,/jobs,201,130.55420003365725
23,2026-09-07T16:13:46.113169,1000,378,PUT,/jobs/002,404,128.65209998562932
23,2026-09-07T16:13:46.113169,1000,379,PUT,/jobs/002,404,127.35439999960363
23,2026-09-07T16:13:46.113169,1000,380,GET,/jobs,200,81.2459000153467
23,2026-09-07T16:13:46.113169,1000,381,PUT,/jobs/001,200,125.11010002344847
23,2026-09-07T16:13:46.113169,1000,382,DELETE,/jobs/002,404,83.44359998591244
23,2026-09-07T16:13:46.113169,1000,383,POST,/jobs,201,115.04609999246895
23,2026-09-07T16:13:46.113169,1000,384,GET,/jobs,200,83.13949999865144
23,2026-09-07T16:13:46.113169,1000,385,GET,/jobs,200,80.117900040932
23,2026-09-07T16:13:46.113169,1000,386,GET,/jobs,200,82.88390003144741
23,2026-09-07T16:13:46.113169,1000,387,GET,/jobs/001,200,130.8035000693053
23,2026-09-07T16:13:46.113169,1000,388,GET,/jobs,200,82.42839993909001
23,2026-09-07T16:13:46.113169,1000,389,DELETE,/jobs/002,404,84.00030003394932
23,2026-09-07T16:13:46.113169,1000,390,GET,/jobs/001,200,131.65459991432726
23,2026-09-07T16:13:46.113169,1000,391,PUT,/jobs/1000,404,129.24280005972832
23,2026-09-07T16:13:46.113169,1000,392,GET,/jobs,200,75.65240003168583
23,2026-09-07T16:13:46.113169,1000,393,DELETE,/jobs/002,404,84.35619994997978
23,2026-09-07T16:13:46.113169,1000,394,PUT,/jobs/1000,404,128.4666999708861
23,2026-09-07T16:13:46.113169,1000,395,POST,/jobs,201,128.8945999694988
23,2026-09-07T16:13:46.113169,1000,396,POST,/jobs,201,122.23710003308952
23,2026-09-07T16:13:46.113169,1000,397,DELETE,/jobs/002,404,87.58159994613379
23,2026-09-07T16:13:46.113169,1000,398,GET,/jobs/002,404,88.08659994974732
23,2026-09-07T16:13:46.113169,1000,399,GET,/jobs,200,82.71220000460744
23,2026-09-07T16:13:46.113169,1000,400,DELETE,/jobs/002,404,88.98370002862066
23,2026-09-07T16:13:46.113169,1000,401,POST,/jobs,201,131.94400002248585
23,2026-09-07T16:13:46.113169,1000,402,PUT,/jobs/002,404,135.33380010630935
23,2026-09-07T16:13:46.113169,1000,403,GET,/jobs/001,200,135.90059999842197
23,2026-09-07T16:13:46.113169,1000,404,DELETE,/jobs/002,404,89.33790004812181
23,2026-09-07T16:13:46.113169,1000,405,GET,/jobs,200,81.75489993300289
23,2026-09-07T16:13:46.113169,1000,406,POST,/jobs,201,134.03549999929965
23,2026-09-07T16:13:46.113169,1000,407,DELETE,/jobs/002,404,88.18530000280589
23,2026-09-07T16:13:46.113169,1000,408,DELETE,/jobs/002,404,86.26870007719845
23,2026-09-07T16:13:46.113169,1000,409,POST,/jobs,201,127.79009994119406
23,2026-09-07T16:13:46.113169,1000,410,PUT,/jobs/1000,404,129.6973000280559
23,2026-09-07T16:13:46.113169,1000,411,POST,/jobs,201,126.5871999785304
23,2026-09-07T16:13:46.113169,1000,412,DELETE,/jobs/1000,404,82.18509994912893
23,2026-09-07T16:13:46.113169,1000,413,GET,/jobs,200,84.20229994226247
23,2026-09-07T16:13:46.113169,1000,414,PUT,/jobs/002,404,130.64220000524074
23,2026-09-07T16:13:46.113169,1000,415,GET,/jobs,200,85.89700004085898
23,2026-09-07T16:13:46.113169,1000,416,PUT,/jobs/002,404,129.30429994594306
23,2026-09-07T16:13:46.113169,1000,417,PUT,/jobs/1000,404,132.23850005306304
23,2026-09-07T16:13:46.113169,1000,418,GET,/jobs/002,404,85.67639999091625
23,2026-09-07T16:13:46.113169,1000,419,GET,/jobs/1000,404,85.30240005347878
23,2026-09-07T16:13:46.113169,1000,420,DELETE,/jobs/1000,404,84.40910000354052
23,2026-09-07T16:13:46.113169,1000,421,DELETE,/jobs/1000,404,80.14780003577471
23,2026-09-07T16:13:46.113169,1000,422,PUT,/jobs/002,404,130.70910004898906
23,2026-09-07T16:13:46.113169,1000,423,DELETE,/jobs/1000,404,86.13359997980297
23,2026-09-07T16:13:46.113169,1000,424,POST,/jobs,201,132.19119992572814
23,2026-09-07T16:13:46.113169,1000,425,GET,/jobs/001,200,132.75739992968738
23,2026-09-07T16:13:46.113169,1000,426,POST,/jobs,201,132.44149996899068
23,2026-09-07T16:13:46.113169,1000,427,GET,/jobs/002,404,87.14560000225902
23,2026-09-07T16:13:46.113169,1000,428,DELETE,/jobs/1000,404,82.46910001616925
23,2026-09-07T16:13:46.113169,1000,429,POST,/jobs,201,127.34290002845228
23,2026-09-07T16:13:46.113169,1000,430,PUT,/jobs/002,404,130.08180004544556
23,2026-09-07T16:13:46.113169,1000,431,GET,/jobs/002,404,81.41540002543479
23,2026-09-07T16:13:46.113169,1000,432,GET,/jobs/002,404,83.01150007173419
23,2026-09-07T16:13:46.113169,1000,433,POST,/jobs,201,128.94970003981143
23,2026-09-07T16:13:46.113169,1000,434,POST,/jobs,201,126.80249998811632
23,2026-09-07T16:13:46.113169,1000,435,POST,/jobs,201,128.25900001917034
23,2026-09-07T16:13:46.113169,1000,436,GET,/jobs,200,81.37109992094338
23,2026-09-07T16:13:46.113169,1000,437,DELETE,/jobs/002,404,82.14589999988675
23,2026-09-07T16:13:46.113169,1000,438,GET,/jobs,200,80.51950007211417
23,2026-09-07T16:13:46.113169,1000,439,GET,/jobs/1000,404,81.73360000364482
23,2026-09-07T16:13:46.113169,1000,440,PUT,/jobs/002,404,127.1213999716565
23,2026-09-07T16:13:46.113169,1000,441,DELETE,/jobs/002,404,84.86629999242723
23,2026-09-07T16:13:46.113169,1000,442,PUT,/jobs/1000,404,125.15720003284514
23,2026-09-07T16:13:46.113169,1000,443,PUT,/jobs/002,404,127.28619994595647
23,2026-09-07T16:13:46.113169,1000,444,GET,/jobs,200,82.66549999825656
23,2026-09-07T16:13:46.113169,1000,445,GET,/jobs,200,83.09149998240173
23,2026-09-07T16:13:46.113169,1000,446,POST,/jobs,201,135.28990000486374
23,2026-09-07T16:13:46.113169,1000,447,PUT,/jobs/1000,404,132.46350002009422
23,2026-09-07T16:13:46.113169,1000,448,GET,/jobs/002,404,91.7026000097394
23,2026-09-07T16:13:46.113169,1000,449,DELETE,/jobs/1000,404,90.6549000646919
23,2026-09-07T16:13:46.113169,1000,450,PUT,/jobs/1000,404,136.08020008541644
23,2026-09-07T16:13:46.113169,1000,451,DELETE,/jobs/1000,404,89.43610009737313
23,2026-09-07T16:13:46.113169,1000,452,PUT,/jobs/1000,404,135.93230000697076
23,2026-09-07T16:13:46.113169,1000,453,DELETE,/jobs/1000,404,92.61110005900264
23,2026-09-07T16:13:46.113169,1000,454,POST,/jobs,201,133.84180003777146
23,2026-09-07T16:13:46.113169,1000,455,PUT,/jobs/002,404,133.230600040406
23,2026-09-07T16:13:46.113169,1000,456,POST,/jobs,201,135.45500009786338
23,2026-09-07T16:13:46.113169,1000,457,GET,/jobs/001,200,124.65200002770871
23,2026-09-07T16:13:46.113169,1000,458,GET,/jobs/002,404,82.33569993171841
23,2026-09-07T16:13:46.113169,1000,459,GET,/jobs,200,80.12840000446886
23,2026-09-07T16:13:46.113169,1000,460,DELETE,/jobs/002,404,82.83709990791976
23,2026-09-07T16:13:46.113169,1000,461,GET,/jobs/001,200,125.15750003512949
23,2026-09-07T16:13:46.113169,1000,462,PUT,/jobs/002,404,123.48800001200289
23,2026-09-07T16:13:46.113169,1000,463,DELETE,/jobs/1000,404,82.48279988765717
23,2026-09-07T16:13:46.113169,1000,464,GET,/jobs,200,79.43659997545183
23,2026-09-07T16:13:46.113169,1000,465,GET,/jobs/002,404,82.18640007544309
23,2026-09-07T16:13:46.113169,1000,466,GET,/jobs/002,404,81.60030003637075
23,2026-09-07T16:13:46.113169,1000,467,GET,/jobs/002,404,83.895199932158
23,2026-09-07T16:13:46.113169,1000,468,GET,/jobs,200,80.85060003213584
23,2026-09-07T16:13:46.113169,1000,469,DELETE,/jobs/002,404,81.779700005427
23,2026-09-07T16:13:46.113169,1000,470,POST,/jobs,201,122.63270001858473
23,2026-09-07T16:13:46.113169,1000,471,GET,/jobs,200,81.18129998911172
23,2026-09-07T16:13:46.113169,1000,472,DELETE,/jobs/1000,404,83.93020008224994
23,2026-09-07T16:13:46.113169,1000,473,GET,/jobs/1000,404,83.33980001043528
23,2026-09-07T16:13:46.113169,1000,474,PUT,/jobs/001,200,124.883700045757
23,2026-09-07T16:13:46.113169,1000,475,GET,/jobs,200,79.95239994488657
23,2026-09-07T16:13:46.113169,1000,476,DELETE,/jobs/1000,404,82.15589995961636
23,2026-09-07T16:13:46.113169,1000,477,PUT,/jobs/002,404,121.12300004810095
23,2026-09-07T16:13:46.113169,1000,478,PUT,/jobs/002,404,120.43260002974421
23,2026-09-07T16:13:46.113169,1000,479,GET,/jobs/001,200,121.31990003399551
23,2026-09-07T16:13:46.113169,1000,480,POST,/jobs,201,132.99780001398176
23,2026-09-07T16:13:46.113169,1000,481,PUT,/jobs/001,200,132.04110006336123
23,2026-09-07T16:13:46.113169,1000,482,GET,/jobs,200,82.52830000128597
23,2026-09-07T16:13:46.113169,1000,483,PUT,/jobs/002,404,131.98459998238832
23,2026-09-07T16:13:46.113169,1000,484,GET,/jobs,200,83.36040005087852
23,2026-09-07T16:13:46.113169,1000,485,DELETE,/jobs/002,404,86.3225000211969
23,2026-09-07T16:13:46.113169,1000,486,GET,/jobs/001,200,131.04200002271682
23,2026-09-07T16:13:46.113169,1000,487,DELETE,/jobs/1000,404,87.17600000090897
23,2026-09-07T16:13:46.113169,1000,488,GET,/jobs,200,84.64090002235025
23,2026-09-07T16:13:46.113169,1000,489,GET,/jobs/001,200,130.46289992053062
23,2026-09-07T16:13:46.113169,1000,490,DELETE,/jobs/1000,404,85.27659997344017
23,2026-09-07T16:13:46.113169,1000,491,DELETE,/jobs/002,404,82.01299991924316
23,2026-09-07T16:13:46.113169,1000,492,DELETE,/jobs/1000,404,82.43940002284944
23,2026-09-07T16:13:46.113169,1000,493,PUT,/jobs/002,404,131.273900042288
23,2026-09-07T16:13:46.113169,1000,494,POST,/jobs,201,132.5856999028474
23,2026-09-07T16:13:46.113169,1000,495,DELETE,/jobs/1000,404,78.845200012438
23,2026-09-07T16:13:46.113169,1000,496,POST,/jobs,201,131.8631999893114
23,2026-09-07T16:13:46.113169,1000,497,DELETE,/jobs/002,404,79.44250002037734
23,2026-09-07T16:13:46.113169,1000,498,DELETE,/jobs/002,404,81.444300012663
23,2026-09-07T16:13:46.113169,1000,499,GET,/jobs/1000,404,77.8442999580875
23,2026-09-07T16:13:46.113169,1000,500,GET,/jobs/002,404,82.04560005106032
23,2026-09-07T16:13:46.113169,1000,501,GET,/jobs,200,77.85400003194809
23,2026-09-07T16:13:46.113169,1000,502,GET,/jobs/001,200,128.7370000500232
23,2026-09-07T16:13:46.113169,1000,503,GET,/jobs/1000,404,81.27670001704246
23,2026-09-07T16:13:46.113169,1000,504,GET,/jobs,200,76.8903000280261
23,2026-09-07T16:13:46.113169,1000,505,GET,/jobs/001,200,132.94449995737523
23,2026-09-07T16:13:46.113169,1000,506,PUT,/jobs/002,404,133.71590001042932
23,2026-09-07T16:13:46.113169,1000,507,DELETE,/jobs/1000,404,80.48310002777725
23,2026-09-07T16:13:46.113169,1000,508,POST,/jobs,201,133.7921000085771
23,2026-09-07T16:13:46.113169,1000,509,GET,/jobs/002,404,80.09509998373687
23,2026-09-07T16:13:46.113169,1000,510,POST,/jobs,201,133.306699921377
23,2026-09-07T16:13:46.113169,1000,511,PUT,/jobs/001,200,132.8112999908626
23,2026-09-07T16:13:46.113169,1000,512,GET,/jobs/002,404,74.88470000680536
23,2026-09-07T16:13:46.113169,1000,513,DELETE,/jobs/002,404,78.78680003341287
23,2026-09-07T16:13:46.113169,1000,514,PUT,/jobs/001,200,144.77879996411502
23,2026-09-07T16:13:46.113169,1000,515,DELETE,/jobs/002,404,85.88229992892593
23,2026-09-07T16:13:46.113169,1000,516,GET,/jobs/002,404,86.31879999302328
23,2026-09-07T16:13:46.113169,1000,517,GET,/jobs/001,200,147.26850006263703
23,2026-09-07T16:13:46.113169,1000,518,GET,/jobs,200,82.9790000570938
23,2026-09-07T16:13:46.113169,1000,519,GET,/jobs/002,404,85.7082000002265
23,2026-09-07T16:13:46.113169,1000,520,DELETE,/jobs/1000,404,84.77450010832399
23,2026-09-07T16:13:46.113169,1000,521,PUT,/jobs/001,200,145.98969998769462
23,2026-09-07T16:13:46.113169,1000,522,PUT,/jobs/1000,404,146.5584000106901
23,2026-09-07T16:13:46.113169,1000,523,POST,/jobs,201,143.631000071764
23,2026-09-07T16:13:46.113169,1000,524,PUT,/jobs/002,404,148.8969000056386
23,2026-09-07T16:13:46.113169,1000,525,DELETE,/jobs/1000,404,85.2677000220865
23,2026-09-07T16:13:46.113169,1000,526,PUT,/jobs/001,200,148.72719999402761
23,2026-09-07T16:13:46.113169,1000,527,DELETE,/jobs/002,404,91.23899997211993
23,2026-09-07T16:13:46.113169,1000,528,PUT,/jobs/1000,404,149.62670009117573
23,2026-09-07T16:13:46.113169,1000,529,POST,/jobs,201,149.62020004168153
23,2026-09-07T16:13:46.113169,1000,530,POST,/jobs,201,148.39359989855438
23,2026-09-07T16:13:46.113169,1000,531,GET,/jobs,200,82.80780003406107
23,2026-09-07T16:13:46.113169,1000,532,GET,/jobs/1000,404,86.51819999795407
23,2026-09-07T16:13:46.113169,1000,533,DELETE,/jobs/002,404,93.31440005917102
23,2026-09-07T16:13:46.113169,1000,534,POST,/jobs,201,144.449400017038
23,2026-09-07T16:13:46.113169,1000,535,GET,/jobs,200,88.30719999969006
23,2026-09-07T16:13:46.113169,1000,536,GET,/jobs/002,404,89.12460005376488
23,2026-09-07T16:13:46.113169,1000,537,DELETE,/jobs/1000,404,90.23640002124012
23,2026-09-07T16:13:46.113169,1000,538,POST,/jobs,201,146.58980001695454
23,2026-09-07T16:13:46.113169,1000,539,DELETE,/jobs/1000,404,86.54889999888837
23,2026-09-07T16:13:46.113169,1000,540,PUT,/jobs/001,200,143.8825000077486
23,2026-09-07T16:13:46.113169,1000,541,PUT,/jobs/002,404,145.97099996171892
23,2026-09-07T16:13:46.113169,1000,542,PUT,/jobs/002,404,144.66680004261434
23,2026-09-07T16:13:46.113169,1000,543,POST,/jobs,201,145.27300000190735
23,2026-09-07T16:13:46.113169,1000,544,GET,/jobs,200,98.52280002087355
23,2026-09-07T16:13:46.113169,1000,545,GET,/jobs/002,404,101.77199996542186
23,2026-09-07T16:13:46.113169,1000,546,PUT,/jobs/1000,404,144.04539996758103
23,2026-09-07T16:13:46.113169,1000,547,PUT,/jobs/002,404,147.30409998446703
23,2026-09-07T16:13:46.113169,1000,548,PUT,/jobs/1000,404,147.1468999516219
23,2026-09-07T16:13:46.113169,1000,549,GET,/jobs,200,100.78910004813224
23,2026-09-07T16:13:46.113169,1000,550,PUT,/jobs/001,200,144.7813999839127
23,2026-09-07T16:13:46.113169,1000,551,POST,/jobs,201,143.25939991977066
23,2026-09-07T16:13:46.113169,1000,552,POST,/jobs,201,143.695899983868
23,2026-09-07T16:13:46.113169,1000,553,PUT,/jobs/1000,404,144.20580002479255
23,2026-09-07T16:13:46.113169,1000,554,GET,/jobs,200,102.07989998161793
23,2026-09-07T16:13:46.113169,1000,555,DELETE,/jobs/1000,404,104.90630008280277
23,2026-09-07T16:13:46.113169,1000,556,PUT,/jobs/001,200,144.93799989577383
23,2026-09-07T16:13:46.113169,1000,557,GET,/jobs/1000,404,103.49910007789731
23,2026-09-07T16:13:46.113169,1000,558,POST,/jobs,201,143.2897999184206
23,2026-09-07T16:13:46.113169,1000,559,PUT,/jobs/1000,404,142.8041000617668
23,2026-09-07T16:13:46.113169,1000,560,PUT,/jobs/001,200,142.4032999202609
23,2026-09-07T16:13:46.113169,1000,561,GET,/jobs/002,404,106.5027000149712
23,2026-09-07T16:13:46.113169,1000,562,DELETE,/jobs/002,404,104.26940000616014
23,2026-09-07T16:13:46.113169,1000,563,POST,/jobs,201,144.04459996148944
23,2026-09-07T16:13:46.113169,1000,564,PUT,/jobs/001,200,142.36369996797293
23,2026-09-07T16:13:46.113169,1000,565,GET,/jobs,200,104.72960001789033
23,2026-09-07T16:13:46.113169,1000,566,DELETE,/jobs/002,404,112.97670006752014
23,2026-09-07T16:13:46.113169,1000,567,GET,/jobs/002,404,111.38919997029006
23,2026-09-07T16:13:46.113169,1000,568,DELETE,/jobs/002,404,112.22420004196465
23,2026-09-07T16:13:46.113169,1000,569,DELETE,/jobs/1000,404,111.81799997575581
23,2026-09-07T16:13:46.113169,1000,570,GET,/jobs,200,104.0932999458164
23,2026-09-07T16:13:46.113169,1000,571,GET,/jobs/001,200,152.17100002337247
23,2026-09-07T16:13:46.113169,1000,572,PUT,/jobs/001,200,151.62459993734956
23,2026-09-07T16:13:46.113169,1000,573,GET,/jobs/002,404,106.42249998636544
23,2026-09-07T16:13:46.113169,1000,574,POST,/jobs,201,151.67479997035116
23,2026-09-07T16:13:46.113169,1000,575,POST,/jobs,201,151.9061999861151
23,2026-09-07T16:13:46.113169,1000,576,PUT,/jobs/002,404,151.90099994651973
23,2026-09-07T16:13:46.113169,1000,577,GET,/jobs/002,404,108.16589999012649
23,2026-09-07T16:13:46.113169,1000,578,DELETE,/jobs/002,404,94.39250000286847
23,2026-09-07T16:13:46.113169,1000,579,PUT,/jobs/001,200,129.5216999715194
23,2026-09-07T16:13:46.113169,1000,580,DELETE,/jobs/002,404,94.92059994954616
23,2026-09-07T16:13:46.113169,1000,581,GET,/jobs,200,90.48919996712357
23,2026-09-07T16:13:46.113169,1000,582,POST,/jobs,201,131.09309994615614
23,2026-09-07T16:13:46.113169,1000,583,PUT,/jobs/002,404,131.1987000517547
23,2026-09-07T16:13:46.113169,1000,584,DELETE,/jobs/1000,404,95.95600003376603
23,2026-09-07T16:13:46.113169,1000,585,GET,/jobs,200,92.10459992755204
23,2026-09-07T16:13:46.113169,1000,586,POST,/jobs,201,130.36619999911636
23,2026-09-07T16:13:46.113169,1000,587,POST,/jobs,201,129.942899919115
23,2026-09-07T16:13:46.113169,1000,588,DELETE,/jobs/1000,404,95.37930006626993
23,2026-09-07T16:13:46.113169,1000,589,GET,/jobs/002,404,96.19430010206997
23,2026-09-07T16:13:46.113169,1000,590,DELETE,/jobs/1000,404,95.7973999902606
23,2026-09-07T16:13:46.113169,1000,591,POST,/jobs,201,122.99139995593578
23,2026-09-07T16:13:46.113169,1000,592,DELETE,/jobs/1000,404,87.95760001521558
23,2026-09-07T16:13:46.113169,1000,593,PUT,/jobs/002,404,124.71300002653152
23,2026-09-07T16:13:46.113169,1000,594,GET,/jobs/1000,404,86.23360004276037
23,2026-09-07T16:13:46.113169,1000,595,GET,/jobs/1000,404,87.44649996515363
23,2026-09-07T16:13:46.113169,1000,596,PUT,/jobs/001,200,129.7336999559775
23,2026-09-07T16:13:46.113169,1000,597,PUT,/jobs/001,200,130.60130004305393
23,2026-09-07T16:13:46.113169,1000,598,POST,/jobs,201,129.9218999920413
23,2026-09-07T16:13:46.113169,1000,599,PUT,/jobs/1000,404,128.9779000217095
23,2026-09-07T16:13:46.113169,1000,600,PUT,/jobs/002,404,122.53749999217689
23,2026-09-07T16:13:46.113169,1000,601,GET,/jobs/002,404,82.56700006313622
23,2026-09-07T16:13:46.113169,1000,602,GET,/jobs,200,81.07549999840558
23,2026-09-07T16:13:46.113169,1000,603,GET,/jobs/1000,404,82.69199996721
23,2026-09-07T16:13:46.113169,1000,604,DELETE,/jobs/1000,404,82.18700008001179
23,2026-09-07T16:13:46.113169,1000,605,GET,/jobs,200,80.4691999219358
23,2026-09-07T16:13:46.113169,1000,606,PUT,/jobs/001,200,125.15819992404431
23,2026-09-07T16:13:46.113169,1000,607,DELETE,/jobs/1000,404,83.33829999901354
23,2026-09-07T16:13:46.113169,1000,608,GET,/jobs,200,81.91479998640716
23,2026-09-07T16:13:46.113169,1000,609,GET,/jobs/002,404,82.12560007814318
23,2026-09-07T16:13:46.113169,1000,610,GET,/jobs/001,200,125.75280002783984
23,2026-09-07T16:13:46.113169,1000,611,PUT,/jobs/002,404,113.87689993716776
23,2026-09-07T16:13:46.113169,1000,612,POST,/jobs,201,114.07890007831156
23,2026-09-07T16:13:46.113169,1000,613,PUT,/jobs/1000,404,113.15820005256683
23,2026-09-07T16:13:46.113169,1000,614,GET,/jobs,200,79.19720001518726
23,2026-09-07T16:13:46.113169,1000,615,POST,/jobs,201,113.37809998076409
23,2026-09-07T16:13:46.113169,1000,616,DELETE,/jobs/1000,404,79.81280004605651
23,2026-09-07T16:13:46.113169,1000,617,POST,/jobs,201,113.15240000840276
23,2026-09-07T16:13:46.113169,1000,618,PUT,/jobs/1000,404,112.82040004152805
23,2026-09-07T16:13:46.113169,1000,619,GET,/jobs,200,66.24050007667392
23,2026-09-07T16:13:46.113169,1000,620,DELETE,/jobs/002,404,75.88099990971386
23,2026-09-07T16:13:46.113169,1000,621,GET,/jobs/1000,404,75.04859997425228
23,2026-09-07T16:13:46.113169,1000,622,POST,/jobs,201,112.06359998323023
23,2026-09-07T16:13:46.113169,1000,623,GET,/jobs,200,66.56199996359646
23,2026-09-07T16:13:46.113169,1000,624,PUT,/jobs/001,200,116.93180003203452
23,2026-09-07T16:13:46.113169,1000,625,GET,/jobs,200,67.98100005835295
23,2026-09-07T16:13:46.113169,1000,626,PUT,/jobs/001,200,113.09620004612952
23,2026-09-07T16:13:46.113169,1000,627,POST,/jobs,201,116.69320007786155
23,2026-09-07T16:13:46.113169,1000,628,GET,/jobs,200,77.87879998795688
23,2026-09-07T16:13:46.113169,1000,629,POST,/jobs,201,131.66199997067451
23,2026-09-07T16:13:46.113169,1000,630,GET,/jobs,200,75.87790000252426
23,2026-09-07T16:13:46.113169,1000,631,POST,/jobs,201,133.05250008124858
23,2026-09-07T16:13:46.113169,1000,632,POST,/jobs,201,132.3602000484243
23,2026-09-07T16:13:46.113169,1000,633,GET,/jobs/001,200,135.45619999058545
23,2026-09-07T16:13:46.113169,1000,634,DELETE,/jobs/1000,404,78.71420006267726
23,2026-09-07T16:13:46.113169,1000,635,DELETE,/jobs/002,404,70.96899999305606
23,2026-09-07T16:13:46.113169,1000,636,GET,/jobs/001,200,143.30789993982762
23,2026-09-07T16:13:46.113169,1000,637,GET,/jobs,200,69.30820003617555
23,2026-09-07T16:13:46.113169,1000,638,DELETE,/jobs/1000,404,83.35289999376982
23,2026-09-07T16:13:46.113169,1000,639,DELETE,/jobs/002,404,82.66030007507652
23,2026-09-07T16:13:46.113169,1000,640,PUT,/jobs/1000,404,133.80410009995103
23,2026-09-07T16:13:46.113169,1000,641,GET,/jobs/001,200,141.83069998398423
23,2026-09-07T16:13:46.113169,1000,642,PUT,/jobs/1000,404,134.60269989445806
23,2026-09-07T16:13:46.113169,1000,643,POST,/jobs,201,135.487399995327
23,2026-09-07T16:13:46.113169,1000,644,POST,/jobs,201,134.39400005154312
23,2026-09-07T16:13:46.113169,1000,645,GET,/jobs,200,78.73529999051243
23,2026-09-07T16:13:46.113169,1000,646,PUT,/jobs/002,404,134.93099994957447
23,2026-09-07T16:13:46.113169,1000,647,DELETE,/jobs/002,404,86.40210004523396
23,2026-09-07T16:13:46.113169,1000,648,GET,/jobs,200,79.62939993012697
23,2026-09-07T16:13:46.113169,1000,649,PUT,/jobs/002,404,139.36479995027184
23,2026-09-07T16:13:46.113169,1000,650,DELETE,/jobs/1000,404,86.28119993954897
23,2026-09-07T16:13:46.113169,1000,651,PUT,/jobs/1000,404,142.45980000123382
23,2026-09-07T16:13:46.113169,1000,652,POST,/jobs,201,143.53669993579388
23,2026-09-07T16:13:46.113169,1000,653,POST,/jobs,201,138.4703000076115
23,2026-09-07T16:13:46.113169,1000,654,PUT,/jobs/002,404,140.1054000016302
23,2026-09-07T16:13:46.113169,1000,655,GET,/jobs,200,76.65359997190535
23,2026-09-07T16:13:46.113169,1000,656,GET,/jobs/002,404,85.85999999195337
23,2026-09-07T16:13:46.113169,1000,657,DELETE,/jobs/1000,404,86.94059995468706
23,2026-09-07T16:13:46.113169,1000,658,DELETE,/jobs/1000,404,84.44719994440675
23,2026-09-07T16:13:46.113169,1000,659,POST,/jobs,201,150.95949999522418
23,2026-09-07T16:13:46.113169,1000,660,PUT,/jobs/002,404,152.63400005642325
23,2026-09-07T16:13:46.113169,1000,661,GET,/jobs,200,89.36660003382713
23,2026-09-07T16:13:46.113169,1000,662,DELETE,/jobs/002,404,90.63340001739562
23,2026-09-07T16:13:46.113169,1000,663,DELETE,/jobs/1000,404,88.92560005187988
23,2026-09-07T16:13:46.113169,1000,664,POST,/jobs,201,152.19549997709692
23,2026-09-07T16:13:46.113169,1000,665,GET,/jobs/1000,404,89.8373998934403
23,2026-09-07T16:13:46.113169,1000,666,POST,/jobs,201,152.63500006403774
23,2026-09-07T16:13:46.113169,1000,667,GET,/jobs/1000,404,89.55779997631907
23,2026-09-07T16:13:46.113169,1000,668,POST,/jobs,201,151.83829993475229
23,2026-09-07T16:13:46.113169,1000,669,GET,/jobs/1000,404,90.03089996986091
23,2026-09-07T16:13:46.113169,1000,670,GET,/jobs,200,88.3824999909848
23,2026-09-07T16:13:46.113169,1000,671,GET,/jobs,200,80.7490999577567
23,2026-09-07T16:13:46.113169,1000,672,POST,/jobs,201,145.23989998269826
23,2026-09-07T16:13:46.113169,1000,673,PUT,/jobs/001,200,148.06799998041242
23,2026-09-07T16:13:46.113169,1000,674,DELETE,/jobs/1000,404,83.56020005885512
23,2026-09-07T16:13:46.113169,1000,675,GET,/jobs/001,200,142.97440007794648
23,2026-09-07T16:13:46.113169,1000,676,POST,/jobs,201,146.8840999295935
23,2026-09-07T16:13:46.113169,1000,677,PUT,/jobs/001,200,148.93130003474653
23,2026-09-07T16:13:46.113169,1000,678,GET,/jobs/001,200,142.59669999592006
23,2026-09-07T16:13:46.113169,1000,679,DELETE,/jobs/1000,404,83.31090002320707
23,2026-09-07T16:13:46.113169,1000,680,DELETE,/jobs/1000,404,81.71739999670535
23,2026-09-07T16:13:46.113169,1000,681,GET,/jobs/002,404,84.37139994930476
23,2026-09-07T16:13:46.113169,1000,682,PUT,/jobs/002,404,147.462600027211
23,2026-09-07T16:13:46.113169,1000,683,POST,/jobs,201,143.16609990783036
23,2026-09-07T16:13:46.113169,1000,684,GET,/jobs,200,101.2943999376148
23,2026-09-07T16:13:46.113169,1000,685,PUT,/jobs/001,200,166.33039992302656
23,2026-09-07T16:13:46.113169,1000,686,GET,/jobs/001,200,167.28599998168647
23,2026-09-07T16:13:46.113169,1000,687,PUT,/jobs/1000,404,156.7409000126645
23,2026-09-07T16:13:46.113169,1000,688,POST,/jobs,201,157.7023999998346
23,2026-09-07T16:13:46.113169,1000,689,PUT,/jobs/001,200,164.6345000481233
23,2026-09-07T16:13:46.113169,1000,690,POST,/jobs,201,156.95580001920462
23,2026-09-07T16:13:46.113169,1000,691,GET,/jobs,200,99.13239988964051
23,2026-09-07T16:13:46.113169,1000,692,PUT,/jobs/002,404,157.59479999542236
23,2026-09-07T16:13:46.113169,1000,693,POST,/jobs,201,163.4046999970451
23,2026-09-07T16:13:46.113169,1000,694,PUT,/jobs/1000,404,163.90990000218153
23,2026-09-07T16:13:46.113169,1000,695,POST,/jobs,201,163.1760000018403
23,2026-09-07T16:13:46.113169,1000,696,GET,/jobs/002,404,108.79459988791496
23,2026-09-07T16:13:46.113169,1000,697,GET,/jobs,200,98.98749995045364
23,2026-09-07T16:13:46.113169,1000,698,DELETE,/jobs/1000,404,108.7363000260666
23,2026-09-07T16:13:46.113169,1000,699,DELETE,/jobs/002,404,109.58080005366355
23,2026-09-07T16:13:46.113169,1000,700,GET,/jobs,200,96.29650006536394
23,2026-09-07T16:13:46.113169,1000,701,PUT,/jobs/1000,404,158.09549996629357
23,2026-09-07T16:13:46.113169,1000,702,POST,/jobs,201,150.24029999040067
23,2026-09-07T16:13:46.113169,1000,703,PUT,/jobs/001,200,148.6889999359846
23,2026-09-07T16:13:46.113169,1000,704,GET,/jobs/001,200,163.2548999041319
23,2026-09-07T16:13:46.113169,1000,705,GET,/jobs,200,101.80960001889616
23,2026-09-07T16:13:46.113169,1000,706,POST,/jobs,201,147.96159998513758
23,2026-09-07T16:13:46.113169,1000,707,GET,/jobs,200,102.99180005677044
23,2026-09-07T16:13:46.113169,1000,708,GET,/jobs,200,103.9341000141576
23,2026-09-07T16:13:46.113169,1000,709,GET,/jobs/1000,404,109.74440001882613
23,2026-09-07T16:13:46.113169,1000,710,GET,/jobs/002,404,101.6728999093175
23,2026-09-07T16:13:46.113169,1000,711,PUT,/jobs/002,404,157.82880003098398
23,2026-09-07T16:13:46.113169,1000,712,DELETE,/jobs/1000,404,112.84399998839945
23,2026-09-07T16:13:46.113169,1000,713,DELETE,/jobs/002,404,111.68209998868406
23,2026-09-07T16:13:46.113169,1000,714,PUT,/jobs/1000,404,158.6124999448657
23,2026-09-07T16:13:46.113169,1000,715,GET,/jobs,200,113.77199995331466
23,2026-09-07T16:13:46.113169,1000,716,PUT,/jobs/1000,404,162.39569999743253
23,2026-09-07T16:13:46.113169,1000,717,PUT,/jobs/002,404,162.6161999301985
23,2026-09-07T16:13:46.113169,1000,718,GET,/jobs,200,104.0623999433592
23,2026-09-07T16:13:46.113169,1000,719,POST,/jobs,201,162.17949998099357
23,2026-09-07T16:13:46.113169,1000,720,PUT,/jobs/002,404,171.19850008748472
23,2026-09-07T16:13:46.113169,1000,721,GET,/jobs/002,404,112.45190002955496
23,2026-09-07T16:13:46.113169,1000,722,GET,/jobs,200,106.37630010023713
23,2026-09-07T16:13:46.113169,1000,723,POST,/jobs,201,159.2648000223562
23,2026-09-07T16:13:46.113169,1000,724,POST,/jobs,201,150.66119993571192
23,2026-09-07T16:13:46.113169,1000,725,PUT,/jobs/002,404,157.58720005396754
23,2026-09-07T16:13:46.113169,1000,726,GET,/jobs/001,200,162.80779999215156
23,2026-09-07T16:13:46.113169,1000,727,PUT,/jobs/001,200,160.42989993002266
23,2026-09-07T16:13:46.113169,1000,728,GET,/jobs/1000,404,103.65810000803322
23,2026-09-07T16:13:46.113169,1000,729,DELETE,/jobs/002,404,104.70119991805404
23,2026-09-07T16:13:46.113169,1000,730,GET,/jobs,200,102.67229995224625
23,2026-09-07T16:13:46.113169,1000,731,POST,/jobs,201,152.02219993807375
23,2026-09-07T16:13:46.113169,1000,732,GET,/jobs/1000,404,103.98670006543398
23,2026-09-07T16:13:46.113169,1000,733,GET,/jobs/001,200,162.5789999961853
23,2026-09-07T16:13:46.113169,1000,734,DELETE,/jobs/002,404,107.86839993670583
23,2026-09-07T16:13:46.113169,1000,735,DELETE,/jobs/002,404,108.45019994303584
23,2026-09-07T16:13:46.113169,1000,736,GET,/jobs/002,404,107.37390001304448
23,2026-09-07T16:13:46.113169,1000,737,GET,/jobs/1000,404,109.39310002140701
23,2026-09-07T16:13:46.113169,1000,738,GET,/jobs,200,94.77889991831034
23,2026-09-07T16:13:46.113169,1000,739,POST,/jobs,201,165.92619998846203
23,2026-09-07T16:13:46.113169,1000,740,GET,/jobs/001,200,166.7932999553159
23,2026-09-07T16:13:46.113169,1000,741,DELETE,/jobs/1000,404,104.61599996779114
23,2026-09-07T16:13:46.113169,1000,742,GET,/jobs/001,200,167.12650004774332
23,2026-09-07T16:13:46.113169,1000,743,GET,/jobs,200,95.44629999436438
23,2026-09-07T16:13:46.113169,1000,744,GET,/jobs/001,200,177.24950006231666
23,2026-09-07T16:13:46.113169,1000,745,POST,/jobs,201,158.34110009018332
23,2026-09-07T16:13:46.113169,1000,746,GET,/jobs/1000,404,107.15230007190257
23,2026-09-07T16:13:46.113169,1000,747,POST,/jobs,201,158.5549000883475
23,2026-09-07T16:13:46.113169,1000,748,GET,/jobs/002,404,98.68539997842163
23,2026-09-07T16:13:46.113169,1000,749,GET,/jobs,200,97.06649999134243
23,2026-09-07T16:13:46.113169,1000,750,GET,/jobs/1000,404,103.9711000630632
23,2026-09-07T16:13:46.113169,1000,751,PUT,/jobs/1000,404,160.8879000414163
23,2026-09-07T16:13:46.113169,1000,752,GET,/jobs,200,100.64580000471324
23,2026-09-07T16:13:46.113169,1000,753,GET,/jobs,200,100.57450004387647
23,2026-09-07T16:13:46.113169,1000,754,PUT,/jobs/002,404,163.38819998782128
23,2026-09-07T16:13:46.113169,1000,755,POST,/jobs,201,158.55170006398112
23,2026-09-07T16:13:46.113169,1000,756,DELETE,/jobs/002,404,102.89290000218898
23,2026-09-07T16:13:46.113169,1000,757,PUT,/jobs/1000,404,161.33640008047223
23,2026-09-07T16:13:46.113169,1000,758,GET,/jobs/1000,404,102.88899997249246
23,2026-09-07T16:13:46.113169,1000,759,GET,/jobs,200,101.48980002850294
23,2026-09-07T16:13:46.113169,1000,760,DELETE,/jobs/1000,404,103.06170000694692
23,2026-09-07T16:13:46.113169,1000,761,PUT,/jobs/1000,404,163.1307000061497
23,2026-09-07T16:13:46.113169,1000,762,GET,/jobs,200,99.78369995951653
23,2026-09-07T16:13:46.113169,1000,763,GET,/jobs,200,102.43640001863241
23,2026-09-07T16:13:46.113169,1000,764,PUT,/jobs/002,404,163.70010003447533
23,2026-09-07T16:13:46.113169,1000,765,PUT,/jobs/1000,404,180.62160001136363
23,2026-09-07T16:13:46.113169,1000,766,GET,/jobs,200,109.97330001555383
23,2026-09-07T16:13:46.113169,1000,767,PUT,/jobs/1000,404,183.3194000646472
23,2026-09-07T16:13:46.113169,1000,768,PUT,/jobs/001,200,183.42969997320324
23,2026-09-07T16:13:46.113169,1000,769,GET,/jobs,200,109.5691000809893
23,2026-09-07T16:13:46.113169,1000,770,POST,/jobs,201,183.7414000183344
23,2026-09-07T16:13:46.113169,1000,771,GET,/jobs/001,200,184.14419994223863
23,2026-09-07T16:13:46.113169,1000,772,GET,/jobs/002,404,110.4924000101164
23,2026-09-07T16:13:46.113169,1000,773,DELETE,/jobs/1000,404,110.89829995762557
23,2026-09-07T16:13:46.113169,1000,774,PUT,/jobs/1000,404,182.08759999834
23,2026-09-07T16:13:46.113169,1000,775,DELETE,/jobs/1000,404,111.79939995054156
23,2026-09-07T16:13:46.113169,1000,776,PUT,/jobs/1000,404,191.88679999206215
23,2026-09-07T16:13:46.113169,1000,777,DELETE,/jobs/1000,404,111.97880003601313
23,2026-09-07T16:13:46.113169,1000,778,GET,/jobs,200,114.8284999653697
23,2026-09-07T16:13:46.113169,1000,779,GET,/jobs,200,115.70740002207458
23,2026-09-07T16:13:46.113169,1000,780,DELETE,/jobs/002,404,117.93649999890476
23,2026-09-07T16:13:46.113169,1000,781,PUT,/jobs/002,404,180.80360000021756
23,2026-09-07T16:13:46.113169,1000,782,GET,/jobs/002,404,118.27660002745688
23,2026-09-07T16:13:46.113169,1000,783,POST,/jobs,201,186.23089999891818
23,2026-09-07T16:13:46.113169,1000,784,PUT,/jobs/002,404,179.2014999082312
23,2026-09-07T16:13:46.113169,1000,785,PUT,/jobs/1000,404,182.41409992333502
23,2026-09-07T16:13:46.113169,1000,786,GET,/jobs,200,115.81079999450594
23,2026-09-07T16:13:46.113169,1000,787,POST,/jobs,201,180.47340004704893
23,2026-09-07T16:13:46.113169,1000,788,POST,/jobs,201,186.84129999019206
23,2026-09-07T16:13:46.113169,1000,789,POST,/jobs,201,185.96519995480776
23,2026-09-07T16:13:46.113169,1000,790,GET,/jobs/1000,404,117.10100003983825
23,2026-09-07T16:13:46.113169,1000,791,PUT,/jobs/001,200,186.5055999951437
23,2026-09-07T16:13:46.113169,1000,792,GET,/jobs,200,106.90170002635568
23,2026-09-07T16:13:46.113169,1000,793,GET,/jobs,200,108.99960005190223
23,2026-09-07T16:13:46.113169,1000,794,GET,/jobs,200,106.33089998736978
23,2026-09-07T16:13:46.113169,1000,795,PUT,/jobs/001,200,186.22740008868277
23,2026-09-07T16:13:46.113169,1000,796,POST,/jobs,201,202.61959999334067
23,2026-09-07T16:13:46.113169,1000,797,GET,/jobs/1000,404,128.70459991972893
23,2026-09-07T16:13:46.113169,1000,798,GET,/jobs,200,116.82749993633479
23,2026-09-07T16:13:46.113169,1000,799,DELETE,/jobs/1000,404,130.47650002408773
23,2026-09-07T16:13:46.113169,1000,800,GET,/jobs,200,115.75729993637651
23,2026-09-07T16:13:46.113169,1000,801,PUT,/jobs/002,404,201.28439995460212
23,2026-09-07T16:13:46.113169,1000,802,PUT,/jobs/1000,404,200.9160000598058
23,2026-09-07T16:13:46.113169,1000,803,GET,/jobs,200,117.69890005234629
23,2026-09-07T16:13:46.113169,1000,804,POST,/jobs,201,200.66750003024936
23,2026-09-07T16:13:46.113169,1000,805,POST,/jobs,201,208.13409995753318
23,2026-09-07T16:13:46.113169,1000,806,GET,/jobs,200,130.59549999888986
23,2026-09-07T16:13:46.113169,1000,807,DELETE,/jobs/002,404,132.41439999546856
23,2026-09-07T16:13:46.113169,1000,808,GET,/jobs/1000,404,131.41520007047802
23,2026-09-07T16:13:46.113169,1000,809,PUT,/jobs/001,200,208.37759994901717
23,2026-09-07T16:13:46.113169,1000,810,GET,/jobs,200,130.09640004020184
23,2026-09-07T16:13:46.113169,1000,811,POST,/jobs,201,208.59579998068511
23,2026-09-07T16:13:46.113169,1000,812,DELETE,/jobs/1000,404,132.32460001017898
23,2026-09-07T16:13:46.113169,1000,813,GET,/jobs,200,129.24639997072518
23,2026-09-07T16:13:46.113169,1000,814,POST,/jobs,201,207.0734000299126
23,2026-09-07T16:13:46.113169,1000,815,GET,/jobs/002,404,132.85960000939667
23,2026-09-07T16:13:46.113169,1000,816,DELETE,/jobs/002,404,126.75930000841618
23,2026-09-07T16:13:46.113169,1000,817,DELETE,/jobs/1000,404,140.60610008891672
23,2026-09-07T16:13:46.113169,1000,818,GET,/jobs,200,122.47900001239032
23,2026-09-07T16:13:46.113169,1000,819,GET,/jobs/002,404,125.90430001728237
23,2026-09-07T16:13:46.113169,1000,820,POST,/jobs,201,197.79540004674345
23,2026-09-07T16:13:46.113169,1000,821,POST,/jobs,201,208.6777000222355
23,2026-09-07T16:13:46.113169,1000,822,GET,/jobs/001,200,212.36180001869798
23,2026-09-07T16:13:46.113169,1000,823,DELETE,/jobs/1000,404,147.06340001430362
23,2026-09-07T16:13:46.113169,1000,824,GET,/jobs,200,132.36089993733913
23,2026-09-07T16:13:46.113169,1000,825,GET,/jobs/1000,404,146.9249000074342
23,2026-09-07T16:13:46.113169,1000,826,GET,/jobs,200,136.03669998701662
23,2026-09-07T16:13:46.113169,1000,827,GET,/jobs,200,131.75250007770956
23,2026-09-07T16:13:46.113169,1000,828,DELETE,/jobs/002,404,142.7216000156477
23,2026-09-07T16:13:46.113169,1000,829,PUT,/jobs/002,404,195.80939994193614
23,2026-09-07T16:13:46.113169,1000,830,PUT,/jobs/002,404,197.55629997234792
23,2026-09-07T16:13:46.113169,1000,831,GET,/jobs/002,404,143.6125000473112
23,2026-09-07T16:13:46.113169,1000,832,POST,/jobs,201,196.6685000807047
23,2026-09-07T16:13:46.113169,1000,833,POST,/jobs,201,196.94100006017834
23,2026-09-07T16:13:46.113169,1000,834,DELETE,/jobs/002,404,143.16890004556626
23,2026-09-07T16:13:46.113169,1000,835,GET,/jobs,200,131.84419996105134
23,2026-09-07T16:13:46.113169,1000,836,GET,/jobs/001,200,205.81239997409284
23,2026-09-07T16:13:46.113169,1000,837,DELETE,/jobs/002,404,141.95880002807826
23,2026-09-07T16:13:46.113169,1000,838,GET,/jobs,200,130.70869992952794
23,2026-09-07T16:13:46.113169,1000,839,POST,/jobs,201,191.84099999256432
23,2026-09-07T16:13:46.113169,1000,840,PUT,/jobs/002,404,189.385199919343
23,2026-09-07T16:13:46.113169,1000,841,DELETE,/jobs/1000,404,127.30320007540286
23,2026-09-07T16:13:46.113169,1000,842,PUT,/jobs/002,404,188.710100017488
23,2026-09-07T16:13:46.113169,1000,843,GET,/jobs/1000,404,144.23229999374598
23,2026-09-07T16:13:46.113169,1000,844,GET,/jobs,200,129.35530010145158
23,2026-09-07T16:13:46.113169,1000,845,POST,/jobs,201,192.00899999123067
23,2026-09-07T16:13:46.113169,1000,846,GET,/jobs,200,124.97859995346516
23,2026-09-07T16:13:46.113169,1000,847,POST,/jobs,201,187.77630000840873
23,2026-09-07T16:13:46.113169,1000,848,DELETE,/jobs/1000,404,130.04340010229498
23,2026-09-07T16:13:46.113169,1000,849,DELETE,/jobs/1000,404,145.41240001562983
23,2026-09-07T16:13:46.113169,1000,850,GET,/jobs,200,125.42739999480546
23,2026-09-07T16:13:46.113169,1000,851,GET,/jobs/002,404,127.18529999256134
23,2026-09-07T16:13:46.113169,1000,852,DELETE,/jobs/002,404,126.58949999604374
23,2026-09-07T16:13:46.113169,1000,853,GET,/jobs,200,125.93219999689609
23,2026-09-07T16:13:46.113169,1000,854,GET,/jobs/002,404,127.48559995088726
23,2026-09-07T16:13:46.113169,1000,855,GET,/jobs/001,200,185.99789997097105
23,2026-09-07T16:13:46.113169,1000,856,POST,/jobs,201,188.3382999803871
23,2026-09-07T16:13:46.113169,1000,857,POST,/jobs,201,178.9369999896735
23,2026-09-07T16:13:46.113169,1000,858,GET,/jobs,200,122.24860000424087
23,2026-09-07T16:13:46.113169,1000,859,PUT,/jobs/1000,404,179.6384999761358
23,2026-09-07T16:13:46.113169,1000,860,PUT,/jobs/001,200,178.298500017263
23,2026-09-07T16:13:46.113169,1000,861,GET,/jobs/002,404,128.99850006215274
23,2026-09-07T16:13:46.113169,1000,862,DELETE,/jobs/002,404,121.67300004512072
23,2026-09-07T16:13:46.113169,1000,863,DELETE,/jobs/1000,404,129.25690005067736
23,2026-09-07T16:13:46.113169,1000,864,GET,/jobs,200,106.9003000156954
23,2026-09-07T16:13:46.113169,1000,865,PUT,/jobs/1000,404,180.2625999553129
23,2026-09-07T16:13:46.113169,1000,866,GET,/jobs,200,118.53410000912845
23,2026-09-07T16:13:46.113169,1000,867,PUT,/jobs/001,200,179.55530004110187
23,2026-09-07T16:13:46.113169,1000,868,PUT,/jobs/001,200,180.43399997986853
23,2026-09-07T16:13:46.113169,1000,869,POST,/jobs,201,181.93700001575053
23,2026-09-07T16:13:46.113169,1000,870,PUT,/jobs/1000,404,179.80109993368387
23,2026-09-07T16:13:46.113169,1000,871,PUT,/jobs/1000,404,169.16849999688566
23,2026-09-07T16:13:46.113169,1000,872,PUT,/jobs/002,404,169.273899984546
23,2026-09-07T16:13:46.113169,1000,873,GET,/jobs,200,105.99569999612868
23,2026-09-07T16:13:46.113169,1000,874,PUT,/jobs/001,200,181.48520006798208
23,2026-09-07T16:13:46.113169,1000,875,POST,/jobs,201,167.81469993293285
23,2026-09-07T16:13:46.113169,1000,876,DELETE,/jobs/1000,404,119.00239996612072
23,2026-09-07T16:13:46.113169,1000,877,POST,/jobs,201,180.73869997169822
23,2026-09-07T16:13:46.113169,1000,878,PUT,/jobs/001,200,182.11679998785257
23,2026-09-07T16:13:46.113169,1000,879,GET,/jobs/002,404,103.93559990916401
23,2026-09-07T16:13:46.113169,1000,880,DELETE,/jobs/1000,404,103.3950001001358
23,2026-09-07T16:13:46.113169,1000,881,DELETE,/jobs/002,404,102.32020006515086
23,2026-09-07T16:13:46.113169,1000,882,PUT,/jobs/002,404,162.08310006186366
23,2026-09-07T16:13:46.113169,1000,883,POST,/jobs,201,156.6262999549508
23,2026-09-07T16:13:46.113169,1000,884,POST,/jobs,201,160.99189990200102
23,2026-09-07T16:13:46.113169,1000,885,GET,/jobs/001,200,163.09280006680638
23,2026-09-07T16:13:46.113169,1000,886,DELETE,/jobs/002,404,114.80199999641627
23,2026-09-07T16:13:46.113169,1000,887,DELETE,/jobs/002,404,113.87459991965443
23,2026-09-07T16:13:46.113169,1000,888,POST,/jobs,201,160.66970000974834
23,2026-09-07T16:13:46.113169,1000,889,GET,/jobs/001,200,162.4743000138551
23,2026-09-07T16:13:46.113169,1000,890,GET,/jobs,200,110.72410002816468
23,2026-09-07T16:13:46.113169,1000,891,GET,/jobs/002,404,112.89880005642772
23,2026-09-07T16:13:46.113169,1000,892,GET,/jobs/001,200,152.75430004112422
23,2026-09-07T16:13:46.113169,1000,893,DELETE,/jobs/002,404,115.82259996794164
23,2026-09-07T16:13:46.113169,1000,894,GET,/jobs,200,113.52010001428425
23,2026-09-07T16:13:46.113169,1000,895,GET,/jobs/1000,404,115.17729994375259
23,2026-09-07T16:13:46.113169,1000,896,PUT,/jobs/002,404,163.4355999995023
23,2026-09-07T16:13:46.113169,1000,897,DELETE,/jobs/1000,404,112.62020003050566
23,2026-09-07T16:13:46.113169,1000,898,DELETE,/jobs/1000,404,112.22619994077832
23,2026-09-07T16:13:46.113169,1000,899,POST,/jobs,201,165.7637000316754
23,2026-09-07T16:13:46.113169,1000,900,PUT,/jobs/001,200,153.62050000112504
23,2026-09-07T16:13:46.113169,1000,901,PUT,/jobs/002,404,155.13229998759925
23,2026-09-07T16:13:46.113169,1000,902,POST,/jobs,201,166.26059997361153
23,2026-09-07T16:13:46.113169,1000,903,POST,/jobs,201,164.73079996649176
23,2026-09-07T16:13:46.113169,1000,904,GET,/jobs,200,114.38409995753318
23,2026-09-07T16:13:46.113169,1000,905,POST,/jobs,201,161.77919995971024
23,2026-09-07T16:13:46.113169,1000,906,GET,/jobs,200,111.64939997252077
23,2026-09-07T16:13:46.113169,1000,907,POST,/jobs,201,163.71460002847016
23,2026-09-07T16:13:46.113169,1000,908,PUT,/jobs/001,200,162.51669998746365
23,2026-09-07T16:13:46.113169,1000,909,GET,/jobs,200,103.07519999332726
23,2026-09-07T16:13:46.113169,1000,910,POST,/jobs,201,141.9908000389114
23,2026-09-07T16:13:46.113169,1000,911,POST,/jobs,201,142.10599998477846
23,2026-09-07T16:13:46.113169,1000,912,GET,/jobs,200,91.5359000209719
23,2026-09-07T16:13:46.113169,1000,913,DELETE,/jobs/1000,404,105.2523999242112
23,2026-09-07T16:13:46.113169,1000,914,PUT,/jobs/1000,404,142.60310004465282
23,2026-09-07T16:13:46.113169,1000,915,DELETE,/jobs/002,404,98.52140001021326
23,2026-09-07T16:13:46.113169,1000,916,PUT,/jobs/1000,404,141.7635000543669
23,2026-09-07T16:13:46.113169,1000,917,GET,/jobs/002,404,99.7946000425145
23,2026-09-07T16:13:46.113169,1000,918,DELETE,/jobs/1000,404,97.85709995776415
23,2026-09-07T16:13:46.113169,1000,919,DELETE,/jobs/002,404,99.22289999667555
23,2026-09-07T16:13:46.113169,1000,920,GET,/jobs,200,96.71459998935461
23,2026-09-07T16:13:46.113169,1000,921,PUT,/jobs/001,200,142.68289995379746
23,2026-09-07T16:13:46.113169,1000,922,POST,/jobs,201,142.91220006998628
23,2026-09-07T16:13:46.113169,1000,923,GET,/jobs,200,96.99440002441406
23,2026-09-07T16:13:46.113169,1000,924,DELETE,/jobs/002,404,98.95849996246397
23,2026-09-07T16:13:46.113169,1000,925,GET,/jobs,200,98.211899981834
23,2026-09-07T16:13:46.113169,1000,926,GET,/jobs/1000,404,105.38339999038726
23,2026-09-07T16:13:46.113169,1000,927,PUT,/jobs/002,404,136.30769995506853
23,2026-09-07T16:13:46.113169,1000,928,DELETE,/jobs/002,404,105.83569994196296
23,2026-09-07T16:13:46.113169,1000,929,POST,/jobs,201,136.91650005057454
23,2026-09-07T16:13:46.113169,1000,930,POST,/jobs,201,141.10000000800937
23,2026-09-07T16:13:46.113169,1000,931,PUT,/jobs/002,404,138.76549992710352
23,2026-09-07T16:13:46.113169,1000,932,DELETE,/jobs/002,404,103.18979993462563
23,2026-09-07T16:13:46.113169,1000,933,POST,/jobs,201,141.97490003425628
23,2026-09-07T16:13:46.113169,1000,934,POST,/jobs,201,144.44379997439682
23,2026-09-07T16:13:46.113169,1000,935,DELETE,/jobs/1000,404,104.07490003854036
23,2026-09-07T16:13:46.113169,1000,936,POST,/jobs,201,137.71989999804646
23,2026-09-07T16:13:46.113169,1000,937,DELETE,/jobs/002,404,103.81380002945662
23,2026-09-07T16:13:46.113169,1000,938,POST,/jobs,201,137.929999968037
23,2026-09-07T16:13:46.113169,1000,939,DELETE,/jobs/002,404,97.7817999664694
23,2026-09-07T16:13:46.113169,1000,940,POST,/jobs,201,130.765900015831
23,2026-09-07T16:13:46.113169,1000,941,PUT,/jobs/001,200,131.14780001342297
23,2026-09-07T16:13:46.113169,1000,942,DELETE,/jobs/002,404,89.981299941428
23,2026-09-07T16:13:46.113169,1000,943,POST,/jobs,201,125.13950001448393
23,2026-09-07T16:13:46.113169,1000,944,PUT,/jobs/1000,404,119.15220005903393
23,2026-09-07T16:13:46.113169,1000,945,POST,/jobs,201,117.80979996547103
23,2026-09-07T16:13:46.113169,1000,946,GET,/jobs/1000,404,94.29999999701977
23,2026-09-07T16:13:46.113169,1000,947,DELETE,/jobs/002,404,93.81009999196976
23,2026-09-07T16:13:46.113169,1000,948,PUT,/jobs/1000,404,122.98320000991225
23,2026-09-07T16:13:46.113169,1000,949,POST,/jobs,201,117.39129992201924
23,2026-09-07T16:13:46.113169,1000,950,POST,/jobs,201,116.3540999405086
23,2026-09-07T16:13:46.113169,1000,951,GET,/jobs/001,200,118.25180007144809
23,2026-09-07T16:13:46.113169,1000,952,POST,/jobs,201,117.77419992722571
23,2026-09-07T16:13:46.113169,1000,953,PUT,/jobs/001,200,118.76740003935993
23,2026-09-07T16:13:46.113169,1000,954,GET,/jobs/001,200,117.32339998707175
23,2026-09-07T16:13:46.113169,1000,955,GET,/jobs/001,200,117.55780002567917
23,2026-09-07T16:13:46.113169,1000,956,POST,/jobs,201,104.77229999378324
23,2026-09-07T16:13:46.113169,1000,957,GET,/jobs,200,72.62810005340725
23,2026-09-07T16:13:46.113169,1000,958,DELETE,/jobs/002,404,79.51299997512251
23,2026-09-07T16:13:46.113169,1000,959,POST,/jobs,201,105.60250002890825
23,2026-09-07T16:13:46.113169,1000,960,DELETE,/jobs/002,404,81.41740004066378
23,2026-09-07T16:13:46.113169,1000,961,DELETE,/jobs/1000,404,79.69749998301268
23,2026-09-07T16:13:46.113169,1000,962,GET,/jobs/001,200,109.89249998237938
23,2026-09-07T16:13:46.113169,1000,963,GET,/jobs/1000,404,80.84820001386106
23,2026-09-07T16:13:46.113169,1000,964,DELETE,/jobs/002,404,80.00740001443774
23,2026-09-07T16:13:46.113169,1000,965,PUT,/jobs/001,200,105.70569999981672
23,2026-09-07T16:13:46.113169,1000,966,PUT,/jobs/002,404,97.1821000566706
23,2026-09-07T16:13:46.113169,1000,967,GET,/jobs/002,404,71.34179992135614
23,2026-09-07T16:13:46.113169,1000,968,DELETE,/jobs/1000,404,73.7801999785006
23,2026-09-07T16:13:46.113169,1000,969,PUT,/jobs/001,200,94.52619997318834
23,2026-09-07T16:13:46.113169,1000,970,DELETE,/jobs/002,404,70.43940003495663
23,2026-09-07T16:13:46.113169,1000,971,POST,/jobs,201,95.1322999317199
23,2026-09-07T16:13:46.113169,1000,972,PUT,/jobs/001,200,93.9910999732092
23,2026-09-07T16:13:46.113169,1000,973,POST,/jobs,201,94.70689995214343
23,2026-09-07T16:13:46.113169,1000,974,DELETE,/jobs/1000,404,71.43789995461702
23,2026-09-07T16:13:46.113169,1000,975,PUT,/jobs/002,404,86.09810005873442
23,2026-09-07T16:13:46.113169,1000,976,PUT,/jobs/1000,404,82.16650004032999
23,2026-09-07T16:13:46.113169,1000,977,DELETE,/jobs/1000,404,71.01309997960925
23,2026-09-07T16:13:46.113169,1000,978,GET,/jobs/001,200,86.45479998085648
23,2026-09-07T16:13:46.113169,1000,979,DELETE,/jobs/002,404,69.33019997086376
23,2026-09-07T16:13:46.113169,1000,980,POST,/jobs,201,85.57519991882145
23,2026-09-07T16:13:46.113169,1000,981,PUT,/jobs/002,404,84.8593000555411
23,2026-09-07T16:13:46.113169,1000,982,DELETE,/jobs/002,404,71.94069994147867
23,2026-09-07T16:13:46.113169,1000,983,DELETE,/jobs/002,404,72.23019993398339
23,2026-09-07T16:13:46.113169,1000,984,POST,/jobs,201,85.61980002559721
23,2026-09-07T16:13:46.113169,1000,985,GET,/jobs/002,404,70.66069997381419
23,2026-09-07T16:13:46.113169,1000,986,PUT,/jobs/1000,404,71.45909999962896
23,2026-09-07T16:13:46.113169,1000,987,GET,/jobs/002,404,59.172999928705394
23,2026-09-07T16:13:46.113169,1000,988,GET,/jobs,200,55.712100001983345
23,2026-09-07T16:13:46.113169,1000,989,GET,/jobs/002,404,58.65230003837496
23,2026-09-07T16:13:46.113169,1000,990,POST,/jobs,201,71.98510004673153
23,2026-09-07T16:13:46.113169,1000,991,PUT,/jobs/001,200,72.40579999051988
23,2026-09-07T16:13:46.113169,1000,992,PUT,/jobs/1000,404,72.08279997576028
23,2026-09-07T16:13:46.113169,1000,993,POST,/jobs,201,71.45829999353737
23,2026-09-07T16:13:46.113169,1000,994,PUT,/jobs/001,200,68.9532000105828
23,2026-09-07T16:13:46.113169,1000,995,POST,/jobs,201,58.28329990617931
23,2026-09-07T16:13:46.113169,1000,996,GET,/jobs,200,48.007500008679926
23,2026-09-07T16:13:46.113169,1000,997,POST,/jobs,201,58.99849999696016
23,2026-09-07T16:13:46.113169,1000,998,POST,/jobs,201,58.873800095170736
23,2026-09-07T16:13:46.113169,1000,999,GET,/jobs/001,200,59.58719993941486
23,2026-09-07T16:13:46.113169,1000,1000,GET,/jobs,200,47.230999916791916
24,2026-09-07T16:13:48.091239,1000,1,GET,/jobs,200,58.56119992677122
24,2026-09-07T16:13:48.091239,1000,2,GET,/jobs,200,60.41060003917664
24,2026-09-07T16:13:48.091239,1000,3,POST,/jobs,201,170.91809993144125
24,2026-09-07T16:13:48.091239,1000,4,GET,/jobs/001,200,151.4904999639839
24,2026-09-07T16:13:48.091239,1000,5,GET,/jobs,200,60.85399992298335
24,2026-09-07T16:13:48.091239,1000,6,DELETE,/jobs/002,404,71.88920001499355
24,2026-09-07T16:13:48.091239,1000,7,DELETE,/jobs/1000,404,69.78320004418492
24,2026-09-07T16:13:48.091239,1000,8,GET,/jobs,200,66.93420000374317
24,2026-09-07T16:13:48.091239,1000,9,GET,/jobs,200,66.19099993258715
24,2026-09-07T16:13:48.091239,1000,10,GET,/jobs,200,63.87959991116077
24,2026-09-07T16:13:48.091239,1000,11,GET,/jobs/001,200,153.1268999679014
24,2026-09-07T16:13:48.091239,1000,12,DELETE,/jobs/002,404,73.47080006729811
24,2026-09-07T16:13:48.091239,1000,13,DELETE,/jobs/002,200,71.37740007601678
24,2026-09-07T16:13:48.091239,1000,14,DELETE,/jobs/1000,404,71.82860001921654
24,2026-09-07T16:13:48.091239,1000,15,GET,/jobs/002,404,71.00440002977848
24,2026-09-07T16:13:48.091239,1000,16,DELETE,/jobs/1000,404,73.01359996199608
24,2026-09-07T16:13:48.091239,1000,17,GET,/jobs,200,70.06850000470877
24,2026-09-07T16:13:48.091239,1000,18,GET,/jobs/1000,404,72.48910004273057
24,2026-09-07T16:13:48.091239,1000,19,PUT,/jobs/002,404,160.7798000331968
24,2026-09-07T16:13:48.091239,1000,20,POST,/jobs,201,163.1101000821218
24,2026-09-07T16:13:48.091239,1000,21,GET,/jobs/002,404,72.74740003049374
24,2026-09-07T16:13:48.091239,1000,22,GET,/jobs,200,71.28529995679855
24,2026-09-07T16:13:48.091239,1000,23,GET,/jobs,200,69.49110003188252
24,2026-09-07T16:13:48.091239,1000,24,PUT,/jobs/001,200,161.44769999664277
24,2026-09-07T16:13:48.091239,1000,25,POST,/jobs,201,149.83269991353154
24,2026-09-07T16:13:48.091239,1000,26,POST,/jobs,201,160.25429998990148
24,2026-09-07T16:13:48.091239,1000,27,POST,/jobs,201,150.19850002136081
24,2026-09-07T16:13:48.091239,1000,28,GET,/jobs,200,84.4651999650523
24,2026-09-07T16:13:48.091239,1000,29,PUT,/jobs/1000,404,153.4022999694571
24,2026-09-07T16:13:48.091239,1000,30,GET,/jobs,200,81.69869997072965
24,2026-09-07T16:13:48.091239,1000,31,PUT,/jobs/001,200,151.5455999178812
24,2026-09-07T16:13:48.091239,1000,32,DELETE,/jobs/1000,404,113.61110000871122
24,2026-09-07T16:13:48.091239,1000,33,DELETE,/jobs/1000,404,106.61440005060285
24,2026-09-07T16:13:48.091239,1000,34,DELETE,/jobs/002,404,111.08649999368936
24,2026-09-07T16:13:48.091239,1000,35,GET,/jobs,200,72.65530002769083
24,2026-09-07T16:13:48.091239,1000,36,GET,/jobs,200,83.11640005558729
24,2026-09-07T16:13:48.091239,1000,37,GET,/jobs/002,404,93.3410000288859
24,2026-09-07T16:13:48.091239,1000,38,GET,/jobs,200,77.1011000033468
24,2026-09-07T16:13:48.091239,1000,39,GET,/jobs/001,200,189.16740000713617
24,2026-09-07T16:13:48.091239,1000,40,PUT,/jobs/002,404,147.60619995649904
24,2026-09-07T16:13:48.091239,1000,41,PUT,/jobs/1000,404,183.23540000710636
24,2026-09-07T16:13:48.091239,1000,42,POST,/jobs,201,146.23509999364614
24,2026-09-07T16:13:48.091239,1000,43,POST,/jobs,201,137.3496000887826
24,2026-09-07T16:13:48.091239,1000,44,GET,/jobs/1000,404,102.04590007197112
24,2026-09-07T16:13:48.091239,1000,45,POST,/jobs,201,146.3331999257207
24,2026-09-07T16:13:48.091239,1000,46,GET,/jobs,200,70.98890002816916
24,2026-09-07T16:13:48.091239,1000,47,DELETE,/jobs/002,404,99.33610004372895
24,2026-09-07T16:13:48.091239,1000,48,DELETE,/jobs/002,404,96.35799995157868
24,2026-09-07T16:13:48.091239,1000,49,GET,/jobs/002,404,103.49960008170456
24,2026-09-07T16:13:48.091239,1000,50,PUT,/jobs/002,404,142.9569999454543
24,2026-09-07T16:13:48.091239,1000,51,DELETE,/jobs/002,404,141.5061999578029
24,2026-09-07T16:13:48.091239,1000,52,POST,/jobs,201,133.70150001719594
24,2026-09-07T16:13:48.091239,1000,53,GET,/jobs,200,127.85699998494238
24,2026-09-07T16:13:48.091239,1000,54,GET,/jobs/001,200,191.10410008579493
24,2026-09-07T16:13:48.091239,1000,55,POST,/jobs,201,131.53969997074455
24,2026-09-07T16:13:48.091239,1000,56,POST,/jobs,201,143.31379998475313
24,2026-09-07T16:13:48.091239,1000,57,GET,/jobs/1000,404,103.16050006076694
24,2026-09-07T16:13:48.091239,1000,58,POST,/jobs,201,146.54819993302226
24,2026-09-07T16:13:48.091239,1000,59,PUT,/jobs/002,404,140.52129990886897
24,2026-09-07T16:13:48.091239,1000,60,PUT,/jobs/001,200,143.20059993769974
24,2026-09-07T16:13:48.091239,1000,61,POST,/jobs,201,141.9713000068441
24,2026-09-07T16:13:48.091239,1000,62,GET,/jobs/1000,404,101.05050005950034
24,2026-09-07T16:13:48.091239,1000,63,DELETE,/jobs/1000,404,100.24450009223074
24,2026-09-07T16:13:48.091239,1000,64,DELETE,/jobs/1000,404,128.90970008447766
24,2026-09-07T16:13:48.091239,1000,65,DELETE,/jobs/1000,404,101.1651000007987
24,2026-09-07T16:13:48.091239,1000,66,POST,/jobs,201,140.95020003151149
24,2026-09-07T16:13:48.091239,1000,67,GET,/jobs/1000,404,90.0404000421986
24,2026-09-07T16:13:48.091239,1000,68,PUT,/jobs/001,200,139.8876999737695
24,2026-09-07T16:13:48.091239,1000,69,GET,/jobs,200,98.52050000336021
24,2026-09-07T16:13:48.091239,1000,70,GET,/jobs,200,85.00959991943091
24,2026-09-07T16:13:48.091239,1000,71,GET,/jobs/1000,404,99.41360005177557
24,2026-09-07T16:13:48.091239,1000,72,GET,/jobs/1000,404,100.79659998882562
24,2026-09-07T16:13:48.091239,1000,73,PUT,/jobs/1000,404,137.51949998550117
24,2026-09-07T16:13:48.091239,1000,74,GET,/jobs,200,81.23619994148612
24,2026-09-07T16:13:48.091239,1000,75,PUT,/jobs/002,404,141.98399998713285
24,2026-09-07T16:13:48.091239,1000,76,DELETE,/jobs/1000,404,101.3256999431178
24,2026-09-07T16:13:48.091239,1000,77,DELETE,/jobs/1000,404,107.43099998217076
24,2026-09-07T16:13:48.091239,1000,78,DELETE,/jobs/002,404,99.20049994252622
24,2026-09-07T16:13:48.091239,1000,79,GET,/jobs,200,82.247200072743
24,2026-09-07T16:13:48.091239,1000,80,DELETE,/jobs/1000,404,102.43890003766865
24,2026-09-07T16:13:48.091239,1000,81,POST,/jobs,201,139.08410002477467
24,2026-09-07T16:13:48.091239,1000,82,POST,/jobs,201,143.17459997255355
24,2026-09-07T16:13:48.091239,1000,83,GET,/jobs/002,404,142.5126000540331
24,2026-09-07T16:13:48.091239,1000,84,GET,/jobs,200,73.40850005857646
24,2026-09-07T16:13:48.091239,1000,85,POST,/jobs,201,143.5690000653267
24,2026-09-07T16:13:48.091239,1000,86,GET,/jobs/1000,404,92.57069998420775
24,2026-09-07T16:13:48.091239,1000,87,GET,/jobs,200,87.06799999345094
24,2026-09-07T16:13:48.091239,1000,88,POST,/jobs,201,143.65819992963225
24,2026-09-07T16:13:48.091239,1000,89,DELETE,/jobs/002,404,131.48500001989305
24,2026-09-07T16:13:48.091239,1000,90,GET,/jobs/002,404,95.84850003011525
24,2026-09-07T16:13:48.091239,1000,91,GET,/jobs/1000,404,102.94320003595203
24,2026-09-07T16:13:48.091239,1000,92,DELETE,/jobs/002,404,103.13639999367297
24,2026-09-07T16:13:48.091239,1000,93,DELETE,/jobs/1000,404,103.69929997250438
24,2026-09-07T16:13:48.091239,1000,94,PUT,/jobs/001,200,141.18659996893257
24,2026-09-07T16:13:48.091239,1000,95,GET,/jobs,200,128.80420009605587
24,2026-09-07T16:13:48.091239,1000,96,POST,/jobs,201,186.88699998892844
24,2026-09-07T16:13:48.091239,1000,97,POST,/jobs,201,138.32399994134903
24,2026-09-07T16:13:48.091239,1000,98,GET,/jobs,200,77.91210000868887
24,2026-09-07T16:13:48.091239,1000,99,GET,/jobs/1000,404,105.90989992488176
24,2026-09-07T16:13:48.091239,1000,100,GET,/jobs,200,91.67650004383177
24,2026-09-07T16:13:48.091239,1000,101,GET,/jobs,200,133.3241000538692
24,2026-09-07T16:13:48.091239,1000,102,PUT,/jobs/001,200,172.8542000055313
24,2026-09-07T16:13:48.091239,1000,103,DELETE,/jobs/002,404,131.17519998922944
24,2026-09-07T16:13:48.091239,1000,104,GET,/jobs/1000,404,97.36030001658946
24,2026-09-07T16:13:48.091239,1000,105,PUT,/jobs/1000,404,149.69969994854182
24,2026-09-07T16:13:48.091239,1000,106,GET,/jobs/002,404,98.02360006142408
24,2026-09-07T16:13:48.091239,1000,107,DELETE,/jobs/1000,404,99.08820001874119
24,2026-09-07T16:13:48.091239,1000,108,GET,/jobs/1000,404,103.50490000564605
24,2026-09-07T16:13:48.091239,1000,109,GET,/jobs/1000,404,97.55099995527416
24,2026-09-07T16:13:48.091239,1000,110,POST,/jobs,201,152.5211000116542
24,2026-09-07T16:13:48.091239,1000,111,POST,/jobs,201,150.51759989000857
24,2026-09-07T16:13:48.091239,1000,112,DELETE,/jobs/1000,404,95.1832999708131
24,2026-09-07T16:13:48.091239,1000,113,GET,/jobs,200,89.82769993599504
24,2026-09-07T16:13:48.091239,1000,114,GET,/jobs/001,200,146.59250003751367
24,2026-09-07T16:13:48.091239,1000,115,GET,/jobs,200,88.43959996011108
24,2026-09-07T16:13:48.091239,1000,116,POST,/jobs,201,153.227899922058
24,2026-09-07T16:13:48.091239,1000,117,DELETE,/jobs/002,404,101.1293000774458
24,2026-09-07T16:13:48.091239,1000,118,DELETE,/jobs/002,404,101.71019996050745
24,2026-09-07T16:13:48.091239,1000,119,GET,/jobs,200,105.0232999259606
24,2026-09-07T16:13:48.091239,1000,120,GET,/jobs,200,97.54620003513992
24,2026-09-07T16:13:48.091239,1000,121,GET,/jobs,200,98.96630002185702
24,2026-09-07T16:13:48.091239,1000,122,GET,/jobs/001,200,145.86619997862726
24,2026-09-07T16:13:48.091239,1000,123,GET,/jobs,200,98.48340007010847
24,2026-09-07T16:13:48.091239,1000,124,POST,/jobs,201,144.45849996991456
24,2026-09-07T16:13:48.091239,1000,125,DELETE,/jobs/002,404,99.3711999617517
24,2026-09-07T16:13:48.091239,1000,126,POST,/jobs,201,145.31769999302924
24,2026-09-07T16:13:48.091239,1000,127,PUT,/jobs/001,200,144.51479993294924
24,2026-09-07T16:13:48.091239,1000,128,DELETE,/jobs/002,404,100.60430003795773
24,2026-09-07T16:13:48.091239,1000,129,DELETE,/jobs/1000,404,101.28489998169243
24,2026-09-07T16:13:48.091239,1000,130,GET,/jobs/002,404,105.97230005078018
24,2026-09-07T16:13:48.091239,1000,131,PUT,/jobs/001,200,136.57930004410446
24,2026-09-07T16:13:48.091239,1000,132,GET,/jobs,200,89.50190001633018
24,2026-09-07T16:13:48.091239,1000,133,GET,/jobs,200,90.44739999808371
24,2026-09-07T16:13:48.091239,1000,134,PUT,/jobs/002,404,137.1355999726802
24,2026-09-07T16:13:48.091239,1000,135,PUT,/jobs/002,404,146.51219989173114
24,2026-09-07T16:13:48.091239,1000,136,PUT,/jobs/1000,404,147.91659999173135
24,2026-09-07T16:13:48.091239,1000,137,GET,/jobs,200,89.67139991000295
24,2026-09-07T16:13:48.091239,1000,138,GET,/jobs,200,89.12899997085333
24,2026-09-07T16:13:48.091239,1000,139,GET,/jobs,200,89.23719997983426
24,2026-09-07T16:13:48.091239,1000,140,PUT,/jobs/1000,404,147.1097000176087
24,2026-09-07T16:13:48.091239,1000,141,POST,/jobs,201,147.8437000187114
24,2026-09-07T16:13:48.091239,1000,142,GET,/jobs,200,88.94909999798983
24,2026-09-07T16:13:48.091239,1000,143,GET,/jobs/001,200,149.7925000730902
24,2026-09-07T16:13:48.091239,1000,144,GET,/jobs/1000,404,91.89569996669888
24,2026-09-07T16:13:48.091239,1000,145,PUT,/jobs/001,200,148.5265000956133
24,2026-09-07T16:13:48.091239,1000,146,PUT,/jobs/001,200,146.47090004291385
24,2026-09-07T16:13:48.091239,1000,147,POST,/jobs,201,146.32699999492615
24,2026-09-07T16:13:48.091239,1000,148,GET,/jobs/001,200,148.85920006781816
24,2026-09-07T16:13:48.091239,1000,149,PUT,/jobs/1000,404,144.9311999604106
24,2026-09-07T16:13:48.091239,1000,150,GET,/jobs,200,88.57510006055236
24,2026-09-07T16:13:48.091239,1000,151,GET,/jobs,200,90.5662999721244
24,2026-09-07T16:13:48.091239,1000,152,DELETE,/jobs/002,404,96.7794000171125
24,2026-09-07T16:13:48.091239,1000,153,GET,/jobs,200,94.64080003090203
24,2026-09-07T16:13:48.091239,1000,154,GET,/jobs/001,200,145.04819991998374
24,2026-09-07T16:13:48.091239,1000,155,PUT,/jobs/002,404,148.16240000072867
24,2026-09-07T16:13:48.091239,1000,156,PUT,/jobs/001,200,147.58440002333373
24,2026-09-07T16:13:48.091239,1000,157,PUT,/jobs/001,200,145.02110006287694
24,2026-09-07T16:13:48.091239,1000,158,GET,/jobs/002,404,78.77559994813055
24,2026-09-07T16:13:48.091239,1000,159,GET,/jobs,200,77.79510004911572
24,2026-09-07T16:13:48.091239,1000,160,PUT,/jobs/002,404,155.6613000575453
24,2026-09-07T16:13:48.091239,1000,161,PUT,/jobs/002,404,140.3639999916777
24,2026-09-07T16:13:48.091239,1000,162,PUT,/jobs/1000,404,156.41929989214987
24,2026-09-07T16:13:48.091239,1000,163,DELETE,/jobs/1000,404,94.40439997706562
24,2026-09-07T16:13:48.091239,1000,164,GET,/jobs/001,200,150.2108999993652
24,2026-09-07T16:13:48.091239,1000,165,POST,/jobs,201,150.48740000929683
24,2026-09-07T16:13:48.091239,1000,166,GET,/jobs,200,88.11440004501492
24,2026-09-07T16:13:48.091239,1000,167,DELETE,/jobs/002,404,95.17600003164262
24,2026-09-07T16:13:48.091239,1000,168,POST,/jobs,201,162.1775000821799
24,2026-09-07T16:13:48.091239,1000,169,GET,/jobs,200,92.81970001757145
24,2026-09-07T16:13:48.091239,1000,170,DELETE,/jobs/1000,404,107.70219995174557
24,2026-09-07T16:13:48.091239,1000,171,DELETE,/jobs/002,404,102.1839000750333
24,2026-09-07T16:13:48.091239,1000,172,GET,/jobs,200,91.32380003575236
24,2026-09-07T16:13:48.091239,1000,173,DELETE,/jobs/002,404,104.80199998710304
24,2026-09-07T16:13:48.091239,1000,174,GET,/jobs/001,200,165.91959993820637
24,2026-09-07T16:13:48.091239,1000,175,DELETE,/jobs/002,404,101.97329998482019
24,2026-09-07T16:13:48.091239,1000,176,GET,/jobs/002,404,100.1145999180153
24,2026-09-07T16:13:48.091239,1000,177,GET,/jobs,200,93.03849993739277
24,2026-09-07T16:13:48.091239,1000,178,DELETE,/jobs/002,404,101.94189997855574
24,2026-09-07T16:13:48.091239,1000,179,DELETE,/jobs/002,404,105.69819994270802
24,2026-09-07T16:13:48.091239,1000,180,DELETE,/jobs/002,404,102.53589996136725
24,2026-09-07T16:13:48.091239,1000,181,PUT,/jobs/1000,404,146.98049996513873
24,2026-09-07T16:13:48.091239,1000,182,DELETE,/jobs/1000,404,92.78150007594377
24,2026-09-07T16:13:48.091239,1000,183,POST,/jobs,201,159.9311000900343
24,2026-09-07T16:13:48.091239,1000,184,POST,/jobs,201,165.20619997754693
24,2026-09-07T16:13:48.091239,1000,185,POST,/jobs,201,144.2111999494955
24,2026-09-07T16:13:48.091239,1000,186,GET,/jobs/1000,404,109.4949000980705
24,2026-09-07T16:13:48.091239,1000,187,POST,/jobs,201,161.8533000582829
24,2026-09-07T16:13:48.091239,1000,188,POST,/jobs,201,148.25039997231215
24,2026-09-07T16:13:48.091239,1000,189,GET,/jobs,200,91.03989996947348
24,2026-09-07T16:13:48.091239,1000,190,GET,/jobs,200,91.82329999748617
24,2026-09-07T16:13:48.091239,1000,191,PUT,/jobs/1000,404,163.32649998366833
24,2026-09-07T16:13:48.091239,1000,192,DELETE,/jobs/002,404,100.59709998313338
24,2026-09-07T16:13:48.091239,1000,193,GET,/jobs,200,92.1701000770554
24,2026-09-07T16:13:48.091239,1000,194,DELETE,/jobs/002,404,94.17229995597154
24,2026-09-07T16:13:48.091239,1000,195,DELETE,/jobs/1000,404,102.79369994532317
24,2026-09-07T16:13:48.091239,1000,196,GET,/jobs/002,404,100.4767999984324
24,2026-09-07T16:13:48.091239,1000,197,GET,/jobs,200,93.2168000144884
24,2026-09-07T16:13:48.091239,1000,198,GET,/jobs/002,404,93.49330002442002
24,2026-09-07T16:13:48.091239,1000,199,POST,/jobs,201,137.23430002573878
24,2026-09-07T16:13:48.091239,1000,200,PUT,/jobs/1000,404,137.99409999046475
24,2026-09-07T16:13:48.091239,1000,201,POST,/jobs,201,158.70299993548542
24,2026-09-07T16:13:48.091239,1000,202,DELETE,/jobs/002,404,104.36029999982566
24,2026-09-07T16:13:48.091239,1000,203,DELETE,/jobs/1000,404,104.86080008558929
24,2026-09-07T16:13:48.091239,1000,204,GET,/jobs,200,101.5633000060916
24,2026-09-07T16:13:48.091239,1000,205,GET,/jobs/002,404,102.17339999508113
24,2026-09-07T16:13:48.091239,1000,206,GET,/jobs,200,96.3626999873668
24,2026-09-07T16:13:48.091239,1000,207,GET,/jobs,200,101.34799999650568
24,2026-09-07T16:13:48.091239,1000,208,DELETE,/jobs/002,404,114.8565000621602
24,2026-09-07T16:13:48.091239,1000,209,POST,/jobs,201,155.06100002676249
24,2026-09-07T16:13:48.091239,1000,210,DELETE,/jobs/002,404,115.84220000077039
24,2026-09-07T16:13:48.091239,1000,211,POST,/jobs,201,167.75839996989816
24,2026-09-07T16:13:48.091239,1000,212,POST,/jobs,201,166.27309995237738
24,2026-09-07T16:13:48.091239,1000,213,PUT,/jobs/002,404,149.64550000149757
24,2026-09-07T16:13:48.091239,1000,214,GET,/jobs,200,80.72379999794066
24,2026-09-07T16:13:48.091239,1000,215,GET,/jobs,200,93.9250000519678
24,2026-09-07T16:13:48.091239,1000,216,PUT,/jobs/002,404,150.44610004406422
24,2026-09-07T16:13:48.091239,1000,217,GET,/jobs,200,78.90229998156428
24,2026-09-07T16:13:48.091239,1000,218,GET,/jobs,200,91.68020007200539
24,2026-09-07T16:13:48.091239,1000,219,POST,/jobs,201,151.56969998497516
24,2026-09-07T16:13:48.091239,1000,220,GET,/jobs/1000,404,97.42000000551343
24,2026-09-07T16:13:48.091239,1000,221,POST,/jobs,201,169.10570010077208
24,2026-09-07T16:13:48.091239,1000,222,PUT,/jobs/1000,404,177.48040007427335
24,2026-09-07T16:13:48.091239,1000,223,PUT,/jobs/1000,404,174.16009993758053
24,2026-09-07T16:13:48.091239,1000,224,GET,/jobs,200,113.24729991611093
24,2026-09-07T16:13:48.091239,1000,225,GET,/jobs,200,100.94999999273568
24,2026-09-07T16:13:48.091239,1000,226,GET,/jobs,200,102.28520003147423
24,2026-09-07T16:13:48.091239,1000,227,GET,/jobs/1000,404,116.64449993986636
24,2026-09-07T16:13:48.091239,1000,228,GET,/jobs,200,114.9646999547258
24,2026-09-07T16:13:48.091239,1000,229,POST,/jobs,201,176.11020000185817
24,2026-09-07T16:13:48.091239,1000,230,DELETE,/jobs/002,404,117.47649998869747
24,2026-09-07T16:13:48.091239,1000,231,PUT,/jobs/001,200,174.4689999613911
24,2026-09-07T16:13:48.091239,1000,232,GET,/jobs,200,103.44370000530034
24,2026-09-07T16:13:48.091239,1000,233,POST,/jobs,201,176.16359994281083
24,2026-09-07T16:13:48.091239,1000,234,GET,/jobs,200,114.25520002376288
24,2026-09-07T16:13:48.091239,1000,235,POST,/jobs,201,175.17649999354035
24,2026-09-07T16:13:48.091239,1000,236,GET,/jobs/1000,404,116.77600000984967
24,2026-09-07T16:13:48.091239,1000,237,GET,/jobs,200,116.06460006441921
24,2026-09-07T16:13:48.091239,1000,238,POST,/jobs,201,165.42720003053546
24,2026-09-07T16:13:48.091239,1000,239,DELETE,/jobs/1000,404,103.16619998775423
24,2026-09-07T16:13:48.091239,1000,240,DELETE,/jobs/002,404,100.28710006736219
24,2026-09-07T16:13:48.091239,1000,241,GET,/jobs/001,200,179.0225999429822
24,2026-09-07T16:13:48.091239,1000,242,GET,/jobs/002,404,118.61230002250522
24,2026-09-07T16:13:48.091239,1000,243,GET,/jobs,200,99.11090007517487
24,2026-09-07T16:13:48.091239,1000,244,GET,/jobs/1000,404,119.83059998601675
24,2026-09-07T16:13:48.091239,1000,245,POST,/jobs,201,188.034399994649
24,2026-09-07T16:13:48.091239,1000,246,PUT,/jobs/1000,404,190.44639996718615
24,2026-09-07T16:13:48.091239,1000,247,GET,/jobs/002,404,120.06899993866682
24,2026-09-07T16:13:48.091239,1000,248,GET,/jobs/1000,404,118.88990004081279
24,2026-09-07T16:13:48.091239,1000,249,GET,/jobs,200,117.039900040254
24,2026-09-07T16:13:48.091239,1000,250,PUT,/jobs/001,200,183.9312999509275
24,2026-09-07T16:13:48.091239,1000,251,PUT,/jobs/001,200,184.30989992339164
24,2026-09-07T16:13:48.091239,1000,252,GET,/jobs/002,404,122.10459995549172
24,2026-09-07T16:13:48.091239,1000,253,POST,/jobs,201,186.04480009526014
24,2026-09-07T16:13:48.091239,1000,254,GET,/jobs/001,200,182.99920007120818
24,2026-09-07T16:13:48.091239,1000,255,GET,/jobs,200,116.28289998043329
24,2026-09-07T16:13:48.091239,1000,256,GET,/jobs/002,404,121.65230000391603
24,2026-09-07T16:13:48.091239,1000,257,POST,/jobs,201,183.5214999737218
24,2026-09-07T16:13:48.091239,1000,258,GET,/jobs,200,116.97500001173466
24,2026-09-07T16:13:48.091239,1000,259,POST,/jobs,201,182.75789998006076
24,2026-09-07T16:13:48.091239,1000,260,DELETE,/jobs/1000,404,125.7246999302879
24,2026-09-07T16:13:48.091239,1000,261,DELETE,/jobs/1000,404,129.6509999083355
24,2026-09-07T16:13:48.091239,1000,262,GET,/jobs,200,127.95630004256964
24,2026-09-07T16:13:48.091239,1000,263,GET,/jobs,200,125.76629989780486
24,2026-09-07T16:13:48.091239,1000,264,POST,/jobs,201,178.112699999474
24,2026-09-07T16:13:48.091239,1000,265,DELETE,/jobs/1000,404,128.4947000676766
24,2026-09-07T16:13:48.091239,1000,266,GET,/jobs,200,129.02539991773665
24,2026-09-07T16:13:48.091239,1000,267,GET,/jobs,200,127.34250002540648
24,2026-09-07T16:13:48.091239,1000,268,DELETE,/jobs/1000,404,116.29660008475184
24,2026-09-07T16:13:48.091239,1000,269,POST,/jobs,201,177.7519000461325
24,2026-09-07T16:13:48.091239,1000,270,POST,/jobs,201,177.84039990510792
24,2026-09-07T16:13:48.091239,1000,271,DELETE,/jobs/002,404,130.00879995524883
24,2026-09-07T16:13:48.091239,1000,272,PUT,/jobs/1000,404,190.23429998196661
24,2026-09-07T16:13:48.091239,1000,273,GET,/jobs/002,404,129.44529997184873
24,2026-09-07T16:13:48.091239,1000,274,GET,/jobs,200,126.64030003361404
24,2026-09-07T16:13:48.091239,1000,275,PUT,/jobs/001,200,178.18839999381453
24,2026-09-07T16:13:48.091239,1000,276,DELETE,/jobs/002,404,129.03059995733202
24,2026-09-07T16:13:48.091239,1000,277,POST,/jobs,201,178.5843000980094
24,2026-09-07T16:13:48.091239,1000,278,GET,/jobs,200,125.62000006437302
24,2026-09-07T16:13:48.091239,1000,279,POST,/jobs,201,176.4999000588432
24,2026-09-07T16:13:48.091239,1000,280,POST,/jobs,201,179.15169999469072
24,2026-09-07T16:13:48.091239,1000,281,GET,/jobs,200,126.07200001366436
24,2026-09-07T16:13:48.091239,1000,282,POST,/jobs,201,176.05540005024523
24,2026-09-07T16:13:48.091239,1000,283,POST,/jobs,201,188.70230007451028
24,2026-09-07T16:13:48.091239,1000,284,PUT,/jobs/002,404,186.99349998496473
24,2026-09-07T16:13:48.091239,1000,285,PUT,/jobs/1000,404,188.79089993424714
24,2026-09-07T16:13:48.091239,1000,286,POST,/jobs,201,187.9762999014929
24,2026-09-07T16:13:48.091239,1000,287,GET,/jobs/001,200,190.52589999046177
24,2026-09-07T16:13:48.091239,1000,288,PUT,/jobs/1000,404,189.2205000622198
24,2026-09-07T16:13:48.091239,1000,289,PUT,/jobs/1000,404,179.17599994689226
24,2026-09-07T16:13:48.091239,1000,290,GET,/jobs/1000,404,127.06990004517138
24,2026-09-07T16:13:48.091239,1000,291,DELETE,/jobs/1000,404,128.37799999397248
24,2026-09-07T16:13:48.091239,1000,292,PUT,/jobs/1000,404,177.126600057818
24,2026-09-07T16:13:48.091239,1000,293,GET,/jobs,200,118.3589999563992
24,2026-09-07T16:13:48.091239,1000,294,POST,/jobs,201,187.71500000730157
24,2026-09-07T16:13:48.091239,1000,295,GET,/jobs/002,404,127.64620000962168
24,2026-09-07T16:13:48.091239,1000,296,DELETE,/jobs/1000,404,119.58679999224842
24,2026-09-07T16:13:48.091239,1000,297,PUT,/jobs/002,404,181.3514999812469
24,2026-09-07T16:13:48.091239,1000,298,PUT,/jobs/1000,404,180.85769994650036
24,2026-09-07T16:13:48.091239,1000,299,GET,/jobs/1000,404,126.30870006978512
24,2026-09-07T16:13:48.091239,1000,300,PUT,/jobs/1000,404,179.63060003239661
24,2026-09-07T16:13:48.091239,1000,301,GET,/jobs/1000,404,108.63490006886423
24,2026-09-07T16:13:48.091239,1000,302,GET,/jobs,200,105.03460001200438
24,2026-09-07T16:13:48.091239,1000,303,POST,/jobs,201,178.12270007561892
24,2026-09-07T16:13:48.091239,1000,304,DELETE,/jobs/1000,404,109.29579997900873
24,2026-09-07T16:13:48.091239,1000,305,GET,/jobs,200,113.44029998872429
24,2026-09-07T16:13:48.091239,1000,306,GET,/jobs/1000,404,115.74180005118251
24,2026-09-07T16:13:48.091239,1000,307,POST,/jobs,201,172.97230008989573
24,2026-09-07T16:13:48.091239,1000,308,GET,/jobs/001,200,172.87420004140586
24,2026-09-07T16:13:48.091239,1000,309,GET,/jobs,200,99.23189994879067
24,2026-09-07T16:13:48.091239,1000,310,GET,/jobs,200,113.84160001762211
24,2026-09-07T16:13:48.091239,1000,311,GET,/jobs/002,404,107.82380006276071
24,2026-09-07T16:13:48.091239,1000,312,DELETE,/jobs/002,404,114.89790002815425
24,2026-09-07T16:13:48.091239,1000,313,PUT,/jobs/002,404,171.59720009658486
24,2026-09-07T16:13:48.091239,1000,314,DELETE,/jobs/002,404,118.47540002781898
24,2026-09-07T16:13:48.091239,1000,315,PUT,/jobs/002,404,162.39780001342297
24,2026-09-07T16:13:48.091239,1000,316,PUT,/jobs/001,200,161.95610002614558
24,2026-09-07T16:13:48.091239,1000,317,GET,/jobs/1000,404,118.44450002536178
24,2026-09-07T16:13:48.091239,1000,318,GET,/jobs,200,116.82899994775653
24,2026-09-07T16:13:48.091239,1000,319,GET,/jobs,200,116.68109998572618
24,2026-09-07T16:13:48.091239,1000,320,PUT,/jobs/001,200,156.0804999899119
24,2026-09-07T16:13:48.091239,1000,321,GET,/jobs/1000,404,116.8598000658676
24,2026-09-07T16:13:48.091239,1000,322,DELETE,/jobs/1000,404,117.31929995585233
24,2026-09-07T16:13:48.091239,1000,323,GET,/jobs,200,112.25690005812794
24,2026-09-07T16:13:48.091239,1000,324,DELETE,/jobs/002,404,116.3245999487117
24,2026-09-07T16:13:48.091239,1000,325,GET,/jobs,200,114.67850010376424
24,2026-09-07T16:13:48.091239,1000,326,PUT,/jobs/001,200,156.03299997746944
24,2026-09-07T16:13:48.091239,1000,327,PUT,/jobs/1000,404,165.39199999533594
24,2026-09-07T16:13:48.091239,1000,328,DELETE,/jobs/1000,404,116.59829993732274
24,2026-09-07T16:13:48.091239,1000,329,PUT,/jobs/1000,404,150.2298000268638
24,2026-09-07T16:13:48.091239,1000,330,DELETE,/jobs/1000,404,114.17690000962466
24,2026-09-07T16:13:48.091239,1000,331,DELETE,/jobs/1000,404,114.02390000876039
24,2026-09-07T16:13:48.091239,1000,332,GET,/jobs/1000,404,113.20459994021803
24,2026-09-07T16:13:48.091239,1000,333,PUT,/jobs/002,404,151.19789994787425
24,2026-09-07T16:13:48.091239,1000,334,POST,/jobs,201,159.32449989486486
24,2026-09-07T16:13:48.091239,1000,335,GET,/jobs/1000,404,115.12929992750287
24,2026-09-07T16:13:48.091239,1000,336,POST,/jobs,201,151.4288999605924
24,2026-09-07T16:13:48.091239,1000,337,DELETE,/jobs/1000,404,109.39380002673715
24,2026-09-07T16:13:48.091239,1000,338,GET,/jobs/002,404,108.86000003665686
24,2026-09-07T16:13:48.091239,1000,339,PUT,/jobs/001,200,145.78630006872118
24,2026-09-07T16:13:48.091239,1000,340,POST,/jobs,201,157.80299995094538
24,2026-09-07T16:13:48.091239,1000,341,POST,/jobs,201,157.05450007226318
24,2026-09-07T16:13:48.091239,1000,342,POST,/jobs,201,159.4351000385359
24,2026-09-07T16:13:48.091239,1000,343,GET,/jobs,200,99.5771000161767
24,2026-09-07T16:13:48.091239,1000,344,GET,/jobs/001,200,159.29919993504882
24,2026-09-07T16:13:48.091239,1000,345,GET,/jobs/002,404,101.38319991528988
24,2026-09-07T16:13:48.091239,1000,346,GET,/jobs/1000,404,100.60519992839545
24,2026-09-07T16:13:48.091239,1000,347,GET,/jobs/001,200,153.4836000064388
24,2026-09-07T16:13:48.091239,1000,348,PUT,/jobs/002,404,151.5769000397995
24,2026-09-07T16:13:48.091239,1000,349,POST,/jobs,201,152.54340006504208
24,2026-09-07T16:13:48.091239,1000,350,PUT,/jobs/002,404,144.9008999625221
24,2026-09-07T16:13:48.091239,1000,351,GET,/jobs,200,92.53629995509982
24,2026-09-07T16:13:48.091239,1000,352,GET,/jobs/002,404,103.8278000196442
24,2026-09-07T16:13:48.091239,1000,353,PUT,/jobs/1000,404,145.44410002417862
24,2026-09-07T16:13:48.091239,1000,354,GET,/jobs,200,96.05120006017387
24,2026-09-07T16:13:48.091239,1000,355,DELETE,/jobs/1000,404,104.52050005551428
24,2026-09-07T16:13:48.091239,1000,356,PUT,/jobs/001,200,143.68720003403723
24,2026-09-07T16:13:48.091239,1000,357,POST,/jobs,201,156.8346000276506
24,2026-09-07T16:13:48.091239,1000,358,PUT,/jobs/002,404,155.32899997197092
24,2026-09-07T16:13:48.091239,1000,359,DELETE,/jobs/002,404,103.64750004373491
24,2026-09-07T16:13:48.091239,1000,360,PUT,/jobs/001,200,155.43799998704344
24,2026-09-07T16:13:48.091239,1000,361,POST,/jobs,201,135.0028000306338
24,2026-09-07T16:13:48.091239,1000,362,PUT,/jobs/001,200,135.58330002706498
24,2026-09-07T16:13:48.091239,1000,363,PUT,/jobs/002,404,146.24339994043112
24,2026-09-07T16:13:48.091239,1000,364,PUT,/jobs/1000,404,157.2663999395445
24,2026-09-07T16:13:48.091239,1000,365,GET,/jobs/002,404,103.23379992041737
24,2026-09-07T16:13:48.091239,1000,366,GET,/jobs/1000,404,82.24509994033724
24,2026-09-07T16:13:48.091239,1000,367,DELETE,/jobs/002,404,92.51039999071509
24,2026-09-07T16:13:48.091239,1000,368,PUT,/jobs/1000,404,132.52459990326315
24,2026-09-07T16:13:48.091239,1000,369,DELETE,/jobs/002,404,92.93100005015731
24,2026-09-07T16:13:48.091239,1000,370,GET,/jobs,200,80.02330001909286
24,2026-09-07T16:13:48.091239,1000,371,PUT,/jobs/001,200,134.1959999408573
24,2026-09-07T16:13:48.091239,1000,372,PUT,/jobs/001,200,132.8114999923855
24,2026-09-07T16:13:48.091239,1000,373,GET,/jobs,200,82.57760002743453
24,2026-09-07T16:13:48.091239,1000,374,POST,/jobs,201,140.18439990468323
24,2026-09-07T16:13:48.091239,1000,375,POST,/jobs,201,142.09350000601262
24,2026-09-07T16:13:48.091239,1000,376,PUT,/jobs/002,404,140.43640007730573
24,2026-09-07T16:13:48.091239,1000,377,POST,/jobs,201,139.924900024198
24,2026-09-07T16:13:48.091239,1000,378,PUT,/jobs/002,404,139.65159992221743
24,2026-09-07T16:13:48.091239,1000,379,PUT,/jobs/002,404,143.2004999369383
24,2026-09-07T16:13:48.091239,1000,380,GET,/jobs,200,90.0328999850899
24,2026-09-07T16:13:48.091239,1000,381,PUT,/jobs/001,200,129.17150009889156
24,2026-09-07T16:13:48.091239,1000,382,DELETE,/jobs/002,404,89.87749996595085
24,2026-09-07T16:13:48.091239,1000,383,POST,/jobs,201,134.64589999057353
24,2026-09-07T16:13:48.091239,1000,384,GET,/jobs,200,81.39519998803735
24,2026-09-07T16:13:48.091239,1000,385,GET,/jobs,200,80.72809991426766
24,2026-09-07T16:13:48.091239,1000,386,GET,/jobs,200,81.11409994307905
24,2026-09-07T16:13:48.091239,1000,387,GET,/jobs/001,200,139.62149992585182
24,2026-09-07T16:13:48.091239,1000,388,GET,/jobs,200,79.31389997247607
24,2026-09-07T16:13:48.091239,1000,389,DELETE,/jobs/002,404,91.35040000546724
24,2026-09-07T16:13:48.091239,1000,390,GET,/jobs/001,200,139.38430009875447
24,2026-09-07T16:13:48.091239,1000,391,PUT,/jobs/1000,404,136.97039999533445
24,2026-09-07T16:13:48.091239,1000,392,GET,/jobs,200,88.94180005881935
24,2026-09-07T16:13:48.091239,1000,393,DELETE,/jobs/002,404,89.1726000700146
24,2026-09-07T16:13:48.091239,1000,394,PUT,/jobs/1000,404,136.50719996076077
24,2026-09-07T16:13:48.091239,1000,395,POST,/jobs,201,135.28970000334084
24,2026-09-07T16:13:48.091239,1000,396,POST,/jobs,201,136.07079989742488
24,2026-09-07T16:13:48.091239,1000,397,DELETE,/jobs/002,404,90.00750002451241
24,2026-09-07T16:13:48.091239,1000,398,GET,/jobs/002,404,92.40009996574372
24,2026-09-07T16:13:48.091239,1000,399,GET,/jobs,200,83.6490000365302
24,2026-09-07T16:13:48.091239,1000,400,DELETE,/jobs/002,404,91.90829994622618
24,2026-09-07T16:13:48.091239,1000,401,POST,/jobs,201,128.21169989183545
24,2026-09-07T16:13:48.091239,1000,402,PUT,/jobs/002,404,126.84989999979734
24,2026-09-07T16:13:48.091239,1000,403,GET,/jobs/001,200,126.53180002234876
24,2026-09-07T16:13:48.091239,1000,404,DELETE,/jobs/002,404,92.94240002054721
24,2026-09-07T16:13:48.091239,1000,405,GET,/jobs,200,85.0896000629291
24,2026-09-07T16:13:48.091239,1000,406,POST,/jobs,201,127.72200000472367
24,2026-09-07T16:13:48.091239,1000,407,DELETE,/jobs/002,404,92.71360002458096
24,2026-09-07T16:13:48.091239,1000,408,DELETE,/jobs/002,404,93.06540002580732
24,2026-09-07T16:13:48.091239,1000,409,POST,/jobs,201,128.5003999946639
24,2026-09-07T16:13:48.091239,1000,410,PUT,/jobs/1000,404,128.36600001901388
24,2026-09-07T16:13:48.091239,1000,411,POST,/jobs,201,137.92969996575266
24,2026-09-07T16:13:48.091239,1000,412,DELETE,/jobs/1000,404,91.74190007615834
24,2026-09-07T16:13:48.091239,1000,413,GET,/jobs,200,87.45260001160204
24,2026-09-07T16:13:48.091239,1000,414,PUT,/jobs/002,404,131.27499993424863
24,2026-09-07T16:13:48.091239,1000,415,GET,/jobs,200,81.04419999290258
24,2026-09-07T16:13:48.091239,1000,416,PUT,/jobs/002,404,130.56900002993643
24,2026-09-07T16:13:48.091239,1000,417,PUT,/jobs/1000,404,132.77760008350015
24,2026-09-07T16:13:48.091239,1000,418,GET,/jobs/002,404,89.99110001605004
24,2026-09-07T16:13:48.091239,1000,419,GET,/jobs/1000,404,90.84180009085685
24,2026-09-07T16:13:48.091239,1000,420,DELETE,/jobs/1000,404,91.99609991628677
24,2026-09-07T16:13:48.091239,1000,421,DELETE,/jobs/1000,404,91.26160002779216
24,2026-09-07T16:13:48.091239,1000,422,PUT,/jobs/002,404,133.64529993850738
24,2026-09-07T16:13:48.091239,1000,423,DELETE,/jobs/1000,404,92.04080002382398
24,2026-09-07T16:13:48.091239,1000,424,POST,/jobs,201,133.87609994970262
24,2026-09-07T16:13:48.091239,1000,425,GET,/jobs/001,200,134.6905999816954
24,2026-09-07T16:13:48.091239,1000,426,POST,/jobs,201,130.48870000056922
24,2026-09-07T16:13:48.091239,1000,427,GET,/jobs/002,404,91.27740003168583
24,2026-09-07T16:13:48.091239,1000,428,DELETE,/jobs/1000,404,93.36840000469238
24,2026-09-07T16:13:48.091239,1000,429,POST,/jobs,201,131.28319999668747
24,2026-09-07T16:13:48.091239,1000,430,PUT,/jobs/002,404,130.30850002542138
24,2026-09-07T16:13:48.091239,1000,431,GET,/jobs/002,404,85.83450003061444
24,2026-09-07T16:13:48.091239,1000,432,GET,/jobs/002,404,86.123300017789
24,2026-09-07T16:13:48.091239,1000,433,POST,/jobs,201,123.88930004090071
24,2026-09-07T16:13:48.091239,1000,434,POST,/jobs,201,123.14059992786497
24,2026-09-07T16:13:48.091239,1000,435,POST,/jobs,201,123.83009993936867
24,2026-09-07T16:13:48.091239,1000,436,GET,/jobs,200,87.96079992316663
24,2026-09-07T16:13:48.091239,1000,437,DELETE,/jobs/002,404,89.86469998490065
24,2026-09-07T16:13:48.091239,1000,438,GET,/jobs,200,76.81760005652905
24,2026-09-07T16:13:48.091239,1000,439,GET,/jobs/1000,404,77.98059994820505
24,2026-09-07T16:13:48.091239,1000,440,PUT,/jobs/002,404,125.75359991751611
24,2026-09-07T16:13:48.091239,1000,441,DELETE,/jobs/002,404,82.19590003136545
24,2026-09-07T16:13:48.091239,1000,442,PUT,/jobs/1000,404,126.8176999874413
24,2026-09-07T16:13:48.091239,1000,443,PUT,/jobs/002,404,126.04519992601126
24,2026-09-07T16:13:48.091239,1000,444,GET,/jobs,200,73.1233999831602
24,2026-09-07T16:13:48.091239,1000,445,GET,/jobs,200,80.57460002601147
24,2026-09-07T16:13:48.091239,1000,446,POST,/jobs,201,125.21159998141229
24,2026-09-07T16:13:48.091239,1000,447,PUT,/jobs/1000,404,126.3822999317199
24,2026-09-07T16:13:48.091239,1000,448,GET,/jobs/002,404,80.6427999632433
24,2026-09-07T16:13:48.091239,1000,449,DELETE,/jobs/1000,404,81.93850005045533
24,2026-09-07T16:13:48.091239,1000,450,PUT,/jobs/1000,404,123.86849999893457
24,2026-09-07T16:13:48.091239,1000,451,DELETE,/jobs/1000,404,81.24940004199743
24,2026-09-07T16:13:48.091239,1000,452,PUT,/jobs/1000,404,123.0215000687167
24,2026-09-07T16:13:48.091239,1000,453,DELETE,/jobs/1000,404,81.74300007522106
24,2026-09-07T16:13:48.091239,1000,454,POST,/jobs,201,123.46779997460544
24,2026-09-07T16:13:48.091239,1000,455,PUT,/jobs/002,404,124.87169995438308
24,2026-09-07T16:13:48.091239,1000,456,POST,/jobs,201,123.61550005152822
24,2026-09-07T16:13:48.091239,1000,457,GET,/jobs/001,200,124.70269994810224
24,2026-09-07T16:13:48.091239,1000,458,GET,/jobs/002,404,83.81420001387596
24,2026-09-07T16:13:48.091239,1000,459,GET,/jobs,200,79.85390000976622
24,2026-09-07T16:13:48.091239,1000,460,DELETE,/jobs/002,404,82.26950000971556
24,2026-09-07T16:13:48.091239,1000,461,GET,/jobs/001,200,125.3807001048699
24,2026-09-07T16:13:48.091239,1000,462,PUT,/jobs/002,404,120.70870003663003
24,2026-09-07T16:13:48.091239,1000,463,DELETE,/jobs/1000,404,81.58610004466027
24,2026-09-07T16:13:48.091239,1000,464,GET,/jobs,200,79.29549994878471
24,2026-09-07T16:13:48.091239,1000,465,GET,/jobs/002,404,82.34249998349696
24,2026-09-07T16:13:48.091239,1000,466,GET,/jobs/002,404,83.14200001768768
24,2026-09-07T16:13:48.091239,1000,467,GET,/jobs/002,404,82.86089997272938
24,2026-09-07T16:13:48.091239,1000,468,GET,/jobs,200,80.1733999978751
24,2026-09-07T16:13:48.091239,1000,469,DELETE,/jobs/002,404,82.68470002803952
24,2026-09-07T16:13:48.091239,1000,470,POST,/jobs,201,122.91969999205321
24,2026-09-07T16:13:48.091239,1000,471,GET,/jobs,200,78.3805000828579
24,2026-09-07T16:13:48.091239,1000,472,DELETE,/jobs/1000,404,81.18640002794564
24,2026-09-07T16:13:48.091239,1000,473,GET,/jobs/1000,404,81.04469999670982
24,2026-09-07T16:13:48.091239,1000,474,PUT,/jobs/001,200,121.85900006443262
24,2026-09-07T16:13:48.091239,1000,475,GET,/jobs,200,75.94110001809895
24,2026-09-07T16:13:48.091239,1000,476,DELETE,/jobs/1000,404,79.78519995231181
24,2026-09-07T16:13:48.091239,1000,477,PUT,/jobs/002,404,120.47900003381073
24,2026-09-07T16:13:48.091239,1000,478,PUT,/jobs/002,404,120.32919994089752
24,2026-09-07T16:13:48.091239,1000,479,GET,/jobs/001,200,124.22869994770736
24,2026-09-07T16:13:48.091239,1000,480,POST,/jobs,201,123.11339995358139
24,2026-09-07T16:13:48.091239,1000,481,PUT,/jobs/001,200,121.46589998155832
24,2026-09-07T16:13:48.091239,1000,482,GET,/jobs,200,78.75849993433803
24,2026-09-07T16:13:48.091239,1000,483,PUT,/jobs/002,404,121.57860002480447
24,2026-09-07T16:13:48.091239,1000,484,GET,/jobs,200,78.75560002867132
24,2026-09-07T16:13:48.091239,1000,485,DELETE,/jobs/002,404,80.05860005505383
24,2026-09-07T16:13:48.091239,1000,486,GET,/jobs/001,200,124.90870000328869
24,2026-09-07T16:13:48.091239,1000,487,DELETE,/jobs/1000,404,79.7436999855563
24,2026-09-07T16:13:48.091239,1000,488,GET,/jobs,200,78.00629991106689
24,2026-09-07T16:13:48.091239,1000,489,GET,/jobs/001,200,125.37170003633946
24,2026-09-07T16:13:48.091239,1000,490,DELETE,/jobs/1000,404,80.08699992205948
24,2026-09-07T16:13:48.091239,1000,491,DELETE,/jobs/002,404,79.60800000000745
24,2026-09-07T16:13:48.091239,1000,492,DELETE,/jobs/1000,404,78.69470003060997
24,2026-09-07T16:13:48.091239,1000,493,PUT,/jobs/002,404,125.01980003435165
24,2026-09-07T16:13:48.091239,1000,494,POST,/jobs,201,125.0929000088945
24,2026-09-07T16:13:48.091239,1000,495,DELETE,/jobs/1000,404,78.44179996754974
24,2026-09-07T16:13:48.091239,1000,496,POST,/jobs,201,124.08650002907962
24,2026-09-07T16:13:48.091239,1000,497,DELETE,/jobs/002,404,77.8412000508979
24,2026-09-07T16:13:48.091239,1000,498,DELETE,/jobs/002,404,78.1868000049144
24,2026-09-07T16:13:48.091239,1000,499,GET,/jobs/1000,404,77.99439993686974
24,2026-09-07T16:13:48.091239,1000,500,GET,/jobs/002,404,78.96740001160651
24,2026-09-07T16:13:48.091239,1000,501,GET,/jobs,200,76.77050004713237
24,2026-09-07T16:13:48.091239,1000,502,GET,/jobs/001,200,125.57480006944388
24,2026-09-07T16:13:48.091239,1000,503,GET,/jobs/1000,404,81.61100000143051
24,2026-09-07T16:13:48.091239,1000,504,GET,/jobs,200,71.71910000033677
24,2026-09-07T16:13:48.091239,1000,505,GET,/jobs/001,200,124.50919998809695
24,2026-09-07T16:13:48.091239,1000,506,PUT,/jobs/002,404,122.72700003813952
24,2026-09-07T16:13:48.091239,1000,507,DELETE,/jobs/1000,404,81.2156000174582
24,2026-09-07T16:13:48.091239,1000,508,POST,/jobs,201,124.77370002306998
24,2026-09-07T16:13:48.091239,1000,509,GET,/jobs/002,404,78.85849999729544
24,2026-09-07T16:13:48.091239,1000,510,POST,/jobs,201,121.5170999057591
24,2026-09-07T16:13:48.091239,1000,511,PUT,/jobs/001,200,123.70539992116392
24,2026-09-07T16:13:48.091239,1000,512,GET,/jobs/002,404,80.49939991906285
24,2026-09-07T16:13:48.091239,1000,513,DELETE,/jobs/002,404,80.80170000903308
24,2026-09-07T16:13:48.091239,1000,514,PUT,/jobs/001,200,123.96479991730303
24,2026-09-07T16:13:48.091239,1000,515,DELETE,/jobs/002,404,80.0130000570789
24,2026-09-07T16:13:48.091239,1000,516,GET,/jobs/002,404,91.73500002361834
24,2026-09-07T16:13:48.091239,1000,517,GET,/jobs/001,200,126.44879997242242
24,2026-09-07T16:13:48.091239,1000,518,GET,/jobs,200,77.01060001272708
24,2026-09-07T16:13:48.091239,1000,519,GET,/jobs/002,404,79.4725000159815
24,2026-09-07T16:13:48.091239,1000,520,DELETE,/jobs/1000,404,80.36999998148531
24,2026-09-07T16:13:48.091239,1000,521,PUT,/jobs/001,200,124.08410001080483
24,2026-09-07T16:13:48.091239,1000,522,PUT,/jobs/1000,404,117.40019998978823
24,2026-09-07T16:13:48.091239,1000,523,POST,/jobs,201,127.19249993097037
24,2026-09-07T16:13:48.091239,1000,524,PUT,/jobs/002,404,126.37050007469952
24,2026-09-07T16:13:48.091239,1000,525,DELETE,/jobs/1000,404,82.09349995013326
24,2026-09-07T16:13:48.091239,1000,526,PUT,/jobs/001,200,126.7048999434337
24,2026-09-07T16:13:48.091239,1000,527,DELETE,/jobs/002,404,81.7926999880001
24,2026-09-07T16:13:48.091239,1000,528,PUT,/jobs/1000,404,123.39580000843853
24,2026-09-07T16:13:48.091239,1000,529,POST,/jobs,201,126.65430002380162
24,2026-09-07T16:13:48.091239,1000,530,POST,/jobs,201,126.1915999930352
24,2026-09-07T16:13:48.091239,1000,531,GET,/jobs,200,80.18769999034703
24,2026-09-07T16:13:48.091239,1000,532,GET,/jobs/1000,404,81.11659996211529
24,2026-09-07T16:13:48.091239,1000,533,DELETE,/jobs/002,404,80.74700005818158
24,2026-09-07T16:13:48.091239,1000,534,POST,/jobs,201,122.8969000512734
24,2026-09-07T16:13:48.091239,1000,535,GET,/jobs,200,73.18569999188185
24,2026-09-07T16:13:48.091239,1000,536,GET,/jobs/002,404,80.08039998821914
24,2026-09-07T16:13:48.091239,1000,537,DELETE,/jobs/1000,404,81.52799995150417
24,2026-09-07T16:13:48.091239,1000,538,POST,/jobs,201,124.83340001199394
24,2026-09-07T16:13:48.091239,1000,539,DELETE,/jobs/1000,404,78.51580006536096
24,2026-09-07T16:13:48.091239,1000,540,PUT,/jobs/001,200,125.92789996415377
24,2026-09-07T16:13:48.091239,1000,541,PUT,/jobs/002,404,116.57460010610521
24,2026-09-07T16:13:48.091239,1000,542,PUT,/jobs/002,404,116.03650008328259
24,2026-09-07T16:13:48.091239,1000,543,POST,/jobs,201,120.60380005277693
24,2026-09-07T16:13:48.091239,1000,544,GET,/jobs,200,71.61470002029091
24,2026-09-07T16:13:48.091239,1000,545,GET,/jobs/002,404,80.96449996810406
24,2026-09-07T16:13:48.091239,1000,546,PUT,/jobs/1000,404,121.05630000587553
24,2026-09-07T16:13:48.091239,1000,547,PUT,/jobs/002,404,130.17699995543808
24,2026-09-07T16:13:48.091239,1000,548,PUT,/jobs/1000,404,131.56910007819533
24,2026-09-07T16:13:48.091239,1000,549,GET,/jobs,200,84.44929996039718
24,2026-09-07T16:13:48.091239,1000,550,PUT,/jobs/001,200,133.13319999724627
24,2026-09-07T16:13:48.091239,1000,551,POST,/jobs,201,132.36520008649677
24,2026-09-07T16:13:48.091239,1000,552,POST,/jobs,201,129.83420002274215
24,2026-09-07T16:13:48.091239,1000,553,PUT,/jobs/1000,404,130.37899998016655
24,2026-09-07T16:13:48.091239,1000,554,GET,/jobs,200,73.33789998665452
24,2026-09-07T16:13:48.091239,1000,555,DELETE,/jobs/1000,404,83.53920001536608
24,2026-09-07T16:13:48.091239,1000,556,PUT,/jobs/001,200,129.84800001140684
24,2026-09-07T16:13:48.091239,1000,557,GET,/jobs/1000,404,80.82539995666593
24,2026-09-07T16:13:48.091239,1000,558,POST,/jobs,201,119.37590001616627
24,2026-09-07T16:13:48.091239,1000,559,PUT,/jobs/1000,404,128.18170001264662
24,2026-09-07T16:13:48.091239,1000,560,PUT,/jobs/001,200,126.45819992758334
24,2026-09-07T16:13:48.091239,1000,561,GET,/jobs/002,404,79.66129994019866
24,2026-09-07T16:13:48.091239,1000,562,DELETE,/jobs/002,404,83.60909996554255
24,2026-09-07T16:13:48.091239,1000,563,POST,/jobs,201,129.89199999719858
24,2026-09-07T16:13:48.091239,1000,564,PUT,/jobs/001,200,130.4610000224784
24,2026-09-07T16:13:48.091239,1000,565,GET,/jobs,200,79.38850007485598
24,2026-09-07T16:13:48.091239,1000,566,DELETE,/jobs/002,404,82.28249999228865
24,2026-09-07T16:13:48.091239,1000,567,GET,/jobs/002,404,79.93589993566275
24,2026-09-07T16:13:48.091239,1000,568,DELETE,/jobs/002,404,81.04860002640635
24,2026-09-07T16:13:48.091239,1000,569,DELETE,/jobs/1000,404,83.12059997115284
24,2026-09-07T16:13:48.091239,1000,570,GET,/jobs,200,81.9953999016434
24,2026-09-07T16:13:48.091239,1000,571,GET,/jobs/001,200,130.14030002523214
24,2026-09-07T16:13:48.091239,1000,572,PUT,/jobs/001,200,126.38250004965812
24,2026-09-07T16:13:48.091239,1000,573,GET,/jobs/002,404,80.40059998165816
24,2026-09-07T16:13:48.091239,1000,574,POST,/jobs,201,127.89600004907697
24,2026-09-07T16:13:48.091239,1000,575,POST,/jobs,201,126.97089998982847
24,2026-09-07T16:13:48.091239,1000,576,PUT,/jobs/002,404,129.96209994889796
24,2026-09-07T16:13:48.091239,1000,577,GET,/jobs/002,404,80.23169997613877
24,2026-09-07T16:13:48.091239,1000,578,DELETE,/jobs/002,404,76.79880002979189
24,2026-09-07T16:13:48.091239,1000,579,PUT,/jobs/001,200,129.3883000034839
24,2026-09-07T16:13:48.091239,1000,580,DELETE,/jobs/002,404,79.7209000447765
24,2026-09-07T16:13:48.091239,1000,581,GET,/jobs,200,81.56209997832775
24,2026-09-07T16:13:48.091239,1000,582,POST,/jobs,201,136.32619997952133
24,2026-09-07T16:13:48.091239,1000,583,PUT,/jobs/002,404,138.3865000680089
24,2026-09-07T16:13:48.091239,1000,584,DELETE,/jobs/1000,404,84.20219994150102
24,2026-09-07T16:13:48.091239,1000,585,GET,/jobs,200,77.30469992384315
24,2026-09-07T16:13:48.091239,1000,586,POST,/jobs,201,136.66429999284446
24,2026-09-07T16:13:48.091239,1000,587,POST,/jobs,201,134.57310001831502
24,2026-09-07T16:13:48.091239,1000,588,DELETE,/jobs/1000,404,84.88079998642206
24,2026-09-07T16:13:48.091239,1000,589,GET,/jobs/002,404,84.29979998618364
24,2026-09-07T16:13:48.091239,1000,590,DELETE,/jobs/1000,404,85.72119998279959
24,2026-09-07T16:13:48.091239,1000,591,POST,/jobs,201,145.11939999647439
24,2026-09-07T16:13:48.091239,1000,592,DELETE,/jobs/1000,404,84.74479999858886
24,2026-09-07T16:13:48.091239,1000,593,PUT,/jobs/002,404,145.9276000969112
24,2026-09-07T16:13:48.091239,1000,594,GET,/jobs/1000,404,85.04110004287213
24,2026-09-07T16:13:48.091239,1000,595,GET,/jobs/1000,404,85.48799995332956
24,2026-09-07T16:13:48.091239,1000,596,PUT,/jobs/001,200,146.7623000498861
24,2026-09-07T16:13:48.091239,1000,597,PUT,/jobs/001,200,143.23310006875545
24,2026-09-07T16:13:48.091239,1000,598,POST,/jobs,201,141.14120008889586
24,2026-09-07T16:13:48.091239,1000,599,PUT,/jobs/1000,404,144.08689993433654
24,2026-09-07T16:13:48.091239,1000,600,PUT,/jobs/002,404,142.7224000217393
24,2026-09-07T16:13:48.091239,1000,601,GET,/jobs/002,404,82.81489997170866
24,2026-09-07T16:13:48.091239,1000,602,GET,/jobs,200,80.7376999873668
24,2026-09-07T16:13:48.091239,1000,603,GET,/jobs/1000,404,81.99390000663698
24,2026-09-07T16:13:48.091239,1000,604,DELETE,/jobs/1000,404,83.20690004620701
24,2026-09-07T16:13:48.091239,1000,605,GET,/jobs,200,79.69450007658452
24,2026-09-07T16:13:48.091239,1000,606,PUT,/jobs/001,200,141.74440002534539
24,2026-09-07T16:13:48.091239,1000,607,DELETE,/jobs/1000,404,85.04219993483275
24,2026-09-07T16:13:48.091239,1000,608,GET,/jobs,200,82.78960001189262
24,2026-09-07T16:13:48.091239,1000,609,GET,/jobs/002,404,86.41780004836619
24,2026-09-07T16:13:48.091239,1000,610,GET,/jobs/001,200,152.28739997837692
24,2026-09-07T16:13:48.091239,1000,611,PUT,/jobs/002,404,151.9869000185281
24,2026-09-07T16:13:48.091239,1000,612,POST,/jobs,201,157.22289995756
24,2026-09-07T16:13:48.091239,1000,613,PUT,/jobs/1000,404,159.00300000794232
24,2026-09-07T16:13:48.091239,1000,614,GET,/jobs,200,91.99929994065315
24,2026-09-07T16:13:48.091239,1000,615,POST,/jobs,201,156.2372000189498
24,2026-09-07T16:13:48.091239,1000,616,DELETE,/jobs/1000,404,95.105400076136
24,2026-09-07T16:13:48.091239,1000,617,POST,/jobs,201,159.42909999284893
24,2026-09-07T16:13:48.091239,1000,618,PUT,/jobs/1000,404,160.3134999750182
24,2026-09-07T16:13:48.091239,1000,619,GET,/jobs,200,101.39550000894815
24,2026-09-07T16:13:48.091239,1000,620,DELETE,/jobs/002,404,101.48110007867217
24,2026-09-07T16:13:48.091239,1000,621,GET,/jobs/1000,404,102.32820000965148
24,2026-09-07T16:13:48.091239,1000,622,POST,/jobs,201,166.59390006680042
24,2026-09-07T16:13:48.091239,1000,623,GET,/jobs,200,98.9943000022322
24,2026-09-07T16:13:48.091239,1000,624,PUT,/jobs/001,200,165.04710004664958
24,2026-09-07T16:13:48.091239,1000,625,GET,/jobs,200,100.1529999775812
24,2026-09-07T16:13:48.091239,1000,626,PUT,/jobs/001,200,167.1321999747306
24,2026-09-07T16:13:48.091239,1000,627,POST,/jobs,201,167.05320007167757
24,2026-09-07T16:13:48.091239,1000,628,GET,/jobs,200,97.62199991382658
24,2026-09-07T16:13:48.091239,1000,629,POST,/jobs,201,164.4800000358373
24,2026-09-07T16:13:48.091239,1000,630,GET,/jobs,200,98.63949997816235
24,2026-09-07T16:13:48.091239,1000,631,POST,/jobs,201,165.9688000800088
24,2026-09-07T16:13:48.091239,1000,632,POST,/jobs,201,165.56850005872548
24,2026-09-07T16:13:48.091239,1000,633,GET,/jobs/001,200,167.52619994804263
24,2026-09-07T16:13:48.091239,1000,634,DELETE,/jobs/1000,404,109.66489999555051
24,2026-09-07T16:13:48.091239,1000,635,DELETE,/jobs/002,404,106.45560000557452
24,2026-09-07T16:13:48.091239,1000,636,GET,/jobs/001,200,170.92219996266067
24,2026-09-07T16:13:48.091239,1000,637,GET,/jobs,200,103.42250007670373
24,2026-09-07T16:13:48.091239,1000,638,DELETE,/jobs/1000,404,105.62759998720139
24,2026-09-07T16:13:48.091239,1000,639,DELETE,/jobs/002,404,112.61970002669841
24,2026-09-07T16:13:48.091239,1000,640,PUT,/jobs/1000,404,170.38909997791052
24,2026-09-07T16:13:48.091239,1000,641,GET,/jobs/001,200,168.77480002585799
24,2026-09-07T16:13:48.091239,1000,642,PUT,/jobs/1000,404,171.0590000730008
24,2026-09-07T16:13:48.091239,1000,643,POST,/jobs,201,171.25209991354495
24,2026-09-07T16:13:48.091239,1000,644,POST,/jobs,201,171.87550000380725
24,2026-09-07T16:13:48.091239,1000,645,GET,/jobs,200,118.01730003207922
24,2026-09-07T16:13:48.091239,1000,646,PUT,/jobs/002,404,175.48079998232424
24,2026-09-07T16:13:48.091239,1000,647,DELETE,/jobs/002,404,119.07040001824498
24,2026-09-07T16:13:48.091239,1000,648,GET,/jobs,200,117.0988999074325
24,2026-09-07T16:13:48.091239,1000,649,PUT,/jobs/002,404,174.16539997793734
24,2026-09-07T16:13:48.091239,1000,650,DELETE,/jobs/1000,404,117.94250004459172
24,2026-09-07T16:13:48.091239,1000,651,PUT,/jobs/1000,404,173.66880003828555
24,2026-09-07T16:13:48.091239,1000,652,POST,/jobs,201,176.74580006860197
24,2026-09-07T16:13:48.091239,1000,653,POST,/jobs,201,175.11029995512217
24,2026-09-07T16:13:48.091239,1000,654,PUT,/jobs/002,404,175.87859998457134
24,2026-09-07T16:13:48.091239,1000,655,GET,/jobs,200,118.7322000041604
24,2026-09-07T16:13:48.091239,1000,656,GET,/jobs/002,404,118.41540003661066
24,2026-09-07T16:13:48.091239,1000,657,DELETE,/jobs/1000,404,120.59679999947548
24,2026-09-07T16:13:48.091239,1000,658,DELETE,/jobs/1000,404,118.32260002847761
24,2026-09-07T16:13:48.091239,1000,659,POST,/jobs,201,178.74679993838072
24,2026-09-07T16:13:48.091239,1000,660,PUT,/jobs/002,404,178.41709998901933
24,2026-09-07T16:13:48.091239,1000,661,GET,/jobs,200,110.79239996615797
24,2026-09-07T16:13:48.091239,1000,662,DELETE,/jobs/002,404,120.86399993859231
24,2026-09-07T16:13:48.091239,1000,663,DELETE,/jobs/1000,404,115.44940003659576
24,2026-09-07T16:13:48.091239,1000,664,POST,/jobs,201,176.0852999286726
24,2026-09-07T16:13:48.091239,1000,665,GET,/jobs/1000,404,116.52280006092042
24,2026-09-07T16:13:48.091239,1000,666,POST,/jobs,201,176.93339998368174
24,2026-09-07T16:13:48.091239,1000,667,GET,/jobs/1000,404,116.23610008973628
24,2026-09-07T16:13:48.091239,1000,668,POST,/jobs,201,176.51509994175285
24,2026-09-07T16:13:48.091239,1000,669,GET,/jobs/1000,404,114.91639993619174
24,2026-09-07T16:13:48.091239,1000,670,GET,/jobs,200,111.38469993602484
24,2026-09-07T16:13:48.091239,1000,671,GET,/jobs,200,110.68230005912483
24,2026-09-07T16:13:48.091239,1000,672,POST,/jobs,201,177.14159993920475
24,2026-09-07T16:13:48.091239,1000,673,PUT,/jobs/001,200,175.04279990680516
24,2026-09-07T16:13:48.091239,1000,674,DELETE,/jobs/1000,404,113.6881000129506
24,2026-09-07T16:13:48.091239,1000,675,GET,/jobs/001,200,178.57850005384535
24,2026-09-07T16:13:48.091239,1000,676,POST,/jobs,201,174.330799956806
24,2026-09-07T16:13:48.091239,1000,677,PUT,/jobs/001,200,179.23650005832314
24,2026-09-07T16:13:48.091239,1000,678,GET,/jobs/001,200,178.94289991818368
24,2026-09-07T16:13:48.091239,1000,679,DELETE,/jobs/1000,404,113.62510011531413
24,2026-09-07T16:13:48.091239,1000,680,DELETE,/jobs/1000,404,111.10860004555434
24,2026-09-07T16:13:48.091239,1000,681,GET,/jobs/002,404,108.66929998155683
24,2026-09-07T16:13:48.091239,1000,682,PUT,/jobs/002,404,174.88119995687157
24,2026-09-07T16:13:48.091239,1000,683,POST,/jobs,201,177.19459999352694
24,2026-09-07T16:13:48.091239,1000,684,GET,/jobs,200,110.17430003266782
24,2026-09-07T16:13:48.091239,1000,685,PUT,/jobs/001,200,175.71970005519688
24,2026-09-07T16:13:48.091239,1000,686,GET,/jobs/001,200,182.34070006292313
24,2026-09-07T16:13:48.091239,1000,687,PUT,/jobs/1000,404,178.1168000306934
24,2026-09-07T16:13:48.091239,1000,688,POST,/jobs,201,177.40720009896904
24,2026-09-07T16:13:48.091239,1000,689,PUT,/jobs/001,200,177.3760000942275
24,2026-09-07T16:13:48.091239,1000,690,POST,/jobs,201,183.73769999016076
24,2026-09-07T16:13:48.091239,1000,691,GET,/jobs,200,104.58529996685684
24,2026-09-07T16:13:48.091239,1000,692,PUT,/jobs/002,404,178.23909991420805
24,2026-09-07T16:13:48.091239,1000,693,POST,/jobs,201,180.09550007991493
24,2026-09-07T16:13:48.091239,1000,694,PUT,/jobs/1000,404,179.34180004522204
24,2026-09-07T16:13:48.091239,1000,695,POST,/jobs,201,179.1252999100834
24,2026-09-07T16:13:48.091239,1000,696,GET,/jobs/002,404,113.47149999346584
24,2026-09-07T16:13:48.091239,1000,697,GET,/jobs,200,110.98189989570528
24,2026-09-07T16:13:48.091239,1000,698,DELETE,/jobs/1000,404,112.72530001588166
24,2026-09-07T16:13:48.091239,1000,699,DELETE,/jobs/002,404,113.33200009539723
24,2026-09-07T16:13:48.091239,1000,700,GET,/jobs,200,107.82149992883205
24,2026-09-07T16:13:48.091239,1000,701,PUT,/jobs/1000,404,172.49210004229099
24,2026-09-07T16:13:48.091239,1000,702,POST,/jobs,201,172.85450000781566
24,2026-09-07T16:13:48.091239,1000,703,PUT,/jobs/001,200,173.53459994774312
24,2026-09-07T16:13:48.091239,1000,704,GET,/jobs/001,200,172.8863000171259
24,2026-09-07T16:13:48.091239,1000,705,GET,/jobs,200,101.29159991629422
24,2026-09-07T16:13:48.091239,1000,706,POST,/jobs,201,171.55149998143315
24,2026-09-07T16:13:48.091239,1000,707,GET,/jobs,200,103.87039999477565
24,2026-09-07T16:13:48.091239,1000,708,GET,/jobs,200,113.55080001521856
24,2026-09-07T16:13:48.091239,1000,709,GET,/jobs/1000,404,112.88080003578216
24,2026-09-07T16:13:48.091239,1000,710,GET,/jobs/002,404,113.197400001809
24,2026-09-07T16:13:48.091239,1000,711,PUT,/jobs/002,404,174.3514999980107
24,2026-09-07T16:13:48.091239,1000,712,DELETE,/jobs/1000,404,114.2097000265494
24,2026-09-07T16:13:48.091239,1000,713,DELETE,/jobs/002,404,112.0029001031071
24,2026-09-07T16:13:48.091239,1000,714,PUT,/jobs/1000,404,160.0297000259161
24,2026-09-07T16:13:48.091239,1000,715,GET,/jobs,200,103.24960004072636
24,2026-09-07T16:13:48.091239,1000,716,PUT,/jobs/1000,404,170.51329999230802
24,2026-09-07T16:13:48.091239,1000,717,PUT,/jobs/002,404,172.3844000371173
24,2026-09-07T16:13:48.091239,1000,718,GET,/jobs,200,102.39830007776618
24,2026-09-07T16:13:48.091239,1000,719,POST,/jobs,201,163.41699997428805
24,2026-09-07T16:13:48.091239,1000,720,PUT,/jobs/002,404,172.30009997729212
24,2026-09-07T16:13:48.091239,1000,721,GET,/jobs/002,404,117.50819999724627
24,2026-09-07T16:13:48.091239,1000,722,GET,/jobs,200,104.89080008119345
24,2026-09-07T16:13:48.091239,1000,723,POST,/jobs,201,163.15580008085817
24,2026-09-07T16:13:48.091239,1000,724,POST,/jobs,201,172.86139994394034
24,2026-09-07T16:13:48.091239,1000,725,PUT,/jobs/002,404,169.4112999830395
24,2026-09-07T16:13:48.091239,1000,726,GET,/jobs/001,200,172.1378000220284
24,2026-09-07T16:13:48.091239,1000,727,PUT,/jobs/001,200,170.76359991915524
24,2026-09-07T16:13:48.091239,1000,728,GET,/jobs/1000,404,115.39609997998923
24,2026-09-07T16:13:48.091239,1000,729,DELETE,/jobs/002,404,115.7035999931395
24,2026-09-07T16:13:48.091239,1000,730,GET,/jobs,200,114.0775999519974
24,2026-09-07T16:13:48.091239,1000,731,POST,/jobs,201,170.01409991644323
24,2026-09-07T16:13:48.091239,1000,732,GET,/jobs/1000,404,114.54760003834963
24,2026-09-07T16:13:48.091239,1000,733,GET,/jobs/001,200,169.5855000289157
24,2026-09-07T16:13:48.091239,1000,734,DELETE,/jobs/002,404,116.22810002882034
24,2026-09-07T16:13:48.091239,1000,735,DELETE,/jobs/002,404,117.43019998539239
24,2026-09-07T16:13:48.091239,1000,736,GET,/jobs/002,404,115.99179997574538
24,2026-09-07T16:13:48.091239,1000,737,GET,/jobs/1000,404,116.06559995561838
24,2026-09-07T16:13:48.091239,1000,738,GET,/jobs,200,114.1471000155434
24,2026-09-07T16:13:48.091239,1000,739,POST,/jobs,201,160.1533000357449
24,2026-09-07T16:13:48.091239,1000,740,GET,/jobs/001,200,163.36620005313307
24,2026-09-07T16:13:48.091239,1000,741,DELETE,/jobs/1000,404,116.11709999851882
24,2026-09-07T16:13:48.091239,1000,742,GET,/jobs/001,200,167.29670006316155
24,2026-09-07T16:13:48.091239,1000,743,GET,/jobs,200,115.60929997358471
24,2026-09-07T16:13:48.091239,1000,744,GET,/jobs/001,200,163.3971999399364
24,2026-09-07T16:13:48.091239,1000,745,POST,/jobs,201,162.57600008975714
24,2026-09-07T16:13:48.091239,1000,746,GET,/jobs/1000,404,115.60869996901602
24,2026-09-07T16:13:48.091239,1000,747,POST,/jobs,201,162.61969995684922
24,2026-09-07T16:13:48.091239,1000,748,GET,/jobs/002,404,115.19619997125119
24,2026-09-07T16:13:48.091239,1000,749,GET,/jobs,200,100.9559000376612
24,2026-09-07T16:13:48.091239,1000,750,GET,/jobs/1000,404,102.69329999573529
24,2026-09-07T16:13:48.091239,1000,751,PUT,/jobs/1000,404,151.77620004396886
24,2026-09-07T16:13:48.091239,1000,752,GET,/jobs,200,100.13639996759593
24,2026-09-07T16:13:48.091239,1000,753,GET,/jobs,200,100.3089000005275
24,2026-09-07T16:13:48.091239,1000,754,PUT,/jobs/002,404,150.9893999900669
24,2026-09-07T16:13:48.091239,1000,755,POST,/jobs,201,151.687299949117
24,2026-09-07T16:13:48.091239,1000,756,DELETE,/jobs/002,404,112.05199989490211
24,2026-09-07T16:13:48.091239,1000,757,PUT,/jobs/1000,404,151.63679991383106
24,2026-09-07T16:13:48.091239,1000,758,GET,/jobs/1000,404,106.64609994273633
24,2026-09-07T16:13:48.091239,1000,759,GET,/jobs,200,99.62540003471076
24,2026-09-07T16:13:48.091239,1000,760,DELETE,/jobs/1000,404,108.04770002141595
24,2026-09-07T16:13:48.091239,1000,761,PUT,/jobs/1000,404,151.89639991149306
24,2026-09-07T16:13:48.091239,1000,762,GET,/jobs,200,99.31369998957962
24,2026-09-07T16:13:48.091239,1000,763,GET,/jobs,200,98.97170006297529
24,2026-09-07T16:13:48.091239,1000,764,PUT,/jobs/002,404,151.7560000065714
24,2026-09-07T16:13:48.091239,1000,765,PUT,/jobs/1000,404,156.19070001412183
24,2026-09-07T16:13:48.091239,1000,766,GET,/jobs,200,99.86790001858026
24,2026-09-07T16:13:48.091239,1000,767,PUT,/jobs/1000,404,153.47860008478165
24,2026-09-07T16:13:48.091239,1000,768,PUT,/jobs/001,200,154.09990004263818
24,2026-09-07T16:13:48.091239,1000,769,GET,/jobs,200,99.46679999120533
24,2026-09-07T16:13:48.091239,1000,770,POST,/jobs,201,154.72900005988777
24,2026-09-07T16:13:48.091239,1000,771,GET,/jobs/001,200,157.24919992499053
24,2026-09-07T16:13:48.091239,1000,772,GET,/jobs/002,404,100.7071000058204
24,2026-09-07T16:13:48.091239,1000,773,DELETE,/jobs/1000,404,96.49359993636608
24,2026-09-07T16:13:48.091239,1000,774,PUT,/jobs/1000,404,151.96489996742457
24,2026-09-07T16:13:48.091239,1000,775,DELETE,/jobs/1000,404,96.78900009021163
24,2026-09-07T16:13:48.091239,1000,776,PUT,/jobs/1000,404,152.62930002063513
24,2026-09-07T16:13:48.091239,1000,777,DELETE,/jobs/1000,404,105.59829999692738
24,2026-09-07T16:13:48.091239,1000,778,GET,/jobs,200,93.2899999897927
24,2026-09-07T16:13:48.091239,1000,779,GET,/jobs,200,91.56299999449402
24,2026-09-07T16:13:48.091239,1000,780,DELETE,/jobs/002,404,93.70430000126362
24,2026-09-07T16:13:48.091239,1000,781,PUT,/jobs/002,404,146.3047000579536
24,2026-09-07T16:13:48.091239,1000,782,GET,/jobs/002,404,102.30650007724762
24,2026-09-07T16:13:48.091239,1000,783,POST,/jobs,201,145.6880000187084
24,2026-09-07T16:13:48.091239,1000,784,PUT,/jobs/002,404,145.33159998245537
24,2026-09-07T16:13:48.091239,1000,785,PUT,/jobs/1000,404,144.95290000922978
24,2026-09-07T16:13:48.091239,1000,786,GET,/jobs,200,92.25889993831515
24,2026-09-07T16:13:48.091239,1000,787,POST,/jobs,201,150.03429993521422
24,2026-09-07T16:13:48.091239,1000,788,POST,/jobs,201,151.91790007520467
24,2026-09-07T16:13:48.091239,1000,789,POST,/jobs,201,150.57559998240322
24,2026-09-07T16:13:48.091239,1000,790,GET,/jobs/1000,404,101.63319995626807
24,2026-09-07T16:13:48.091239,1000,791,PUT,/jobs/001,200,151.06509998440742
24,2026-09-07T16:13:48.091239,1000,792,GET,/jobs,200,97.79710008297116
24,2026-09-07T16:13:48.091239,1000,793,GET,/jobs,200,102.85389993805438
24,2026-09-07T16:13:48.091239,1000,794,GET,/jobs,200,101.20060003828257
24,2026-09-07T16:13:48.091239,1000,795,PUT,/jobs/001,200,151.95139998104423
24,2026-09-07T16:13:48.091239,1000,796,POST,/jobs,201,151.47330006584525
24,2026-09-07T16:13:48.091239,1000,797,GET,/jobs/1000,404,101.14439995959401
24,2026-09-07T16:13:48.091239,1000,798,GET,/jobs,200,94.26769998390228
24,2026-09-07T16:13:48.091239,1000,799,DELETE,/jobs/1000,404,96.9957000343129
24,2026-09-07T16:13:48.091239,1000,800,GET,/jobs,200,92.17530000023544
24,2026-09-07T16:13:48.091239,1000,801,PUT,/jobs/002,404,149.4857999496162
24,2026-09-07T16:13:48.091239,1000,802,PUT,/jobs/1000,404,150.16580000519753
24,2026-09-07T16:13:48.091239,1000,803,GET,/jobs,200,91.27520001493394
24,2026-09-07T16:13:48.091239,1000,804,POST,/jobs,201,146.77820005454123
24,2026-09-07T16:13:48.091239,1000,805,POST,/jobs,201,146.22120000422
24,2026-09-07T16:13:48.091239,1000,806,GET,/jobs,200,90.3369999723509
24,2026-09-07T16:13:48.091239,1000,807,DELETE,/jobs/002,404,91.44300001207739
24,2026-09-07T16:13:48.091239,1000,808,GET,/jobs/1000,404,92.8002999862656
24,2026-09-07T16:13:48.091239,1000,809,PUT,/jobs/001,200,145.8258000202477
24,2026-09-07T16:13:48.091239,1000,810,GET,/jobs,200,90.12529999017715
24,2026-09-07T16:13:48.091239,1000,811,POST,/jobs,201,146.79739996790886
24,2026-09-07T16:13:48.091239,1000,812,DELETE,/jobs/1000,404,99.7027000412345
24,2026-09-07T16:13:48.091239,1000,813,GET,/jobs,200,95.55870003532618
24,2026-09-07T16:13:48.091239,1000,814,POST,/jobs,201,135.67640003748238
24,2026-09-07T16:13:48.091239,1000,815,GET,/jobs/002,404,101.98010003659874
24,2026-09-07T16:13:48.091239,1000,816,DELETE,/jobs/002,404,89.92160006891936
24,2026-09-07T16:13:48.091239,1000,817,DELETE,/jobs/1000,404,95.79209994990379
24,2026-09-07T16:13:48.091239,1000,818,GET,/jobs,200,99.45460001472384
24,2026-09-07T16:13:48.091239,1000,819,GET,/jobs/002,404,100.06099997553974
24,2026-09-07T16:13:48.091239,1000,820,POST,/jobs,201,145.15599992591888
24,2026-09-07T16:13:48.091239,1000,821,POST,/jobs,201,146.10569993965328
24,2026-09-07T16:13:48.091239,1000,822,GET,/jobs/001,200,147.6917000254616
24,2026-09-07T16:13:48.091239,1000,823,DELETE,/jobs/1000,404,99.81749998405576
24,2026-09-07T16:13:48.091239,1000,824,GET,/jobs,200,98.94379996694624
24,2026-09-07T16:13:48.091239,1000,825,GET,/jobs/1000,404,99.92259996943176
24,2026-09-07T16:13:48.091239,1000,826,GET,/jobs,200,98.56940002646297
24,2026-09-07T16:13:48.091239,1000,827,GET,/jobs,200,97.78309997636825
24,2026-09-07T16:13:48.091239,1000,828,DELETE,/jobs/002,404,100.16819997690618
24,2026-09-07T16:13:48.091239,1000,829,PUT,/jobs/002,404,148.61620008014143
24,2026-09-07T16:13:48.091239,1000,830,PUT,/jobs/002,404,150.36970004439354
24,2026-09-07T16:13:48.091239,1000,831,GET,/jobs/002,404,102.80170000623912
24,2026-09-07T16:13:48.091239,1000,832,POST,/jobs,201,150.3509000176564
24,2026-09-07T16:13:48.091239,1000,833,POST,/jobs,201,149.51639994978905
24,2026-09-07T16:13:48.091239,1000,834,DELETE,/jobs/002,404,100.8378000697121
24,2026-09-07T16:13:48.091239,1000,835,GET,/jobs,200,101.38440004084259
24,2026-09-07T16:13:48.091239,1000,836,GET,/jobs/001,200,150.86529997643083
24,2026-09-07T16:13:48.091239,1000,837,DELETE,/jobs/002,404,102.61659999378026
24,2026-09-07T16:13:48.091239,1000,838,GET,/jobs,200,100.04149994347245
24,2026-09-07T16:13:48.091239,1000,839,POST,/jobs,201,148.8169999793172
24,2026-09-07T16:13:48.091239,1000,840,PUT,/jobs/002,404,139.44900000933558
24,2026-09-07T16:13:48.091239,1000,841,DELETE,/jobs/1000,404,92.5089999800548
24,2026-09-07T16:13:48.091239,1000,842,PUT,/jobs/002,404,140.30500000808388
24,2026-09-07T16:13:48.091239,1000,843,GET,/jobs/1000,404,93.54900009930134
24,2026-09-07T16:13:48.091239,1000,844,GET,/jobs,200,91.25749999657273
24,2026-09-07T16:13:48.091239,1000,845,POST,/jobs,201,140.30839991755784
24,2026-09-07T16:13:48.091239,1000,846,GET,/jobs,200,83.39150005485862
24,2026-09-07T16:13:48.091239,1000,847,POST,/jobs,201,130.06959995254874
24,2026-09-07T16:13:48.091239,1000,848,DELETE,/jobs/1000,404,90.93629999551922
24,2026-09-07T16:13:48.091239,1000,849,DELETE,/jobs/1000,404,84.49370006565005
24,2026-09-07T16:13:48.091239,1000,850,GET,/jobs,200,83.50840001367033
24,2026-09-07T16:13:48.091239,1000,851,GET,/jobs/002,404,93.866299954243
24,2026-09-07T16:13:48.091239,1000,852,DELETE,/jobs/002,404,95.34920006990433
24,2026-09-07T16:13:48.091239,1000,853,GET,/jobs,200,83.42179993633181
24,2026-09-07T16:13:48.091239,1000,854,GET,/jobs/002,404,94.77189998142421
24,2026-09-07T16:13:48.091239,1000,855,GET,/jobs/001,200,137.16579996980727
24,2026-09-07T16:13:48.091239,1000,856,POST,/jobs,201,133.2220999756828
24,2026-09-07T16:13:48.091239,1000,857,POST,/jobs,201,137.69849995151162
24,2026-09-07T16:13:48.091239,1000,858,GET,/jobs,200,95.09120008442551
24,2026-09-07T16:13:48.091239,1000,859,PUT,/jobs/1000,404,129.21660009305924
24,2026-09-07T16:13:48.091239,1000,860,PUT,/jobs/001,200,138.22439999785274
24,2026-09-07T16:13:48.091239,1000,861,GET,/jobs/002,404,97.1949000377208
24,2026-09-07T16:13:48.091239,1000,862,DELETE,/jobs/002,404,97.67930000089109
24,2026-09-07T16:13:48.091239,1000,863,DELETE,/jobs/1000,404,97.51170000527054
24,2026-09-07T16:13:48.091239,1000,864,GET,/jobs,200,93.68980000726879
24,2026-09-07T16:13:48.091239,1000,865,PUT,/jobs/1000,404,129.02330001816154
24,2026-09-07T16:13:48.091239,1000,866,GET,/jobs,200,79.52869997825474
24,2026-09-07T16:13:48.091239,1000,867,PUT,/jobs/001,200,131.3212999375537
24,2026-09-07T16:13:48.091239,1000,868,PUT,/jobs/001,200,135.95340005122125
24,2026-09-07T16:13:48.091239,1000,869,POST,/jobs,201,131.13580003846437
24,2026-09-07T16:13:48.091239,1000,870,PUT,/jobs/1000,404,130.11350005399436
24,2026-09-07T16:13:48.091239,1000,871,PUT,/jobs/1000,404,131.02880003862083
24,2026-09-07T16:13:48.091239,1000,872,PUT,/jobs/002,404,136.2147000618279
24,2026-09-07T16:13:48.091239,1000,873,GET,/jobs,200,86.01650001946837
24,2026-09-07T16:13:48.091239,1000,874,PUT,/jobs/001,200,130.31429995317012
24,2026-09-07T16:13:48.091239,1000,875,POST,/jobs,201,130.484199966304
24,2026-09-07T16:13:48.091239,1000,876,DELETE,/jobs/1000,404,86.2166000297293
24,2026-09-07T16:13:48.091239,1000,877,POST,/jobs,201,132.4569999706
24,2026-09-07T16:13:48.091239,1000,878,PUT,/jobs/001,200,127.2579999640584
24,2026-09-07T16:13:48.091239,1000,879,GET,/jobs/002,404,85.34410002175719
24,2026-09-07T16:13:48.091239,1000,880,DELETE,/jobs/1000,404,84.92990001104772
24,2026-09-07T16:13:48.091239,1000,881,DELETE,/jobs/002,404,81.91499998793006
24,2026-09-07T16:13:48.091239,1000,882,PUT,/jobs/002,404,129.03680000454187
24,2026-09-07T16:13:48.091239,1000,883,POST,/jobs,201,128.75359994359314
24,2026-09-07T16:13:48.091239,1000,884,POST,/jobs,201,127.90349998977035
24,2026-09-07T16:13:48.091239,1000,885,GET,/jobs/001,200,129.32119995821267
24,2026-09-07T16:13:48.091239,1000,886,DELETE,/jobs/002,404,81.58580004237592
24,2026-09-07T16:13:48.091239,1000,887,DELETE,/jobs/002,404,82.721299957484
24,2026-09-07T16:13:48.091239,1000,888,POST,/jobs,201,127.73939990438521
24,2026-09-07T16:13:48.091239,1000,889,GET,/jobs/001,200,129.39439993351698
24,2026-09-07T16:13:48.091239,1000,890,GET,/jobs,200,71.82819989975542
24,2026-09-07T16:13:48.091239,1000,891,GET,/jobs/002,404,85.16070002224296
24,2026-09-07T16:13:48.091239,1000,892,GET,/jobs/001,200,130.83070004358888
24,2026-09-07T16:13:48.091239,1000,893,DELETE,/jobs/002,404,86.46240003872663
24,2026-09-07T16:13:48.091239,1000,894,GET,/jobs,200,71.16839999798685
24,2026-09-07T16:13:48.091239,1000,895,GET,/jobs/1000,404,86.26730006653816
24,2026-09-07T16:13:48.091239,1000,896,PUT,/jobs/002,404,119.37750002834946
24,2026-09-07T16:13:48.091239,1000,897,DELETE,/jobs/1000,404,84.85310000833124
24,2026-09-07T16:13:48.091239,1000,898,DELETE,/jobs/1000,404,85.71989997290075
24,2026-09-07T16:13:48.091239,1000,899,POST,/jobs,201,118.58459992799908
24,2026-09-07T16:13:48.091239,1000,900,PUT,/jobs/001,200,119.28780004382133
24,2026-09-07T16:13:48.091239,1000,901,PUT,/jobs/002,404,126.1722999624908
24,2026-09-07T16:13:48.091239,1000,902,POST,/jobs,201,125.9375000372529
24,2026-09-07T16:13:48.091239,1000,903,POST,/jobs,201,125.53409999236465
24,2026-09-07T16:13:48.091239,1000,904,GET,/jobs,200,82.63129997067153
24,2026-09-07T16:13:48.091239,1000,905,POST,/jobs,201,116.99679994489998
24,2026-09-07T16:13:48.091239,1000,906,GET,/jobs,200,78.95540003664792
24,2026-09-07T16:13:48.091239,1000,907,POST,/jobs,201,124.67559997458011
24,2026-09-07T16:13:48.091239,1000,908,PUT,/jobs/001,200,123.93600004725158
24,2026-09-07T16:13:48.091239,1000,909,GET,/jobs,200,79.65030008926988
24,2026-09-07T16:13:48.091239,1000,910,POST,/jobs,201,124.3001000257209
24,2026-09-07T16:13:48.091239,1000,911,POST,/jobs,201,124.22100000549108
24,2026-09-07T16:13:48.091239,1000,912,GET,/jobs,200,80.84089995827526
24,2026-09-07T16:13:48.091239,1000,913,DELETE,/jobs/1000,404,86.87759994063526
24,2026-09-07T16:13:48.091239,1000,914,PUT,/jobs/1000,404,117.22769995685667
24,2026-09-07T16:13:48.091239,1000,915,DELETE,/jobs/002,404,86.01279999129474
24,2026-09-07T16:13:48.091239,1000,916,PUT,/jobs/1000,404,123.94899991340935
24,2026-09-07T16:13:48.091239,1000,917,GET,/jobs/002,404,80.03489999100566
24,2026-09-07T16:13:48.091239,1000,918,DELETE,/jobs/1000,404,79.2314000427723
24,2026-09-07T16:13:48.091239,1000,919,DELETE,/jobs/002,404,79.48950002901256
24,2026-09-07T16:13:48.091239,1000,920,GET,/jobs,200,76.30979991517961
24,2026-09-07T16:13:48.091239,1000,921,PUT,/jobs/001,200,117.86300002131611
24,2026-09-07T16:13:48.091239,1000,922,POST,/jobs,201,118.59879991970956
24,2026-09-07T16:13:48.091239,1000,923,GET,/jobs,200,75.63129998743534
24,2026-09-07T16:13:48.091239,1000,924,DELETE,/jobs/002,404,79.56250000279397
24,2026-09-07T16:13:48.091239,1000,925,GET,/jobs,200,77.57239998318255
24,2026-09-07T16:13:48.091239,1000,926,GET,/jobs/1000,404,79.99820006079972
24,2026-09-07T16:13:48.091239,1000,927,PUT,/jobs/002,404,116.38989998027682
24,2026-09-07T16:13:48.091239,1000,928,DELETE,/jobs/002,404,83.40080000925809
24,2026-09-07T16:13:48.091239,1000,929,POST,/jobs,201,112.79659997671843
24,2026-09-07T16:13:48.091239,1000,930,POST,/jobs,201,112.5591000309214
24,2026-09-07T16:13:48.091239,1000,931,PUT,/jobs/002,404,113.51449997164309
24,2026-09-07T16:13:48.091239,1000,932,DELETE,/jobs/002,404,81.81010000407696
24,2026-09-07T16:13:48.091239,1000,933,POST,/jobs,201,117.70529998466372
24,2026-09-07T16:13:48.091239,1000,934,POST,/jobs,201,113.71629999484867
24,2026-09-07T16:13:48.091239,1000,935,DELETE,/jobs/1000,404,82.5118999928236
24,2026-09-07T16:13:48.091239,1000,936,POST,/jobs,201,114.0659999800846
24,2026-09-07T16:13:48.091239,1000,937,DELETE,/jobs/002,404,76.93159999325871
24,2026-09-07T16:13:48.091239,1000,938,POST,/jobs,201,107.84620000049472
24,2026-09-07T16:13:48.091239,1000,939,DELETE,/jobs/002,404,82.74410001467913
24,2026-09-07T16:13:48.091239,1000,940,POST,/jobs,201,109.27489993628114
24,2026-09-07T16:13:48.091239,1000,941,PUT,/jobs/001,200,110.7765999622643
24,2026-09-07T16:13:48.091239,1000,942,DELETE,/jobs/002,404,82.67479995265603
24,2026-09-07T16:13:48.091239,1000,943,POST,/jobs,201,109.97680004220456
24,2026-09-07T16:13:48.091239,1000,944,PUT,/jobs/1000,404,112.10160003975034
24,2026-09-07T16:13:48.091239,1000,945,POST,/jobs,201,98.87330001220107
24,2026-09-07T16:13:48.091239,1000,946,GET,/jobs/1000,404,73.9871000405401
24,2026-09-07T16:13:48.091239,1000,947,DELETE,/jobs/002,404,73.63170001190156
24,2026-09-07T16:13:48.091239,1000,948,PUT,/jobs/1000,404,94.99679994769394
24,2026-09-07T16:13:48.091239,1000,949,POST,/jobs,201,102.51029999926686
24,2026-09-07T16:13:48.091239,1000,950,POST,/jobs,201,99.34149996843189
24,2026-09-07T16:13:48.091239,1000,951,GET,/jobs/001,200,101.32290003821254
24,2026-09-07T16:13:48.091239,1000,952,POST,/jobs,201,99.20890000648797
24,2026-09-07T16:13:48.091239,1000,953,PUT,/jobs/001,200,100.82310007419437
24,2026-09-07T16:13:48.091239,1000,954,GET,/jobs/001,200,100.65210005268455
24,2026-09-07T16:13:48.091239,1000,955,GET,/jobs/001,200,100.76319996733218
24,2026-09-07T16:13:48.091239,1000,956,POST,/jobs,201,99.78219994809479
24,2026-09-07T16:13:48.091239,1000,957,GET,/jobs,200,68.54469992686063
24,2026-09-07T16:13:48.091239,1000,958,DELETE,/jobs/002,404,73.64099996630102
24,2026-09-07T16:13:48.091239,1000,959,POST,/jobs,201,93.64330000244081
24,2026-09-07T16:13:48.091239,1000,960,DELETE,/jobs/002,404,72.31419999152422
24,2026-09-07T16:13:48.091239,1000,961,DELETE,/jobs/1000,404,67.38989998120815
24,2026-09-07T16:13:48.091239,1000,962,GET,/jobs/001,200,89.95299995876849
24,2026-09-07T16:13:48.091239,1000,963,GET,/jobs/1000,404,63.908100011758506
24,2026-09-07T16:13:48.091239,1000,964,DELETE,/jobs/002,404,62.99909995868802
24,2026-09-07T16:13:48.091239,1000,965,PUT,/jobs/001,200,86.4017999265343
24,2026-09-07T16:13:48.091239,1000,966,PUT,/jobs/002,404,87.05169998575002
24,2026-09-07T16:13:48.091239,1000,967,GET,/jobs/002,404,62.666699988767505
24,2026-09-07T16:13:48.091239,1000,968,DELETE,/jobs/1000,404,63.92340001184493
24,2026-09-07T16:13:48.091239,1000,969,PUT,/jobs/001,200,87.36370003316551
24,2026-09-07T16:13:48.091239,1000,970,DELETE,/jobs/002,404,61.84810004197061
24,2026-09-07T16:13:48.091239,1000,971,POST,/jobs,201,86.15530002862215
24,2026-09-07T16:13:48.091239,1000,972,PUT,/jobs/001,200,85.44609998352826
24,2026-09-07T16:13:48.091239,1000,973,POST,/jobs,201,86.80250006727874
24,2026-09-07T16:13:48.091239,1000,974,DELETE,/jobs/1000,404,55.891700088977814
24,2026-09-07T16:13:48.091239,1000,975,PUT,/jobs/002,404,73.19459994323552
24,2026-09-07T16:13:48.091239,1000,976,PUT,/jobs/1000,404,76.82089996524155
24,2026-09-07T16:13:48.091239,1000,977,DELETE,/jobs/1000,404,59.5293000806123
24,2026-09-07T16:13:48.091239,1000,978,GET,/jobs/001,200,78.04009993560612
24,2026-09-07T16:13:48.091239,1000,979,DELETE,/jobs/002,404,58.946500066667795
24,2026-09-07T16:13:48.091239,1000,980,POST,/jobs,201,77.25749991368502
24,2026-09-07T16:13:48.091239,1000,981,PUT,/jobs/002,404,68.90459998976439
24,2026-09-07T16:13:48.091239,1000,982,DELETE,/jobs/002,404,54.29460003506392
24,2026-09-07T16:13:48.091239,1000,983,DELETE,/jobs/002,404,54.67690003570169
24,2026-09-07T16:13:48.091239,1000,984,POST,/jobs,201,68.24960000813007
24,2026-09-07T16:13:48.091239,1000,985,GET,/jobs/002,404,50.81879999488592
24,2026-09-07T16:13:48.091239,1000,986,PUT,/jobs/1000,404,68.40990006458014
24,2026-09-07T16:13:48.091239,1000,987,GET,/jobs/002,404,52.14669997803867
24,2026-09-07T16:13:48.091239,1000,988,GET,/jobs,200,51.73439998179674
24,2026-09-07T16:13:48.091239,1000,989,GET,/jobs/002,404,52.5191999040544
24,2026-09-07T16:13:48.091239,1000,990,POST,/jobs,201,69.17289993725717
24,2026-09-07T16:13:48.091239,1000,991,PUT,/jobs/001,200,63.137699966318905
24,2026-09-07T16:13:48.091239,1000,992,PUT,/jobs/1000,404,61.85099994763732
24,2026-09-07T16:13:48.091239,1000,993,POST,/jobs,201,62.52260005567223
24,2026-09-07T16:13:48.091239,1000,994,PUT,/jobs/001,200,63.71150002814829
24,2026-09-07T16:13:48.091239,1000,995,POST,/jobs,201,64.14090003818274
24,2026-09-07T16:13:48.091239,1000,996,GET,/jobs,200,48.275699955411255
24,2026-09-07T16:13:48.091239,1000,997,POST,/jobs,201,56.62529997061938
24,2026-09-07T16:13:48.091239,1000,998,POST,/jobs,201,55.82659994252026
24,2026-09-07T16:13:48.091239,1000,999,GET,/jobs/001,200,55.31159997917712
24,2026-09-07T16:13:48.091239,1000,1000,GET,/jobs,200,37.082500057294965
25,2026-09-07T16:13:50.009497,1000,1,GET,/jobs,200,38.85420004371554
25,2026-09-07T16:13:50.009497,1000,2,GET,/jobs,200,63.03070008289069
25,2026-09-07T16:13:50.009497,1000,3,POST,/jobs,201,211.11429994925857
25,2026-09-07T16:13:50.009497,1000,4,GET,/jobs/001,200,149.38899991102517
25,2026-09-07T16:13:50.009497,1000,5,GET,/jobs,200,92.02739992178977
25,2026-09-07T16:13:50.009497,1000,6,DELETE,/jobs/002,200,95.68160003982484
25,2026-09-07T16:13:50.009497,1000,7,DELETE,/jobs/1000,404,96.32060001604259
25,2026-09-07T16:13:50.009497,1000,8,GET,/jobs,200,92.3847999656573
25,2026-09-07T16:13:50.009497,1000,9,GET,/jobs,200,93.35139999166131
25,2026-09-07T16:13:50.009497,1000,10,GET,/jobs,200,106.2069000909105
25,2026-09-07T16:13:50.009497,1000,11,GET,/jobs/001,200,185.71670004166663
25,2026-09-07T16:13:50.009497,1000,12,DELETE,/jobs/002,404,104.02339999563992
25,2026-09-07T16:13:50.009497,1000,13,DELETE,/jobs/002,404,110.29189999680966
25,2026-09-07T16:13:50.009497,1000,14,DELETE,/jobs/1000,404,109.58409996237606
25,2026-09-07T16:13:50.009497,1000,15,GET,/jobs/002,404,112.82639997079968
25,2026-09-07T16:13:50.009497,1000,16,DELETE,/jobs/1000,404,109.22540002502501
25,2026-09-07T16:13:50.009497,1000,17,GET,/jobs,200,101.35829995851964
25,2026-09-07T16:13:50.009497,1000,18,GET,/jobs/1000,404,111.45480000413954
25,2026-09-07T16:13:50.009497,1000,19,PUT,/jobs/002,404,172.86279995460063
25,2026-09-07T16:13:50.009497,1000,20,POST,/jobs,201,172.8380999993533
25,2026-09-07T16:13:50.009497,1000,21,GET,/jobs/002,404,112.8735999809578
25,2026-09-07T16:13:50.009497,1000,22,GET,/jobs,200,99.97159999329597
25,2026-09-07T16:13:50.009497,1000,23,GET,/jobs,200,103.49929996300489
25,2026-09-07T16:13:50.009497,1000,24,PUT,/jobs/001,200,206.45920000970364
25,2026-09-07T16:13:50.009497,1000,25,POST,/jobs,201,201.9581999629736
25,2026-09-07T16:13:50.009497,1000,26,POST,/jobs,201,191.72130001243204
25,2026-09-07T16:13:50.009497,1000,27,POST,/jobs,201,196.32890005595982
25,2026-09-07T16:13:50.009497,1000,28,GET,/jobs,200,107.880900031887
25,2026-09-07T16:13:50.009497,1000,29,PUT,/jobs/1000,404,192.1650000149384
25,2026-09-07T16:13:50.009497,1000,30,GET,/jobs,200,106.02139995899051
25,2026-09-07T16:13:50.009497,1000,31,PUT,/jobs/001,200,169.41370000131428
25,2026-09-07T16:13:50.009497,1000,32,DELETE,/jobs/1000,404,116.86970002483577
25,2026-09-07T16:13:50.009497,1000,33,DELETE,/jobs/1000,404,118.45159996300936
25,2026-09-07T16:13:50.009497,1000,34,DELETE,/jobs/002,404,119.25410002004355
25,2026-09-07T16:13:50.009497,1000,35,GET,/jobs,200,106.74870002549142
25,2026-09-07T16:13:50.009497,1000,36,GET,/jobs,200,107.80070000328124
25,2026-09-07T16:13:50.009497,1000,37,GET,/jobs/002,404,113.79800003487617
25,2026-09-07T16:13:50.009497,1000,38,GET,/jobs,200,106.79670004174113
25,2026-09-07T16:13:50.009497,1000,39,GET,/jobs/001,200,177.7082000626251
25,2026-09-07T16:13:50.009497,1000,40,PUT,/jobs/002,404,166.4704999420792
25,2026-09-07T16:13:50.009497,1000,41,PUT,/jobs/1000,404,194.43320005666465
25,2026-09-07T16:13:50.009497,1000,42,POST,/jobs,201,189.58430003840476
25,2026-09-07T16:13:50.009497,1000,43,POST,/jobs,201,189.34909999370575
25,2026-09-07T16:13:50.009497,1000,44,GET,/jobs/1000,404,109.83049997594208
25,2026-09-07T16:13:50.009497,1000,45,POST,/jobs,201,177.5974000338465
25,2026-09-07T16:13:50.009497,1000,46,GET,/jobs,200,107.55899990908802
25,2026-09-07T16:13:50.009497,1000,47,DELETE,/jobs/002,404,111.03749996982515
25,2026-09-07T16:13:50.009497,1000,48,DELETE,/jobs/002,404,112.60570003651083
25,2026-09-07T16:13:50.009497,1000,49,GET,/jobs/002,404,125.2990000648424
25,2026-09-07T16:13:50.009497,1000,50,PUT,/jobs/002,404,179.7012999886647
25,2026-09-07T16:13:50.009497,1000,51,DELETE,/jobs/002,404,126.15289993118495
25,2026-09-07T16:13:50.009497,1000,52,POST,/jobs,201,174.6198000619188
25,2026-09-07T16:13:50.009497,1000,53,GET,/jobs,200,106.75969999283552
25,2026-09-07T16:13:50.009497,1000,54,GET,/jobs/001,200,187.7119999844581
25,2026-09-07T16:13:50.009497,1000,55,POST,/jobs,201,176.5127000398934
25,2026-09-07T16:13:50.009497,1000,56,POST,/jobs,201,180.05109997466207
25,2026-09-07T16:13:50.009497,1000,57,GET,/jobs/1000,404,120.14020001515746
25,2026-09-07T16:13:50.009497,1000,58,POST,/jobs,201,180.17070007044822
25,2026-09-07T16:13:50.009497,1000,59,PUT,/jobs/002,404,181.59309995826334
25,2026-09-07T16:13:50.009497,1000,60,PUT,/jobs/001,200,182.7071999432519
25,2026-09-07T16:13:50.009497,1000,61,POST,/jobs,201,177.2971999598667
25,2026-09-07T16:13:50.009497,1000,62,GET,/jobs/1000,404,114.420700003393
25,2026-09-07T16:13:50.009497,1000,63,DELETE,/jobs/1000,404,125.94150006771088
25,2026-09-07T16:13:50.009497,1000,64,DELETE,/jobs/1000,404,105.23180000018328
25,2026-09-07T16:13:50.009497,1000,65,DELETE,/jobs/1000,404,104.11419998854399
25,2026-09-07T16:13:50.009497,1000,66,POST,/jobs,201,154.308500001207
25,2026-09-07T16:13:50.009497,1000,67,GET,/jobs/1000,404,101.18050000164658
25,2026-09-07T16:13:50.009497,1000,68,PUT,/jobs/001,200,165.6271000392735
25,2026-09-07T16:13:50.009497,1000,69,GET,/jobs,200,97.70099993329495
25,2026-09-07T16:13:50.009497,1000,70,GET,/jobs,200,91.6208999697119
25,2026-09-07T16:13:50.009497,1000,71,GET,/jobs/1000,404,103.18089998327196
25,2026-09-07T16:13:50.009497,1000,72,GET,/jobs/1000,404,97.11600001901388
25,2026-09-07T16:13:50.009497,1000,73,PUT,/jobs/1000,404,157.95159991830587
25,2026-09-07T16:13:50.009497,1000,74,GET,/jobs,200,100.76449997723103
25,2026-09-07T16:13:50.009497,1000,75,PUT,/jobs/002,404,165.1350000174716
25,2026-09-07T16:13:50.009497,1000,76,DELETE,/jobs/1000,404,103.7576999515295
25,2026-09-07T16:13:50.009497,1000,77,DELETE,/jobs/1000,404,102.51959995366633
25,2026-09-07T16:13:50.009497,1000,78,DELETE,/jobs/002,404,103.8117998978123
25,2026-09-07T16:13:50.009497,1000,79,GET,/jobs,200,96.91790002398193
25,2026-09-07T16:13:50.009497,1000,80,DELETE,/jobs/1000,404,105.04509997554123
25,2026-09-07T16:13:50.009497,1000,81,POST,/jobs,201,161.24069993384182
25,2026-09-07T16:13:50.009497,1000,82,POST,/jobs,201,162.56570001132786
25,2026-09-07T16:13:50.009497,1000,83,GET,/jobs/002,404,101.33330000098795
25,2026-09-07T16:13:50.009497,1000,84,GET,/jobs,200,94.13410001434386
25,2026-09-07T16:13:50.009497,1000,85,POST,/jobs,201,158.87370007112622
25,2026-09-07T16:13:50.009497,1000,86,GET,/jobs/1000,404,101.35499993339181
25,2026-09-07T16:13:50.009497,1000,87,GET,/jobs,200,96.10389999579638
25,2026-09-07T16:13:50.009497,1000,88,POST,/jobs,201,155.28629999607801
25,2026-09-07T16:13:50.009497,1000,89,DELETE,/jobs/002,404,108.21770003531128
25,2026-09-07T16:13:50.009497,1000,90,GET,/jobs/002,404,102.36799996346235
25,2026-09-07T16:13:50.009497,1000,91,GET,/jobs/1000,404,102.54550003446639
25,2026-09-07T16:13:50.009497,1000,92,DELETE,/jobs/002,404,109.4687000149861
25,2026-09-07T16:13:50.009497,1000,93,DELETE,/jobs/1000,404,103.21440000552684
25,2026-09-07T16:13:50.009497,1000,94,PUT,/jobs/001,200,162.67200000584126
25,2026-09-07T16:13:50.009497,1000,95,GET,/jobs,200,98.44690002501011
25,2026-09-07T16:13:50.009497,1000,96,POST,/jobs,201,150.8753999369219
25,2026-09-07T16:13:50.009497,1000,97,POST,/jobs,201,164.09079998265952
25,2026-09-07T16:13:50.009497,1000,98,GET,/jobs,200,102.93089994229376
25,2026-09-07T16:13:50.009497,1000,99,GET,/jobs/1000,404,107.36899997573346
25,2026-09-07T16:13:50.009497,1000,100,GET,/jobs,200,102.50780009664595
25,2026-09-07T16:13:50.009497,1000,101,GET,/jobs,200,107.84589999821037
25,2026-09-07T16:13:50.009497,1000,102,PUT,/jobs/001,200,162.78360004071146
25,2026-09-07T16:13:50.009497,1000,103,DELETE,/jobs/002,404,113.77709999214858
25,2026-09-07T16:13:50.009497,1000,104,GET,/jobs/1000,404,114.56379992887378
25,2026-09-07T16:13:50.009497,1000,105,PUT,/jobs/1000,404,175.86520011536777
25,2026-09-07T16:13:50.009497,1000,106,GET,/jobs/002,404,115.16240006312728
25,2026-09-07T16:13:50.009497,1000,107,DELETE,/jobs/1000,404,123.52060002740473
25,2026-09-07T16:13:50.009497,1000,108,GET,/jobs/1000,404,124.96489996556193
25,2026-09-07T16:13:50.009497,1000,109,GET,/jobs/1000,404,126.20179995428771
25,2026-09-07T16:13:50.009497,1000,110,POST,/jobs,201,181.57290003728122
25,2026-09-07T16:13:50.009497,1000,111,POST,/jobs,201,178.88580006547272
25,2026-09-07T16:13:50.009497,1000,112,DELETE,/jobs/1000,404,125.48869999591261
25,2026-09-07T16:13:50.009497,1000,113,GET,/jobs,200,115.50650000572205
25,2026-09-07T16:13:50.009497,1000,114,GET,/jobs/001,200,172.75609995704144
25,2026-09-07T16:13:50.009497,1000,115,GET,/jobs,200,115.88350008241832
25,2026-09-07T16:13:50.009497,1000,116,POST,/jobs,201,177.3228000383824
25,2026-09-07T16:13:50.009497,1000,117,DELETE,/jobs/002,404,118.01189999096096
25,2026-09-07T16:13:50.009497,1000,118,DELETE,/jobs/002,404,123.031499912031
25,2026-09-07T16:13:50.009497,1000,119,GET,/jobs,200,114.97730005066842
25,2026-09-07T16:13:50.009497,1000,120,GET,/jobs,200,112.57960007060319
25,2026-09-07T16:13:50.009497,1000,121,GET,/jobs,200,114.6075000287965
25,2026-09-07T16:13:50.009497,1000,122,GET,/jobs/001,200,171.36969999410212
25,2026-09-07T16:13:50.009497,1000,123,GET,/jobs,200,107.43580001872033
25,2026-09-07T16:13:50.009497,1000,124,POST,/jobs,201,168.4940999839455
25,2026-09-07T16:13:50.009497,1000,125,DELETE,/jobs/002,404,122.71300004795194
25,2026-09-07T16:13:50.009497,1000,126,POST,/jobs,201,168.33239991683513
25,2026-09-07T16:13:50.009497,1000,127,PUT,/jobs/001,200,162.95879997778684
25,2026-09-07T16:13:50.009497,1000,128,DELETE,/jobs/002,404,121.66910001542419
25,2026-09-07T16:13:50.009497,1000,129,DELETE,/jobs/1000,404,122.41730000823736
25,2026-09-07T16:13:50.009497,1000,130,GET,/jobs/002,404,122.52219999209046
25,2026-09-07T16:13:50.009497,1000,131,PUT,/jobs/001,200,167.271799989976
25,2026-09-07T16:13:50.009497,1000,132,GET,/jobs,200,125.45809999573976
25,2026-09-07T16:13:50.009497,1000,133,GET,/jobs,200,122.69730004481971
25,2026-09-07T16:13:50.009497,1000,134,PUT,/jobs/002,404,166.01830010768026
25,2026-09-07T16:13:50.009497,1000,135,PUT,/jobs/002,404,167.48419997747988
25,2026-09-07T16:13:50.009497,1000,136,PUT,/jobs/1000,404,165.0558999972418
25,2026-09-07T16:13:50.009497,1000,137,GET,/jobs,200,124.7704999987036
25,2026-09-07T16:13:50.009497,1000,138,GET,/jobs,200,117.79819999355823
25,2026-09-07T16:13:50.009497,1000,139,GET,/jobs,200,119.33649994898587
25,2026-09-07T16:13:50.009497,1000,140,PUT,/jobs/1000,404,173.14149998128414
25,2026-09-07T16:13:50.009497,1000,141,POST,/jobs,201,171.67449998669326
25,2026-09-07T16:13:50.009497,1000,142,GET,/jobs,200,118.44390002079308
25,2026-09-07T16:13:50.009497,1000,143,GET,/jobs/001,200,163.43830002006143
25,2026-09-07T16:13:50.009497,1000,144,GET,/jobs/1000,404,126.16349989548326
25,2026-09-07T16:13:50.009497,1000,145,PUT,/jobs/001,200,155.6596999289468
25,2026-09-07T16:13:50.009497,1000,146,PUT,/jobs/001,200,152.6393999811262
25,2026-09-07T16:13:50.009497,1000,147,POST,/jobs,201,150.81730007659644
25,2026-09-07T16:13:50.009497,1000,148,GET,/jobs/001,200,174.03140000533313
25,2026-09-07T16:13:50.009497,1000,149,PUT,/jobs/1000,404,151.206300011836
25,2026-09-07T16:13:50.009497,1000,150,GET,/jobs,200,110.1935999467969
25,2026-09-07T16:13:50.009497,1000,151,GET,/jobs,200,108.00770006608218
25,2026-09-07T16:13:50.009497,1000,152,DELETE,/jobs/002,404,113.66279993671924
25,2026-09-07T16:13:50.009497,1000,153,GET,/jobs,200,103.59219997189939
25,2026-09-07T16:13:50.009497,1000,154,GET,/jobs/001,200,155.78340005595237
25,2026-09-07T16:13:50.009497,1000,155,PUT,/jobs/002,404,153.7798000499606
25,2026-09-07T16:13:50.009497,1000,156,PUT,/jobs/001,200,152.72249991539866
25,2026-09-07T16:13:50.009497,1000,157,PUT,/jobs/001,200,152.41430001333356
25,2026-09-07T16:13:50.009497,1000,158,GET,/jobs/002,404,108.45440009143203
25,2026-09-07T16:13:50.009497,1000,159,GET,/jobs,200,106.29669995978475
25,2026-09-07T16:13:50.009497,1000,160,PUT,/jobs/002,404,151.55660000164062
25,2026-09-07T16:13:50.009497,1000,161,PUT,/jobs/002,404,150.32160002738237
25,2026-09-07T16:13:50.009497,1000,162,PUT,/jobs/1000,404,151.11869992688298
25,2026-09-07T16:13:50.009497,1000,163,DELETE,/jobs/1000,404,107.32379998080432
25,2026-09-07T16:13:50.009497,1000,164,GET,/jobs/001,200,162.80419996473938
25,2026-09-07T16:13:50.009497,1000,165,POST,/jobs,201,148.48740003071725
25,2026-09-07T16:13:50.009497,1000,166,GET,/jobs,200,91.53800003696233
25,2026-09-07T16:13:50.009497,1000,167,DELETE,/jobs/002,404,93.32260000519454
25,2026-09-07T16:13:50.009497,1000,168,POST,/jobs,201,176.3448000419885
25,2026-09-07T16:13:50.009497,1000,169,GET,/jobs,200,93.37350004352629
25,2026-09-07T16:13:50.009497,1000,170,DELETE,/jobs/1000,404,95.90339998248965
25,2026-09-07T16:13:50.009497,1000,171,DELETE,/jobs/002,404,96.44150000531226
25,2026-09-07T16:13:50.009497,1000,172,GET,/jobs,200,95.3892000252381
25,2026-09-07T16:13:50.009497,1000,173,DELETE,/jobs/002,404,95.83929996006191
25,2026-09-07T16:13:50.009497,1000,174,GET,/jobs/001,200,157.62089996133
25,2026-09-07T16:13:50.009497,1000,175,DELETE,/jobs/002,404,101.66090005077422
25,2026-09-07T16:13:50.009497,1000,176,GET,/jobs/002,404,106.97020008228719
25,2026-09-07T16:13:50.009497,1000,177,GET,/jobs,200,94.27300002425909
25,2026-09-07T16:13:50.009497,1000,178,DELETE,/jobs/002,404,108.29260002356023
25,2026-09-07T16:13:50.009497,1000,179,DELETE,/jobs/002,404,108.14280004706234
25,2026-09-07T16:13:50.009497,1000,180,DELETE,/jobs/002,404,108.92259993124753
25,2026-09-07T16:13:50.009497,1000,181,PUT,/jobs/1000,404,145.52540006116033
25,2026-09-07T16:13:50.009497,1000,182,DELETE,/jobs/1000,404,106.93299991544336
25,2026-09-07T16:13:50.009497,1000,183,POST,/jobs,201,151.8041999079287
25,2026-09-07T16:13:50.009497,1000,184,POST,/jobs,201,152.89459994528443
25,2026-09-07T16:13:50.009497,1000,185,POST,/jobs,201,153.03019993007183
25,2026-09-07T16:13:50.009497,1000,186,GET,/jobs/1000,404,99.87669996917248
25,2026-09-07T16:13:50.009497,1000,187,POST,/jobs,201,150.24550002999604
25,2026-09-07T16:13:50.009497,1000,188,POST,/jobs,201,148.5535999527201
25,2026-09-07T16:13:50.009497,1000,189,GET,/jobs,200,102.52469999250025
25,2026-09-07T16:13:50.009497,1000,190,GET,/jobs,200,81.99139998760074
25,2026-09-07T16:13:50.009497,1000,191,PUT,/jobs/1000,404,156.05610003694892
25,2026-09-07T16:13:50.009497,1000,192,DELETE,/jobs/002,404,86.2403999781236
25,2026-09-07T16:13:50.009497,1000,193,GET,/jobs,200,82.31829991564155
25,2026-09-07T16:13:50.009497,1000,194,DELETE,/jobs/002,404,84.97309999074787
25,2026-09-07T16:13:50.009497,1000,195,DELETE,/jobs/1000,404,83.96860002540052
25,2026-09-07T16:13:50.009497,1000,196,GET,/jobs/002,404,85.34059999510646
25,2026-09-07T16:13:50.009497,1000,197,GET,/jobs,200,81.12420001998544
25,2026-09-07T16:13:50.009497,1000,198,GET,/jobs/002,404,85.62209992669523
25,2026-09-07T16:13:50.009497,1000,199,POST,/jobs,201,154.46800005156547
25,2026-09-07T16:13:50.009497,1000,200,PUT,/jobs/1000,404,129.95460000820458
25,2026-09-07T16:13:50.009497,1000,201,POST,/jobs,201,131.69170008040965
25,2026-09-07T16:13:50.009497,1000,202,DELETE,/jobs/002,404,110.1498999632895
25,2026-09-07T16:13:50.009497,1000,203,DELETE,/jobs/1000,404,109.4140000641346
25,2026-09-07T16:13:50.009497,1000,204,GET,/jobs,200,97.5171000463888
25,2026-09-07T16:13:50.009497,1000,205,GET,/jobs/002,404,105.64750002231449
25,2026-09-07T16:13:50.009497,1000,206,GET,/jobs,200,96.82870004326105
25,2026-09-07T16:13:50.009497,1000,207,GET,/jobs,200,93.31310004927218
25,2026-09-07T16:13:50.009497,1000,208,DELETE,/jobs/002,404,100.437399931252
25,2026-09-07T16:13:50.009497,1000,209,POST,/jobs,201,176.5605000546202
25,2026-09-07T16:13:50.009497,1000,210,DELETE,/jobs/002,404,98.7938999896869
25,2026-09-07T16:13:50.009497,1000,211,POST,/jobs,201,178.6448999773711
25,2026-09-07T16:13:50.009497,1000,212,POST,/jobs,201,175.97380001097918
25,2026-09-07T16:13:50.009497,1000,213,PUT,/jobs/002,404,178.58750000596046
25,2026-09-07T16:13:50.009497,1000,214,GET,/jobs,200,94.08890001941472
25,2026-09-07T16:13:50.009497,1000,215,GET,/jobs,200,97.59189991746098
25,2026-09-07T16:13:50.009497,1000,216,PUT,/jobs/002,404,178.0115000437945
25,2026-09-07T16:13:50.009497,1000,217,GET,/jobs,200,105.33379996195436
25,2026-09-07T16:13:50.009497,1000,218,GET,/jobs,200,103.96760003641248
25,2026-09-07T16:13:50.009497,1000,219,POST,/jobs,201,163.97759993560612
25,2026-09-07T16:13:50.009497,1000,220,GET,/jobs/1000,404,107.46309999376535
25,2026-09-07T16:13:50.009497,1000,221,POST,/jobs,201,180.05109997466207
25,2026-09-07T16:13:50.009497,1000,222,PUT,/jobs/1000,404,180.59579993132502
25,2026-09-07T16:13:50.009497,1000,223,PUT,/jobs/1000,404,180.85180001799017
25,2026-09-07T16:13:50.009497,1000,224,GET,/jobs,200,118.39369998779148
25,2026-09-07T16:13:50.009497,1000,225,GET,/jobs,200,119.30449993815273
25,2026-09-07T16:13:50.009497,1000,226,GET,/jobs,200,116.91199999768287
25,2026-09-07T16:13:50.009497,1000,227,GET,/jobs/1000,404,133.75170005019754
25,2026-09-07T16:13:50.009497,1000,228,GET,/jobs,200,115.93539989553392
25,2026-09-07T16:13:50.009497,1000,229,POST,/jobs,201,178.97730006370693
25,2026-09-07T16:13:50.009497,1000,230,DELETE,/jobs/002,404,134.70840000081807
25,2026-09-07T16:13:50.009497,1000,231,PUT,/jobs/001,200,185.11339998804033
25,2026-09-07T16:13:50.009497,1000,232,GET,/jobs,200,129.75760002154857
25,2026-09-07T16:13:50.009497,1000,233,POST,/jobs,201,186.98350002523512
25,2026-09-07T16:13:50.009497,1000,234,GET,/jobs,200,127.31849995907396
25,2026-09-07T16:13:50.009497,1000,235,POST,/jobs,201,187.2802999569103
25,2026-09-07T16:13:50.009497,1000,236,GET,/jobs/1000,404,121.08780001290143
25,2026-09-07T16:13:50.009497,1000,237,GET,/jobs,200,119.69299998600036
25,2026-09-07T16:13:50.009497,1000,238,POST,/jobs,201,183.1663999473676
25,2026-09-07T16:13:50.009497,1000,239,DELETE,/jobs/1000,404,137.89499993436038
25,2026-09-07T16:13:50.009497,1000,240,DELETE,/jobs/002,404,121.32140004541725
25,2026-09-07T16:13:50.009497,1000,241,GET,/jobs/001,200,179.10609999671578
25,2026-09-07T16:13:50.009497,1000,242,GET,/jobs/002,404,137.38840003497899
25,2026-09-07T16:13:50.009497,1000,243,GET,/jobs,200,118.08789998758584
25,2026-09-07T16:13:50.009497,1000,244,GET,/jobs/1000,404,133.29979998525232
25,2026-09-07T16:13:50.009497,1000,245,POST,/jobs,201,181.89070001244545
25,2026-09-07T16:13:50.009497,1000,246,PUT,/jobs/1000,404,181.21479998808354
25,2026-09-07T16:13:50.009497,1000,247,GET,/jobs/002,404,125.3660999936983
25,2026-09-07T16:13:50.009497,1000,248,GET,/jobs/1000,404,135.4849999770522
25,2026-09-07T16:13:50.009497,1000,249,GET,/jobs,200,126.67100003454834
25,2026-09-07T16:13:50.009497,1000,250,PUT,/jobs/001,200,196.00570003967732
25,2026-09-07T16:13:50.009497,1000,251,PUT,/jobs/001,200,208.03440001327544
25,2026-09-07T16:13:50.009497,1000,252,GET,/jobs/002,404,144.5734000299126
25,2026-09-07T16:13:50.009497,1000,253,POST,/jobs,201,196.30470010451972
25,2026-09-07T16:13:50.009497,1000,254,GET,/jobs/001,200,210.33819997683167
25,2026-09-07T16:13:50.009497,1000,255,GET,/jobs,200,131.2239000108093
25,2026-09-07T16:13:50.009497,1000,256,GET,/jobs/002,404,142.28669996373355
25,2026-09-07T16:13:50.009497,1000,257,POST,/jobs,201,197.51329999417067
25,2026-09-07T16:13:50.009497,1000,258,GET,/jobs,200,132.10420007817447
25,2026-09-07T16:13:50.009497,1000,259,POST,/jobs,201,197.3969000391662
25,2026-09-07T16:13:50.009497,1000,260,DELETE,/jobs/1000,404,143.13390001188964
25,2026-09-07T16:13:50.009497,1000,261,DELETE,/jobs/1000,404,144.0247999271378
25,2026-09-07T16:13:50.009497,1000,262,GET,/jobs,200,132.5458000646904
25,2026-09-07T16:13:50.009497,1000,263,GET,/jobs,200,115.4395000776276
25,2026-09-07T16:13:50.009497,1000,264,POST,/jobs,201,181.71200004871935
25,2026-09-07T16:13:50.009497,1000,265,DELETE,/jobs/1000,404,117.348299943842
25,2026-09-07T16:13:50.009497,1000,266,GET,/jobs,200,114.33869996108115
25,2026-09-07T16:13:50.009497,1000,267,GET,/jobs,200,113.57689998112619
25,2026-09-07T16:13:50.009497,1000,268,DELETE,/jobs/1000,404,117.1635000500828
25,2026-09-07T16:13:50.009497,1000,269,POST,/jobs,201,183.70249995496124
25,2026-09-07T16:13:50.009497,1000,270,POST,/jobs,201,182.74079996626824
25,2026-09-07T16:13:50.009497,1000,271,DELETE,/jobs/002,404,117.49720002990216
25,2026-09-07T16:13:50.009497,1000,272,PUT,/jobs/1000,404,168.52509998716414
25,2026-09-07T16:13:50.009497,1000,273,GET,/jobs/002,404,106.17769998498261
25,2026-09-07T16:13:50.009497,1000,274,GET,/jobs,200,104.31970003992319
25,2026-09-07T16:13:50.009497,1000,275,PUT,/jobs/001,200,171.09720001462847
25,2026-09-07T16:13:50.009497,1000,276,DELETE,/jobs/002,404,106.32010002154857
25,2026-09-07T16:13:50.009497,1000,277,POST,/jobs,201,167.75829996913671
25,2026-09-07T16:13:50.009497,1000,278,GET,/jobs,200,121.91030010581017
25,2026-09-07T16:13:50.009497,1000,279,POST,/jobs,201,166.2690999219194
25,2026-09-07T16:13:50.009497,1000,280,POST,/jobs,201,168.03699999582022
25,2026-09-07T16:13:50.009497,1000,281,GET,/jobs,200,99.22329999972135
25,2026-09-07T16:13:50.009497,1000,282,POST,/jobs,201,166.8496000347659
25,2026-09-07T16:13:50.009497,1000,283,POST,/jobs,201,173.48850006237626
25,2026-09-07T16:13:50.009497,1000,284,PUT,/jobs/002,404,169.0248999511823
25,2026-09-07T16:13:50.009497,1000,285,PUT,/jobs/1000,404,168.0755999404937
25,2026-09-07T16:13:50.009497,1000,286,POST,/jobs,201,167.38419991452247
25,2026-09-07T16:13:50.009497,1000,287,GET,/jobs/001,200,176.22949997894466
25,2026-09-07T16:13:50.009497,1000,288,PUT,/jobs/1000,404,168.31039998214692
25,2026-09-07T16:13:50.009497,1000,289,PUT,/jobs/1000,404,163.54789992328733
25,2026-09-07T16:13:50.009497,1000,290,GET,/jobs/1000,404,116.01599992718548
25,2026-09-07T16:13:50.009497,1000,291,DELETE,/jobs/1000,404,111.16720002610236
25,2026-09-07T16:13:50.009497,1000,292,PUT,/jobs/1000,404,167.3456000862643
25,2026-09-07T16:13:50.009497,1000,293,GET,/jobs,200,115.1094000088051
25,2026-09-07T16:13:50.009497,1000,294,POST,/jobs,201,167.23120003007352
25,2026-09-07T16:13:50.009497,1000,295,GET,/jobs/002,404,117.76769999414682
25,2026-09-07T16:13:50.009497,1000,296,DELETE,/jobs/1000,404,116.28989991731942
25,2026-09-07T16:13:50.009497,1000,297,PUT,/jobs/002,404,158.5685999598354
25,2026-09-07T16:13:50.009497,1000,298,PUT,/jobs/1000,404,159.28340004757047
25,2026-09-07T16:13:50.009497,1000,299,GET,/jobs/1000,404,117.23840003833175
25,2026-09-07T16:13:50.009497,1000,300,PUT,/jobs/1000,404,166.48969997186214
25,2026-09-07T16:13:50.009497,1000,301,GET,/jobs/1000,404,117.3667999682948
25,2026-09-07T16:13:50.009497,1000,302,GET,/jobs,200,112.11850005201995
25,2026-09-07T16:13:50.009497,1000,303,POST,/jobs,201,170.37529998924583
25,2026-09-07T16:13:50.009497,1000,304,DELETE,/jobs/1000,404,117.67329997383058
25,2026-09-07T16:13:50.009497,1000,305,GET,/jobs,200,114.87180006224662
25,2026-09-07T16:13:50.009497,1000,306,GET,/jobs/1000,404,116.03329994250089
25,2026-09-07T16:13:50.009497,1000,307,POST,/jobs,201,160.01580003648996
25,2026-09-07T16:13:50.009497,1000,308,GET,/jobs/001,200,170.8616999676451
25,2026-09-07T16:13:50.009497,1000,309,GET,/jobs,200,114.43060007877648
25,2026-09-07T16:13:50.009497,1000,310,GET,/jobs,200,104.82690006028861
25,2026-09-07T16:13:50.009497,1000,311,GET,/jobs/002,404,106.44709994085133
25,2026-09-07T16:13:50.009497,1000,312,DELETE,/jobs/002,404,107.06930002197623
25,2026-09-07T16:13:50.009497,1000,313,PUT,/jobs/002,404,164.3100999062881
25,2026-09-07T16:13:50.009497,1000,314,DELETE,/jobs/002,404,106.20429995469749
25,2026-09-07T16:13:50.009497,1000,315,PUT,/jobs/002,404,161.62639996036887
25,2026-09-07T16:13:50.009497,1000,316,PUT,/jobs/001,200,161.1379999667406
25,2026-09-07T16:13:50.009497,1000,317,GET,/jobs/1000,404,116.25960003584623
25,2026-09-07T16:13:50.009497,1000,318,GET,/jobs,200,109.89900003187358
25,2026-09-07T16:13:50.009497,1000,319,GET,/jobs,200,111.86509998515248
25,2026-09-07T16:13:50.009497,1000,320,PUT,/jobs/001,200,167.4159000394866
25,2026-09-07T16:13:50.009497,1000,321,GET,/jobs/1000,404,113.43599995598197
25,2026-09-07T16:13:50.009497,1000,322,DELETE,/jobs/1000,404,114.27020002156496
25,2026-09-07T16:13:50.009497,1000,323,GET,/jobs,200,103.21839991956949
25,2026-09-07T16:13:50.009497,1000,324,DELETE,/jobs/002,404,114.56260003615171
25,2026-09-07T16:13:50.009497,1000,325,GET,/jobs,200,110.22290005348623
25,2026-09-07T16:13:50.009497,1000,326,PUT,/jobs/001,200,159.29169999435544
25,2026-09-07T16:13:50.009497,1000,327,PUT,/jobs/1000,404,158.9893999043852
25,2026-09-07T16:13:50.009497,1000,328,DELETE,/jobs/1000,404,113.1122000515461
25,2026-09-07T16:13:50.009497,1000,329,PUT,/jobs/1000,404,157.34450006857514
25,2026-09-07T16:13:50.009497,1000,330,DELETE,/jobs/1000,404,111.70729994773865
25,2026-09-07T16:13:50.009497,1000,331,DELETE,/jobs/1000,404,113.33019996527582
25,2026-09-07T16:13:50.009497,1000,332,GET,/jobs/1000,404,113.68219996802509
25,2026-09-07T16:13:50.009497,1000,333,PUT,/jobs/002,404,173.19940007291734
25,2026-09-07T16:13:50.009497,1000,334,POST,/jobs,201,146.58439997583628
25,2026-09-07T16:13:50.009497,1000,335,GET,/jobs/1000,404,98.15099998377264
25,2026-09-07T16:13:50.009497,1000,336,POST,/jobs,201,145.05349996034056
25,2026-09-07T16:13:50.009497,1000,337,DELETE,/jobs/1000,404,98.58719992917031
25,2026-09-07T16:13:50.009497,1000,338,GET,/jobs/002,404,106.4199999673292
25,2026-09-07T16:13:50.009497,1000,339,PUT,/jobs/001,200,161.33709996938705
25,2026-09-07T16:13:50.009497,1000,340,POST,/jobs,201,162.21340000629425
25,2026-09-07T16:13:50.009497,1000,341,POST,/jobs,201,155.22660000715405
25,2026-09-07T16:13:50.009497,1000,342,POST,/jobs,201,154.88469996489584
25,2026-09-07T16:13:50.009497,1000,343,GET,/jobs,200,93.17260002717376
25,2026-09-07T16:13:50.009497,1000,344,GET,/jobs/001,200,161.56700009014457
25,2026-09-07T16:13:50.009497,1000,345,GET,/jobs/002,404,106.20929999276996
25,2026-09-07T16:13:50.009497,1000,346,GET,/jobs/1000,404,103.34919998422265
25,2026-09-07T16:13:50.009497,1000,347,GET,/jobs/001,200,165.01579992473125
25,2026-09-07T16:13:50.009497,1000,348,PUT,/jobs/002,404,166.3135999115184
25,2026-09-07T16:13:50.009497,1000,349,POST,/jobs,201,165.27939995285124
25,2026-09-07T16:13:50.009497,1000,350,PUT,/jobs/002,404,166.03259998373687
25,2026-09-07T16:13:50.009497,1000,351,GET,/jobs,200,91.54110006056726
25,2026-09-07T16:13:50.009497,1000,352,GET,/jobs/002,404,105.29670002870262
25,2026-09-07T16:13:50.009497,1000,353,PUT,/jobs/1000,404,154.15680001024157
25,2026-09-07T16:13:50.009497,1000,354,GET,/jobs,200,104.0190999628976
25,2026-09-07T16:13:50.009497,1000,355,DELETE,/jobs/1000,404,108.13659999985248
25,2026-09-07T16:13:50.009497,1000,356,PUT,/jobs/001,200,165.43249995447695
25,2026-09-07T16:13:50.009497,1000,357,POST,/jobs,201,152.53570000641048
25,2026-09-07T16:13:50.009497,1000,358,PUT,/jobs/002,404,165.59690004214644
25,2026-09-07T16:13:50.009497,1000,359,DELETE,/jobs/002,404,105.6572999805212
25,2026-09-07T16:13:50.009497,1000,360,PUT,/jobs/001,200,165.20179994404316
25,2026-09-07T16:13:50.009497,1000,361,POST,/jobs,201,154.59119994193316
25,2026-09-07T16:13:50.009497,1000,362,PUT,/jobs/001,200,153.12879998236895
25,2026-09-07T16:13:50.009497,1000,363,PUT,/jobs/002,404,152.9681000392884
25,2026-09-07T16:13:50.009497,1000,364,PUT,/jobs/1000,404,152.3360999999568
25,2026-09-07T16:13:50.009497,1000,365,GET,/jobs/002,404,103.74900000169873
25,2026-09-07T16:13:50.009497,1000,366,GET,/jobs/1000,404,93.58089999295771
25,2026-09-07T16:13:50.009497,1000,367,DELETE,/jobs/002,404,94.17160006705672
25,2026-09-07T16:13:50.009497,1000,368,PUT,/jobs/1000,404,151.4394999248907
25,2026-09-07T16:13:50.009497,1000,369,DELETE,/jobs/002,404,105.48420005943626
25,2026-09-07T16:13:50.009497,1000,370,GET,/jobs,200,100.5192999728024
25,2026-09-07T16:13:50.009497,1000,371,PUT,/jobs/001,200,152.03689993359149
25,2026-09-07T16:13:50.009497,1000,372,PUT,/jobs/001,200,160.79900006297976
25,2026-09-07T16:13:50.009497,1000,373,GET,/jobs,200,107.91979997884482
25,2026-09-07T16:13:50.009497,1000,374,POST,/jobs,201,161.4691000431776
25,2026-09-07T16:13:50.009497,1000,375,POST,/jobs,201,153.39150000363588
25,2026-09-07T16:13:50.009497,1000,376,PUT,/jobs/002,404,152.42769999895245
25,2026-09-07T16:13:50.009497,1000,377,POST,/jobs,201,160.37719999440014
25,2026-09-07T16:13:50.009497,1000,378,PUT,/jobs/002,404,162.02239994890988
25,2026-09-07T16:13:50.009497,1000,379,PUT,/jobs/002,404,159.45989999454468
25,2026-09-07T16:13:50.009497,1000,380,GET,/jobs,200,99.1424999665469
25,2026-09-07T16:13:50.009497,1000,381,PUT,/jobs/001,200,162.37779997754842
25,2026-09-07T16:13:50.009497,1000,382,DELETE,/jobs/002,404,110.73570000007749
25,2026-09-07T16:13:50.009497,1000,383,POST,/jobs,201,160.87360004894435
25,2026-09-07T16:13:50.009497,1000,384,GET,/jobs,200,106.43740009982139
25,2026-09-07T16:13:50.009497,1000,385,GET,/jobs,200,100.6081000668928
25,2026-09-07T16:13:50.009497,1000,386,GET,/jobs,200,94.16620002593845
25,2026-09-07T16:13:50.009497,1000,387,GET,/jobs/001,200,164.32970005553216
25,2026-09-07T16:13:50.009497,1000,388,GET,/jobs,200,97.70289994776249
25,2026-09-07T16:13:50.009497,1000,389,DELETE,/jobs/002,404,107.14959993492812
25,2026-09-07T16:13:50.009497,1000,390,GET,/jobs/001,200,161.33570007514209
25,2026-09-07T16:13:50.009497,1000,391,PUT,/jobs/1000,404,146.62660006433725
25,2026-09-07T16:13:50.009497,1000,392,GET,/jobs,200,91.60010004416108
25,2026-09-07T16:13:50.009497,1000,393,DELETE,/jobs/002,404,111.8574000429362
25,2026-09-07T16:13:50.009497,1000,394,PUT,/jobs/1000,404,148.3499000314623
25,2026-09-07T16:13:50.009497,1000,395,POST,/jobs,201,147.06440002191812
25,2026-09-07T16:13:50.009497,1000,396,POST,/jobs,201,148.69029994588345
25,2026-09-07T16:13:50.009497,1000,397,DELETE,/jobs/002,404,111.66049994062632
25,2026-09-07T16:13:50.009497,1000,398,GET,/jobs/002,404,110.3995000012219
25,2026-09-07T16:13:50.009497,1000,399,GET,/jobs,200,109.27889996673912
25,2026-09-07T16:13:50.009497,1000,400,DELETE,/jobs/002,404,109.19790004845709
25,2026-09-07T16:13:50.009497,1000,401,POST,/jobs,201,150.37469996605068
25,2026-09-07T16:13:50.009497,1000,402,PUT,/jobs/002,404,143.97590002045035
25,2026-09-07T16:13:50.009497,1000,403,GET,/jobs/001,200,146.17500000167638
25,2026-09-07T16:13:50.009497,1000,404,DELETE,/jobs/002,404,111.12950008828193
25,2026-09-07T16:13:50.009497,1000,405,GET,/jobs,200,95.23780003655702
25,2026-09-07T16:13:50.009497,1000,406,POST,/jobs,201,146.77220000885427
25,2026-09-07T16:13:50.009497,1000,407,DELETE,/jobs/002,404,99.10260001197457
25,2026-09-07T16:13:50.009497,1000,408,DELETE,/jobs/002,404,99.74859992507845
25,2026-09-07T16:13:50.009497,1000,409,POST,/jobs,201,155.62600002158433
25,2026-09-07T16:13:50.009497,1000,410,PUT,/jobs/1000,404,152.3202999960631
25,2026-09-07T16:13:50.009497,1000,411,POST,/jobs,201,153.29990000464022
25,2026-09-07T16:13:50.009497,1000,412,DELETE,/jobs/1000,404,100.4379999358207
25,2026-09-07T16:13:50.009497,1000,413,GET,/jobs,200,103.42009994201362
25,2026-09-07T16:13:50.009497,1000,414,PUT,/jobs/002,404,151.41699998639524
25,2026-09-07T16:13:50.009497,1000,415,GET,/jobs,200,102.61639999225736
25,2026-09-07T16:13:50.009497,1000,416,PUT,/jobs/002,404,154.838899965398
25,2026-09-07T16:13:50.009497,1000,417,PUT,/jobs/1000,404,157.02070004772395
25,2026-09-07T16:13:50.009497,1000,418,GET,/jobs/002,404,105.51959997974336
25,2026-09-07T16:13:50.009497,1000,419,GET,/jobs/1000,404,104.37630000524223
25,2026-09-07T16:13:50.009497,1000,420,DELETE,/jobs/1000,404,106.24939994886518
25,2026-09-07T16:13:50.009497,1000,421,DELETE,/jobs/1000,404,105.7075000135228
25,2026-09-07T16:13:50.009497,1000,422,PUT,/jobs/002,404,152.25519996602088
25,2026-09-07T16:13:50.009497,1000,423,DELETE,/jobs/1000,404,105.84760003257543
25,2026-09-07T16:13:50.009497,1000,424,POST,/jobs,201,154.32269999291748
25,2026-09-07T16:13:50.009497,1000,425,GET,/jobs/001,200,160.27540003415197
25,2026-09-07T16:13:50.009497,1000,426,POST,/jobs,201,142.73900003172457
25,2026-09-07T16:13:50.009497,1000,427,GET,/jobs/002,404,87.63820002786815
25,2026-09-07T16:13:50.009497,1000,428,DELETE,/jobs/1000,404,90.08470003027469
25,2026-09-07T16:13:50.009497,1000,429,POST,/jobs,201,146.18200005497783
25,2026-09-07T16:13:50.009497,1000,430,PUT,/jobs/002,404,145.83379996474832
25,2026-09-07T16:13:50.009497,1000,431,GET,/jobs/002,404,104.41369994077832
25,2026-09-07T16:13:50.009497,1000,432,GET,/jobs/002,404,104.61180005222559
25,2026-09-07T16:13:50.009497,1000,433,POST,/jobs,201,163.47879997920245
25,2026-09-07T16:13:50.009497,1000,434,POST,/jobs,201,163.2194999838248
25,2026-09-07T16:13:50.009497,1000,435,POST,/jobs,201,146.6559999389574
25,2026-09-07T16:13:50.009497,1000,436,GET,/jobs,200,97.46040008030832
25,2026-09-07T16:13:50.009497,1000,437,DELETE,/jobs/002,404,103.9022000040859
25,2026-09-07T16:13:50.009497,1000,438,GET,/jobs,200,96.65660001337528
25,2026-09-07T16:13:50.009497,1000,439,GET,/jobs/1000,404,102.68629994243383
25,2026-09-07T16:13:50.009497,1000,440,PUT,/jobs/002,404,152.5813000043854
25,2026-09-07T16:13:50.009497,1000,441,DELETE,/jobs/002,404,93.3093000203371
25,2026-09-07T16:13:50.009497,1000,442,PUT,/jobs/1000,404,153.07090000715107
25,2026-09-07T16:13:50.009497,1000,443,PUT,/jobs/002,404,147.46719994582236
25,2026-09-07T16:13:50.009497,1000,444,GET,/jobs,200,86.36940002907068
25,2026-09-07T16:13:50.009497,1000,445,GET,/jobs,200,89.9906000122428
25,2026-09-07T16:13:50.009497,1000,446,POST,/jobs,201,148.3421999728307
25,2026-09-07T16:13:50.009497,1000,447,PUT,/jobs/1000,404,146.9049999723211
25,2026-09-07T16:13:50.009497,1000,448,GET,/jobs/002,404,95.95999994780868
25,2026-09-07T16:13:50.009497,1000,449,DELETE,/jobs/1000,404,100.32739990856498
25,2026-09-07T16:13:50.009497,1000,450,PUT,/jobs/1000,404,149.7510999906808
25,2026-09-07T16:13:50.009497,1000,451,DELETE,/jobs/1000,404,99.88530003465712
25,2026-09-07T16:13:50.009497,1000,452,PUT,/jobs/1000,404,149.5724000269547
25,2026-09-07T16:13:50.009497,1000,453,DELETE,/jobs/1000,404,117.37720004748553
25,2026-09-07T16:13:50.009497,1000,454,POST,/jobs,201,164.51749997213483
25,2026-09-07T16:13:50.009497,1000,455,PUT,/jobs/002,404,170.03750009462237
25,2026-09-07T16:13:50.009497,1000,456,POST,/jobs,201,167.81509993597865
25,2026-09-07T16:13:50.009497,1000,457,GET,/jobs/001,200,159.311999916099
25,2026-09-07T16:13:50.009497,1000,458,GET,/jobs/002,404,100.28759995475411
25,2026-09-07T16:13:50.009497,1000,459,GET,/jobs,200,105.10140005499125
25,2026-09-07T16:13:50.009497,1000,460,DELETE,/jobs/002,404,113.25689998921007
25,2026-09-07T16:13:50.009497,1000,461,GET,/jobs/001,200,160.7551999622956
25,2026-09-07T16:13:50.009497,1000,462,PUT,/jobs/002,404,161.78819991182536
25,2026-09-07T16:13:50.009497,1000,463,DELETE,/jobs/1000,404,113.16299997270107
25,2026-09-07T16:13:50.009497,1000,464,GET,/jobs,200,107.62869997415692
25,2026-09-07T16:13:50.009497,1000,465,GET,/jobs/002,404,110.28249992523342
25,2026-09-07T16:13:50.009497,1000,466,GET,/jobs/002,404,111.55249993316829
25,2026-09-07T16:13:50.009497,1000,467,GET,/jobs/002,404,112.27469996083528
25,2026-09-07T16:13:50.009497,1000,468,GET,/jobs,200,102.45359991677105
25,2026-09-07T16:13:50.009497,1000,469,DELETE,/jobs/002,404,104.98559998814017
25,2026-09-07T16:13:50.009497,1000,470,POST,/jobs,201,151.51190001051873
25,2026-09-07T16:13:50.009497,1000,471,GET,/jobs,200,101.77150007802993
25,2026-09-07T16:13:50.009497,1000,472,DELETE,/jobs/1000,404,104.89339998457581
25,2026-09-07T16:13:50.009497,1000,473,GET,/jobs/1000,404,103.51129993796349
25,2026-09-07T16:13:50.009497,1000,474,PUT,/jobs/001,200,150.78080003149807
25,2026-09-07T16:13:50.009497,1000,475,GET,/jobs,200,103.55789994355291
25,2026-09-07T16:13:50.009497,1000,476,DELETE,/jobs/1000,404,105.2285999758169
25,2026-09-07T16:13:50.009497,1000,477,PUT,/jobs/002,404,142.49969995580614
25,2026-09-07T16:13:50.009497,1000,478,PUT,/jobs/002,404,154.7535000136122
25,2026-09-07T16:13:50.009497,1000,479,GET,/jobs/001,200,157.71780000068247
25,2026-09-07T16:13:50.009497,1000,480,POST,/jobs,201,143.6944999732077
25,2026-09-07T16:13:50.009497,1000,481,PUT,/jobs/001,200,152.4936999194324
25,2026-09-07T16:13:50.009497,1000,482,GET,/jobs,200,94.1547000547871
25,2026-09-07T16:13:50.009497,1000,483,PUT,/jobs/002,404,145.43719997163862
25,2026-09-07T16:13:50.009497,1000,484,GET,/jobs,200,94.78699997998774
25,2026-09-07T16:13:50.009497,1000,485,DELETE,/jobs/002,404,101.43999999854714
25,2026-09-07T16:13:50.009497,1000,486,GET,/jobs/001,200,160.54469998925924
25,2026-09-07T16:13:50.009497,1000,487,DELETE,/jobs/1000,404,102.73159993812442
25,2026-09-07T16:13:50.009497,1000,488,GET,/jobs,200,93.46609993372113
25,2026-09-07T16:13:50.009497,1000,489,GET,/jobs/001,200,157.54869999364018
25,2026-09-07T16:13:50.009497,1000,490,DELETE,/jobs/1000,404,102.10000001825392
25,2026-09-07T16:13:50.009497,1000,491,DELETE,/jobs/002,404,114.02760003693402
25,2026-09-07T16:13:50.009497,1000,492,DELETE,/jobs/1000,404,111.26969999168068
25,2026-09-07T16:13:50.009497,1000,493,PUT,/jobs/002,404,167.0795000391081
25,2026-09-07T16:13:50.009497,1000,494,POST,/jobs,201,165.23649997543544
25,2026-09-07T16:13:50.009497,1000,495,DELETE,/jobs/1000,404,99.62140000425279
25,2026-09-07T16:13:50.009497,1000,496,POST,/jobs,201,172.0355999423191
25,2026-09-07T16:13:50.009497,1000,497,DELETE,/jobs/002,404,99.61069992277771
25,2026-09-07T16:13:50.009497,1000,498,DELETE,/jobs/002,404,101.19790001772344
25,2026-09-07T16:13:50.009497,1000,499,GET,/jobs/1000,404,98.38989994022995
25,2026-09-07T16:13:50.009497,1000,500,GET,/jobs/002,404,100.89600004721433
25,2026-09-07T16:13:50.009497,1000,501,GET,/jobs,200,96.77019994705915
25,2026-09-07T16:13:50.009497,1000,502,GET,/jobs/001,200,175.50219991244376
25,2026-09-07T16:13:50.009497,1000,503,GET,/jobs/1000,404,102.21320006530732
25,2026-09-07T16:13:50.009497,1000,504,GET,/jobs,200,93.24459999334067
25,2026-09-07T16:13:50.009497,1000,505,GET,/jobs/001,200,168.71070000343025
25,2026-09-07T16:13:50.009497,1000,506,PUT,/jobs/002,404,173.45550004392862
25,2026-09-07T16:13:50.009497,1000,507,DELETE,/jobs/1000,404,96.66689997538924
25,2026-09-07T16:13:50.009497,1000,508,POST,/jobs,201,174.31160004343837
25,2026-09-07T16:13:50.009497,1000,509,GET,/jobs/002,404,100.20299989264458
25,2026-09-07T16:13:50.009497,1000,510,POST,/jobs,201,167.96380002051592
25,2026-09-07T16:13:50.009497,1000,511,PUT,/jobs/001,200,170.6766999559477
25,2026-09-07T16:13:50.009497,1000,512,GET,/jobs/002,404,103.53289998602122
25,2026-09-07T16:13:50.009497,1000,513,DELETE,/jobs/002,404,100.72529991157353
25,2026-09-07T16:13:50.009497,1000,514,PUT,/jobs/001,200,167.51660010777414
25,2026-09-07T16:13:50.009497,1000,515,DELETE,/jobs/002,404,103.00120001193136
25,2026-09-07T16:13:50.009497,1000,516,GET,/jobs/002,404,98.55659992899746
25,2026-09-07T16:13:50.009497,1000,517,GET,/jobs/001,200,173.47350006457418
25,2026-09-07T16:13:50.009497,1000,518,GET,/jobs,200,87.08359999582171
25,2026-09-07T16:13:50.009497,1000,519,GET,/jobs/002,404,99.57299998495728
25,2026-09-07T16:13:50.009497,1000,520,DELETE,/jobs/1000,404,112.97490005381405
25,2026-09-07T16:13:50.009497,1000,521,PUT,/jobs/001,200,184.34479995630682
25,2026-09-07T16:13:50.009497,1000,522,PUT,/jobs/1000,404,183.96459997165948
25,2026-09-07T16:13:50.009497,1000,523,POST,/jobs,201,185.02950004767627
25,2026-09-07T16:13:50.009497,1000,524,PUT,/jobs/002,404,183.49409999791533
25,2026-09-07T16:13:50.009497,1000,525,DELETE,/jobs/1000,404,119.69680001493543
25,2026-09-07T16:13:50.009497,1000,526,PUT,/jobs/001,200,181.4864999614656
25,2026-09-07T16:13:50.009497,1000,527,DELETE,/jobs/002,404,113.53349999990314
25,2026-09-07T16:13:50.009497,1000,528,PUT,/jobs/1000,404,183.49510000552982
25,2026-09-07T16:13:50.009497,1000,529,POST,/jobs,201,182.68960004206747
25,2026-09-07T16:13:50.009497,1000,530,POST,/jobs,201,184.93270000908524
25,2026-09-07T16:13:50.009497,1000,531,GET,/jobs,200,121.67470005806535
25,2026-09-07T16:13:50.009497,1000,532,GET,/jobs/1000,404,123.86240006890148
25,2026-09-07T16:13:50.009497,1000,533,DELETE,/jobs/002,404,116.70170002616942
25,2026-09-07T16:13:50.009497,1000,534,POST,/jobs,201,180.82719994708896
25,2026-09-07T16:13:50.009497,1000,535,GET,/jobs,200,120.79069996252656
25,2026-09-07T16:13:50.009497,1000,536,GET,/jobs/002,404,110.14110001269728
25,2026-09-07T16:13:50.009497,1000,537,DELETE,/jobs/1000,404,108.82399999536574
25,2026-09-07T16:13:50.009497,1000,538,POST,/jobs,201,158.8493000017479
25,2026-09-07T16:13:50.009497,1000,539,DELETE,/jobs/1000,404,103.88000006787479
25,2026-09-07T16:13:50.009497,1000,540,PUT,/jobs/001,200,165.63579998910427
25,2026-09-07T16:13:50.009497,1000,541,PUT,/jobs/002,404,166.67900001630187
25,2026-09-07T16:13:50.009497,1000,542,PUT,/jobs/002,404,177.81730007845908
25,2026-09-07T16:13:50.009497,1000,543,POST,/jobs,201,175.8744000690058
25,2026-09-07T16:13:50.009497,1000,544,GET,/jobs,200,122.0770999789238
25,2026-09-07T16:13:50.009497,1000,545,GET,/jobs/002,404,133.9782999129966
25,2026-09-07T16:13:50.009497,1000,546,PUT,/jobs/1000,404,183.16140002571046
25,2026-09-07T16:13:50.009497,1000,547,PUT,/jobs/002,404,187.3713000677526
25,2026-09-07T16:13:50.009497,1000,548,PUT,/jobs/1000,404,189.00519993621856
25,2026-09-07T16:13:50.009497,1000,549,GET,/jobs,200,132.40829994902015
25,2026-09-07T16:13:50.009497,1000,550,PUT,/jobs/001,200,185.47429994214326
25,2026-09-07T16:13:50.009497,1000,551,POST,/jobs,201,188.5721000144258
25,2026-09-07T16:13:50.009497,1000,552,POST,/jobs,201,185.8595999656245
25,2026-09-07T16:13:50.009497,1000,553,PUT,/jobs/1000,404,184.14479994680732
25,2026-09-07T16:13:50.009497,1000,554,GET,/jobs,200,125.28789998032153
25,2026-09-07T16:13:50.009497,1000,555,DELETE,/jobs/1000,404,126.57189997844398
25,2026-09-07T16:13:50.009497,1000,556,PUT,/jobs/001,200,183.71589994058013
25,2026-09-07T16:13:50.009497,1000,557,GET,/jobs/1000,404,131.40489999204874
25,2026-09-07T16:13:50.009497,1000,558,POST,/jobs,201,187.55679996684194
25,2026-09-07T16:13:50.009497,1000,559,PUT,/jobs/1000,404,189.08130005002022
25,2026-09-07T16:13:50.009497,1000,560,PUT,/jobs/001,200,170.486000017263
25,2026-09-07T16:13:50.009497,1000,561,GET,/jobs/002,404,128.87650006450713
25,2026-09-07T16:13:50.009497,1000,562,DELETE,/jobs/002,404,126.9231999758631
25,2026-09-07T16:13:50.009497,1000,563,POST,/jobs,201,182.11080005858094
25,2026-09-07T16:13:50.009497,1000,564,PUT,/jobs/001,200,168.3989999582991
25,2026-09-07T16:13:50.009497,1000,565,GET,/jobs,200,125.75370003469288
25,2026-09-07T16:13:50.009497,1000,566,DELETE,/jobs/002,404,128.54720000177622
25,2026-09-07T16:13:50.009497,1000,567,GET,/jobs/002,404,125.0847999472171
25,2026-09-07T16:13:50.009497,1000,568,DELETE,/jobs/002,404,127.77140003163368
25,2026-09-07T16:13:50.009497,1000,569,DELETE,/jobs/1000,404,129.1258999845013
25,2026-09-07T16:13:50.009497,1000,570,GET,/jobs,200,116.2806999636814
25,2026-09-07T16:13:50.009497,1000,571,GET,/jobs/001,200,182.34659999143332
25,2026-09-07T16:13:50.009497,1000,572,PUT,/jobs/001,200,167.63190005440265
25,2026-09-07T16:13:50.009497,1000,573,GET,/jobs/002,404,121.74760003108531
25,2026-09-07T16:13:50.009497,1000,574,POST,/jobs,201,166.4955000160262
25,2026-09-07T16:13:50.009497,1000,575,POST,/jobs,201,174.19819999486208
25,2026-09-07T16:13:50.009497,1000,576,PUT,/jobs/002,404,186.01520010270178
25,2026-09-07T16:13:50.009497,1000,577,GET,/jobs/002,404,122.03179998323321
25,2026-09-07T16:13:50.009497,1000,578,DELETE,/jobs/002,404,118.1250000372529
25,2026-09-07T16:13:50.009497,1000,579,PUT,/jobs/001,200,186.83949997648597
25,2026-09-07T16:13:50.009497,1000,580,DELETE,/jobs/002,404,118.4482000535354
25,2026-09-07T16:13:50.009497,1000,581,GET,/jobs,200,116.80620000697672
25,2026-09-07T16:13:50.009497,1000,582,POST,/jobs,201,185.47409994062036
25,2026-09-07T16:13:50.009497,1000,583,PUT,/jobs/002,404,188.6895999778062
25,2026-09-07T16:13:50.009497,1000,584,DELETE,/jobs/1000,404,117.49460001010448
25,2026-09-07T16:13:50.009497,1000,585,GET,/jobs,200,117.90190008468926
25,2026-09-07T16:13:50.009497,1000,586,POST,/jobs,201,186.2760999938473
25,2026-09-07T16:13:50.009497,1000,587,POST,/jobs,201,187.3676999239251
25,2026-09-07T16:13:50.009497,1000,588,DELETE,/jobs/1000,404,117.2371000284329
25,2026-09-07T16:13:50.009497,1000,589,GET,/jobs/002,404,121.21020001359284
25,2026-09-07T16:13:50.009497,1000,590,DELETE,/jobs/1000,404,121.18770007509738
25,2026-09-07T16:13:50.009497,1000,591,POST,/jobs,201,173.19189989939332
25,2026-09-07T16:13:50.009497,1000,592,DELETE,/jobs/1000,404,108.51399996317923
25,2026-09-07T16:13:50.009497,1000,593,PUT,/jobs/002,404,175.67160003818572
25,2026-09-07T16:13:50.009497,1000,594,GET,/jobs/1000,404,106.99120000936091
25,2026-09-07T16:13:50.009497,1000,595,GET,/jobs/1000,404,107.90669999551028
25,2026-09-07T16:13:50.009497,1000,596,PUT,/jobs/001,200,175.04849995020777
25,2026-09-07T16:13:50.009497,1000,597,PUT,/jobs/001,200,176.47019994910806
25,2026-09-07T16:13:50.009497,1000,598,POST,/jobs,201,164.82389997690916
25,2026-09-07T16:13:50.009497,1000,599,PUT,/jobs/1000,404,176.5432000393048
25,2026-09-07T16:13:50.009497,1000,600,PUT,/jobs/002,404,176.34660005569458
25,2026-09-07T16:13:50.009497,1000,601,GET,/jobs/002,404,108.39579999446869
25,2026-09-07T16:13:50.009497,1000,602,GET,/jobs,200,105.06410000380129
25,2026-09-07T16:13:50.009497,1000,603,GET,/jobs/1000,404,107.775800046511
25,2026-09-07T16:13:50.009497,1000,604,DELETE,/jobs/1000,404,106.77050007507205
25,2026-09-07T16:13:50.009497,1000,605,GET,/jobs,200,107.23730002064258
25,2026-09-07T16:13:50.009497,1000,606,PUT,/jobs/001,200,175.5047000478953
25,2026-09-07T16:13:50.009497,1000,607,DELETE,/jobs/1000,404,105.7198999915272
25,2026-09-07T16:13:50.009497,1000,608,GET,/jobs,200,91.90430003218353
25,2026-09-07T16:13:50.009497,1000,609,GET,/jobs/002,404,106.16409999784082
25,2026-09-07T16:13:50.009497,1000,610,GET,/jobs/001,200,179.25659997854382
25,2026-09-07T16:13:50.009497,1000,611,PUT,/jobs/002,404,182.7336000278592
25,2026-09-07T16:13:50.009497,1000,612,POST,/jobs,201,181.4891000976786
25,2026-09-07T16:13:50.009497,1000,613,PUT,/jobs/1000,404,172.4167000502348
25,2026-09-07T16:13:50.009497,1000,614,GET,/jobs,200,90.66870005335659
25,2026-09-07T16:13:50.009497,1000,615,POST,/jobs,201,168.6425000661984
25,2026-09-07T16:13:50.009497,1000,616,DELETE,/jobs/1000,404,115.79990002792329
25,2026-09-07T16:13:50.009497,1000,617,POST,/jobs,201,165.9706000937149
25,2026-09-07T16:13:50.009497,1000,618,PUT,/jobs/1000,404,176.52789992280304
25,2026-09-07T16:13:50.009497,1000,619,GET,/jobs,200,93.63139991182834
25,2026-09-07T16:13:50.009497,1000,620,DELETE,/jobs/002,404,116.80630000773817
25,2026-09-07T16:13:50.009497,1000,621,GET,/jobs/1000,404,117.55429999902844
25,2026-09-07T16:13:50.009497,1000,622,POST,/jobs,201,167.35159989912063
25,2026-09-07T16:13:50.009497,1000,623,GET,/jobs,200,92.71250001620501
25,2026-09-07T16:13:50.009497,1000,624,PUT,/jobs/001,200,167.1285000629723
25,2026-09-07T16:13:50.009497,1000,625,GET,/jobs,200,91.93100000265986
25,2026-09-07T16:13:50.009497,1000,626,PUT,/jobs/001,200,169.8912000283599
25,2026-09-07T16:13:50.009497,1000,627,POST,/jobs,201,165.7139000017196
25,2026-09-07T16:13:50.009497,1000,628,GET,/jobs,200,96.68459999375045
25,2026-09-07T16:13:50.009497,1000,629,POST,/jobs,201,156.3122000079602
25,2026-09-07T16:13:50.009497,1000,630,GET,/jobs,200,113.38250001426786
25,2026-09-07T16:13:50.009497,1000,631,POST,/jobs,201,170.73589994106442
25,2026-09-07T16:13:50.009497,1000,632,POST,/jobs,201,169.35290000401437
25,2026-09-07T16:13:50.009497,1000,633,GET,/jobs/001,200,169.77100004442036
25,2026-09-07T16:13:50.009497,1000,634,DELETE,/jobs/1000,404,118.65059996489435
25,2026-09-07T16:13:50.009497,1000,635,DELETE,/jobs/002,404,129.1207999456674
25,2026-09-07T16:13:50.009497,1000,636,GET,/jobs/001,200,183.55650000739843
25,2026-09-07T16:13:50.009497,1000,637,GET,/jobs,200,124.97840006835759
25,2026-09-07T16:13:50.009497,1000,638,DELETE,/jobs/1000,404,130.01960003748536
25,2026-09-07T16:13:50.009497,1000,639,DELETE,/jobs/002,404,128.85750003624707
25,2026-09-07T16:13:50.009497,1000,640,PUT,/jobs/1000,404,165.811299928464
25,2026-09-07T16:13:50.009497,1000,641,GET,/jobs/001,200,181.41670001205057
25,2026-09-07T16:13:50.009497,1000,642,PUT,/jobs/1000,404,168.56999997980893
25,2026-09-07T16:13:50.009497,1000,643,POST,/jobs,201,178.52519999723881
25,2026-09-07T16:13:50.009497,1000,644,POST,/jobs,201,179.33750001247972
25,2026-09-07T16:13:50.009497,1000,645,GET,/jobs,200,123.74710000585765
25,2026-09-07T16:13:50.009497,1000,646,PUT,/jobs/002,404,165.587899973616
25,2026-09-07T16:13:50.009497,1000,647,DELETE,/jobs/002,404,128.32390004768968
25,2026-09-07T16:13:50.009497,1000,648,GET,/jobs,200,106.13430000375956
25,2026-09-07T16:13:50.009497,1000,649,PUT,/jobs/002,404,160.37049994338304
25,2026-09-07T16:13:50.009497,1000,650,DELETE,/jobs/1000,404,109.73100003320724
25,2026-09-07T16:13:50.009497,1000,651,PUT,/jobs/1000,404,159.05450005084276
25,2026-09-07T16:13:50.009497,1000,652,POST,/jobs,201,159.61019997484982
25,2026-09-07T16:13:50.009497,1000,653,POST,/jobs,201,159.91069993469864
25,2026-09-07T16:13:50.009497,1000,654,PUT,/jobs/002,404,160.58090003207326
25,2026-09-07T16:13:50.009497,1000,655,GET,/jobs,200,104.76350004319102
25,2026-09-07T16:13:50.009497,1000,656,GET,/jobs/002,404,100.31749994959682
25,2026-09-07T16:13:50.009497,1000,657,DELETE,/jobs/1000,404,99.56949995830655
25,2026-09-07T16:13:50.009497,1000,658,DELETE,/jobs/1000,404,114.83179999049753
25,2026-09-07T16:13:50.009497,1000,659,POST,/jobs,201,161.282500019297
25,2026-09-07T16:13:50.009497,1000,660,PUT,/jobs/002,404,175.52799999248236
25,2026-09-07T16:13:50.009497,1000,661,GET,/jobs,200,105.63150001689792
25,2026-09-07T16:13:50.009497,1000,662,DELETE,/jobs/002,404,116.44680006429553
25,2026-09-07T16:13:50.009497,1000,663,DELETE,/jobs/1000,404,108.8153999298811
25,2026-09-07T16:13:50.009497,1000,664,POST,/jobs,201,163.42730005271733
25,2026-09-07T16:13:50.009497,1000,665,GET,/jobs/1000,404,118.51739999838173
25,2026-09-07T16:13:50.009497,1000,666,POST,/jobs,201,174.24389999359846
25,2026-09-07T16:13:50.009497,1000,667,GET,/jobs/1000,404,117.47279996052384
25,2026-09-07T16:13:50.009497,1000,668,POST,/jobs,201,164.31849997024983
25,2026-09-07T16:13:50.009497,1000,669,GET,/jobs/1000,404,105.69799994118512
25,2026-09-07T16:13:50.009497,1000,670,GET,/jobs,200,103.69470005389303
25,2026-09-07T16:13:50.009497,1000,671,GET,/jobs,200,102.76560008060187
25,2026-09-07T16:13:50.009497,1000,672,POST,/jobs,201,161.93129995372146
25,2026-09-07T16:13:50.009497,1000,673,PUT,/jobs/001,200,175.33750005532056
25,2026-09-07T16:13:50.009497,1000,674,DELETE,/jobs/1000,404,119.10240002907813
25,2026-09-07T16:13:50.009497,1000,675,GET,/jobs/001,200,177.5952000170946
25,2026-09-07T16:13:50.009497,1000,676,POST,/jobs,201,164.33510009665042
25,2026-09-07T16:13:50.009497,1000,677,PUT,/jobs/001,200,176.13999999593943
25,2026-09-07T16:13:50.009497,1000,678,GET,/jobs/001,200,177.03909997362643
25,2026-09-07T16:13:50.009497,1000,679,DELETE,/jobs/1000,404,116.69910000637174
25,2026-09-07T16:13:50.009497,1000,680,DELETE,/jobs/1000,404,93.82990002632141
25,2026-09-07T16:13:50.009497,1000,681,GET,/jobs/002,404,107.7126000309363
25,2026-09-07T16:13:50.009497,1000,682,PUT,/jobs/002,404,149.20599991455674
25,2026-09-07T16:13:50.009497,1000,683,POST,/jobs,201,149.00670002680272
25,2026-09-07T16:13:50.009497,1000,684,GET,/jobs,200,93.38679991196841
25,2026-09-07T16:13:50.009497,1000,685,PUT,/jobs/001,200,150.39049996994436
25,2026-09-07T16:13:50.009497,1000,686,GET,/jobs/001,200,153.0221999855712
25,2026-09-07T16:13:50.009497,1000,687,PUT,/jobs/1000,404,159.79320008773357
25,2026-09-07T16:13:50.009497,1000,688,POST,/jobs,201,162.8971000900492
25,2026-09-07T16:13:50.009497,1000,689,PUT,/jobs/001,200,161.49159998167306
25,2026-09-07T16:13:50.009497,1000,690,POST,/jobs,201,164.99560000374913
25,2026-09-07T16:13:50.009497,1000,691,GET,/jobs,200,94.0602000337094
25,2026-09-07T16:13:50.009497,1000,692,PUT,/jobs/002,404,156.76090004853904
25,2026-09-07T16:13:50.009497,1000,693,POST,/jobs,201,164.82040006667376
25,2026-09-07T16:13:50.009497,1000,694,PUT,/jobs/1000,404,154.8179000383243
25,2026-09-07T16:13:50.009497,1000,695,POST,/jobs,201,153.18650007247925
25,2026-09-07T16:13:50.009497,1000,696,GET,/jobs/002,404,96.70250001363456
25,2026-09-07T16:13:50.009497,1000,697,GET,/jobs,200,95.55079997517169
25,2026-09-07T16:13:50.009497,1000,698,DELETE,/jobs/1000,404,98.63929997663945
25,2026-09-07T16:13:50.009497,1000,699,DELETE,/jobs/002,404,101.97989991866052
25,2026-09-07T16:13:50.009497,1000,700,GET,/jobs,200,96.4619000442326
25,2026-09-07T16:13:50.009497,1000,701,PUT,/jobs/1000,404,140.59520000591874
25,2026-09-07T16:13:50.009497,1000,702,POST,/jobs,201,140.73320000898093
25,2026-09-07T16:13:50.009497,1000,703,PUT,/jobs/001,200,141.8531999224797
25,2026-09-07T16:13:50.009497,1000,704,GET,/jobs/001,200,154.83270003460348
25,2026-09-07T16:13:50.009497,1000,705,GET,/jobs,200,91.1923999665305
25,2026-09-07T16:13:50.009497,1000,706,POST,/jobs,201,141.2594000576064
25,2026-09-07T16:13:50.009497,1000,707,GET,/jobs,200,90.10410006158054
25,2026-09-07T16:13:50.009497,1000,708,GET,/jobs,200,86.86090004630387
25,2026-09-07T16:13:50.009497,1000,709,GET,/jobs/1000,404,90.91070003341883
25,2026-09-07T16:13:50.009497,1000,710,GET,/jobs/002,404,100.67429998889565
25,2026-09-07T16:13:50.009497,1000,711,PUT,/jobs/002,404,146.40319999307394
25,2026-09-07T16:13:50.009497,1000,712,DELETE,/jobs/1000,404,103.10790000949055
25,2026-09-07T16:13:50.009497,1000,713,DELETE,/jobs/002,404,102.65839996282011
25,2026-09-07T16:13:50.009497,1000,714,PUT,/jobs/1000,404,147.3835000069812
25,2026-09-07T16:13:50.009497,1000,715,GET,/jobs,200,91.03679994586855
25,2026-09-07T16:13:50.009497,1000,716,PUT,/jobs/1000,404,145.7937000086531
25,2026-09-07T16:13:50.009497,1000,717,PUT,/jobs/002,404,146.85959997586906
25,2026-09-07T16:13:50.009497,1000,718,GET,/jobs,200,102.258300059475
25,2026-09-07T16:13:50.009497,1000,719,POST,/jobs,201,165.7818000530824
25,2026-09-07T16:13:50.009497,1000,720,PUT,/jobs/002,404,165.04299989901483
25,2026-09-07T16:13:50.009497,1000,721,GET,/jobs/002,404,101.88039997592568
25,2026-09-07T16:13:50.009497,1000,722,GET,/jobs,200,96.24029998667538
25,2026-09-07T16:13:50.009497,1000,723,POST,/jobs,201,163.4349999949336
25,2026-09-07T16:13:50.009497,1000,724,POST,/jobs,201,163.78629999235272
25,2026-09-07T16:13:50.009497,1000,725,PUT,/jobs/002,404,165.33569991588593
25,2026-09-07T16:13:50.009497,1000,726,GET,/jobs/001,200,166.34600004181266
25,2026-09-07T16:13:50.009497,1000,727,PUT,/jobs/001,200,164.32109999004751
25,2026-09-07T16:13:50.009497,1000,728,GET,/jobs/1000,404,102.7419000165537
25,2026-09-07T16:13:50.009497,1000,729,DELETE,/jobs/002,404,103.57579996343702
25,2026-09-07T16:13:50.009497,1000,730,GET,/jobs,200,96.39880002941936
25,2026-09-07T16:13:50.009497,1000,731,POST,/jobs,201,167.58540004957467
25,2026-09-07T16:13:50.009497,1000,732,GET,/jobs/1000,404,98.90219999942929
25,2026-09-07T16:13:50.009497,1000,733,GET,/jobs/001,200,165.2540999930352
25,2026-09-07T16:13:50.009497,1000,734,DELETE,/jobs/002,404,102.52389998640865
25,2026-09-07T16:13:50.009497,1000,735,DELETE,/jobs/002,404,102.89579990785569
25,2026-09-07T16:13:50.009497,1000,736,GET,/jobs/002,404,100.72099999524653
25,2026-09-07T16:13:50.009497,1000,737,GET,/jobs/1000,404,103.71549997944385
25,2026-09-07T16:13:50.009497,1000,738,GET,/jobs,200,98.22869999334216
25,2026-09-07T16:13:50.009497,1000,739,POST,/jobs,201,149.63429991621524
25,2026-09-07T16:13:50.009497,1000,740,GET,/jobs/001,200,148.770899977535
25,2026-09-07T16:13:50.009497,1000,741,DELETE,/jobs/1000,404,97.63680002652109
25,2026-09-07T16:13:50.009497,1000,742,GET,/jobs/001,200,159.9358000094071
25,2026-09-07T16:13:50.009497,1000,743,GET,/jobs,200,109.88769994582981
25,2026-09-07T16:13:50.009497,1000,744,GET,/jobs/001,200,176.17749993223697
25,2026-09-07T16:13:50.009497,1000,745,POST,/jobs,201,162.18730004038662
25,2026-09-07T16:13:50.009497,1000,746,GET,/jobs/1000,404,110.3450000518933
25,2026-09-07T16:13:50.009497,1000,747,POST,/jobs,201,158.88289990834892
25,2026-09-07T16:13:50.009497,1000,748,GET,/jobs/002,404,120.94040005467832
25,2026-09-07T16:13:50.009497,1000,749,GET,/jobs,200,106.36930004693568
25,2026-09-07T16:13:50.009497,1000,750,GET,/jobs/1000,404,111.4000000525266
25,2026-09-07T16:13:50.009497,1000,751,PUT,/jobs/1000,404,164.23270001541823
25,2026-09-07T16:13:50.009497,1000,752,GET,/jobs,200,108.16960001830012
25,2026-09-07T16:13:50.009497,1000,753,GET,/jobs,200,107.11320000700653
25,2026-09-07T16:13:50.009497,1000,754,PUT,/jobs/002,404,161.18739999365062
25,2026-09-07T16:13:50.009497,1000,755,POST,/jobs,201,150.20079992245883
25,2026-09-07T16:13:50.009497,1000,756,DELETE,/jobs/002,404,104.74460001569241
25,2026-09-07T16:13:50.009497,1000,757,PUT,/jobs/1000,404,154.4008000055328
25,2026-09-07T16:13:50.009497,1000,758,GET,/jobs/1000,404,105.8247999753803
25,2026-09-07T16:13:50.009497,1000,759,GET,/jobs,200,101.9115000963211
25,2026-09-07T16:13:50.009497,1000,760,DELETE,/jobs/1000,404,103.38190000038594
25,2026-09-07T16:13:50.009497,1000,761,PUT,/jobs/1000,404,152.33480010647327
25,2026-09-07T16:13:50.009497,1000,762,GET,/jobs,200,103.46970008686185
25,2026-09-07T16:13:50.009497,1000,763,GET,/jobs,200,103.8156000431627
25,2026-09-07T16:13:50.009497,1000,764,PUT,/jobs/002,404,153.57049996964633
25,2026-09-07T16:13:50.009497,1000,765,PUT,/jobs/1000,404,153.23469997383654
25,2026-09-07T16:13:50.009497,1000,766,GET,/jobs,200,100.34320002887398
25,2026-09-07T16:13:50.009497,1000,767,PUT,/jobs/1000,404,153.0169000616297
25,2026-09-07T16:13:50.009497,1000,768,PUT,/jobs/001,200,154.03259999584407
25,2026-09-07T16:13:50.009497,1000,769,GET,/jobs,200,100.4329000134021
25,2026-09-07T16:13:50.009497,1000,770,POST,/jobs,201,153.26459996867925
25,2026-09-07T16:13:50.009497,1000,771,GET,/jobs/001,200,152.1956000942737
25,2026-09-07T16:13:50.009497,1000,772,GET,/jobs/002,404,102.65320003964007
25,2026-09-07T16:13:50.009497,1000,773,DELETE,/jobs/1000,404,113.855000003241
25,2026-09-07T16:13:50.009497,1000,774,PUT,/jobs/1000,404,161.44069994334131
25,2026-09-07T16:13:50.009497,1000,775,DELETE,/jobs/1000,404,119.09569997806102
25,2026-09-07T16:13:50.009497,1000,776,PUT,/jobs/1000,404,162.8981000976637
25,2026-09-07T16:13:50.009497,1000,777,DELETE,/jobs/1000,404,113.1667000008747
25,2026-09-07T16:13:50.009497,1000,778,GET,/jobs,200,111.93230003118515
25,2026-09-07T16:13:50.009497,1000,779,GET,/jobs,200,106.43059993162751
25,2026-09-07T16:13:50.009497,1000,780,DELETE,/jobs/002,404,113.6564000044018
25,2026-09-07T16:13:50.009497,1000,781,PUT,/jobs/002,404,165.1581999612972
25,2026-09-07T16:13:50.009497,1000,782,GET,/jobs/002,404,109.63710001669824
25,2026-09-07T16:13:50.009497,1000,783,POST,/jobs,201,161.5546999964863
25,2026-09-07T16:13:50.009497,1000,784,PUT,/jobs/002,404,162.94539999216795
25,2026-09-07T16:13:50.009497,1000,785,PUT,/jobs/1000,404,158.9846999850124
25,2026-09-07T16:13:50.009497,1000,786,GET,/jobs,200,112.07270005252212
25,2026-09-07T16:13:50.009497,1000,787,POST,/jobs,201,153.87449995614588
25,2026-09-07T16:13:50.009497,1000,788,POST,/jobs,201,152.15819992590696
25,2026-09-07T16:13:50.009497,1000,789,POST,/jobs,201,153.54780002962798
25,2026-09-07T16:13:50.009497,1000,790,GET,/jobs/1000,404,99.65380001813173
25,2026-09-07T16:13:50.009497,1000,791,PUT,/jobs/001,200,152.36180007923394
25,2026-09-07T16:13:50.009497,1000,792,GET,/jobs,200,96.7948999023065
25,2026-09-07T16:13:50.009497,1000,793,GET,/jobs,200,95.70689999964088
25,2026-09-07T16:13:50.009497,1000,794,GET,/jobs,200,95.99259996321052
25,2026-09-07T16:13:50.009497,1000,795,PUT,/jobs/001,200,146.81830001063645
25,2026-09-07T16:13:50.009497,1000,796,POST,/jobs,201,147.2895999904722
25,2026-09-07T16:13:50.009497,1000,797,GET,/jobs/1000,404,97.17229998204857
25,2026-09-07T16:13:50.009497,1000,798,GET,/jobs,200,88.65390007849783
25,2026-09-07T16:13:50.009497,1000,799,DELETE,/jobs/1000,404,97.50330005772412
25,2026-09-07T16:13:50.009497,1000,800,GET,/jobs,200,96.60709998570383
25,2026-09-07T16:13:50.009497,1000,801,PUT,/jobs/002,404,156.2508000060916
25,2026-09-07T16:13:50.009497,1000,802,PUT,/jobs/1000,404,149.13420006632805
25,2026-09-07T16:13:50.009497,1000,803,GET,/jobs,200,103.28949999529868
25,2026-09-07T16:13:50.009497,1000,804,POST,/jobs,201,143.64690007641912
25,2026-09-07T16:13:50.009497,1000,805,POST,/jobs,201,141.6546000400558
25,2026-09-07T16:13:50.009497,1000,806,GET,/jobs,200,93.03290001116693
25,2026-09-07T16:13:50.009497,1000,807,DELETE,/jobs/002,404,97.12890000082552
25,2026-09-07T16:13:50.009497,1000,808,GET,/jobs/1000,404,96.684499992989
25,2026-09-07T16:13:50.009497,1000,809,PUT,/jobs/001,200,141.94110000971705
25,2026-09-07T16:13:50.009497,1000,810,GET,/jobs,200,100.78600002452731
25,2026-09-07T16:13:50.009497,1000,811,POST,/jobs,201,142.21510000061244
25,2026-09-07T16:13:50.009497,1000,812,DELETE,/jobs/1000,404,98.49640005268157
25,2026-09-07T16:13:50.009497,1000,813,GET,/jobs,200,96.60729998722672
25,2026-09-07T16:13:50.009497,1000,814,POST,/jobs,201,141.73049991950393
25,2026-09-07T16:13:50.009497,1000,815,GET,/jobs/002,404,98.80809998139739
25,2026-09-07T16:13:50.009497,1000,816,DELETE,/jobs/002,404,99.34469999279827
25,2026-09-07T16:13:50.009497,1000,817,DELETE,/jobs/1000,404,98.63889997359365
25,2026-09-07T16:13:50.009497,1000,818,GET,/jobs,200,95.96880001481622
25,2026-09-07T16:13:50.009497,1000,819,GET,/jobs/002,404,98.50850002840161
25,2026-09-07T16:13:50.009497,1000,820,POST,/jobs,201,142.77679997030646
25,2026-09-07T16:13:50.009497,1000,821,POST,/jobs,201,147.54130004439503
25,2026-09-07T16:13:50.009497,1000,822,GET,/jobs/001,200,148.66399997845292
25,2026-09-07T16:13:50.009497,1000,823,DELETE,/jobs/1000,404,98.62020006403327
25,2026-09-07T16:13:50.009497,1000,824,GET,/jobs,200,91.4533999748528
25,2026-09-07T16:13:50.009497,1000,825,GET,/jobs/1000,404,93.46270002424717
25,2026-09-07T16:13:50.009497,1000,826,GET,/jobs,200,90.79549997113645
25,2026-09-07T16:13:50.009497,1000,827,GET,/jobs,200,90.17430001404136
25,2026-09-07T16:13:50.009497,1000,828,DELETE,/jobs/002,404,92.30300004128367
25,2026-09-07T16:13:50.009497,1000,829,PUT,/jobs/002,404,132.6439999975264
25,2026-09-07T16:13:50.009497,1000,830,PUT,/jobs/002,404,133.23629996739328
25,2026-09-07T16:13:50.009497,1000,831,GET,/jobs/002,404,98.11459993943572
25,2026-09-07T16:13:50.009497,1000,832,POST,/jobs,201,140.3448999626562
25,2026-09-07T16:13:50.009497,1000,833,POST,/jobs,201,150.68239998072386
25,2026-09-07T16:13:50.009497,1000,834,DELETE,/jobs/002,404,100.11190001387149
25,2026-09-07T16:13:50.009497,1000,835,GET,/jobs,200,97.72419999353588
25,2026-09-07T16:13:50.009497,1000,836,GET,/jobs/001,200,153.6480999784544
25,2026-09-07T16:13:50.009497,1000,837,DELETE,/jobs/002,404,105.57060001883656
25,2026-09-07T16:13:50.009497,1000,838,GET,/jobs,200,90.58309998363256
25,2026-09-07T16:13:50.009497,1000,839,POST,/jobs,201,136.7536000907421
25,2026-09-07T16:13:50.009497,1000,840,PUT,/jobs/002,404,138.21100001223385
25,2026-09-07T16:13:50.009497,1000,841,DELETE,/jobs/1000,404,92.74780005216599
25,2026-09-07T16:13:50.009497,1000,842,PUT,/jobs/002,404,135.4690999723971
25,2026-09-07T16:13:50.009497,1000,843,GET,/jobs/1000,404,92.85049990285188
25,2026-09-07T16:13:50.009497,1000,844,GET,/jobs,200,82.22740003839135
25,2026-09-07T16:13:50.009497,1000,845,POST,/jobs,201,131.8835000274703
25,2026-09-07T16:13:50.009497,1000,846,GET,/jobs,200,79.08100006170571
25,2026-09-07T16:13:50.009497,1000,847,POST,/jobs,201,129.88669995684177
25,2026-09-07T16:13:50.009497,1000,848,DELETE,/jobs/1000,404,85.37760004401207
25,2026-09-07T16:13:50.009497,1000,849,DELETE,/jobs/1000,404,85.51049989182502
25,2026-09-07T16:13:50.009497,1000,850,GET,/jobs,200,86.96450002025813
25,2026-09-07T16:13:50.009497,1000,851,GET,/jobs/002,404,83.42769998125732
25,2026-09-07T16:13:50.009497,1000,852,DELETE,/jobs/002,404,84.39570001792163
25,2026-09-07T16:13:50.009497,1000,853,GET,/jobs,200,81.6429000115022
25,2026-09-07T16:13:50.009497,1000,854,GET,/jobs/002,404,86.01490000728518
25,2026-09-07T16:13:50.009497,1000,855,GET,/jobs/001,200,132.13689997792244
25,2026-09-07T16:13:50.009497,1000,856,POST,/jobs,201,134.4830000307411
25,2026-09-07T16:13:50.009497,1000,857,POST,/jobs,201,135.09150000754744
25,2026-09-07T16:13:50.009497,1000,858,GET,/jobs,200,84.0220000827685
25,2026-09-07T16:13:50.009497,1000,859,PUT,/jobs/1000,404,136.7583000101149
25,2026-09-07T16:13:50.009497,1000,860,PUT,/jobs/001,200,134.16859996505082
25,2026-09-07T16:13:50.009497,1000,861,GET,/jobs/002,404,84.8713000304997
25,2026-09-07T16:13:50.009497,1000,862,DELETE,/jobs/002,404,86.36239997576922
25,2026-09-07T16:13:50.009497,1000,863,DELETE,/jobs/1000,404,86.42930001951754
25,2026-09-07T16:13:50.009497,1000,864,GET,/jobs,200,83.14490003976971
25,2026-09-07T16:13:50.009497,1000,865,PUT,/jobs/1000,404,133.39540001470596
25,2026-09-07T16:13:50.009497,1000,866,GET,/jobs,200,83.50309997331351
25,2026-09-07T16:13:50.009497,1000,867,PUT,/jobs/001,200,131.42059999518096
25,2026-09-07T16:13:50.009497,1000,868,PUT,/jobs/001,200,135.76720003038645
25,2026-09-07T16:13:50.009497,1000,869,POST,/jobs,201,131.01599994115531
25,2026-09-07T16:13:50.009497,1000,870,PUT,/jobs/1000,404,131.55330007430166
25,2026-09-07T16:13:50.009497,1000,871,PUT,/jobs/1000,404,129.83930006157607
25,2026-09-07T16:13:50.009497,1000,872,PUT,/jobs/002,404,120.11500005610287
25,2026-09-07T16:13:50.009497,1000,873,GET,/jobs,200,80.91460005380213
25,2026-09-07T16:13:50.009497,1000,874,PUT,/jobs/001,200,131.29389996174723
25,2026-09-07T16:13:50.009497,1000,875,POST,/jobs,201,132.3231999995187
25,2026-09-07T16:13:50.009497,1000,876,DELETE,/jobs/1000,404,77.71839993074536
25,2026-09-07T16:13:50.009497,1000,877,POST,/jobs,201,132.57700006943196
25,2026-09-07T16:13:50.009497,1000,878,PUT,/jobs/001,200,133.12140002381057
25,2026-09-07T16:13:50.009497,1000,879,GET,/jobs/002,404,82.17140007764101
25,2026-09-07T16:13:50.009497,1000,880,DELETE,/jobs/1000,404,81.98010001797229
25,2026-09-07T16:13:50.009497,1000,881,DELETE,/jobs/002,404,82.93470006901771
25,2026-09-07T16:13:50.009497,1000,882,PUT,/jobs/002,404,133.87739995960146
25,2026-09-07T16:13:50.009497,1000,883,POST,/jobs,201,130.21030009258538
25,2026-09-07T16:13:50.009497,1000,884,POST,/jobs,201,124.30190003942698
25,2026-09-07T16:13:50.009497,1000,885,GET,/jobs/001,200,130.53999992553145
25,2026-09-07T16:13:50.009497,1000,886,DELETE,/jobs/002,404,90.50910000223666
25,2026-09-07T16:13:50.009497,1000,887,DELETE,/jobs/002,404,86.23039990197867
25,2026-09-07T16:13:50.009497,1000,888,POST,/jobs,201,131.5239000832662
25,2026-09-07T16:13:50.009497,1000,889,GET,/jobs/001,200,132.98029999714345
25,2026-09-07T16:13:50.009497,1000,890,GET,/jobs,200,82.61949999723583
25,2026-09-07T16:13:50.009497,1000,891,GET,/jobs/002,404,91.62720001768321
25,2026-09-07T16:13:50.009497,1000,892,GET,/jobs/001,200,135.74160006828606
25,2026-09-07T16:13:50.009497,1000,893,DELETE,/jobs/002,404,90.69390001241118
25,2026-09-07T16:13:50.009497,1000,894,GET,/jobs,200,79.3548000510782
25,2026-09-07T16:13:50.009497,1000,895,GET,/jobs/1000,404,91.93240001332015
25,2026-09-07T16:13:50.009497,1000,896,PUT,/jobs/002,404,125.9618999902159
25,2026-09-07T16:13:50.009497,1000,897,DELETE,/jobs/1000,404,90.56249994318932
25,2026-09-07T16:13:50.009497,1000,898,DELETE,/jobs/1000,404,90.30669997446239
25,2026-09-07T16:13:50.009497,1000,899,POST,/jobs,201,124.51019999571145
25,2026-09-07T16:13:50.009497,1000,900,PUT,/jobs/001,200,127.1299000363797
25,2026-09-07T16:13:50.009497,1000,901,PUT,/jobs/002,404,121.92009994760156
25,2026-09-07T16:13:50.009497,1000,902,POST,/jobs,201,123.58130002394319
25,2026-09-07T16:13:50.009497,1000,903,POST,/jobs,201,125.03569992259145
25,2026-09-07T16:13:50.009497,1000,904,GET,/jobs,200,88.60350004397333
25,2026-09-07T16:13:50.009497,1000,905,POST,/jobs,201,127.12229997850955
25,2026-09-07T16:13:50.009497,1000,906,GET,/jobs,200,87.98820001538843
25,2026-09-07T16:13:50.009497,1000,907,POST,/jobs,201,126.11189996823668
25,2026-09-07T16:13:50.009497,1000,908,PUT,/jobs/001,200,123.3882000669837
25,2026-09-07T16:13:50.009497,1000,909,GET,/jobs,200,76.90839993301779
25,2026-09-07T16:13:50.009497,1000,910,POST,/jobs,201,127.22059991210699
25,2026-09-07T16:13:50.009497,1000,911,POST,/jobs,201,121.49699998553842
25,2026-09-07T16:13:50.009497,1000,912,GET,/jobs,200,77.4871000321582
25,2026-09-07T16:13:50.009497,1000,913,DELETE,/jobs/1000,404,85.78009996563196
25,2026-09-07T16:13:50.009497,1000,914,PUT,/jobs/1000,404,128.25389998033643
25,2026-09-07T16:13:50.009497,1000,915,DELETE,/jobs/002,404,86.10930002760142
25,2026-09-07T16:13:50.009497,1000,916,PUT,/jobs/1000,404,121.79260002449155
25,2026-09-07T16:13:50.009497,1000,917,GET,/jobs/002,404,85.87419998366386
25,2026-09-07T16:13:50.009497,1000,918,DELETE,/jobs/1000,404,84.29649996105582
25,2026-09-07T16:13:50.009497,1000,919,DELETE,/jobs/002,404,86.65499999187887
25,2026-09-07T16:13:50.009497,1000,920,GET,/jobs,200,82.34219998121262
25,2026-09-07T16:13:50.009497,1000,921,PUT,/jobs/001,200,126.48579990491271
25,2026-09-07T16:13:50.009497,1000,922,POST,/jobs,201,127.03970004804432
25,2026-09-07T16:13:50.009497,1000,923,GET,/jobs,200,84.53849994111806
25,2026-09-07T16:13:50.009497,1000,924,DELETE,/jobs/002,404,82.92749989777803
25,2026-09-07T16:13:50.009497,1000,925,GET,/jobs,200,80.9556000167504
25,2026-09-07T16:13:50.009497,1000,926,GET,/jobs/1000,404,87.14100008364767
25,2026-09-07T16:13:50.009497,1000,927,PUT,/jobs/002,404,126.21839996427298
25,2026-09-07T16:13:50.009497,1000,928,DELETE,/jobs/002,404,86.90619992557913
25,2026-09-07T16:13:50.009497,1000,929,POST,/jobs,201,123.15800006035715
25,2026-09-07T16:13:50.009497,1000,930,POST,/jobs,201,128.19920002948493
25,2026-09-07T16:13:50.009497,1000,931,PUT,/jobs/002,404,126.6158000798896
25,2026-09-07T16:13:50.009497,1000,932,DELETE,/jobs/002,404,83.45350006129593
25,2026-09-07T16:13:50.009497,1000,933,POST,/jobs,201,129.30380005855113
25,2026-09-07T16:13:50.009497,1000,934,POST,/jobs,201,123.92410007305443
25,2026-09-07T16:13:50.009497,1000,935,DELETE,/jobs/1000,404,86.01570001337677
25,2026-09-07T16:13:50.009497,1000,936,POST,/jobs,201,124.93060005363077
25,2026-09-07T16:13:50.009497,1000,937,DELETE,/jobs/002,404,78.68599996436387
25,2026-09-07T16:13:50.009497,1000,938,POST,/jobs,201,114.4398000324145
25,2026-09-07T16:13:50.009497,1000,939,DELETE,/jobs/002,404,75.9021999547258
25,2026-09-07T16:13:50.009497,1000,940,POST,/jobs,201,113.93330001737922
25,2026-09-07T16:13:50.009497,1000,941,PUT,/jobs/001,200,113.66559995803982
25,2026-09-07T16:13:50.009497,1000,942,DELETE,/jobs/002,404,76.99549989774823
25,2026-09-07T16:13:50.009497,1000,943,POST,/jobs,201,114.04759995639324
25,2026-09-07T16:13:50.009497,1000,944,PUT,/jobs/1000,404,112.84069996327162
25,2026-09-07T16:13:50.009497,1000,945,POST,/jobs,201,113.46259992569685
25,2026-09-07T16:13:50.009497,1000,946,GET,/jobs/1000,404,74.88610001746565
25,2026-09-07T16:13:50.009497,1000,947,DELETE,/jobs/002,404,85.00660001300275
25,2026-09-07T16:13:50.009497,1000,948,PUT,/jobs/1000,404,112.12179996073246
25,2026-09-07T16:13:50.009497,1000,949,POST,/jobs,201,117.35839990433306
25,2026-09-07T16:13:50.009497,1000,950,POST,/jobs,201,106.82119999546558
25,2026-09-07T16:13:50.009497,1000,951,GET,/jobs/001,200,111.12249991856515
25,2026-09-07T16:13:50.009497,1000,952,POST,/jobs,201,112.87409998476505
25,2026-09-07T16:13:50.009497,1000,953,PUT,/jobs/001,200,116.85009999200702
25,2026-09-07T16:13:50.009497,1000,954,GET,/jobs/001,200,103.21129998192191
25,2026-09-07T16:13:50.009497,1000,955,GET,/jobs/001,200,104.35099992901087
25,2026-09-07T16:13:50.009497,1000,956,POST,/jobs,201,102.3136000148952
25,2026-09-07T16:13:50.009497,1000,957,GET,/jobs,200,69.43399994634092
25,2026-09-07T16:13:50.009497,1000,958,DELETE,/jobs/002,404,72.3100999603048
25,2026-09-07T16:13:50.009497,1000,959,POST,/jobs,201,101.58539994154125
25,2026-09-07T16:13:50.009497,1000,960,DELETE,/jobs/002,404,72.38939998205751
25,2026-09-07T16:13:50.009497,1000,961,DELETE,/jobs/1000,404,73.76549998298287
25,2026-09-07T16:13:50.009497,1000,962,GET,/jobs/001,200,102.4189000017941
25,2026-09-07T16:13:50.009497,1000,963,GET,/jobs/1000,404,71.74059993121773
25,2026-09-07T16:13:50.009497,1000,964,DELETE,/jobs/002,404,67.07850005477667
25,2026-09-07T16:13:50.009497,1000,965,PUT,/jobs/001,200,95.27629998046905
25,2026-09-07T16:13:50.009497,1000,966,PUT,/jobs/002,404,94.73319991957396
25,2026-09-07T16:13:50.009497,1000,967,GET,/jobs/002,404,66.49400002788752
25,2026-09-07T16:13:50.009497,1000,968,DELETE,/jobs/1000,404,66.46560004446656
25,2026-09-07T16:13:50.009497,1000,969,PUT,/jobs/001,200,87.74530002847314
25,2026-09-07T16:13:50.009497,1000,970,DELETE,/jobs/002,404,60.75419997796416
25,2026-09-07T16:13:50.009497,1000,971,POST,/jobs,201,84.04159999918193
25,2026-09-07T16:13:50.009497,1000,972,PUT,/jobs/001,200,84.60349997039884
25,2026-09-07T16:13:50.009497,1000,973,POST,/jobs,201,82.929200027138
25,2026-09-07T16:13:50.009497,1000,974,DELETE,/jobs/1000,404,68.78149998374283
25,2026-09-07T16:13:50.009497,1000,975,PUT,/jobs/002,404,82.92380010243505
25,2026-09-07T16:13:50.009497,1000,976,PUT,/jobs/1000,404,84.35150003060699
25,2026-09-07T16:13:50.009497,1000,977,DELETE,/jobs/1000,404,70.20099996589124
25,2026-09-07T16:13:50.009497,1000,978,GET,/jobs/001,200,85.10309993289411
25,2026-09-07T16:13:50.009497,1000,979,DELETE,/jobs/002,404,69.00570006109774
25,2026-09-07T16:13:50.009497,1000,980,POST,/jobs,201,68.72989994008094
25,2026-09-07T16:13:50.009497,1000,981,PUT,/jobs/002,404,68.56219994369894
25,2026-09-07T16:13:50.009497,1000,982,DELETE,/jobs/002,404,60.46830001287162
25,2026-09-07T16:13:50.009497,1000,983,DELETE,/jobs/002,404,59.467899962328374
25,2026-09-07T16:13:50.009497,1000,984,POST,/jobs,201,69.76749992463738
25,2026-09-07T16:13:50.009497,1000,985,GET,/jobs/002,404,60.924500110559165
25,2026-09-07T16:13:50.009497,1000,986,PUT,/jobs/1000,404,70.18110004719347
25,2026-09-07T16:13:50.009497,1000,987,GET,/jobs/002,404,57.33990005683154
25,2026-09-07T16:13:50.009497,1000,988,GET,/jobs,200,55.694299982860684
25,2026-09-07T16:13:50.009497,1000,989,GET,/jobs/002,404,61.10109994187951
25,2026-09-07T16:13:50.009497,1000,990,POST,/jobs,201,68.3185999514535
25,2026-09-07T16:13:50.009497,1000,991,PUT,/jobs/001,200,71.99140009470284
25,2026-09-07T16:13:50.009497,1000,992,PUT,/jobs/1000,404,69.01380000635982
25,2026-09-07T16:13:50.009497,1000,993,POST,/jobs,201,67.8990000160411
25,2026-09-07T16:13:50.009497,1000,994,PUT,/jobs/001,200,67.93779996223748
25,2026-09-07T16:13:50.009497,1000,995,POST,/jobs,201,70.64429996535182
25,2026-09-07T16:13:50.009497,1000,996,GET,/jobs,200,50.70680007338524
25,2026-09-07T16:13:50.009497,1000,997,POST,/jobs,201,62.712799990549684
25,2026-09-07T16:13:50.009497,1000,998,POST,/jobs,201,62.46309995185584
25,2026-09-07T16:13:50.009497,1000,999,GET,/jobs/001,200,63.71579994447529
25,2026-09-07T16:13:50.009497,1000,1000,GET,/jobs,200,51.15269997622818
26,2026-09-07T16:13:52.112183,1000,1,GET,/jobs,200,37.11589996237308
26,2026-09-07T16:13:52.112183,1000,2,GET,/jobs,200,40.97790003288537
26,2026-09-07T16:13:52.112183,1000,3,POST,/jobs,201,121.54530000407249
26,2026-09-07T16:13:52.112183,1000,4,GET,/jobs/001,200,94.45910004433244
26,2026-09-07T16:13:52.112183,1000,5,GET,/jobs,200,41.48070001974702
26,2026-09-07T16:13:52.112183,1000,6,DELETE,/jobs/002,200,51.855399971827865
26,2026-09-07T16:13:52.112183,1000,7,DELETE,/jobs/1000,404,51.222900045104325
26,2026-09-07T16:13:52.112183,1000,8,GET,/jobs,200,43.64769998937845
26,2026-09-07T16:13:52.112183,1000,9,GET,/jobs,200,46.04079993441701
26,2026-09-07T16:13:52.112183,1000,10,GET,/jobs,200,45.60199996922165
26,2026-09-07T16:13:52.112183,1000,11,GET,/jobs/001,200,108.95290004555136
26,2026-09-07T16:13:52.112183,1000,12,DELETE,/jobs/002,404,53.55080007575452
26,2026-09-07T16:13:52.112183,1000,13,DELETE,/jobs/002,404,55.93529995530844
26,2026-09-07T16:13:52.112183,1000,14,DELETE,/jobs/1000,404,52.945800009183586
26,2026-09-07T16:13:52.112183,1000,15,GET,/jobs/002,404,58.90549998730421
26,2026-09-07T16:13:52.112183,1000,16,DELETE,/jobs/1000,404,57.0341000566259
26,2026-09-07T16:13:52.112183,1000,17,GET,/jobs,200,50.64829997718334
26,2026-09-07T16:13:52.112183,1000,18,GET,/jobs/1000,404,54.379999986849725
26,2026-09-07T16:13:52.112183,1000,19,PUT,/jobs/002,404,105.48839997500181
26,2026-09-07T16:13:52.112183,1000,20,POST,/jobs,201,105.17150000669062
26,2026-09-07T16:13:52.112183,1000,21,GET,/jobs/002,404,57.70699994172901
26,2026-09-07T16:13:52.112183,1000,22,GET,/jobs,200,54.571300046518445
26,2026-09-07T16:13:52.112183,1000,23,GET,/jobs,200,56.08170002233237
26,2026-09-07T16:13:52.112183,1000,24,PUT,/jobs/001,200,114.85369992442429
26,2026-09-07T16:13:52.112183,1000,25,POST,/jobs,201,115.38279999513179
26,2026-09-07T16:13:52.112183,1000,26,POST,/jobs,201,115.08010001853108
26,2026-09-07T16:13:52.112183,1000,27,POST,/jobs,201,113.59259998425841
26,2026-09-07T16:13:52.112183,1000,28,GET,/jobs,200,57.184699922800064
26,2026-09-07T16:13:52.112183,1000,29,PUT,/jobs/1000,404,115.6549999723211
26,2026-09-07T16:13:52.112183,1000,30,GET,/jobs,200,56.224800064228475
26,2026-09-07T16:13:52.112183,1000,31,PUT,/jobs/001,200,114.3877999857068
26,2026-09-07T16:13:52.112183,1000,32,DELETE,/jobs/1000,404,57.39109998103231
26,2026-09-07T16:13:52.112183,1000,33,DELETE,/jobs/1000,404,57.75280005764216
26,2026-09-07T16:13:52.112183,1000,34,DELETE,/jobs/002,404,57.976100011728704
26,2026-09-07T16:13:52.112183,1000,35,GET,/jobs,200,56.540500023402274
26,2026-09-07T16:13:52.112183,1000,36,GET,/jobs,200,56.747599970549345
26,2026-09-07T16:13:52.112183,1000,37,GET,/jobs/002,404,68.40300001204014
26,2026-09-07T16:13:52.112183,1000,38,GET,/jobs,200,56.84920004568994
26,2026-09-07T16:13:52.112183,1000,39,GET,/jobs/001,200,119.38180006109178
26,2026-09-07T16:13:52.112183,1000,40,PUT,/jobs/002,404,112.72880004253238
26,2026-09-07T16:13:52.112183,1000,41,PUT,/jobs/1000,404,111.9669999461621
26,2026-09-07T16:13:52.112183,1000,42,POST,/jobs,201,111.6217999951914
26,2026-09-07T16:13:52.112183,1000,43,POST,/jobs,201,112.51240002457052
26,2026-09-07T16:13:52.112183,1000,44,GET,/jobs/1000,404,62.51379998866469
26,2026-09-07T16:13:52.112183,1000,45,POST,/jobs,201,110.30729999765754
26,2026-09-07T16:13:52.112183,1000,46,GET,/jobs,200,64.22570010181516
26,2026-09-07T16:13:52.112183,1000,47,DELETE,/jobs/002,404,62.20779998693615
26,2026-09-07T16:13:52.112183,1000,48,DELETE,/jobs/002,404,73.85719998273998
26,2026-09-07T16:13:52.112183,1000,49,GET,/jobs/002,404,69.22469998244196
26,2026-09-07T16:13:52.112183,1000,50,PUT,/jobs/002,404,112.03089996706694
26,2026-09-07T16:13:52.112183,1000,51,DELETE,/jobs/002,404,69.68590000178665
26,2026-09-07T16:13:52.112183,1000,52,POST,/jobs,201,111.42800003290176
26,2026-09-07T16:13:52.112183,1000,53,GET,/jobs,200,65.25430001784116
26,2026-09-07T16:13:52.112183,1000,54,GET,/jobs/001,200,120.60879997443408
26,2026-09-07T16:13:52.112183,1000,55,POST,/jobs,201,110.75440002605319
26,2026-09-07T16:13:52.112183,1000,56,POST,/jobs,201,112.88279993459582
26,2026-09-07T16:13:52.112183,1000,57,GET,/jobs/1000,404,68.89690004754812
26,2026-09-07T16:13:52.112183,1000,58,POST,/jobs,201,109.92419999092817
26,2026-09-07T16:13:52.112183,1000,59,PUT,/jobs/002,404,111.76969995722175
26,2026-09-07T16:13:52.112183,1000,60,PUT,/jobs/001,200,111.08980001881719
26,2026-09-07T16:13:52.112183,1000,61,POST,/jobs,201,110.69299990776926
26,2026-09-07T16:13:52.112183,1000,62,GET,/jobs/1000,404,70.51680004224181
26,2026-09-07T16:13:52.112183,1000,63,DELETE,/jobs/1000,404,61.97409995365888
26,2026-09-07T16:13:52.112183,1000,64,DELETE,/jobs/1000,404,68.34210001397878
26,2026-09-07T16:13:52.112183,1000,65,DELETE,/jobs/1000,404,70.09299995843321
26,2026-09-07T16:13:52.112183,1000,66,POST,/jobs,201,110.76820001471788
26,2026-09-07T16:13:52.112183,1000,67,GET,/jobs/1000,404,71.93650002591312
26,2026-09-07T16:13:52.112183,1000,68,PUT,/jobs/001,200,113.12290001660585
26,2026-09-07T16:13:52.112183,1000,69,GET,/jobs,200,56.632000021636486
26,2026-09-07T16:13:52.112183,1000,70,GET,/jobs,200,75.373699888587
26,2026-09-07T16:13:52.112183,1000,71,GET,/jobs/1000,404,62.3011999996379
26,2026-09-07T16:13:52.112183,1000,72,GET,/jobs/1000,404,76.79039996583015
26,2026-09-07T16:13:52.112183,1000,73,PUT,/jobs/1000,404,112.0336001040414
26,2026-09-07T16:13:52.112183,1000,74,GET,/jobs,200,75.38819999899715
26,2026-09-07T16:13:52.112183,1000,75,PUT,/jobs/002,404,113.68660000152886
26,2026-09-07T16:13:52.112183,1000,76,DELETE,/jobs/1000,404,78.83130002301186
26,2026-09-07T16:13:52.112183,1000,77,DELETE,/jobs/1000,404,75.90599998366088
26,2026-09-07T16:13:52.112183,1000,78,DELETE,/jobs/002,404,77.41809997241944
26,2026-09-07T16:13:52.112183,1000,79,GET,/jobs,200,74.26979998126626
26,2026-09-07T16:13:52.112183,1000,80,DELETE,/jobs/1000,404,78.05999997071922
26,2026-09-07T16:13:52.112183,1000,81,POST,/jobs,201,111.47830006666481
26,2026-09-07T16:13:52.112183,1000,82,POST,/jobs,201,110.09370000101626
26,2026-09-07T16:13:52.112183,1000,83,GET,/jobs/002,404,76.68160006869584
26,2026-09-07T16:13:52.112183,1000,84,GET,/jobs,200,73.82479996886104
26,2026-09-07T16:13:52.112183,1000,85,POST,/jobs,201,111.85610003303736
26,2026-09-07T16:13:52.112183,1000,86,GET,/jobs/1000,404,75.98359999246895
26,2026-09-07T16:13:52.112183,1000,87,GET,/jobs,200,75.42070001363754
26,2026-09-07T16:13:52.112183,1000,88,POST,/jobs,201,110.37890007719398
26,2026-09-07T16:13:52.112183,1000,89,DELETE,/jobs/002,404,65.02099998760968
26,2026-09-07T16:13:52.112183,1000,90,GET,/jobs/002,404,76.79770002141595
26,2026-09-07T16:13:52.112183,1000,91,GET,/jobs/1000,404,65.96279994118959
26,2026-09-07T16:13:52.112183,1000,92,DELETE,/jobs/002,404,69.48649999685585
26,2026-09-07T16:13:52.112183,1000,93,DELETE,/jobs/1000,404,66.77299994044006
26,2026-09-07T16:13:52.112183,1000,94,PUT,/jobs/001,200,112.77120001614094
26,2026-09-07T16:13:52.112183,1000,95,GET,/jobs,200,83.05020001716912
26,2026-09-07T16:13:52.112183,1000,96,POST,/jobs,201,112.0303999632597
26,2026-09-07T16:13:52.112183,1000,97,POST,/jobs,201,110.1073999889195
26,2026-09-07T16:13:52.112183,1000,98,GET,/jobs,200,53.24569996446371
26,2026-09-07T16:13:52.112183,1000,99,GET,/jobs/1000,404,76.42719999421388
26,2026-09-07T16:13:52.112183,1000,100,GET,/jobs,200,69.74130007438362
26,2026-09-07T16:13:52.112183,1000,101,GET,/jobs,200,76.73489989247173
26,2026-09-07T16:13:52.112183,1000,102,PUT,/jobs/001,200,109.93799997959286
26,2026-09-07T16:13:52.112183,1000,103,DELETE,/jobs/002,404,80.77199989929795
26,2026-09-07T16:13:52.112183,1000,104,GET,/jobs/1000,404,81.7053000209853
26,2026-09-07T16:13:52.112183,1000,105,PUT,/jobs/1000,404,111.82799993548542
26,2026-09-07T16:13:52.112183,1000,106,GET,/jobs/002,404,81.16890001110733
26,2026-09-07T16:13:52.112183,1000,107,DELETE,/jobs/1000,404,72.83790002111346
26,2026-09-07T16:13:52.112183,1000,108,GET,/jobs/1000,404,71.94240007083863
26,2026-09-07T16:13:52.112183,1000,109,GET,/jobs/1000,404,72.26209994405508
26,2026-09-07T16:13:52.112183,1000,110,POST,/jobs,201,95.75219999533147
26,2026-09-07T16:13:52.112183,1000,111,POST,/jobs,201,93.96139997988939
26,2026-09-07T16:13:52.112183,1000,112,DELETE,/jobs/1000,404,71.1930999532342
26,2026-09-07T16:13:52.112183,1000,113,GET,/jobs,200,69.6477999445051
26,2026-09-07T16:13:52.112183,1000,114,GET,/jobs/001,200,95.22000001743436
26,2026-09-07T16:13:52.112183,1000,115,GET,/jobs,200,70.57999994140118
26,2026-09-07T16:13:52.112183,1000,116,POST,/jobs,201,96.34080005344003
26,2026-09-07T16:13:52.112183,1000,117,DELETE,/jobs/002,404,72.31980003416538
26,2026-09-07T16:13:52.112183,1000,118,DELETE,/jobs/002,404,72.09779997356236
26,2026-09-07T16:13:52.112183,1000,119,GET,/jobs,200,69.80850000400096
26,2026-09-07T16:13:52.112183,1000,120,GET,/jobs,200,69.75589995272458
26,2026-09-07T16:13:52.112183,1000,121,GET,/jobs,200,69.98330005444586
26,2026-09-07T16:13:52.112183,1000,122,GET,/jobs/001,200,89.36450001783669
26,2026-09-07T16:13:52.112183,1000,123,GET,/jobs,200,69.13279998116195
26,2026-09-07T16:13:52.112183,1000,124,POST,/jobs,201,132.10759998764843
26,2026-09-07T16:13:52.112183,1000,125,DELETE,/jobs/002,404,71.48329995106906
26,2026-09-07T16:13:52.112183,1000,126,POST,/jobs,201,133.68610001634806
26,2026-09-07T16:13:52.112183,1000,127,PUT,/jobs/001,200,144.7883000364527
26,2026-09-07T16:13:52.112183,1000,128,DELETE,/jobs/002,404,64.52399992849678
26,2026-09-07T16:13:52.112183,1000,129,DELETE,/jobs/1000,404,65.09320007171482
26,2026-09-07T16:13:52.112183,1000,130,GET,/jobs/002,404,63.96000005770475
26,2026-09-07T16:13:52.112183,1000,131,PUT,/jobs/001,200,139.8001000052318
26,2026-09-07T16:13:52.112183,1000,132,GET,/jobs,200,61.64990004617721
26,2026-09-07T16:13:52.112183,1000,133,GET,/jobs,200,61.4059999352321
26,2026-09-07T16:13:52.112183,1000,134,PUT,/jobs/002,404,129.03840001672506
26,2026-09-07T16:13:52.112183,1000,135,PUT,/jobs/002,404,146.98620000854135
26,2026-09-07T16:13:52.112183,1000,136,PUT,/jobs/1000,404,116.06749997008592
26,2026-09-07T16:13:52.112183,1000,137,GET,/jobs,200,58.14129998907447
26,2026-09-07T16:13:52.112183,1000,138,GET,/jobs,200,58.768399991095066
26,2026-09-07T16:13:52.112183,1000,139,GET,/jobs,200,56.44730001222342
26,2026-09-07T16:13:52.112183,1000,140,PUT,/jobs/1000,404,115.66449992824346
26,2026-09-07T16:13:52.112183,1000,141,POST,/jobs,201,131.1054000398144
26,2026-09-07T16:13:52.112183,1000,142,GET,/jobs,200,56.6060000564903
26,2026-09-07T16:13:52.112183,1000,143,GET,/jobs/001,200,132.57450005039573
26,2026-09-07T16:13:52.112183,1000,144,GET,/jobs/1000,404,59.05649997293949
26,2026-09-07T16:13:52.112183,1000,145,PUT,/jobs/001,200,134.266100008972
26,2026-09-07T16:13:52.112183,1000,146,PUT,/jobs/001,200,111.26479995436966
26,2026-09-07T16:13:52.112183,1000,147,POST,/jobs,201,124.62200003210455
26,2026-09-07T16:13:52.112183,1000,148,GET,/jobs/001,200,133.23649996891618
26,2026-09-07T16:13:52.112183,1000,149,PUT,/jobs/1000,404,131.55589997768402
26,2026-09-07T16:13:52.112183,1000,150,GET,/jobs,200,50.28440000023693
26,2026-09-07T16:13:52.112183,1000,151,GET,/jobs,200,51.14009999670088
26,2026-09-07T16:13:52.112183,1000,152,DELETE,/jobs/002,404,89.86720000393689
26,2026-09-07T16:13:52.112183,1000,153,GET,/jobs,200,50.9191999444738
26,2026-09-07T16:13:52.112183,1000,154,GET,/jobs/001,200,120.41980004869401
26,2026-09-07T16:13:52.112183,1000,155,PUT,/jobs/002,404,115.41919992305338
26,2026-09-07T16:13:52.112183,1000,156,PUT,/jobs/001,200,127.02949997037649
26,2026-09-07T16:13:52.112183,1000,157,PUT,/jobs/001,200,125.4281000001356
26,2026-09-07T16:13:52.112183,1000,158,GET,/jobs/002,404,51.67259997688234
26,2026-09-07T16:13:52.112183,1000,159,GET,/jobs,200,50.62250001356006
26,2026-09-07T16:13:52.112183,1000,160,PUT,/jobs/002,404,125.05359994247556
26,2026-09-07T16:13:52.112183,1000,161,PUT,/jobs/002,404,125.49020000733435
26,2026-09-07T16:13:52.112183,1000,162,PUT,/jobs/1000,404,126.34109996724874
26,2026-09-07T16:13:52.112183,1000,163,DELETE,/jobs/1000,404,53.191800019703805
26,2026-09-07T16:13:52.112183,1000,164,GET,/jobs/001,200,161.52189997956157
26,2026-09-07T16:13:52.112183,1000,165,POST,/jobs,201,118.94700000993907
26,2026-09-07T16:13:52.112183,1000,166,GET,/jobs,200,71.89999998081475
26,2026-09-07T16:13:52.112183,1000,167,DELETE,/jobs/002,404,95.31559993047267
26,2026-09-07T16:13:52.112183,1000,168,POST,/jobs,201,112.30570008046925
26,2026-09-07T16:13:52.112183,1000,169,GET,/jobs,200,81.49660006165504
26,2026-09-07T16:13:52.112183,1000,170,DELETE,/jobs/1000,404,97.30099991429597
26,2026-09-07T16:13:52.112183,1000,171,DELETE,/jobs/002,404,99.05540000181645
26,2026-09-07T16:13:52.112183,1000,172,GET,/jobs,200,81.22589997947216
26,2026-09-07T16:13:52.112183,1000,173,DELETE,/jobs/002,404,96.57429996877909
26,2026-09-07T16:13:52.112183,1000,174,GET,/jobs/001,200,156.36780008208007
26,2026-09-07T16:13:52.112183,1000,175,DELETE,/jobs/002,404,90.62329994048923
26,2026-09-07T16:13:52.112183,1000,176,GET,/jobs/002,404,86.92549995612353
26,2026-09-07T16:13:52.112183,1000,177,GET,/jobs,200,84.54170008189976
26,2026-09-07T16:13:52.112183,1000,178,DELETE,/jobs/002,404,89.02249997481704
26,2026-09-07T16:13:52.112183,1000,179,DELETE,/jobs/002,404,88.29220000188798
26,2026-09-07T16:13:52.112183,1000,180,DELETE,/jobs/002,404,109.84649998135865
26,2026-09-07T16:13:52.112183,1000,181,PUT,/jobs/1000,404,112.6139999832958
26,2026-09-07T16:13:52.112183,1000,182,DELETE,/jobs/1000,404,89.47689994238317
26,2026-09-07T16:13:52.112183,1000,183,POST,/jobs,201,111.39710003044456
26,2026-09-07T16:13:52.112183,1000,184,POST,/jobs,201,112.00199997983873
26,2026-09-07T16:13:52.112183,1000,185,POST,/jobs,201,112.7896000398323
26,2026-09-07T16:13:52.112183,1000,186,GET,/jobs/1000,404,93.21929991710931
26,2026-09-07T16:13:52.112183,1000,187,POST,/jobs,201,112.70569998305291
26,2026-09-07T16:13:52.112183,1000,188,POST,/jobs,201,112.8121999790892
26,2026-09-07T16:13:52.112183,1000,189,GET,/jobs,200,72.0873000100255
26,2026-09-07T16:13:52.112183,1000,190,GET,/jobs,200,70.07610006257892
26,2026-09-07T16:13:52.112183,1000,191,PUT,/jobs/1000,404,111.86409997753799
26,2026-09-07T16:13:52.112183,1000,192,DELETE,/jobs/002,404,81.923000048846
26,2026-09-07T16:13:52.112183,1000,193,GET,/jobs,200,73.134999955073
26,2026-09-07T16:13:52.112183,1000,194,DELETE,/jobs/002,404,78.81159998942167
26,2026-09-07T16:13:52.112183,1000,195,DELETE,/jobs/1000,404,99.62390002328902
26,2026-09-07T16:13:52.112183,1000,196,GET,/jobs/002,404,81.84819994494319
26,2026-09-07T16:13:52.112183,1000,197,GET,/jobs,200,72.07820005714893
26,2026-09-07T16:13:52.112183,1000,198,GET,/jobs/002,404,74.30030009709299
26,2026-09-07T16:13:52.112183,1000,199,POST,/jobs,201,111.28169996663928
26,2026-09-07T16:13:52.112183,1000,200,PUT,/jobs/1000,404,111.95310007315129
26,2026-09-07T16:13:52.112183,1000,201,POST,/jobs,201,111.09480005688965
26,2026-09-07T16:13:52.112183,1000,202,DELETE,/jobs/002,404,84.61160003207624
26,2026-09-07T16:13:52.112183,1000,203,DELETE,/jobs/1000,404,84.96989996638149
26,2026-09-07T16:13:52.112183,1000,204,GET,/jobs,200,83.91789998859167
26,2026-09-07T16:13:52.112183,1000,205,GET,/jobs/002,404,91.75570006482303
26,2026-09-07T16:13:52.112183,1000,206,GET,/jobs,200,89.85270000994205
26,2026-09-07T16:13:52.112183,1000,207,GET,/jobs,200,90.0591000681743
26,2026-09-07T16:13:52.112183,1000,208,DELETE,/jobs/002,404,96.49599995464087
26,2026-09-07T16:13:52.112183,1000,209,POST,/jobs,201,110.77859997749329
26,2026-09-07T16:13:52.112183,1000,210,DELETE,/jobs/002,404,95.64079996198416
26,2026-09-07T16:13:52.112183,1000,211,POST,/jobs,201,105.16859998460859
26,2026-09-07T16:13:52.112183,1000,212,POST,/jobs,201,106.16409999784082
26,2026-09-07T16:13:52.112183,1000,213,PUT,/jobs/002,404,107.68399992957711
26,2026-09-07T16:13:52.112183,1000,214,GET,/jobs,200,91.70650003943592
26,2026-09-07T16:13:52.112183,1000,215,GET,/jobs,200,90.66550002899021
26,2026-09-07T16:13:52.112183,1000,216,PUT,/jobs/002,404,107.98390000127256
26,2026-09-07T16:13:52.112183,1000,217,GET,/jobs,200,89.76220001932234
26,2026-09-07T16:13:52.112183,1000,218,GET,/jobs,200,101.16739990189672
26,2026-09-07T16:13:52.112183,1000,219,POST,/jobs,201,101.06959997210652
26,2026-09-07T16:13:52.112183,1000,220,GET,/jobs/1000,404,98.82349998224527
26,2026-09-07T16:13:52.112183,1000,221,POST,/jobs,201,99.93270004633814
26,2026-09-07T16:13:52.112183,1000,222,PUT,/jobs/1000,404,99.17230007704347
26,2026-09-07T16:13:52.112183,1000,223,PUT,/jobs/1000,404,100.39029992185533
26,2026-09-07T16:13:52.112183,1000,224,GET,/jobs,200,96.45259997341782
26,2026-09-07T16:13:52.112183,1000,225,GET,/jobs,200,94.23719998449087
26,2026-09-07T16:13:52.112183,1000,226,GET,/jobs,200,92.03070006333292
26,2026-09-07T16:13:52.112183,1000,227,GET,/jobs/1000,404,95.73760000057518
26,2026-09-07T16:13:52.112183,1000,228,GET,/jobs,200,94.25710001960397
26,2026-09-07T16:13:52.112183,1000,229,POST,/jobs,201,110.91899999883026
26,2026-09-07T16:13:52.112183,1000,230,DELETE,/jobs/002,404,94.31159996893257
26,2026-09-07T16:13:52.112183,1000,231,PUT,/jobs/001,200,106.98739998042583
26,2026-09-07T16:13:52.112183,1000,232,GET,/jobs,200,92.65400003641844
26,2026-09-07T16:13:52.112183,1000,233,POST,/jobs,201,109.76220003794879
26,2026-09-07T16:13:52.112183,1000,234,GET,/jobs,200,92.3911000136286
26,2026-09-07T16:13:52.112183,1000,235,POST,/jobs,201,121.41759996302426
26,2026-09-07T16:13:52.112183,1000,236,GET,/jobs/1000,404,93.79139996599406
26,2026-09-07T16:13:52.112183,1000,237,GET,/jobs,200,92.31360000558197
26,2026-09-07T16:13:52.112183,1000,238,POST,/jobs,201,110.36920000333339
26,2026-09-07T16:13:52.112183,1000,239,DELETE,/jobs/1000,404,94.37090007122606
26,2026-09-07T16:13:52.112183,1000,240,DELETE,/jobs/002,404,102.01729997061193
26,2026-09-07T16:13:52.112183,1000,241,GET,/jobs/001,200,127.39170005079359
26,2026-09-07T16:13:52.112183,1000,242,GET,/jobs/002,404,78.95350002218038
26,2026-09-07T16:13:52.112183,1000,243,GET,/jobs,200,74.39820002764463
26,2026-09-07T16:13:52.112183,1000,244,GET,/jobs/1000,404,90.09579999838024
26,2026-09-07T16:13:52.112183,1000,245,POST,/jobs,201,145.34109993837774
26,2026-09-07T16:13:52.112183,1000,246,PUT,/jobs/1000,404,139.95300000533462
26,2026-09-07T16:13:52.112183,1000,247,GET,/jobs/002,404,89.40719999372959
26,2026-09-07T16:13:52.112183,1000,248,GET,/jobs/1000,404,88.98229990154505
26,2026-09-07T16:13:52.112183,1000,249,GET,/jobs,200,74.70350002404302
26,2026-09-07T16:13:52.112183,1000,250,PUT,/jobs/001,200,138.86029995046556
26,2026-09-07T16:13:52.112183,1000,251,PUT,/jobs/001,200,137.97149993479252
26,2026-09-07T16:13:52.112183,1000,252,GET,/jobs/002,404,90.2934999903664
26,2026-09-07T16:13:52.112183,1000,253,POST,/jobs,201,147.80250005424023
26,2026-09-07T16:13:52.112183,1000,254,GET,/jobs/001,200,138.56779993511736
26,2026-09-07T16:13:52.112183,1000,255,GET,/jobs,200,86.97170007508248
26,2026-09-07T16:13:52.112183,1000,256,GET,/jobs/002,404,96.5224999235943
26,2026-09-07T16:13:52.112183,1000,257,POST,/jobs,201,143.49169994238764
26,2026-09-07T16:13:52.112183,1000,258,GET,/jobs,200,88.81490002386272
26,2026-09-07T16:13:52.112183,1000,259,POST,/jobs,201,142.33379997313023
26,2026-09-07T16:13:52.112183,1000,260,DELETE,/jobs/1000,404,90.54050000850111
26,2026-09-07T16:13:52.112183,1000,261,DELETE,/jobs/1000,404,95.84120009094477
26,2026-09-07T16:13:52.112183,1000,262,GET,/jobs,200,89.37189995776862
26,2026-09-07T16:13:52.112183,1000,263,GET,/jobs,200,86.49210003204644
26,2026-09-07T16:13:52.112183,1000,264,POST,/jobs,201,142.94099994003773
26,2026-09-07T16:13:52.112183,1000,265,DELETE,/jobs/1000,404,95.2574999537319
26,2026-09-07T16:13:52.112183,1000,266,GET,/jobs,200,87.92860002722591
26,2026-09-07T16:13:52.112183,1000,267,GET,/jobs,200,89.42289999686182
26,2026-09-07T16:13:52.112183,1000,268,DELETE,/jobs/1000,404,105.9057000093162
26,2026-09-07T16:13:52.112183,1000,269,POST,/jobs,201,146.05720003601164
26,2026-09-07T16:13:52.112183,1000,270,POST,/jobs,201,157.46809996198863
26,2026-09-07T16:13:52.112183,1000,271,DELETE,/jobs/002,404,104.59480003919452
26,2026-09-07T16:13:52.112183,1000,272,PUT,/jobs/1000,404,149.76850000675768
26,2026-09-07T16:13:52.112183,1000,273,GET,/jobs/002,404,102.69770002923906
26,2026-09-07T16:13:52.112183,1000,274,GET,/jobs,200,92.0378000009805
26,2026-09-07T16:13:52.112183,1000,275,PUT,/jobs/001,200,150.59599990490824
26,2026-09-07T16:13:52.112183,1000,276,DELETE,/jobs/002,404,101.95919999387115
26,2026-09-07T16:13:52.112183,1000,277,POST,/jobs,201,146.3335999287665
26,2026-09-07T16:13:52.112183,1000,278,GET,/jobs,200,90.21350007969886
26,2026-09-07T16:13:52.112183,1000,279,POST,/jobs,201,146.811299957335
26,2026-09-07T16:13:52.112183,1000,280,POST,/jobs,201,153.9332999382168
26,2026-09-07T16:13:52.112183,1000,281,GET,/jobs,200,97.19100000802428
26,2026-09-07T16:13:52.112183,1000,282,POST,/jobs,201,171.4513999177143
26,2026-09-07T16:13:52.112183,1000,283,POST,/jobs,201,166.91150004044175
26,2026-09-07T16:13:52.112183,1000,284,PUT,/jobs/002,404,153.13220000825822
26,2026-09-07T16:13:52.112183,1000,285,PUT,/jobs/1000,404,166.15489998366684
26,2026-09-07T16:13:52.112183,1000,286,POST,/jobs,201,151.30749996751547
26,2026-09-07T16:13:52.112183,1000,287,GET,/jobs/001,200,163.7797000585124
26,2026-09-07T16:13:52.112183,1000,288,PUT,/jobs/1000,404,167.33840003143996
26,2026-09-07T16:13:52.112183,1000,289,PUT,/jobs/1000,404,163.14720001537353
26,2026-09-07T16:13:52.112183,1000,290,GET,/jobs/1000,404,98.23380003217608
26,2026-09-07T16:13:52.112183,1000,291,DELETE,/jobs/1000,404,100.2271999605
26,2026-09-07T16:13:52.112183,1000,292,PUT,/jobs/1000,404,153.42240000609308
26,2026-09-07T16:13:52.112183,1000,293,GET,/jobs,200,93.64330000244081
26,2026-09-07T16:13:52.112183,1000,294,POST,/jobs,201,157.40289993118495
26,2026-09-07T16:13:52.112183,1000,295,GET,/jobs/002,404,96.60849999636412
26,2026-09-07T16:13:52.112183,1000,296,DELETE,/jobs/1000,404,98.92750007566065
26,2026-09-07T16:13:52.112183,1000,297,PUT,/jobs/002,404,157.7540000434965
26,2026-09-07T16:13:52.112183,1000,298,PUT,/jobs/1000,404,156.5835999790579
26,2026-09-07T16:13:52.112183,1000,299,GET,/jobs/1000,404,97.34630002640188
26,2026-09-07T16:13:52.112183,1000,300,PUT,/jobs/1000,404,157.26810006890446
26,2026-09-07T16:13:52.112183,1000,301,GET,/jobs/1000,404,95.88179993443191
26,2026-09-07T16:13:52.112183,1000,302,GET,/jobs,200,93.3954999782145
26,2026-09-07T16:13:52.112183,1000,303,POST,/jobs,201,156.85399994254112
26,2026-09-07T16:13:52.112183,1000,304,DELETE,/jobs/1000,404,97.9307999368757
26,2026-09-07T16:13:52.112183,1000,305,GET,/jobs,200,96.76340001169592
26,2026-09-07T16:13:52.112183,1000,306,GET,/jobs/1000,404,106.42700002063066
26,2026-09-07T16:13:52.112183,1000,307,POST,/jobs,201,153.61529996152967
26,2026-09-07T16:13:52.112183,1000,308,GET,/jobs/001,200,167.4362999619916
26,2026-09-07T16:13:52.112183,1000,309,GET,/jobs,200,105.66160001326352
26,2026-09-07T16:13:52.112183,1000,310,GET,/jobs,200,97.4414999363944
26,2026-09-07T16:13:52.112183,1000,311,GET,/jobs/002,404,108.2023000344634
26,2026-09-07T16:13:52.112183,1000,312,DELETE,/jobs/002,404,109.64169993530959
26,2026-09-07T16:13:52.112183,1000,313,PUT,/jobs/002,404,154.56900000572205
26,2026-09-07T16:13:52.112183,1000,314,DELETE,/jobs/002,404,107.03009995631874
26,2026-09-07T16:13:52.112183,1000,315,PUT,/jobs/002,404,155.51770001184195
26,2026-09-07T16:13:52.112183,1000,316,PUT,/jobs/001,200,151.060999953188
26,2026-09-07T16:13:52.112183,1000,317,GET,/jobs/1000,404,107.38440009299666
26,2026-09-07T16:13:52.112183,1000,318,GET,/jobs,200,96.697699977085
26,2026-09-07T16:13:52.112183,1000,319,GET,/jobs,200,106.20140004903078
26,2026-09-07T16:13:52.112183,1000,320,PUT,/jobs/001,200,154.58139998372644
26,2026-09-07T16:13:52.112183,1000,321,GET,/jobs/1000,404,111.48089997004718
26,2026-09-07T16:13:52.112183,1000,322,DELETE,/jobs/1000,404,106.43769998569041
26,2026-09-07T16:13:52.112183,1000,323,GET,/jobs,200,100.00129998661578
26,2026-09-07T16:13:52.112183,1000,324,DELETE,/jobs/002,404,108.65359997842461
26,2026-09-07T16:13:52.112183,1000,325,GET,/jobs,200,104.54790003132075
26,2026-09-07T16:13:52.112183,1000,326,PUT,/jobs/001,200,156.02080000098795
26,2026-09-07T16:13:52.112183,1000,327,PUT,/jobs/1000,404,154.8414999851957
26,2026-09-07T16:13:52.112183,1000,328,DELETE,/jobs/1000,404,108.20789996068925
26,2026-09-07T16:13:52.112183,1000,329,PUT,/jobs/1000,404,154.85799999441952
26,2026-09-07T16:13:52.112183,1000,330,DELETE,/jobs/1000,404,109.42809993866831
26,2026-09-07T16:13:52.112183,1000,331,DELETE,/jobs/1000,404,106.09070002101362
26,2026-09-07T16:13:52.112183,1000,332,GET,/jobs/1000,404,110.78460002318025
26,2026-09-07T16:13:52.112183,1000,333,PUT,/jobs/002,404,143.83989991620183
26,2026-09-07T16:13:52.112183,1000,334,POST,/jobs,201,147.09490002132952
26,2026-09-07T16:13:52.112183,1000,335,GET,/jobs/1000,404,115.45199993997812
26,2026-09-07T16:13:52.112183,1000,336,POST,/jobs,201,143.62700004130602
26,2026-09-07T16:13:52.112183,1000,337,DELETE,/jobs/1000,404,115.90079998131841
26,2026-09-07T16:13:52.112183,1000,338,GET,/jobs/002,404,108.60449995379895
26,2026-09-07T16:13:52.112183,1000,339,PUT,/jobs/001,200,159.2542000580579
26,2026-09-07T16:13:52.112183,1000,340,POST,/jobs,201,150.3596999682486
26,2026-09-07T16:13:52.112183,1000,341,POST,/jobs,201,163.38899999391288
26,2026-09-07T16:13:52.112183,1000,342,POST,/jobs,201,151.08909993432462
26,2026-09-07T16:13:52.112183,1000,343,GET,/jobs,200,92.17530000023544
26,2026-09-07T16:13:52.112183,1000,344,GET,/jobs/001,200,161.18179995100945
26,2026-09-07T16:13:52.112183,1000,345,GET,/jobs/002,404,100.1643999479711
26,2026-09-07T16:13:52.112183,1000,346,GET,/jobs/1000,404,99.90130004007369
26,2026-09-07T16:13:52.112183,1000,347,GET,/jobs/001,200,160.5930000077933
26,2026-09-07T16:13:52.112183,1000,348,PUT,/jobs/002,404,155.66179994493723
26,2026-09-07T16:13:52.112183,1000,349,POST,/jobs,201,168.90320007223636
26,2026-09-07T16:13:52.112183,1000,350,PUT,/jobs/002,404,170.3827999299392
26,2026-09-07T16:13:52.112183,1000,351,GET,/jobs,200,105.69220001343638
26,2026-09-07T16:13:52.112183,1000,352,GET,/jobs/002,404,107.64800000470132
26,2026-09-07T16:13:52.112183,1000,353,PUT,/jobs/1000,404,170.86059995926917
26,2026-09-07T16:13:52.112183,1000,354,GET,/jobs,200,95.22390004713088
26,2026-09-07T16:13:52.112183,1000,355,DELETE,/jobs/1000,404,106.48499999660999
26,2026-09-07T16:13:52.112183,1000,356,PUT,/jobs/001,200,161.62939998321235
26,2026-09-07T16:13:52.112183,1000,357,POST,/jobs,201,160.0295000243932
26,2026-09-07T16:13:52.112183,1000,358,PUT,/jobs/002,404,159.75370001979172
26,2026-09-07T16:13:52.112183,1000,359,DELETE,/jobs/002,404,96.23130003456026
26,2026-09-07T16:13:52.112183,1000,360,PUT,/jobs/001,200,159.1416000155732
26,2026-09-07T16:13:52.112183,1000,361,POST,/jobs,201,151.0896000545472
26,2026-09-07T16:13:52.112183,1000,362,PUT,/jobs/001,200,155.113699962385
26,2026-09-07T16:13:52.112183,1000,363,PUT,/jobs/002,404,153.3494999166578
26,2026-09-07T16:13:52.112183,1000,364,PUT,/jobs/1000,404,154.65779998339713
26,2026-09-07T16:13:52.112183,1000,365,GET,/jobs/002,404,93.72810006607324
26,2026-09-07T16:13:52.112183,1000,366,GET,/jobs/1000,404,95.16020002774894
26,2026-09-07T16:13:52.112183,1000,367,DELETE,/jobs/002,404,106.88990005291998
26,2026-09-07T16:13:52.112183,1000,368,PUT,/jobs/1000,404,154.138799989596
26,2026-09-07T16:13:52.112183,1000,369,DELETE,/jobs/002,404,96.49659995920956
26,2026-09-07T16:13:52.112183,1000,370,GET,/jobs,200,91.97960002347827
26,2026-09-07T16:13:52.112183,1000,371,PUT,/jobs/001,200,151.5338000608608
26,2026-09-07T16:13:52.112183,1000,372,PUT,/jobs/001,200,153.56110001448542
26,2026-09-07T16:13:52.112183,1000,373,GET,/jobs,200,101.1036999989301
26,2026-09-07T16:13:52.112183,1000,374,POST,/jobs,201,149.65360006317496
26,2026-09-07T16:13:52.112183,1000,375,POST,/jobs,201,148.51530001033098
26,2026-09-07T16:13:52.112183,1000,376,PUT,/jobs/002,404,158.72990002389997
26,2026-09-07T16:13:52.112183,1000,377,POST,/jobs,201,149.32029996998608
26,2026-09-07T16:13:52.112183,1000,378,PUT,/jobs/002,404,147.73590001277626
26,2026-09-07T16:13:52.112183,1000,379,PUT,/jobs/002,404,160.15569993760437
26,2026-09-07T16:13:52.112183,1000,380,GET,/jobs,200,91.944899992086
26,2026-09-07T16:13:52.112183,1000,381,PUT,/jobs/001,200,158.3414999768138
26,2026-09-07T16:13:52.112183,1000,382,DELETE,/jobs/002,404,109.93200005032122
26,2026-09-07T16:13:52.112183,1000,383,POST,/jobs,201,147.4125999957323
26,2026-09-07T16:13:52.112183,1000,384,GET,/jobs,200,91.40889998525381
26,2026-09-07T16:13:52.112183,1000,385,GET,/jobs,200,108.49730006884784
26,2026-09-07T16:13:52.112183,1000,386,GET,/jobs,200,94.1848000511527
26,2026-09-07T16:13:52.112183,1000,387,GET,/jobs/001,200,147.4142000079155
26,2026-09-07T16:13:52.112183,1000,388,GET,/jobs,200,98.84059999603778
26,2026-09-07T16:13:52.112183,1000,389,DELETE,/jobs/002,404,103.53520000353456
26,2026-09-07T16:13:52.112183,1000,390,GET,/jobs/001,200,149.86829995177686
26,2026-09-07T16:13:52.112183,1000,391,PUT,/jobs/1000,404,149.2199000203982
26,2026-09-07T16:13:52.112183,1000,392,GET,/jobs,200,94.15840008296072
26,2026-09-07T16:13:52.112183,1000,393,DELETE,/jobs/002,404,96.97880002204329
26,2026-09-07T16:13:52.112183,1000,394,PUT,/jobs/1000,404,150.47440002672374
26,2026-09-07T16:13:52.112183,1000,395,POST,/jobs,201,155.133799999021
26,2026-09-07T16:13:52.112183,1000,396,POST,/jobs,201,154.06099997926503
26,2026-09-07T16:13:52.112183,1000,397,DELETE,/jobs/002,404,98.33820001222193
26,2026-09-07T16:13:52.112183,1000,398,GET,/jobs/002,404,99.67599995434284
26,2026-09-07T16:13:52.112183,1000,399,GET,/jobs,200,97.31580002699047
26,2026-09-07T16:13:52.112183,1000,400,DELETE,/jobs/002,404,103.69320004247129
26,2026-09-07T16:13:52.112183,1000,401,POST,/jobs,201,154.60920007899404
26,2026-09-07T16:13:52.112183,1000,402,PUT,/jobs/002,404,168.44539996236563
26,2026-09-07T16:13:52.112183,1000,403,GET,/jobs/001,200,166.80800006724894
26,2026-09-07T16:13:52.112183,1000,404,DELETE,/jobs/002,404,105.17420002724975
26,2026-09-07T16:13:52.112183,1000,405,GET,/jobs,200,91.33409999776632
26,2026-09-07T16:13:52.112183,1000,406,POST,/jobs,201,169.4123001070693
26,2026-09-07T16:13:52.112183,1000,407,DELETE,/jobs/002,404,102.14920004364103
26,2026-09-07T16:13:52.112183,1000,408,DELETE,/jobs/002,404,99.88760005217046
26,2026-09-07T16:13:52.112183,1000,409,POST,/jobs,201,155.53270000964403
26,2026-09-07T16:13:52.112183,1000,410,PUT,/jobs/1000,404,167.14260005392134
26,2026-09-07T16:13:52.112183,1000,411,POST,/jobs,201,161.79660009220243
26,2026-09-07T16:13:52.112183,1000,412,DELETE,/jobs/1000,404,107.14610002469271
26,2026-09-07T16:13:52.112183,1000,413,GET,/jobs,200,98.6032000510022
26,2026-09-07T16:13:52.112183,1000,414,PUT,/jobs/002,404,165.70160002447665
26,2026-09-07T16:13:52.112183,1000,415,GET,/jobs,200,100.96139996312559
26,2026-09-07T16:13:52.112183,1000,416,PUT,/jobs/002,404,164.82980002183467
26,2026-09-07T16:13:52.112183,1000,417,PUT,/jobs/1000,404,170.01740005798638
26,2026-09-07T16:13:52.112183,1000,418,GET,/jobs/002,404,100.29720002785325
26,2026-09-07T16:13:52.112183,1000,419,GET,/jobs/1000,404,100.08969996124506
26,2026-09-07T16:13:52.112183,1000,420,DELETE,/jobs/1000,404,100.47830000985414
26,2026-09-07T16:13:52.112183,1000,421,DELETE,/jobs/1000,404,99.91029999218881
26,2026-09-07T16:13:52.112183,1000,422,PUT,/jobs/002,404,152.5916000828147
26,2026-09-07T16:13:52.112183,1000,423,DELETE,/jobs/1000,404,101.12030000891536
26,2026-09-07T16:13:52.112183,1000,424,POST,/jobs,201,151.47579996846616
26,2026-09-07T16:13:52.112183,1000,425,GET,/jobs/001,200,167.59620001539588
26,2026-09-07T16:13:52.112183,1000,426,POST,/jobs,201,153.00150006078184
26,2026-09-07T16:13:52.112183,1000,427,GET,/jobs/002,404,90.52019997034222
26,2026-09-07T16:13:52.112183,1000,428,DELETE,/jobs/1000,404,101.40180005691946
26,2026-09-07T16:13:52.112183,1000,429,POST,/jobs,201,168.78960002213717
26,2026-09-07T16:13:52.112183,1000,430,PUT,/jobs/002,404,170.10440002195537
26,2026-09-07T16:13:52.112183,1000,431,GET,/jobs/002,404,108.28379995655268
26,2026-09-07T16:13:52.112183,1000,432,GET,/jobs/002,404,108.00820006988943
26,2026-09-07T16:13:52.112183,1000,433,POST,/jobs,201,169.99059997033328
26,2026-09-07T16:13:52.112183,1000,434,POST,/jobs,201,169.21770002227277
26,2026-09-07T16:13:52.112183,1000,435,POST,/jobs,201,168.4437000658363
26,2026-09-07T16:13:52.112183,1000,436,GET,/jobs,200,107.17069997917861
26,2026-09-07T16:13:52.112183,1000,437,DELETE,/jobs/002,404,106.16130009293556
26,2026-09-07T16:13:52.112183,1000,438,GET,/jobs,200,104.6034999890253
26,2026-09-07T16:13:52.112183,1000,439,GET,/jobs/1000,404,105.53559998515993
26,2026-09-07T16:13:52.112183,1000,440,PUT,/jobs/002,404,157.75760007090867
26,2026-09-07T16:13:52.112183,1000,441,DELETE,/jobs/002,404,105.64329999033362
26,2026-09-07T16:13:52.112183,1000,442,PUT,/jobs/1000,404,157.1143000619486
26,2026-09-07T16:13:52.112183,1000,443,PUT,/jobs/002,404,162.99810004420578
26,2026-09-07T16:13:52.112183,1000,444,GET,/jobs,200,107.72139998152852
26,2026-09-07T16:13:52.112183,1000,445,GET,/jobs,200,101.61109990440309
26,2026-09-07T16:13:52.112183,1000,446,POST,/jobs,201,162.49780007638037
26,2026-09-07T16:13:52.112183,1000,447,PUT,/jobs/1000,404,164.07239995896816
26,2026-09-07T16:13:52.112183,1000,448,GET,/jobs/002,404,109.32960000354797
26,2026-09-07T16:13:52.112183,1000,449,DELETE,/jobs/1000,404,108.74230007175356
26,2026-09-07T16:13:52.112183,1000,450,PUT,/jobs/1000,404,159.74040003493428
26,2026-09-07T16:13:52.112183,1000,451,DELETE,/jobs/1000,404,108.38939994573593
26,2026-09-07T16:13:52.112183,1000,452,PUT,/jobs/1000,404,162.8572999034077
26,2026-09-07T16:13:52.112183,1000,453,DELETE,/jobs/1000,404,107.85259993281215
26,2026-09-07T16:13:52.112183,1000,454,POST,/jobs,201,160.3515000315383
26,2026-09-07T16:13:52.112183,1000,455,PUT,/jobs/002,404,160.91239999514073
26,2026-09-07T16:13:52.112183,1000,456,POST,/jobs,201,164.64410000480711
26,2026-09-07T16:13:52.112183,1000,457,GET,/jobs/001,200,163.65459992084652
26,2026-09-07T16:13:52.112183,1000,458,GET,/jobs/002,404,112.10839997511357
26,2026-09-07T16:13:52.112183,1000,459,GET,/jobs,200,104.9525000853464
26,2026-09-07T16:13:52.112183,1000,460,DELETE,/jobs/002,404,113.1537000183016
26,2026-09-07T16:13:52.112183,1000,461,GET,/jobs/001,200,164.3033999716863
26,2026-09-07T16:13:52.112183,1000,462,PUT,/jobs/002,404,153.65310001652688
26,2026-09-07T16:13:52.112183,1000,463,DELETE,/jobs/1000,404,114.29840000346303
26,2026-09-07T16:13:52.112183,1000,464,GET,/jobs,200,102.25630004424602
26,2026-09-07T16:13:52.112183,1000,465,GET,/jobs/002,404,115.71019992697984
26,2026-09-07T16:13:52.112183,1000,466,GET,/jobs/002,404,114.81780000030994
26,2026-09-07T16:13:52.112183,1000,467,GET,/jobs/002,404,113.95420006010681
26,2026-09-07T16:13:52.112183,1000,468,GET,/jobs,200,113.20060002617538
26,2026-09-07T16:13:52.112183,1000,469,DELETE,/jobs/002,404,111.24610004480928
26,2026-09-07T16:13:52.112183,1000,470,POST,/jobs,201,161.87089995946735
26,2026-09-07T16:13:52.112183,1000,471,GET,/jobs,200,112.44190006982535
26,2026-09-07T16:13:52.112183,1000,472,DELETE,/jobs/1000,404,109.61919999681413
26,2026-09-07T16:13:52.112183,1000,473,GET,/jobs/1000,404,113.03660005796701
26,2026-09-07T16:13:52.112183,1000,474,PUT,/jobs/001,200,156.999500002712
26,2026-09-07T16:13:52.112183,1000,475,GET,/jobs,200,111.90959997475147
26,2026-09-07T16:13:52.112183,1000,476,DELETE,/jobs/1000,404,112.92469990439713
26,2026-09-07T16:13:52.112183,1000,477,PUT,/jobs/002,404,159.89590005483478
26,2026-09-07T16:13:52.112183,1000,478,PUT,/jobs/002,404,161.3690999802202
26,2026-09-07T16:13:52.112183,1000,479,GET,/jobs/001,200,162.44989994447678
26,2026-09-07T16:13:52.112183,1000,480,POST,/jobs,201,155.50579992122948
26,2026-09-07T16:13:52.112183,1000,481,PUT,/jobs/001,200,160.42379999998957
26,2026-09-07T16:13:52.112183,1000,482,GET,/jobs,200,112.41389997303486
26,2026-09-07T16:13:52.112183,1000,483,PUT,/jobs/002,404,161.11220000311732
26,2026-09-07T16:13:52.112183,1000,484,GET,/jobs,200,96.40160005073994
26,2026-09-07T16:13:52.112183,1000,485,DELETE,/jobs/002,404,102.20710001885891
26,2026-09-07T16:13:52.112183,1000,486,GET,/jobs/001,200,151.4794999966398
26,2026-09-07T16:13:52.112183,1000,487,DELETE,/jobs/1000,404,103.83330006152391
26,2026-09-07T16:13:52.112183,1000,488,GET,/jobs,200,104.89509999752045
26,2026-09-07T16:13:52.112183,1000,489,GET,/jobs/001,200,154.43650004453957
26,2026-09-07T16:13:52.112183,1000,490,DELETE,/jobs/1000,404,102.28049999568611
26,2026-09-07T16:13:52.112183,1000,491,DELETE,/jobs/002,404,101.68159997556359
26,2026-09-07T16:13:52.112183,1000,492,DELETE,/jobs/1000,404,105.60969996731728
26,2026-09-07T16:13:52.112183,1000,493,PUT,/jobs/002,404,153.42500002589077
26,2026-09-07T16:13:52.112183,1000,494,POST,/jobs,201,156.54969995375723
26,2026-09-07T16:13:52.112183,1000,495,DELETE,/jobs/1000,404,106.56250000465661
26,2026-09-07T16:13:52.112183,1000,496,POST,/jobs,201,158.24549994431436
26,2026-09-07T16:13:52.112183,1000,497,DELETE,/jobs/002,404,102.95520001091063
26,2026-09-07T16:13:52.112183,1000,498,DELETE,/jobs/002,404,100.33679998014122
26,2026-09-07T16:13:52.112183,1000,499,GET,/jobs/1000,404,102.48419991694391
26,2026-09-07T16:13:52.112183,1000,500,GET,/jobs/002,404,107.42750007193536
26,2026-09-07T16:13:52.112183,1000,501,GET,/jobs,200,90.31010000035167
26,2026-09-07T16:13:52.112183,1000,502,GET,/jobs/001,200,149.00149998720735
26,2026-09-07T16:13:52.112183,1000,503,GET,/jobs/1000,404,92.50219992827624
26,2026-09-07T16:13:52.112183,1000,504,GET,/jobs,200,91.5341000072658
26,2026-09-07T16:13:52.112183,1000,505,GET,/jobs/001,200,148.6741000553593
26,2026-09-07T16:13:52.112183,1000,506,PUT,/jobs/002,404,134.7169999498874
26,2026-09-07T16:13:52.112183,1000,507,DELETE,/jobs/1000,404,96.29409993067384
26,2026-09-07T16:13:52.112183,1000,508,POST,/jobs,201,136.30879996344447
26,2026-09-07T16:13:52.112183,1000,509,GET,/jobs/002,404,95.10180004872382
26,2026-09-07T16:13:52.112183,1000,510,POST,/jobs,201,140.8229999942705
26,2026-09-07T16:13:52.112183,1000,511,PUT,/jobs/001,200,140.10119996964931
26,2026-09-07T16:13:52.112183,1000,512,GET,/jobs/002,404,92.85590006038547
26,2026-09-07T16:13:52.112183,1000,513,DELETE,/jobs/002,404,98.31699996721
26,2026-09-07T16:13:52.112183,1000,514,PUT,/jobs/001,200,146.63029997609556
26,2026-09-07T16:13:52.112183,1000,515,DELETE,/jobs/002,404,97.52359997946769
26,2026-09-07T16:13:52.112183,1000,516,GET,/jobs/002,404,95.9965999936685
26,2026-09-07T16:13:52.112183,1000,517,GET,/jobs/001,200,148.0225999839604
26,2026-09-07T16:13:52.112183,1000,518,GET,/jobs,200,95.26840003672987
26,2026-09-07T16:13:52.112183,1000,519,GET,/jobs/002,404,91.35970007628202
26,2026-09-07T16:13:52.112183,1000,520,DELETE,/jobs/1000,404,86.93810005206615
26,2026-09-07T16:13:52.112183,1000,521,PUT,/jobs/001,200,139.4094000570476
26,2026-09-07T16:13:52.112183,1000,522,PUT,/jobs/1000,404,137.7905000699684
26,2026-09-07T16:13:52.112183,1000,523,POST,/jobs,201,137.31899997219443
26,2026-09-07T16:13:52.112183,1000,524,PUT,/jobs/002,404,149.4869999587536
26,2026-09-07T16:13:52.112183,1000,525,DELETE,/jobs/1000,404,93.12959993258119
26,2026-09-07T16:13:52.112183,1000,526,PUT,/jobs/001,200,142.58420001715422
26,2026-09-07T16:13:52.112183,1000,527,DELETE,/jobs/002,404,93.58450002036989
26,2026-09-07T16:13:52.112183,1000,528,PUT,/jobs/1000,404,141.08129998203367
26,2026-09-07T16:13:52.112183,1000,529,POST,/jobs,201,144.15539999026805
26,2026-09-07T16:13:52.112183,1000,530,POST,/jobs,201,145.43689996935427
26,2026-09-07T16:13:52.112183,1000,531,GET,/jobs,200,78.85839999653399
26,2026-09-07T16:13:52.112183,1000,532,GET,/jobs/1000,404,91.11379995010793
26,2026-09-07T16:13:52.112183,1000,533,DELETE,/jobs/002,404,84.01760004926473
26,2026-09-07T16:13:52.112183,1000,534,POST,/jobs,201,144.83250002376735
26,2026-09-07T16:13:52.112183,1000,535,GET,/jobs,200,90.69389989599586
26,2026-09-07T16:13:52.112183,1000,536,GET,/jobs/002,404,96.46700008306652
26,2026-09-07T16:13:52.112183,1000,537,DELETE,/jobs/1000,404,93.20060000754893
26,2026-09-07T16:13:52.112183,1000,538,POST,/jobs,201,135.81599993631244
26,2026-09-07T16:13:52.112183,1000,539,DELETE,/jobs/1000,404,97.84469997975975
26,2026-09-07T16:13:52.112183,1000,540,PUT,/jobs/001,200,135.66249993164092
26,2026-09-07T16:13:52.112183,1000,541,PUT,/jobs/002,404,136.4604999544099
26,2026-09-07T16:13:52.112183,1000,542,PUT,/jobs/002,404,143.42929993290454
26,2026-09-07T16:13:52.112183,1000,543,POST,/jobs,201,141.9095000019297
26,2026-09-07T16:13:52.112183,1000,544,GET,/jobs,200,92.43269998114556
26,2026-09-07T16:13:52.112183,1000,545,GET,/jobs/002,404,93.10980001464486
26,2026-09-07T16:13:52.112183,1000,546,PUT,/jobs/1000,404,141.4852999150753
26,2026-09-07T16:13:52.112183,1000,547,PUT,/jobs/002,404,142.9230000358075
26,2026-09-07T16:13:52.112183,1000,548,PUT,/jobs/1000,404,142.24950002972037
26,2026-09-07T16:13:52.112183,1000,549,GET,/jobs,200,91.42419998534024
26,2026-09-07T16:13:52.112183,1000,550,PUT,/jobs/001,200,146.08149998821318
26,2026-09-07T16:13:52.112183,1000,551,POST,/jobs,201,139.84679989516735
26,2026-09-07T16:13:52.112183,1000,552,POST,/jobs,201,149.56930000334978
26,2026-09-07T16:13:52.112183,1000,553,PUT,/jobs/1000,404,140.75939997565
26,2026-09-07T16:13:52.112183,1000,554,GET,/jobs,200,92.21339994110167
26,2026-09-07T16:13:52.112183,1000,555,DELETE,/jobs/1000,404,95.04339995328337
26,2026-09-07T16:13:52.112183,1000,556,PUT,/jobs/001,200,144.6435000980273
26,2026-09-07T16:13:52.112183,1000,557,GET,/jobs/1000,404,95.70460009854287
26,2026-09-07T16:13:52.112183,1000,558,POST,/jobs,201,141.71120000537485
26,2026-09-07T16:13:52.112183,1000,559,PUT,/jobs/1000,404,140.89849998708814
26,2026-09-07T16:13:52.112183,1000,560,PUT,/jobs/001,200,140.25419997051358
26,2026-09-07T16:13:52.112183,1000,561,GET,/jobs/002,404,100.57480004616082
26,2026-09-07T16:13:52.112183,1000,562,DELETE,/jobs/002,404,98.5107000451535
26,2026-09-07T16:13:52.112183,1000,563,POST,/jobs,201,142.37210003193468
26,2026-09-07T16:13:52.112183,1000,564,PUT,/jobs/001,200,133.42480000574142
26,2026-09-07T16:13:52.112183,1000,565,GET,/jobs,200,86.73670003190637
26,2026-09-07T16:13:52.112183,1000,566,DELETE,/jobs/002,404,88.87220011092722
26,2026-09-07T16:13:52.112183,1000,567,GET,/jobs/002,404,89.89800000563264
26,2026-09-07T16:13:52.112183,1000,568,DELETE,/jobs/002,404,99.08650000579655
26,2026-09-07T16:13:52.112183,1000,569,DELETE,/jobs/1000,404,89.61979998275638
26,2026-09-07T16:13:52.112183,1000,570,GET,/jobs,200,83.44429999124259
26,2026-09-07T16:13:52.112183,1000,571,GET,/jobs/001,200,129.1108001023531
26,2026-09-07T16:13:52.112183,1000,572,PUT,/jobs/001,200,149.05859995633364
26,2026-09-07T16:13:52.112183,1000,573,GET,/jobs/002,404,94.05279997736216
26,2026-09-07T16:13:52.112183,1000,574,POST,/jobs,201,144.93279997259378
26,2026-09-07T16:13:52.112183,1000,575,POST,/jobs,201,147.74540008511394
26,2026-09-07T16:13:52.112183,1000,576,PUT,/jobs/002,404,144.30679997894913
26,2026-09-07T16:13:52.112183,1000,577,GET,/jobs/002,404,96.12520004156977
26,2026-09-07T16:13:52.112183,1000,578,DELETE,/jobs/002,404,97.16649993788451
26,2026-09-07T16:13:52.112183,1000,579,PUT,/jobs/001,200,147.13669999036938
26,2026-09-07T16:13:52.112183,1000,580,DELETE,/jobs/002,404,89.65330000501126
26,2026-09-07T16:13:52.112183,1000,581,GET,/jobs,200,88.27730000484735
26,2026-09-07T16:13:52.112183,1000,582,POST,/jobs,201,148.76269991509616
26,2026-09-07T16:13:52.112183,1000,583,PUT,/jobs/002,404,148.0520999757573
26,2026-09-07T16:13:52.112183,1000,584,DELETE,/jobs/1000,404,100.40070000104606
26,2026-09-07T16:13:52.112183,1000,585,GET,/jobs,200,88.99479999672621
26,2026-09-07T16:13:52.112183,1000,586,POST,/jobs,201,145.7315000006929
26,2026-09-07T16:13:52.112183,1000,587,POST,/jobs,201,148.67689996026456
26,2026-09-07T16:13:52.112183,1000,588,DELETE,/jobs/1000,404,87.52679999452084
26,2026-09-07T16:13:52.112183,1000,589,GET,/jobs/002,404,85.5945999501273
26,2026-09-07T16:13:52.112183,1000,590,DELETE,/jobs/1000,404,84.61380004882812
26,2026-09-07T16:13:52.112183,1000,591,POST,/jobs,201,139.4240000518039
26,2026-09-07T16:13:52.112183,1000,592,DELETE,/jobs/1000,404,87.27519994135946
26,2026-09-07T16:13:52.112183,1000,593,PUT,/jobs/002,404,136.95749989710748
26,2026-09-07T16:13:52.112183,1000,594,GET,/jobs/1000,404,85.05649992730469
26,2026-09-07T16:13:52.112183,1000,595,GET,/jobs/1000,404,96.90639993641526
26,2026-09-07T16:13:52.112183,1000,596,PUT,/jobs/001,200,143.89980002306402
26,2026-09-07T16:13:52.112183,1000,597,PUT,/jobs/001,200,158.88939995784312
26,2026-09-07T16:13:52.112183,1000,598,POST,/jobs,201,145.2314000343904
26,2026-09-07T16:13:52.112183,1000,599,PUT,/jobs/1000,404,144.7496999753639
26,2026-09-07T16:13:52.112183,1000,600,PUT,/jobs/002,404,159.10750010516495
26,2026-09-07T16:13:52.112183,1000,601,GET,/jobs/002,404,96.38130001258105
26,2026-09-07T16:13:52.112183,1000,602,GET,/jobs,200,95.20790004171431
26,2026-09-07T16:13:52.112183,1000,603,GET,/jobs/1000,404,96.54080006293952
26,2026-09-07T16:13:52.112183,1000,604,DELETE,/jobs/1000,404,95.96109995618463
26,2026-09-07T16:13:52.112183,1000,605,GET,/jobs,200,95.85349995177239
26,2026-09-07T16:13:52.112183,1000,606,PUT,/jobs/001,200,158.33209990523756
26,2026-09-07T16:13:52.112183,1000,607,DELETE,/jobs/1000,404,91.90520003903657
26,2026-09-07T16:13:52.112183,1000,608,GET,/jobs,200,91.27289999742061
26,2026-09-07T16:13:52.112183,1000,609,GET,/jobs/002,404,91.56590001657605
26,2026-09-07T16:13:52.112183,1000,610,GET,/jobs/001,200,154.13060004357249
26,2026-09-07T16:13:52.112183,1000,611,PUT,/jobs/002,404,151.23319998383522
26,2026-09-07T16:13:52.112183,1000,612,POST,/jobs,201,151.37040009722114
26,2026-09-07T16:13:52.112183,1000,613,PUT,/jobs/1000,404,152.0367000484839
26,2026-09-07T16:13:52.112183,1000,614,GET,/jobs,200,90.40819993242621
26,2026-09-07T16:13:52.112183,1000,615,POST,/jobs,201,152.9453000985086
26,2026-09-07T16:13:52.112183,1000,616,DELETE,/jobs/1000,404,100.19559995271266
26,2026-09-07T16:13:52.112183,1000,617,POST,/jobs,201,153.30369991715997
26,2026-09-07T16:13:52.112183,1000,618,PUT,/jobs/1000,404,152.1025999682024
26,2026-09-07T16:13:52.112183,1000,619,GET,/jobs,200,88.80030002910644
26,2026-09-07T16:13:52.112183,1000,620,DELETE,/jobs/002,404,92.07919996697456
26,2026-09-07T16:13:52.112183,1000,621,GET,/jobs/1000,404,94.13609991315752
26,2026-09-07T16:13:52.112183,1000,622,POST,/jobs,201,154.29400000721216
26,2026-09-07T16:13:52.112183,1000,623,GET,/jobs,200,97.6653000107035
26,2026-09-07T16:13:52.112183,1000,624,PUT,/jobs/001,200,164.22540007624775
26,2026-09-07T16:13:52.112183,1000,625,GET,/jobs,200,88.25359994079918
26,2026-09-07T16:13:52.112183,1000,626,PUT,/jobs/001,200,157.93460002169013
26,2026-09-07T16:13:52.112183,1000,627,POST,/jobs,201,151.1859999736771
26,2026-09-07T16:13:52.112183,1000,628,GET,/jobs,200,95.74540005996823
26,2026-09-07T16:13:52.112183,1000,629,POST,/jobs,201,156.41970001161098
26,2026-09-07T16:13:52.112183,1000,630,GET,/jobs,200,94.80129997245967
26,2026-09-07T16:13:52.112183,1000,631,POST,/jobs,201,156.92009998019785
26,2026-09-07T16:13:52.112183,1000,632,POST,/jobs,201,160.07470001932234
26,2026-09-07T16:13:52.112183,1000,633,GET,/jobs/001,200,159.82689999509603
26,2026-09-07T16:13:52.112183,1000,634,DELETE,/jobs/1000,404,107.28519991971552
26,2026-09-07T16:13:52.112183,1000,635,DELETE,/jobs/002,404,107.75719990488142
26,2026-09-07T16:13:52.112183,1000,636,GET,/jobs/001,200,158.57120009604841
26,2026-09-07T16:13:52.112183,1000,637,GET,/jobs,200,106.69739998411387
26,2026-09-07T16:13:52.112183,1000,638,DELETE,/jobs/1000,404,108.91959990840405
26,2026-09-07T16:13:52.112183,1000,639,DELETE,/jobs/002,404,121.6368000023067
26,2026-09-07T16:13:52.112183,1000,640,PUT,/jobs/1000,404,165.96999997273088
26,2026-09-07T16:13:52.112183,1000,641,GET,/jobs/001,200,184.2723999870941
26,2026-09-07T16:13:52.112183,1000,642,PUT,/jobs/1000,404,166.26670002005994
26,2026-09-07T16:13:52.112183,1000,643,POST,/jobs,201,169.99770002439618
26,2026-09-07T16:13:52.112183,1000,644,POST,/jobs,201,172.41339990869164
26,2026-09-07T16:13:52.112183,1000,645,GET,/jobs,200,115.1706000091508
26,2026-09-07T16:13:52.112183,1000,646,PUT,/jobs/002,404,171.0572000592947
26,2026-09-07T16:13:52.112183,1000,647,DELETE,/jobs/002,404,121.1111000739038
26,2026-09-07T16:13:52.112183,1000,648,GET,/jobs,200,111.808400019072
26,2026-09-07T16:13:52.112183,1000,649,PUT,/jobs/002,404,169.36649999115616
26,2026-09-07T16:13:52.112183,1000,650,DELETE,/jobs/1000,404,120.92809996102005
26,2026-09-07T16:13:52.112183,1000,651,PUT,/jobs/1000,404,179.82459999620914
26,2026-09-07T16:13:52.112183,1000,652,POST,/jobs,201,169.90209999494255
26,2026-09-07T16:13:52.112183,1000,653,POST,/jobs,201,173.24989999178797
26,2026-09-07T16:13:52.112183,1000,654,PUT,/jobs/002,404,178.89650003053248
26,2026-09-07T16:13:52.112183,1000,655,GET,/jobs,200,120.4645000398159
26,2026-09-07T16:13:52.112183,1000,656,GET,/jobs/002,404,102.38040005788207
26,2026-09-07T16:13:52.112183,1000,657,DELETE,/jobs/1000,404,112.0734999421984
26,2026-09-07T16:13:52.112183,1000,658,DELETE,/jobs/1000,404,104.41640007775277
26,2026-09-07T16:13:52.112183,1000,659,POST,/jobs,201,163.10749994590878
26,2026-09-07T16:13:52.112183,1000,660,PUT,/jobs/002,404,162.20100002828985
26,2026-09-07T16:13:52.112183,1000,661,GET,/jobs,200,100.59729998465627
26,2026-09-07T16:13:52.112183,1000,662,DELETE,/jobs/002,404,101.38630005531013
26,2026-09-07T16:13:52.112183,1000,663,DELETE,/jobs/1000,404,103.71650010347366
26,2026-09-07T16:13:52.112183,1000,664,POST,/jobs,201,162.65209997072816
26,2026-09-07T16:13:52.112183,1000,665,GET,/jobs/1000,404,111.05400009546429
26,2026-09-07T16:13:52.112183,1000,666,POST,/jobs,201,174.65870000887662
26,2026-09-07T16:13:52.112183,1000,667,GET,/jobs/1000,404,111.02940002456307
26,2026-09-07T16:13:52.112183,1000,668,POST,/jobs,201,173.03079995326698
26,2026-09-07T16:13:52.112183,1000,669,GET,/jobs/1000,404,111.16400000173599
26,2026-09-07T16:13:52.112183,1000,670,GET,/jobs,200,100.7144000614062
26,2026-09-07T16:13:52.112183,1000,671,GET,/jobs,200,105.0628999946639
26,2026-09-07T16:13:52.112183,1000,672,POST,/jobs,201,167.6263000117615
26,2026-09-07T16:13:52.112183,1000,673,PUT,/jobs/001,200,167.96280001290143
26,2026-09-07T16:13:52.112183,1000,674,DELETE,/jobs/1000,404,103.92889997456223
26,2026-09-07T16:13:52.112183,1000,675,GET,/jobs/001,200,162.3062000144273
26,2026-09-07T16:13:52.112183,1000,676,POST,/jobs,201,165.72699998505414
26,2026-09-07T16:13:52.112183,1000,677,PUT,/jobs/001,200,166.37120000086725
26,2026-09-07T16:13:52.112183,1000,678,GET,/jobs/001,200,162.7190998988226
26,2026-09-07T16:13:52.112183,1000,679,DELETE,/jobs/1000,404,102.2194999968633
26,2026-09-07T16:13:52.112183,1000,680,DELETE,/jobs/1000,404,104.81559997424483
26,2026-09-07T16:13:52.112183,1000,681,GET,/jobs/002,404,101.88069997821003
26,2026-09-07T16:13:52.112183,1000,682,PUT,/jobs/002,404,164.5271999295801
26,2026-09-07T16:13:52.112183,1000,683,POST,/jobs,201,171.65720008779317
26,2026-09-07T16:13:52.112183,1000,684,GET,/jobs,200,108.34390006493777
26,2026-09-07T16:13:52.112183,1000,685,PUT,/jobs/001,200,162.5478999922052
26,2026-09-07T16:13:52.112183,1000,686,GET,/jobs/001,200,177.19550000037998
26,2026-09-07T16:13:52.112183,1000,687,PUT,/jobs/1000,404,163.35809999145567
26,2026-09-07T16:13:52.112183,1000,688,POST,/jobs,201,164.27660000044852
26,2026-09-07T16:13:52.112183,1000,689,PUT,/jobs/001,200,163.61070005223155
26,2026-09-07T16:13:52.112183,1000,690,POST,/jobs,201,176.1986999772489
26,2026-09-07T16:13:52.112183,1000,691,GET,/jobs,200,120.37929997313768
26,2026-09-07T16:13:52.112183,1000,692,PUT,/jobs/002,404,176.6460998915136
26,2026-09-07T16:13:52.112183,1000,693,POST,/jobs,201,167.48029994778335
26,2026-09-07T16:13:52.112183,1000,694,PUT,/jobs/1000,404,173.91829995904118
26,2026-09-07T16:13:52.112183,1000,695,POST,/jobs,201,174.65739999897778
26,2026-09-07T16:13:52.112183,1000,696,GET,/jobs/002,404,123.10570001136512
26,2026-09-07T16:13:52.112183,1000,697,GET,/jobs,200,109.30230002850294
26,2026-09-07T16:13:52.112183,1000,698,DELETE,/jobs/1000,404,121.39689992181957
26,2026-09-07T16:13:52.112183,1000,699,DELETE,/jobs/002,404,122.51020001713187
26,2026-09-07T16:13:52.112183,1000,700,GET,/jobs,200,107.98309999518096
26,2026-09-07T16:13:52.112183,1000,701,PUT,/jobs/1000,404,177.91019997093827
26,2026-09-07T16:13:52.112183,1000,702,POST,/jobs,201,178.37910004891455
26,2026-09-07T16:13:52.112183,1000,703,PUT,/jobs/001,200,174.88279996905476
26,2026-09-07T16:13:52.112183,1000,704,GET,/jobs/001,200,177.34239995479584
26,2026-09-07T16:13:52.112183,1000,705,GET,/jobs,200,104.74919993430376
26,2026-09-07T16:13:52.112183,1000,706,POST,/jobs,201,165.83369998261333
26,2026-09-07T16:13:52.112183,1000,707,GET,/jobs,200,105.52680003456771
26,2026-09-07T16:13:52.112183,1000,708,GET,/jobs,200,103.95859996788204
26,2026-09-07T16:13:52.112183,1000,709,GET,/jobs/1000,404,102.79419994913042
26,2026-09-07T16:13:52.112183,1000,710,GET,/jobs/002,404,101.53450001962483
26,2026-09-07T16:13:52.112183,1000,711,PUT,/jobs/002,404,156.75379999447614
26,2026-09-07T16:13:52.112183,1000,712,DELETE,/jobs/1000,404,109.549600048922
26,2026-09-07T16:13:52.112183,1000,713,DELETE,/jobs/002,404,102.93099994305521
26,2026-09-07T16:13:52.112183,1000,714,PUT,/jobs/1000,404,155.9566999785602
26,2026-09-07T16:13:52.112183,1000,715,GET,/jobs,200,98.42310007661581
26,2026-09-07T16:13:52.112183,1000,716,PUT,/jobs/1000,404,164.7817000048235
26,2026-09-07T16:13:52.112183,1000,717,PUT,/jobs/002,404,173.9057000959292
26,2026-09-07T16:13:52.112183,1000,718,GET,/jobs,200,100.57930008042604
26,2026-09-07T16:13:52.112183,1000,719,POST,/jobs,201,174.12049998529255
26,2026-09-07T16:13:52.112183,1000,720,PUT,/jobs/002,404,165.3770999982953
26,2026-09-07T16:13:52.112183,1000,721,GET,/jobs/002,404,114.85140002332628
26,2026-09-07T16:13:52.112183,1000,722,GET,/jobs,200,110.24369997903705
26,2026-09-07T16:13:52.112183,1000,723,POST,/jobs,201,174.00050000287592
26,2026-09-07T16:13:52.112183,1000,724,POST,/jobs,201,163.458599941805
26,2026-09-07T16:13:52.112183,1000,725,PUT,/jobs/002,404,162.80669998377562
26,2026-09-07T16:13:52.112183,1000,726,GET,/jobs/001,200,181.68849998619407
26,2026-09-07T16:13:52.112183,1000,727,PUT,/jobs/001,200,179.5281000668183
26,2026-09-07T16:13:52.112183,1000,728,GET,/jobs/1000,404,113.18169999867678
26,2026-09-07T16:13:52.112183,1000,729,DELETE,/jobs/002,404,113.49040002096444
26,2026-09-07T16:13:52.112183,1000,730,GET,/jobs,200,104.64030003640801
26,2026-09-07T16:13:52.112183,1000,731,POST,/jobs,201,182.174599962309
26,2026-09-07T16:13:52.112183,1000,732,GET,/jobs/1000,404,105.67229997832328
26,2026-09-07T16:13:52.112183,1000,733,GET,/jobs/001,200,182.55010002758354
26,2026-09-07T16:13:52.112183,1000,734,DELETE,/jobs/002,404,106.29749996587634
26,2026-09-07T16:13:52.112183,1000,735,DELETE,/jobs/002,404,114.88859995733947
26,2026-09-07T16:13:52.112183,1000,736,GET,/jobs/002,404,116.6624000761658
26,2026-09-07T16:13:52.112183,1000,737,GET,/jobs/1000,404,115.11140002403408
26,2026-09-07T16:13:52.112183,1000,738,GET,/jobs,200,99.91620003711432
26,2026-09-07T16:13:52.112183,1000,739,POST,/jobs,201,174.03550003655255
26,2026-09-07T16:13:52.112183,1000,740,GET,/jobs/001,200,192.70499993581325
26,2026-09-07T16:13:52.112183,1000,741,DELETE,/jobs/1000,404,115.90659990906715
26,2026-09-07T16:13:52.112183,1000,742,GET,/jobs/001,200,193.8312000129372
26,2026-09-07T16:13:52.112183,1000,743,GET,/jobs,200,99.35399994719774
26,2026-09-07T16:13:52.112183,1000,744,GET,/jobs/001,200,193.51070001721382
26,2026-09-07T16:13:52.112183,1000,745,POST,/jobs,201,176.83100001886487
26,2026-09-07T16:13:52.112183,1000,746,GET,/jobs/1000,404,117.99039994366467
26,2026-09-07T16:13:52.112183,1000,747,POST,/jobs,201,175.79989996738732
26,2026-09-07T16:13:52.112183,1000,748,GET,/jobs/002,404,116.07260000891984
26,2026-09-07T16:13:52.112183,1000,749,GET,/jobs,200,111.7462000111118
26,2026-09-07T16:13:52.112183,1000,750,GET,/jobs/1000,404,111.87479994259775
26,2026-09-07T16:13:52.112183,1000,751,PUT,/jobs/1000,404,181.06649990659207
26,2026-09-07T16:13:52.112183,1000,752,GET,/jobs,200,110.2826000424102
26,2026-09-07T16:13:52.112183,1000,753,GET,/jobs,200,105.65449995920062
26,2026-09-07T16:13:52.112183,1000,754,PUT,/jobs/002,404,188.4749000892043
26,2026-09-07T16:13:52.112183,1000,755,POST,/jobs,201,187.5612000003457
26,2026-09-07T16:13:52.112183,1000,756,DELETE,/jobs/002,404,113.16920001991093
26,2026-09-07T16:13:52.112183,1000,757,PUT,/jobs/1000,404,188.7655999744311
26,2026-09-07T16:13:52.112183,1000,758,GET,/jobs/1000,404,111.23350006528199
26,2026-09-07T16:13:52.112183,1000,759,GET,/jobs,200,98.75530004501343
26,2026-09-07T16:13:52.112183,1000,760,DELETE,/jobs/1000,404,112.48190002515912
26,2026-09-07T16:13:52.112183,1000,761,PUT,/jobs/1000,404,205.79289994202554
26,2026-09-07T16:13:52.112183,1000,762,GET,/jobs,200,120.73409999720752
26,2026-09-07T16:13:52.112183,1000,763,GET,/jobs,200,122.22879996988922
26,2026-09-07T16:13:52.112183,1000,764,PUT,/jobs/002,404,207.47560006566346
26,2026-09-07T16:13:52.112183,1000,765,PUT,/jobs/1000,404,206.8433000240475
26,2026-09-07T16:13:52.112183,1000,766,GET,/jobs,200,121.25670001842082
26,2026-09-07T16:13:52.112183,1000,767,PUT,/jobs/1000,404,206.29010000266135
26,2026-09-07T16:13:52.112183,1000,768,PUT,/jobs/001,200,206.2336999224499
26,2026-09-07T16:13:52.112183,1000,769,GET,/jobs,200,110.34569994080812
26,2026-09-07T16:13:52.112183,1000,770,POST,/jobs,201,205.40480001363903
26,2026-09-07T16:13:52.112183,1000,771,GET,/jobs/001,200,192.8471999708563
26,2026-09-07T16:13:52.112183,1000,772,GET,/jobs/002,404,129.45690006017685
26,2026-09-07T16:13:52.112183,1000,773,DELETE,/jobs/1000,404,128.03729996085167
26,2026-09-07T16:13:52.112183,1000,774,PUT,/jobs/1000,404,193.25320003554225
26,2026-09-07T16:13:52.112183,1000,775,DELETE,/jobs/1000,404,112.82919999212027
26,2026-09-07T16:13:52.112183,1000,776,PUT,/jobs/1000,404,205.64860000740737
26,2026-09-07T16:13:52.112183,1000,777,DELETE,/jobs/1000,404,142.96720002312213
26,2026-09-07T16:13:52.112183,1000,778,GET,/jobs,200,141.53170003555715
26,2026-09-07T16:13:52.112183,1000,779,GET,/jobs,200,124.02490002568811
26,2026-09-07T16:13:52.112183,1000,780,DELETE,/jobs/002,404,142.2382000600919
26,2026-09-07T16:13:52.112183,1000,781,PUT,/jobs/002,404,200.90340008027852
26,2026-09-07T16:13:52.112183,1000,782,GET,/jobs/002,404,143.2444000383839
26,2026-09-07T16:13:52.112183,1000,783,POST,/jobs,201,202.37499999348074
26,2026-09-07T16:13:52.112183,1000,784,PUT,/jobs/002,404,204.02639999520034
26,2026-09-07T16:13:52.112183,1000,785,PUT,/jobs/1000,404,205.96709998790175
26,2026-09-07T16:13:52.112183,1000,786,GET,/jobs,200,142.76399998925626
26,2026-09-07T16:13:52.112183,1000,787,POST,/jobs,201,204.69759998377413
26,2026-09-07T16:13:52.112183,1000,788,POST,/jobs,201,209.32499994523823
26,2026-09-07T16:13:52.112183,1000,789,POST,/jobs,201,206.05189993511885
26,2026-09-07T16:13:52.112183,1000,790,GET,/jobs/1000,404,144.3618000485003
26,2026-09-07T16:13:52.112183,1000,791,PUT,/jobs/001,200,198.37819994427264
26,2026-09-07T16:13:52.112183,1000,792,GET,/jobs,200,136.96859998162836
26,2026-09-07T16:13:52.112183,1000,793,GET,/jobs,200,134.26950003486127
26,2026-09-07T16:13:52.112183,1000,794,GET,/jobs,200,143.81180005148053
26,2026-09-07T16:13:52.112183,1000,795,PUT,/jobs/001,200,199.88259999081492
26,2026-09-07T16:13:52.112183,1000,796,POST,/jobs,201,208.22799997404218
26,2026-09-07T16:13:52.112183,1000,797,GET,/jobs/1000,404,144.69939994160086
26,2026-09-07T16:13:52.112183,1000,798,GET,/jobs,200,126.51950004510581
26,2026-09-07T16:13:52.112183,1000,799,DELETE,/jobs/1000,404,141.75930002238601
26,2026-09-07T16:13:52.112183,1000,800,GET,/jobs,200,125.92279992531985
26,2026-09-07T16:13:52.112183,1000,801,PUT,/jobs/002,404,194.4502000696957
26,2026-09-07T16:13:52.112183,1000,802,PUT,/jobs/1000,404,195.16320002730936
26,2026-09-07T16:13:52.112183,1000,803,GET,/jobs,200,125.25379995349795
26,2026-09-07T16:13:52.112183,1000,804,POST,/jobs,201,206.68750000186265
26,2026-09-07T16:13:52.112183,1000,805,POST,/jobs,201,207.8824999043718
26,2026-09-07T16:13:52.112183,1000,806,GET,/jobs,200,136.73059991560876
26,2026-09-07T16:13:52.112183,1000,807,DELETE,/jobs/002,404,148.50160002242774
26,2026-09-07T16:13:52.112183,1000,808,GET,/jobs/1000,404,149.96780001092702
26,2026-09-07T16:13:52.112183,1000,809,PUT,/jobs/001,200,208.7535000173375
26,2026-09-07T16:13:52.112183,1000,810,GET,/jobs,200,138.32280004862696
26,2026-09-07T16:13:52.112183,1000,811,POST,/jobs,201,209.63430008850992
26,2026-09-07T16:13:52.112183,1000,812,DELETE,/jobs/1000,404,148.9407999906689
26,2026-09-07T16:13:52.112183,1000,813,GET,/jobs,200,149.14969995152205
26,2026-09-07T16:13:52.112183,1000,814,POST,/jobs,201,208.04640010464936
26,2026-09-07T16:13:52.112183,1000,815,GET,/jobs/002,404,150.94280010089278
26,2026-09-07T16:13:52.112183,1000,816,DELETE,/jobs/002,404,149.52289999928325
26,2026-09-07T16:13:52.112183,1000,817,DELETE,/jobs/1000,404,150.03539994359016
26,2026-09-07T16:13:52.112183,1000,818,GET,/jobs,200,130.0863999640569
26,2026-09-07T16:13:52.112183,1000,819,GET,/jobs/002,404,135.29909995850176
26,2026-09-07T16:13:52.112183,1000,820,POST,/jobs,201,183.48290002904832
26,2026-09-07T16:13:52.112183,1000,821,POST,/jobs,201,184.15789993014187
26,2026-09-07T16:13:52.112183,1000,822,GET,/jobs/001,200,196.2969999294728
26,2026-09-07T16:13:52.112183,1000,823,DELETE,/jobs/1000,404,136.04080001823604
26,2026-09-07T16:13:52.112183,1000,824,GET,/jobs,200,135.21149998996407
26,2026-09-07T16:13:52.112183,1000,825,GET,/jobs/1000,404,136.28450001124293
26,2026-09-07T16:13:52.112183,1000,826,GET,/jobs,200,117.1127000125125
26,2026-09-07T16:13:52.112183,1000,827,GET,/jobs,200,119.6440999628976
26,2026-09-07T16:13:52.112183,1000,828,DELETE,/jobs/002,404,129.59969998337328
26,2026-09-07T16:13:52.112183,1000,829,PUT,/jobs/002,404,178.85530006606132
26,2026-09-07T16:13:52.112183,1000,830,PUT,/jobs/002,404,177.28349997196347
26,2026-09-07T16:13:52.112183,1000,831,GET,/jobs/002,404,129.28879994433373
26,2026-09-07T16:13:52.112183,1000,832,POST,/jobs,201,177.22139996476471
26,2026-09-07T16:13:52.112183,1000,833,POST,/jobs,201,177.98370006494224
26,2026-09-07T16:13:52.112183,1000,834,DELETE,/jobs/002,404,116.69579998124391
26,2026-09-07T16:13:52.112183,1000,835,GET,/jobs,200,115.45869999099523
26,2026-09-07T16:13:52.112183,1000,836,GET,/jobs/001,200,168.70920010842383
26,2026-09-07T16:13:52.112183,1000,837,DELETE,/jobs/002,404,116.81709997355938
26,2026-09-07T16:13:52.112183,1000,838,GET,/jobs,200,115.4399000806734
26,2026-09-07T16:13:52.112183,1000,839,POST,/jobs,201,166.6195000289008
26,2026-09-07T16:13:52.112183,1000,840,PUT,/jobs/002,404,165.8257000381127
26,2026-09-07T16:13:52.112183,1000,841,DELETE,/jobs/1000,404,116.44060001708567
26,2026-09-07T16:13:52.112183,1000,842,PUT,/jobs/002,404,167.57669998332858
26,2026-09-07T16:13:52.112183,1000,843,GET,/jobs/1000,404,115.69739994592965
26,2026-09-07T16:13:52.112183,1000,844,GET,/jobs,200,114.05509989708662
26,2026-09-07T16:13:52.112183,1000,845,POST,/jobs,201,167.91379998903722
26,2026-09-07T16:13:52.112183,1000,846,GET,/jobs,200,112.17149998992682
26,2026-09-07T16:13:52.112183,1000,847,POST,/jobs,201,166.68749996460974
26,2026-09-07T16:13:52.112183,1000,848,DELETE,/jobs/1000,404,116.50899995584041
26,2026-09-07T16:13:52.112183,1000,849,DELETE,/jobs/1000,404,104.56210002303123
26,2026-09-07T16:13:52.112183,1000,850,GET,/jobs,200,97.1865999745205
26,2026-09-07T16:13:52.112183,1000,851,GET,/jobs/002,404,102.68289991654456
26,2026-09-07T16:13:52.112183,1000,852,DELETE,/jobs/002,404,99.1811000276357
26,2026-09-07T16:13:52.112183,1000,853,GET,/jobs,200,101.6938000684604
26,2026-09-07T16:13:52.112183,1000,854,GET,/jobs/002,404,97.97350002918392
26,2026-09-07T16:13:52.112183,1000,855,GET,/jobs/001,200,153.72059994842857
26,2026-09-07T16:13:52.112183,1000,856,POST,/jobs,201,149.05239990912378
26,2026-09-07T16:13:52.112183,1000,857,POST,/jobs,201,149.06660001724958
26,2026-09-07T16:13:52.112183,1000,858,GET,/jobs,200,96.88730002380908
26,2026-09-07T16:13:52.112183,1000,859,PUT,/jobs/1000,404,159.8877999931574
26,2026-09-07T16:13:52.112183,1000,860,PUT,/jobs/001,200,155.08390008471906
26,2026-09-07T16:13:52.112183,1000,861,GET,/jobs/002,404,106.32369993254542
26,2026-09-07T16:13:52.112183,1000,862,DELETE,/jobs/002,404,105.67159997299314
26,2026-09-07T16:13:52.112183,1000,863,DELETE,/jobs/1000,404,106.85460001695901
26,2026-09-07T16:13:52.112183,1000,864,GET,/jobs,200,100.72760004550219
26,2026-09-07T16:13:52.112183,1000,865,PUT,/jobs/1000,404,154.7298999503255
26,2026-09-07T16:13:52.112183,1000,866,GET,/jobs,200,96.10670001711696
26,2026-09-07T16:13:52.112183,1000,867,PUT,/jobs/001,200,161.4361999090761
26,2026-09-07T16:13:52.112183,1000,868,PUT,/jobs/001,200,160.1459999801591
26,2026-09-07T16:13:52.112183,1000,869,POST,/jobs,201,159.50169996358454
26,2026-09-07T16:13:52.112183,1000,870,PUT,/jobs/1000,404,163.00429997500032
26,2026-09-07T16:13:52.112183,1000,871,PUT,/jobs/1000,404,160.66459997091442
26,2026-09-07T16:13:52.112183,1000,872,PUT,/jobs/002,404,171.6999999480322
26,2026-09-07T16:13:52.112183,1000,873,GET,/jobs,200,100.75310000684112
26,2026-09-07T16:13:52.112183,1000,874,PUT,/jobs/001,200,160.1860000519082
26,2026-09-07T16:13:52.112183,1000,875,POST,/jobs,201,164.5653999876231
26,2026-09-07T16:13:52.112183,1000,876,DELETE,/jobs/1000,404,99.53310003038496
26,2026-09-07T16:13:52.112183,1000,877,POST,/jobs,201,167.09990007802844
26,2026-09-07T16:13:52.112183,1000,878,PUT,/jobs/001,200,166.4812999079004
26,2026-09-07T16:13:52.112183,1000,879,GET,/jobs/002,404,101.05870000552386
26,2026-09-07T16:13:52.112183,1000,880,DELETE,/jobs/1000,404,100.6739999866113
26,2026-09-07T16:13:52.112183,1000,881,DELETE,/jobs/002,404,98.18990004714578
26,2026-09-07T16:13:52.112183,1000,882,PUT,/jobs/002,404,167.6739000249654
26,2026-09-07T16:13:52.112183,1000,883,POST,/jobs,201,166.65959998499602
26,2026-09-07T16:13:52.112183,1000,884,POST,/jobs,201,165.17230006866157
26,2026-09-07T16:13:52.112183,1000,885,GET,/jobs/001,200,154.0159999858588
26,2026-09-07T16:13:52.112183,1000,886,DELETE,/jobs/002,404,87.1667000465095
26,2026-09-07T16:13:52.112183,1000,887,DELETE,/jobs/002,404,101.61529993638396
26,2026-09-07T16:13:52.112183,1000,888,POST,/jobs,201,168.81539998576045
26,2026-09-07T16:13:52.112183,1000,889,GET,/jobs/001,200,165.53210001438856
26,2026-09-07T16:13:52.112183,1000,890,GET,/jobs,200,97.18499996233732
26,2026-09-07T16:13:52.112183,1000,891,GET,/jobs/002,404,101.93010000512004
26,2026-09-07T16:13:52.112183,1000,892,GET,/jobs/001,200,168.69409999344498
26,2026-09-07T16:13:52.112183,1000,893,DELETE,/jobs/002,404,98.2425999827683
26,2026-09-07T16:13:52.112183,1000,894,GET,/jobs,200,104.1979999281466
26,2026-09-07T16:13:52.112183,1000,895,GET,/jobs/1000,404,111.62520002108067
26,2026-09-07T16:13:52.112183,1000,896,PUT,/jobs/002,404,175.85540004074574
26,2026-09-07T16:13:52.112183,1000,897,DELETE,/jobs/1000,404,107.77020000386983
26,2026-09-07T16:13:52.112183,1000,898,DELETE,/jobs/1000,404,107.60279989335686
26,2026-09-07T16:13:52.112183,1000,899,POST,/jobs,201,176.72400001902133
26,2026-09-07T16:13:52.112183,1000,900,PUT,/jobs/001,200,182.86499998066574
26,2026-09-07T16:13:52.112183,1000,901,PUT,/jobs/002,404,182.74359998758882
26,2026-09-07T16:13:52.112183,1000,902,POST,/jobs,201,180.65230001229793
26,2026-09-07T16:13:52.112183,1000,903,POST,/jobs,201,182.5872000772506
26,2026-09-07T16:13:52.112183,1000,904,GET,/jobs,200,105.286700068973
26,2026-09-07T16:13:52.112183,1000,905,POST,/jobs,201,184.48669998906553
26,2026-09-07T16:13:52.112183,1000,906,GET,/jobs,200,96.78390005137771
26,2026-09-07T16:13:52.112183,1000,907,POST,/jobs,201,186.20070000179112
26,2026-09-07T16:13:52.112183,1000,908,PUT,/jobs/001,200,183.81939991377294
26,2026-09-07T16:13:52.112183,1000,909,GET,/jobs,200,98.17740006837994
26,2026-09-07T16:13:52.112183,1000,910,POST,/jobs,201,183.33499995060265
26,2026-09-07T16:13:52.112183,1000,911,POST,/jobs,201,183.3212999626994
26,2026-09-07T16:13:52.112183,1000,912,GET,/jobs,200,96.86980000697076
26,2026-09-07T16:13:52.112183,1000,913,DELETE,/jobs/1000,404,107.34459990635514
26,2026-09-07T16:13:52.112183,1000,914,PUT,/jobs/1000,404,184.00949996430427
26,2026-09-07T16:13:52.112183,1000,915,DELETE,/jobs/002,404,107.58770001120865
26,2026-09-07T16:13:52.112183,1000,916,PUT,/jobs/1000,404,182.71079997066408
26,2026-09-07T16:13:52.112183,1000,917,GET,/jobs/002,404,99.35219993349165
26,2026-09-07T16:13:52.112183,1000,918,DELETE,/jobs/1000,404,107.88269992917776
26,2026-09-07T16:13:52.112183,1000,919,DELETE,/jobs/002,404,106.79819993674755
26,2026-09-07T16:13:52.112183,1000,920,GET,/jobs,200,101.51519998908043
26,2026-09-07T16:13:52.112183,1000,921,PUT,/jobs/001,200,178.09230007696897
26,2026-09-07T16:13:52.112183,1000,922,POST,/jobs,201,180.12349994387478
26,2026-09-07T16:13:52.112183,1000,923,GET,/jobs,200,107.47879999689758
26,2026-09-07T16:13:52.112183,1000,924,DELETE,/jobs/002,404,116.66909989435226
26,2026-09-07T16:13:52.112183,1000,925,GET,/jobs,200,108.4830000763759
26,2026-09-07T16:13:52.112183,1000,926,GET,/jobs/1000,404,115.25519995484501
26,2026-09-07T16:13:52.112183,1000,927,PUT,/jobs/002,404,180.7679000776261
26,2026-09-07T16:13:52.112183,1000,928,DELETE,/jobs/002,404,118.34050004836172
26,2026-09-07T16:13:52.112183,1000,929,POST,/jobs,201,180.21630006842315
26,2026-09-07T16:13:52.112183,1000,930,POST,/jobs,201,185.05490000825375
26,2026-09-07T16:13:52.112183,1000,931,PUT,/jobs/002,404,184.93089999537915
26,2026-09-07T16:13:52.112183,1000,932,DELETE,/jobs/002,404,132.78450001962483
26,2026-09-07T16:13:52.112183,1000,933,POST,/jobs,201,175.0050000846386
26,2026-09-07T16:13:52.112183,1000,934,POST,/jobs,201,179.75789995398372
26,2026-09-07T16:13:52.112183,1000,935,DELETE,/jobs/1000,404,135.30269998591393
26,2026-09-07T16:13:52.112183,1000,936,POST,/jobs,201,178.8916999939829
26,2026-09-07T16:13:52.112183,1000,937,DELETE,/jobs/002,404,133.74220009427518
26,2026-09-07T16:13:52.112183,1000,938,POST,/jobs,201,184.18050010222942
26,2026-09-07T16:13:52.112183,1000,939,DELETE,/jobs/002,404,128.25940002221614
26,2026-09-07T16:13:52.112183,1000,940,POST,/jobs,201,179.9580999650061
26,2026-09-07T16:13:52.112183,1000,941,PUT,/jobs/001,200,181.9835000205785
26,2026-09-07T16:13:52.112183,1000,942,DELETE,/jobs/002,404,127.29890004266053
26,2026-09-07T16:13:52.112183,1000,943,POST,/jobs,201,168.0936999619007
26,2026-09-07T16:13:52.112183,1000,944,PUT,/jobs/1000,404,169.24870002549142
26,2026-09-07T16:13:52.112183,1000,945,POST,/jobs,201,169.92000001482666
26,2026-09-07T16:13:52.112183,1000,946,GET,/jobs/1000,404,138.45520000904799
26,2026-09-07T16:13:52.112183,1000,947,DELETE,/jobs/002,404,136.38499996159226
26,2026-09-07T16:13:52.112183,1000,948,PUT,/jobs/1000,404,169.59409997798502
26,2026-09-07T16:13:52.112183,1000,949,POST,/jobs,201,171.49660002905875
26,2026-09-07T16:13:52.112183,1000,950,POST,/jobs,201,166.38090007472783
26,2026-09-07T16:13:52.112183,1000,951,GET,/jobs/001,200,167.89219994097948
26,2026-09-07T16:13:52.112183,1000,952,POST,/jobs,201,167.07289998885244
26,2026-09-07T16:13:52.112183,1000,953,PUT,/jobs/001,200,160.8801999827847
26,2026-09-07T16:13:52.112183,1000,954,GET,/jobs/001,200,161.42959997523576
26,2026-09-07T16:13:52.112183,1000,955,GET,/jobs/001,200,162.22519997972995
26,2026-09-07T16:13:52.112183,1000,956,POST,/jobs,201,163.02390000782907
26,2026-09-07T16:13:52.112183,1000,957,GET,/jobs,200,121.7961999354884
26,2026-09-07T16:13:52.112183,1000,958,DELETE,/jobs/002,404,123.10930003877729
26,2026-09-07T16:13:52.112183,1000,959,POST,/jobs,201,152.44049998000264
26,2026-09-07T16:13:52.112183,1000,960,DELETE,/jobs/002,404,117.55760002415627
26,2026-09-07T16:13:52.112183,1000,961,DELETE,/jobs/1000,404,116.17789999581873
26,2026-09-07T16:13:52.112183,1000,962,GET,/jobs/001,200,153.47520005889237
26,2026-09-07T16:13:52.112183,1000,963,GET,/jobs/1000,404,117.49860004056245
26,2026-09-07T16:13:52.112183,1000,964,DELETE,/jobs/002,404,116.17069994099438
26,2026-09-07T16:13:52.112183,1000,965,PUT,/jobs/001,200,154.79469997808337
26,2026-09-07T16:13:52.112183,1000,966,PUT,/jobs/002,404,153.8855000399053
26,2026-09-07T16:13:52.112183,1000,967,GET,/jobs/002,404,116.77920003421605
26,2026-09-07T16:13:52.112183,1000,968,DELETE,/jobs/1000,404,119.02639991603792
26,2026-09-07T16:13:52.112183,1000,969,PUT,/jobs/001,200,154.11300002597272
26,2026-09-07T16:13:52.112183,1000,970,DELETE,/jobs/002,404,101.27900005318224
26,2026-09-07T16:13:52.112183,1000,971,POST,/jobs,201,132.10339995566756
26,2026-09-07T16:13:52.112183,1000,972,PUT,/jobs/001,200,133.26529995538294
26,2026-09-07T16:13:52.112183,1000,973,POST,/jobs,201,122.48480005655438
26,2026-09-07T16:13:52.112183,1000,974,DELETE,/jobs/1000,404,94.12479994352907
26,2026-09-07T16:13:52.112183,1000,975,PUT,/jobs/002,404,122.60879995301366
26,2026-09-07T16:13:52.112183,1000,976,PUT,/jobs/1000,404,122.46520002372563
26,2026-09-07T16:13:52.112183,1000,977,DELETE,/jobs/1000,404,99.31929991580546
26,2026-09-07T16:13:52.112183,1000,978,GET,/jobs/001,200,112.14979994110763
26,2026-09-07T16:13:52.112183,1000,979,DELETE,/jobs/002,404,101.43740009516478
26,2026-09-07T16:13:52.112183,1000,980,POST,/jobs,201,109.38829998485744
26,2026-09-07T16:13:52.112183,1000,981,PUT,/jobs/002,404,110.522500006482
26,2026-09-07T16:13:52.112183,1000,982,DELETE,/jobs/002,404,94.74999993108213
26,2026-09-07T16:13:52.112183,1000,983,DELETE,/jobs/002,404,96.32470004726201
26,2026-09-07T16:13:52.112183,1000,984,POST,/jobs,201,111.08389997389168
26,2026-09-07T16:13:52.112183,1000,985,GET,/jobs/002,404,98.58420002274215
26,2026-09-07T16:13:52.112183,1000,986,PUT,/jobs/1000,404,110.0435999687761
26,2026-09-07T16:13:52.112183,1000,987,GET,/jobs/002,404,94.00350006762892
26,2026-09-07T16:13:52.112183,1000,988,GET,/jobs,200,92.9751000367105
26,2026-09-07T16:13:52.112183,1000,989,GET,/jobs/002,404,66.80270005017519
26,2026-09-07T16:13:52.112183,1000,990,POST,/jobs,201,79.2609000345692
26,2026-09-07T16:13:52.112183,1000,991,PUT,/jobs/001,200,84.39500001259148
26,2026-09-07T16:13:52.112183,1000,992,PUT,/jobs/1000,404,83.96379998885095
26,2026-09-07T16:13:52.112183,1000,993,POST,/jobs,201,82.91610004380345
26,2026-09-07T16:13:52.112183,1000,994,PUT,/jobs/001,200,79.35309992171824
26,2026-09-07T16:13:52.112183,1000,995,POST,/jobs,201,79.66470008250326
26,2026-09-07T16:13:52.112183,1000,996,GET,/jobs,200,70.68640005309135
26,2026-09-07T16:13:52.112183,1000,997,POST,/jobs,201,83.66410003509372
26,2026-09-07T16:13:52.112183,1000,998,POST,/jobs,201,83.72889994643629
26,2026-09-07T16:13:52.112183,1000,999,GET,/jobs/001,200,80.43480000924319
26,2026-09-07T16:13:52.112183,1000,1000,GET,/jobs,200,69.68860002234578
27,2026-09-07T16:13:54.089218,1000,1,GET,/jobs,200,39.824900100938976
27,2026-09-07T16:13:54.089218,1000,2,GET,/jobs,200,38.27890008687973
27,2026-09-07T16:13:54.089218,1000,3,POST,/jobs,201,117.07159993238747
27,2026-09-07T16:13:54.089218,1000,4,GET,/jobs/001,200,96.11090004909784
27,2026-09-07T16:13:54.089218,1000,5,GET,/jobs,200,43.346800026483834
27,2026-09-07T16:13:54.089218,1000,6,DELETE,/jobs/002,200,45.486200018785894
27,2026-09-07T16:13:54.089218,1000,7,DELETE,/jobs/1000,404,53.586099995300174
27,2026-09-07T16:13:54.089218,1000,8,GET,/jobs,200,49.3899000575766
27,2026-09-07T16:13:54.089218,1000,9,GET,/jobs,200,47.624099999666214
27,2026-09-07T16:13:54.089218,1000,10,GET,/jobs,200,48.44450007658452
27,2026-09-07T16:13:54.089218,1000,11,GET,/jobs/001,200,105.44680000748485
27,2026-09-07T16:13:54.089218,1000,12,DELETE,/jobs/002,404,51.479100016877055
27,2026-09-07T16:13:54.089218,1000,13,DELETE,/jobs/002,404,49.923400045372546
27,2026-09-07T16:13:54.089218,1000,14,DELETE,/jobs/1000,404,49.576499965041876
27,2026-09-07T16:13:54.089218,1000,15,GET,/jobs/002,404,48.98620001040399
27,2026-09-07T16:13:54.089218,1000,16,DELETE,/jobs/1000,404,52.19720001332462
27,2026-09-07T16:13:54.089218,1000,17,GET,/jobs,200,47.41579992696643
27,2026-09-07T16:13:54.089218,1000,18,GET,/jobs/1000,404,51.05919996276498
27,2026-09-07T16:13:54.089218,1000,19,PUT,/jobs/002,404,110.06209999322891
27,2026-09-07T16:13:54.089218,1000,20,POST,/jobs,201,105.51200003828853
27,2026-09-07T16:13:54.089218,1000,21,GET,/jobs/002,404,62.63469997793436
27,2026-09-07T16:13:54.089218,1000,22,GET,/jobs,200,49.363199970684946
27,2026-09-07T16:13:54.089218,1000,23,GET,/jobs,200,48.63209999166429
27,2026-09-07T16:13:54.089218,1000,24,PUT,/jobs/001,200,106.04470001999289
27,2026-09-07T16:13:54.089218,1000,25,POST,/jobs,201,98.40529994107783
27,2026-09-07T16:13:54.089218,1000,26,POST,/jobs,201,104.11720001138747
27,2026-09-07T16:13:54.089218,1000,27,POST,/jobs,201,101.98669997043908
27,2026-09-07T16:13:54.089218,1000,28,GET,/jobs,200,45.85410002619028
27,2026-09-07T16:13:54.089218,1000,29,PUT,/jobs/1000,404,103.43949997331947
27,2026-09-07T16:13:54.089218,1000,30,GET,/jobs,200,49.021400045603514
27,2026-09-07T16:13:54.089218,1000,31,PUT,/jobs/001,200,100.77150003053248
27,2026-09-07T16:13:54.089218,1000,32,DELETE,/jobs/1000,404,60.24010002147406
27,2026-09-07T16:13:54.089218,1000,33,DELETE,/jobs/1000,404,49.44069997873157
27,2026-09-07T16:13:54.089218,1000,34,DELETE,/jobs/002,404,55.6528999004513
27,2026-09-07T16:13:54.089218,1000,35,GET,/jobs,200,46.23550001997501
27,2026-09-07T16:13:54.089218,1000,36,GET,/jobs,200,44.970600050874054
27,2026-09-07T16:13:54.089218,1000,37,GET,/jobs/002,404,63.33589996211231
27,2026-09-07T16:13:54.089218,1000,38,GET,/jobs,200,61.68190005701035
27,2026-09-07T16:13:54.089218,1000,39,GET,/jobs/001,200,102.40660002455115
27,2026-09-07T16:13:54.089218,1000,40,PUT,/jobs/002,404,96.35400003753603
27,2026-09-07T16:13:54.089218,1000,41,PUT,/jobs/1000,404,95.16879997681826
27,2026-09-07T16:13:54.089218,1000,42,POST,/jobs,201,95.70970002096146
27,2026-09-07T16:13:54.089218,1000,43,POST,/jobs,201,100.02820007503033
27,2026-09-07T16:13:54.089218,1000,44,GET,/jobs/1000,404,61.62010005209595
27,2026-09-07T16:13:54.089218,1000,45,POST,/jobs,201,105.05170002579689
27,2026-09-07T16:13:54.089218,1000,46,GET,/jobs,200,58.627899968996644
27,2026-09-07T16:13:54.089218,1000,47,DELETE,/jobs/002,404,65.7999999821186
27,2026-09-07T16:13:54.089218,1000,48,DELETE,/jobs/002,404,64.55619994085282
27,2026-09-07T16:13:54.089218,1000,49,GET,/jobs/002,404,66.32800004445016
27,2026-09-07T16:13:54.089218,1000,50,PUT,/jobs/002,404,100.12109996750951
27,2026-09-07T16:13:54.089218,1000,51,DELETE,/jobs/002,404,61.64410000201315
27,2026-09-07T16:13:54.089218,1000,52,POST,/jobs,201,98.48150005564094
27,2026-09-07T16:13:54.089218,1000,53,GET,/jobs,200,60.43409998528659
27,2026-09-07T16:13:54.089218,1000,54,GET,/jobs/001,200,101.66100005153567
27,2026-09-07T16:13:54.089218,1000,55,POST,/jobs,201,95.39330005645752
27,2026-09-07T16:13:54.089218,1000,56,POST,/jobs,201,95.116600045003
27,2026-09-07T16:13:54.089218,1000,57,GET,/jobs/1000,404,64.11690008826554
27,2026-09-07T16:13:54.089218,1000,58,POST,/jobs,201,94.06270005274564
27,2026-09-07T16:13:54.089218,1000,59,PUT,/jobs/002,404,99.91669992450625
27,2026-09-07T16:13:54.089218,1000,60,PUT,/jobs/001,200,95.83639993797988
27,2026-09-07T16:13:54.089218,1000,61,POST,/jobs,201,99.79950007982552
27,2026-09-07T16:13:54.089218,1000,62,GET,/jobs/1000,404,64.23330004326999
27,2026-09-07T16:13:54.089218,1000,63,DELETE,/jobs/1000,404,65.11079997289926
27,2026-09-07T16:13:54.089218,1000,64,DELETE,/jobs/1000,404,54.75529993418604
27,2026-09-07T16:13:54.089218,1000,65,DELETE,/jobs/1000,404,63.01439995877445
27,2026-09-07T16:13:54.089218,1000,66,POST,/jobs,201,96.2769000325352
27,2026-09-07T16:13:54.089218,1000,67,GET,/jobs/1000,404,64.1745999455452
27,2026-09-07T16:13:54.089218,1000,68,PUT,/jobs/001,200,96.0039000492543
27,2026-09-07T16:13:54.089218,1000,69,GET,/jobs,200,63.059199950657785
27,2026-09-07T16:13:54.089218,1000,70,GET,/jobs,200,61.21390010230243
27,2026-09-07T16:13:54.089218,1000,71,GET,/jobs/1000,404,64.10159997176379
27,2026-09-07T16:13:54.089218,1000,72,GET,/jobs/1000,404,66.38059997931123
27,2026-09-07T16:13:54.089218,1000,73,PUT,/jobs/1000,404,97.491699969396
27,2026-09-07T16:13:54.089218,1000,74,GET,/jobs,200,48.947100061923265
27,2026-09-07T16:13:54.089218,1000,75,PUT,/jobs/002,404,94.6496999822557
27,2026-09-07T16:13:54.089218,1000,76,DELETE,/jobs/1000,404,66.30770000629127
27,2026-09-07T16:13:54.089218,1000,77,DELETE,/jobs/1000,404,65.6131999567151
27,2026-09-07T16:13:54.089218,1000,78,DELETE,/jobs/002,404,63.46269999630749
27,2026-09-07T16:13:54.089218,1000,79,GET,/jobs,200,52.94550000689924
27,2026-09-07T16:13:54.089218,1000,80,DELETE,/jobs/1000,404,58.74989996664226
27,2026-09-07T16:13:54.089218,1000,81,POST,/jobs,201,96.71079996041954
27,2026-09-07T16:13:54.089218,1000,82,POST,/jobs,201,92.98980003222823
27,2026-09-07T16:13:54.089218,1000,83,GET,/jobs/002,404,64.78959997184575
27,2026-09-07T16:13:54.089218,1000,84,GET,/jobs,200,60.70459994953126
27,2026-09-07T16:13:54.089218,1000,85,POST,/jobs,201,98.72380003798753
27,2026-09-07T16:13:54.089218,1000,86,GET,/jobs/1000,404,64.69489994924515
27,2026-09-07T16:13:54.089218,1000,87,GET,/jobs,200,65.11650001630187
27,2026-09-07T16:13:54.089218,1000,88,POST,/jobs,201,98.09770004358143
27,2026-09-07T16:13:54.089218,1000,89,DELETE,/jobs/002,404,52.840299904346466
27,2026-09-07T16:13:54.089218,1000,90,GET,/jobs/002,404,65.28470001649112
27,2026-09-07T16:13:54.089218,1000,91,GET,/jobs/1000,404,81.80980000179261
27,2026-09-07T16:13:54.089218,1000,92,DELETE,/jobs/002,404,65.00219996087253
27,2026-09-07T16:13:54.089218,1000,93,DELETE,/jobs/1000,404,79.57020006142557
27,2026-09-07T16:13:54.089218,1000,94,PUT,/jobs/001,200,94.40830000676215
27,2026-09-07T16:13:54.089218,1000,95,GET,/jobs,200,74.25419997889549
27,2026-09-07T16:13:54.089218,1000,96,POST,/jobs,201,97.44139993563294
27,2026-09-07T16:13:54.089218,1000,97,POST,/jobs,201,96.80379997007549
27,2026-09-07T16:13:54.089218,1000,98,GET,/jobs,200,65.72179996874183
27,2026-09-07T16:13:54.089218,1000,99,GET,/jobs/1000,404,65.13650005217642
27,2026-09-07T16:13:54.089218,1000,100,GET,/jobs,200,74.42069996614009
27,2026-09-07T16:13:54.089218,1000,101,GET,/jobs,200,83.04150006733835
27,2026-09-07T16:13:54.089218,1000,102,PUT,/jobs/001,200,110.60390004422516
27,2026-09-07T16:13:54.089218,1000,103,DELETE,/jobs/002,404,88.071099948138
27,2026-09-07T16:13:54.089218,1000,104,GET,/jobs/1000,404,82.52190006896853
27,2026-09-07T16:13:54.089218,1000,105,PUT,/jobs/1000,404,128.99750005453825
27,2026-09-07T16:13:54.089218,1000,106,GET,/jobs/002,404,88.76920002512634
27,2026-09-07T16:13:54.089218,1000,107,DELETE,/jobs/1000,404,89.88850004971027
27,2026-09-07T16:13:54.089218,1000,108,GET,/jobs/1000,404,90.84960003383458
27,2026-09-07T16:13:54.089218,1000,109,GET,/jobs/1000,404,90.09339998010546
27,2026-09-07T16:13:54.089218,1000,110,POST,/jobs,201,132.69210001453757
27,2026-09-07T16:13:54.089218,1000,111,POST,/jobs,201,122.01420008204877
27,2026-09-07T16:13:54.089218,1000,112,DELETE,/jobs/1000,404,70.77140000183135
27,2026-09-07T16:13:54.089218,1000,113,GET,/jobs,200,74.22619999852031
27,2026-09-07T16:13:54.089218,1000,114,GET,/jobs/001,200,122.77020001783967
27,2026-09-07T16:13:54.089218,1000,115,GET,/jobs,200,73.79019993823022
27,2026-09-07T16:13:54.089218,1000,116,POST,/jobs,201,121.73630006145686
27,2026-09-07T16:13:54.089218,1000,117,DELETE,/jobs/002,404,75.14560001436621
27,2026-09-07T16:13:54.089218,1000,118,DELETE,/jobs/002,404,74.24230000469834
27,2026-09-07T16:13:54.089218,1000,119,GET,/jobs,200,75.77080000191927
27,2026-09-07T16:13:54.089218,1000,120,GET,/jobs,200,70.9900000365451
27,2026-09-07T16:13:54.089218,1000,121,GET,/jobs,200,74.47150000371039
27,2026-09-07T16:13:54.089218,1000,122,GET,/jobs/001,200,123.77429998014122
27,2026-09-07T16:13:54.089218,1000,123,GET,/jobs,200,71.12740003503859
27,2026-09-07T16:13:54.089218,1000,124,POST,/jobs,201,127.17330001760274
27,2026-09-07T16:13:54.089218,1000,125,DELETE,/jobs/002,404,89.50400003232062
27,2026-09-07T16:13:54.089218,1000,126,POST,/jobs,201,134.22350003384054
27,2026-09-07T16:13:54.089218,1000,127,PUT,/jobs/001,200,128.96779994480312
27,2026-09-07T16:13:54.089218,1000,128,DELETE,/jobs/002,404,91.4466999238357
27,2026-09-07T16:13:54.089218,1000,129,DELETE,/jobs/1000,404,87.03920000698417
27,2026-09-07T16:13:54.089218,1000,130,GET,/jobs/002,404,88.45319994725287
27,2026-09-07T16:13:54.089218,1000,131,PUT,/jobs/001,200,126.80840003304183
27,2026-09-07T16:13:54.089218,1000,132,GET,/jobs,200,86.4786000456661
27,2026-09-07T16:13:54.089218,1000,133,GET,/jobs,200,85.39419993758202
27,2026-09-07T16:13:54.089218,1000,134,PUT,/jobs/002,404,127.3748999228701
27,2026-09-07T16:13:54.089218,1000,135,PUT,/jobs/002,404,121.81289994623512
27,2026-09-07T16:13:54.089218,1000,136,PUT,/jobs/1000,404,122.696099919267
27,2026-09-07T16:13:54.089218,1000,137,GET,/jobs,200,80.19260002765805
27,2026-09-07T16:13:54.089218,1000,138,GET,/jobs,200,79.93080001324415
27,2026-09-07T16:13:54.089218,1000,139,GET,/jobs,200,86.49619994685054
27,2026-09-07T16:13:54.089218,1000,140,PUT,/jobs/1000,404,129.2395000346005
27,2026-09-07T16:13:54.089218,1000,141,POST,/jobs,201,125.37180003710091
27,2026-09-07T16:13:54.089218,1000,142,GET,/jobs,200,85.8708000741899
27,2026-09-07T16:13:54.089218,1000,143,GET,/jobs/001,200,144.47649999056011
27,2026-09-07T16:13:54.089218,1000,144,GET,/jobs/1000,404,80.83760004956275
27,2026-09-07T16:13:54.089218,1000,145,PUT,/jobs/001,200,131.34570000693202
27,2026-09-07T16:13:54.089218,1000,146,PUT,/jobs/001,200,134.20210010372102
27,2026-09-07T16:13:54.089218,1000,147,POST,/jobs,201,153.1862000701949
27,2026-09-07T16:13:54.089218,1000,148,GET,/jobs/001,200,145.2424000017345
27,2026-09-07T16:13:54.089218,1000,149,PUT,/jobs/1000,404,137.78880005702376
27,2026-09-07T16:13:54.089218,1000,150,GET,/jobs,200,80.68319992162287
27,2026-09-07T16:13:54.089218,1000,151,GET,/jobs,200,80.39979997556657
27,2026-09-07T16:13:54.089218,1000,152,DELETE,/jobs/002,404,82.0020999526605
27,2026-09-07T16:13:54.089218,1000,153,GET,/jobs,200,81.51509996969253
27,2026-09-07T16:13:54.089218,1000,154,GET,/jobs/001,200,145.14559996314347
27,2026-09-07T16:13:54.089218,1000,155,PUT,/jobs/002,404,130.22039993666112
27,2026-09-07T16:13:54.089218,1000,156,PUT,/jobs/001,200,129.86890005413443
27,2026-09-07T16:13:54.089218,1000,157,PUT,/jobs/001,200,128.88780003413558
27,2026-09-07T16:13:54.089218,1000,158,GET,/jobs/002,404,81.86289994046092
27,2026-09-07T16:13:54.089218,1000,159,GET,/jobs,200,77.89349998347461
27,2026-09-07T16:13:54.089218,1000,160,PUT,/jobs/002,404,149.0849000401795
27,2026-09-07T16:13:54.089218,1000,161,PUT,/jobs/002,404,143.29569996334612
27,2026-09-07T16:13:54.089218,1000,162,PUT,/jobs/1000,404,146.81320008821785
27,2026-09-07T16:13:54.089218,1000,163,DELETE,/jobs/1000,404,82.14389998465776
27,2026-09-07T16:13:54.089218,1000,164,GET,/jobs/001,200,141.3098000921309
27,2026-09-07T16:13:54.089218,1000,165,POST,/jobs,201,140.69110003765672
27,2026-09-07T16:13:54.089218,1000,166,GET,/jobs,200,83.8478000368923
27,2026-09-07T16:13:54.089218,1000,167,DELETE,/jobs/002,404,88.18530000280589
27,2026-09-07T16:13:54.089218,1000,168,POST,/jobs,201,142.82519998960197
27,2026-09-07T16:13:54.089218,1000,169,GET,/jobs,200,82.41580007597804
27,2026-09-07T16:13:54.089218,1000,170,DELETE,/jobs/1000,404,93.14330003689975
27,2026-09-07T16:13:54.089218,1000,171,DELETE,/jobs/002,404,90.98470001481473
27,2026-09-07T16:13:54.089218,1000,172,GET,/jobs,200,82.94969995040447
27,2026-09-07T16:13:54.089218,1000,173,DELETE,/jobs/002,404,94.39779992680997
27,2026-09-07T16:13:54.089218,1000,174,GET,/jobs/001,200,139.8056000471115
27,2026-09-07T16:13:54.089218,1000,175,DELETE,/jobs/002,404,95.63350002281368
27,2026-09-07T16:13:54.089218,1000,176,GET,/jobs/002,404,93.67269999347627
27,2026-09-07T16:13:54.089218,1000,177,GET,/jobs,200,85.48840007279068
27,2026-09-07T16:13:54.089218,1000,178,DELETE,/jobs/002,404,83.85729999281466
27,2026-09-07T16:13:54.089218,1000,179,DELETE,/jobs/002,404,95.87359998840839
27,2026-09-07T16:13:54.089218,1000,180,DELETE,/jobs/002,404,93.73550000600517
27,2026-09-07T16:13:54.089218,1000,181,PUT,/jobs/1000,404,133.29440006054938
27,2026-09-07T16:13:54.089218,1000,182,DELETE,/jobs/1000,404,93.21530000306666
27,2026-09-07T16:13:54.089218,1000,183,POST,/jobs,201,132.3285000398755
27,2026-09-07T16:13:54.089218,1000,184,POST,/jobs,201,128.45980003476143
27,2026-09-07T16:13:54.089218,1000,185,POST,/jobs,201,131.3421999802813
27,2026-09-07T16:13:54.089218,1000,186,GET,/jobs/1000,404,101.66100005153567
27,2026-09-07T16:13:54.089218,1000,187,POST,/jobs,201,130.83489995915443
27,2026-09-07T16:13:54.089218,1000,188,POST,/jobs,201,132.5468000723049
27,2026-09-07T16:13:54.089218,1000,189,GET,/jobs,200,95.22500005550683
27,2026-09-07T16:13:54.089218,1000,190,GET,/jobs,200,92.39910007454455
27,2026-09-07T16:13:54.089218,1000,191,PUT,/jobs/1000,404,133.07340000756085
27,2026-09-07T16:13:54.089218,1000,192,DELETE,/jobs/002,404,101.49030003231019
27,2026-09-07T16:13:54.089218,1000,193,GET,/jobs,200,96.09000000637025
27,2026-09-07T16:13:54.089218,1000,194,DELETE,/jobs/002,404,82.21769996453077
27,2026-09-07T16:13:54.089218,1000,195,DELETE,/jobs/1000,404,84.55160004086792
27,2026-09-07T16:13:54.089218,1000,196,GET,/jobs/002,404,100.72549991309643
27,2026-09-07T16:13:54.089218,1000,197,GET,/jobs,200,74.5993999298662
27,2026-09-07T16:13:54.089218,1000,198,GET,/jobs/002,404,75.57460002135485
27,2026-09-07T16:13:54.089218,1000,199,POST,/jobs,201,131.80299999658018
27,2026-09-07T16:13:54.089218,1000,200,PUT,/jobs/1000,404,134.4126999611035
27,2026-09-07T16:13:54.089218,1000,201,POST,/jobs,201,132.21449998673052
27,2026-09-07T16:13:54.089218,1000,202,DELETE,/jobs/002,404,101.02369997184724
27,2026-09-07T16:13:54.089218,1000,203,DELETE,/jobs/1000,404,102.52750001382083
27,2026-09-07T16:13:54.089218,1000,204,GET,/jobs,200,88.72840006370097
27,2026-09-07T16:13:54.089218,1000,205,GET,/jobs/002,404,93.22099993005395
27,2026-09-07T16:13:54.089218,1000,206,GET,/jobs,200,88.24990002904087
27,2026-09-07T16:13:54.089218,1000,207,GET,/jobs,200,85.55770001839846
27,2026-09-07T16:13:54.089218,1000,208,DELETE,/jobs/002,404,91.94650000426918
27,2026-09-07T16:13:54.089218,1000,209,POST,/jobs,201,149.29109998047352
27,2026-09-07T16:13:54.089218,1000,210,DELETE,/jobs/002,404,89.37130006961524
27,2026-09-07T16:13:54.089218,1000,211,POST,/jobs,201,140.6503999605775
27,2026-09-07T16:13:54.089218,1000,212,POST,/jobs,201,141.41250005923212
27,2026-09-07T16:13:54.089218,1000,213,PUT,/jobs/002,404,141.18649996817112
27,2026-09-07T16:13:54.089218,1000,214,GET,/jobs,200,88.95400003530085
27,2026-09-07T16:13:54.089218,1000,215,GET,/jobs,200,87.63339999131858
27,2026-09-07T16:13:54.089218,1000,216,PUT,/jobs/002,404,141.91919995937496
27,2026-09-07T16:13:54.089218,1000,217,GET,/jobs,200,90.22080001886934
27,2026-09-07T16:13:54.089218,1000,218,GET,/jobs,200,98.2928000157699
27,2026-09-07T16:13:54.089218,1000,219,POST,/jobs,201,153.22450001258403
27,2026-09-07T16:13:54.089218,1000,220,GET,/jobs/1000,404,105.3029999602586
27,2026-09-07T16:13:54.089218,1000,221,POST,/jobs,201,147.6682999636978
27,2026-09-07T16:13:54.089218,1000,222,PUT,/jobs/1000,404,151.27599996048957
27,2026-09-07T16:13:54.089218,1000,223,PUT,/jobs/1000,404,152.83379994798452
27,2026-09-07T16:13:54.089218,1000,224,GET,/jobs,200,104.36390002723783
27,2026-09-07T16:13:54.089218,1000,225,GET,/jobs,200,97.74949995335191
27,2026-09-07T16:13:54.089218,1000,226,GET,/jobs,200,94.10709992516786
27,2026-09-07T16:13:54.089218,1000,227,GET,/jobs/1000,404,98.77409995533526
27,2026-09-07T16:13:54.089218,1000,228,GET,/jobs,200,96.46260004956275
27,2026-09-07T16:13:54.089218,1000,229,POST,/jobs,201,144.2097999388352
27,2026-09-07T16:13:54.089218,1000,230,DELETE,/jobs/002,404,97.72419999353588
27,2026-09-07T16:13:54.089218,1000,231,PUT,/jobs/001,200,143.09650007635355
27,2026-09-07T16:13:54.089218,1000,232,GET,/jobs,200,95.15999990981072
27,2026-09-07T16:13:54.089218,1000,233,POST,/jobs,201,141.50489994790405
27,2026-09-07T16:13:54.089218,1000,234,GET,/jobs,200,103.41310000512749
27,2026-09-07T16:13:54.089218,1000,235,POST,/jobs,201,139.11230000667274
27,2026-09-07T16:13:54.089218,1000,236,GET,/jobs/1000,404,105.09510000701994
27,2026-09-07T16:13:54.089218,1000,237,GET,/jobs,200,103.81320002488792
27,2026-09-07T16:13:54.089218,1000,238,POST,/jobs,201,149.3910999270156
27,2026-09-07T16:13:54.089218,1000,239,DELETE,/jobs/1000,404,104.3030999135226
27,2026-09-07T16:13:54.089218,1000,240,DELETE,/jobs/002,404,104.38000003341585
27,2026-09-07T16:13:54.089218,1000,241,GET,/jobs/001,200,136.62010000552982
27,2026-09-07T16:13:54.089218,1000,242,GET,/jobs/002,404,92.30400004889816
27,2026-09-07T16:13:54.089218,1000,243,GET,/jobs,200,93.30139996018261
27,2026-09-07T16:13:54.089218,1000,244,GET,/jobs/1000,404,102.2017999785021
27,2026-09-07T16:13:54.089218,1000,245,POST,/jobs,201,138.5465000057593
27,2026-09-07T16:13:54.089218,1000,246,PUT,/jobs/1000,404,140.84449992515147
27,2026-09-07T16:13:54.089218,1000,247,GET,/jobs/002,404,91.3492999970913
27,2026-09-07T16:13:54.089218,1000,248,GET,/jobs/1000,404,91.359099955298
27,2026-09-07T16:13:54.089218,1000,249,GET,/jobs,200,86.57829998992383
27,2026-09-07T16:13:54.089218,1000,250,PUT,/jobs/001,200,142.48799998313189
27,2026-09-07T16:13:54.089218,1000,251,PUT,/jobs/001,200,140.1560999220237
27,2026-09-07T16:13:54.089218,1000,252,GET,/jobs/002,404,88.1904000416398
27,2026-09-07T16:13:54.089218,1000,253,POST,/jobs,201,142.52890006173402
27,2026-09-07T16:13:54.089218,1000,254,GET,/jobs/001,200,143.12540006358176
27,2026-09-07T16:13:54.089218,1000,255,GET,/jobs,200,90.17739992123097
27,2026-09-07T16:13:54.089218,1000,256,GET,/jobs/002,404,91.3434000685811
27,2026-09-07T16:13:54.089218,1000,257,POST,/jobs,201,140.81829995848238
27,2026-09-07T16:13:54.089218,1000,258,GET,/jobs,200,88.47209997475147
27,2026-09-07T16:13:54.089218,1000,259,POST,/jobs,201,141.05179999023676
27,2026-09-07T16:13:54.089218,1000,260,DELETE,/jobs/1000,404,91.20089991483837
27,2026-09-07T16:13:54.089218,1000,261,DELETE,/jobs/1000,404,90.24869999848306
27,2026-09-07T16:13:54.089218,1000,262,GET,/jobs,200,89.14080006070435
27,2026-09-07T16:13:54.089218,1000,263,GET,/jobs,200,88.23039999697357
27,2026-09-07T16:13:54.089218,1000,264,POST,/jobs,201,140.29170002322644
27,2026-09-07T16:13:54.089218,1000,265,DELETE,/jobs/1000,404,91.27199999056756
27,2026-09-07T16:13:54.089218,1000,266,GET,/jobs,200,77.65569991897792
27,2026-09-07T16:13:54.089218,1000,267,GET,/jobs,200,80.35160007420927
27,2026-09-07T16:13:54.089218,1000,268,DELETE,/jobs/1000,404,79.32060002349317
27,2026-09-07T16:13:54.089218,1000,269,POST,/jobs,201,127.32009997125715
27,2026-09-07T16:13:54.089218,1000,270,POST,/jobs,201,127.0043000113219
27,2026-09-07T16:13:54.089218,1000,271,DELETE,/jobs/002,404,87.6610999694094
27,2026-09-07T16:13:54.089218,1000,272,PUT,/jobs/1000,404,143.02519999910146
27,2026-09-07T16:13:54.089218,1000,273,GET,/jobs/002,404,93.34380005020648
27,2026-09-07T16:13:54.089218,1000,274,GET,/jobs,200,90.0211000116542
27,2026-09-07T16:13:54.089218,1000,275,PUT,/jobs/001,200,143.39820004533976
27,2026-09-07T16:13:54.089218,1000,276,DELETE,/jobs/002,404,94.6011000778526
27,2026-09-07T16:13:54.089218,1000,277,POST,/jobs,201,143.8875999301672
27,2026-09-07T16:13:54.089218,1000,278,GET,/jobs,200,90.99789999891073
27,2026-09-07T16:13:54.089218,1000,279,POST,/jobs,201,144.32329998817295
27,2026-09-07T16:13:54.089218,1000,280,POST,/jobs,201,143.01130000967532
27,2026-09-07T16:13:54.089218,1000,281,GET,/jobs,200,91.70460002496839
27,2026-09-07T16:13:54.089218,1000,282,POST,/jobs,201,142.58210000116378
27,2026-09-07T16:13:54.089218,1000,283,POST,/jobs,201,143.43229995574802
27,2026-09-07T16:13:54.089218,1000,284,PUT,/jobs/002,404,141.4191999938339
27,2026-09-07T16:13:54.089218,1000,285,PUT,/jobs/1000,404,132.55969993770123
27,2026-09-07T16:13:54.089218,1000,286,POST,/jobs,201,141.2823999999091
27,2026-09-07T16:13:54.089218,1000,287,GET,/jobs/001,200,143.38559994939715
27,2026-09-07T16:13:54.089218,1000,288,PUT,/jobs/1000,404,132.49230000656098
27,2026-09-07T16:13:54.089218,1000,289,PUT,/jobs/1000,404,138.2236999925226
27,2026-09-07T16:13:54.089218,1000,290,GET,/jobs/1000,404,93.16369995940477
27,2026-09-07T16:13:54.089218,1000,291,DELETE,/jobs/1000,404,92.65520004555583
27,2026-09-07T16:13:54.089218,1000,292,PUT,/jobs/1000,404,139.1154999146238
27,2026-09-07T16:13:54.089218,1000,293,GET,/jobs,200,88.15960003994405
27,2026-09-07T16:13:54.089218,1000,294,POST,/jobs,201,141.5621000342071
27,2026-09-07T16:13:54.089218,1000,295,GET,/jobs/002,404,84.25830001942813
27,2026-09-07T16:13:54.089218,1000,296,DELETE,/jobs/1000,404,94.5202000439167
27,2026-09-07T16:13:54.089218,1000,297,PUT,/jobs/002,404,140.10270009748638
27,2026-09-07T16:13:54.089218,1000,298,PUT,/jobs/1000,404,139.76789999287575
27,2026-09-07T16:13:54.089218,1000,299,GET,/jobs/1000,404,95.24970001075417
27,2026-09-07T16:13:54.089218,1000,300,PUT,/jobs/1000,404,140.36069996654987
27,2026-09-07T16:13:54.089218,1000,301,GET,/jobs/1000,404,92.3482000362128
27,2026-09-07T16:13:54.089218,1000,302,GET,/jobs,200,89.1651000129059
27,2026-09-07T16:13:54.089218,1000,303,POST,/jobs,201,140.53400000557303
27,2026-09-07T16:13:54.089218,1000,304,DELETE,/jobs/1000,404,93.58470002189279
27,2026-09-07T16:13:54.089218,1000,305,GET,/jobs,200,87.25099998991936
27,2026-09-07T16:13:54.089218,1000,306,GET,/jobs/1000,404,89.69559997785836
27,2026-09-07T16:13:54.089218,1000,307,POST,/jobs,201,139.92200000211596
27,2026-09-07T16:13:54.089218,1000,308,GET,/jobs/001,200,141.5047999471426
27,2026-09-07T16:13:54.089218,1000,309,GET,/jobs,200,80.59320005122572
27,2026-09-07T16:13:54.089218,1000,310,GET,/jobs,200,80.23680001497269
27,2026-09-07T16:13:54.089218,1000,311,GET,/jobs/002,404,83.8470000308007
27,2026-09-07T16:13:54.089218,1000,312,DELETE,/jobs/002,404,83.98899994790554
27,2026-09-07T16:13:54.089218,1000,313,PUT,/jobs/002,404,133.521500043571
27,2026-09-07T16:13:54.089218,1000,314,DELETE,/jobs/002,404,91.43189992755651
27,2026-09-07T16:13:54.089218,1000,315,PUT,/jobs/002,404,139.53020004555583
27,2026-09-07T16:13:54.089218,1000,316,PUT,/jobs/001,200,135.33990003634244
27,2026-09-07T16:13:54.089218,1000,317,GET,/jobs/1000,404,97.33060002326965
27,2026-09-07T16:13:54.089218,1000,318,GET,/jobs,200,87.52279996406287
27,2026-09-07T16:13:54.089218,1000,319,GET,/jobs,200,92.6712000509724
27,2026-09-07T16:13:54.089218,1000,320,PUT,/jobs/001,200,132.8745000064373
27,2026-09-07T16:13:54.089218,1000,321,GET,/jobs/1000,404,93.70379999745637
27,2026-09-07T16:13:54.089218,1000,322,DELETE,/jobs/1000,404,97.74829994421452
27,2026-09-07T16:13:54.089218,1000,323,GET,/jobs,200,87.15729997493327
27,2026-09-07T16:13:54.089218,1000,324,DELETE,/jobs/002,404,92.10729994811118
27,2026-09-07T16:13:54.089218,1000,325,GET,/jobs,200,83.8350000558421
27,2026-09-07T16:13:54.089218,1000,326,PUT,/jobs/001,200,127.76589998975396
27,2026-09-07T16:13:54.089218,1000,327,PUT,/jobs/1000,404,128.71429999358952
27,2026-09-07T16:13:54.089218,1000,328,DELETE,/jobs/1000,404,90.36900009959936
27,2026-09-07T16:13:54.089218,1000,329,PUT,/jobs/1000,404,130.04049996379763
27,2026-09-07T16:13:54.089218,1000,330,DELETE,/jobs/1000,404,91.24499990139157
27,2026-09-07T16:13:54.089218,1000,331,DELETE,/jobs/1000,404,90.13469994533807
27,2026-09-07T16:13:54.089218,1000,332,GET,/jobs/1000,404,93.67410000413656
27,2026-09-07T16:13:54.089218,1000,333,PUT,/jobs/002,404,134.32840001769364
27,2026-09-07T16:13:54.089218,1000,334,POST,/jobs,201,133.57019994873554
27,2026-09-07T16:13:54.089218,1000,335,GET,/jobs/1000,404,90.37099999841303
27,2026-09-07T16:13:54.089218,1000,336,POST,/jobs,201,143.6223000055179
27,2026-09-07T16:13:54.089218,1000,337,DELETE,/jobs/1000,404,91.19559999089688
27,2026-09-07T16:13:54.089218,1000,338,GET,/jobs/002,404,85.09489998687059
27,2026-09-07T16:13:54.089218,1000,339,PUT,/jobs/001,200,137.84350000787526
27,2026-09-07T16:13:54.089218,1000,340,POST,/jobs,201,135.2951000444591
27,2026-09-07T16:13:54.089218,1000,341,POST,/jobs,201,135.83849999122322
27,2026-09-07T16:13:54.089218,1000,342,POST,/jobs,201,146.06109994929284
27,2026-09-07T16:13:54.089218,1000,343,GET,/jobs,200,79.53380001708865
27,2026-09-07T16:13:54.089218,1000,344,GET,/jobs/001,200,147.46509992983192
27,2026-09-07T16:13:54.089218,1000,345,GET,/jobs/002,404,90.54829995147884
27,2026-09-07T16:13:54.089218,1000,346,GET,/jobs/1000,404,91.0139000043273
27,2026-09-07T16:13:54.089218,1000,347,GET,/jobs/001,200,145.78220003750175
27,2026-09-07T16:13:54.089218,1000,348,PUT,/jobs/002,404,136.45240000914782
27,2026-09-07T16:13:54.089218,1000,349,POST,/jobs,201,136.00369996856898
27,2026-09-07T16:13:54.089218,1000,350,PUT,/jobs/002,404,137.4077000655234
27,2026-09-07T16:13:54.089218,1000,351,GET,/jobs,200,78.5606000572443
27,2026-09-07T16:13:54.089218,1000,352,GET,/jobs/002,404,87.11049996782094
27,2026-09-07T16:13:54.089218,1000,353,PUT,/jobs/1000,404,139.84900002833456
27,2026-09-07T16:13:54.089218,1000,354,GET,/jobs,200,79.64929996524006
27,2026-09-07T16:13:54.089218,1000,355,DELETE,/jobs/1000,404,87.60410000104457
27,2026-09-07T16:13:54.089218,1000,356,PUT,/jobs/001,200,138.54389998596162
27,2026-09-07T16:13:54.089218,1000,357,POST,/jobs,201,137.76770001277328
27,2026-09-07T16:13:54.089218,1000,358,PUT,/jobs/002,404,132.8137000091374
27,2026-09-07T16:13:54.089218,1000,359,DELETE,/jobs/002,404,92.07730006892234
27,2026-09-07T16:13:54.089218,1000,360,PUT,/jobs/001,200,135.06450003478676
27,2026-09-07T16:13:54.089218,1000,361,POST,/jobs,201,136.46549999248236
27,2026-09-07T16:13:54.089218,1000,362,PUT,/jobs/001,200,139.2721999436617
27,2026-09-07T16:13:54.089218,1000,363,PUT,/jobs/002,404,143.34209996741265
27,2026-09-07T16:13:54.089218,1000,364,PUT,/jobs/1000,404,140.4512000735849
27,2026-09-07T16:13:54.089218,1000,365,GET,/jobs/002,404,92.60450000874698
27,2026-09-07T16:13:54.089218,1000,366,GET,/jobs/1000,404,93.40670006349683
27,2026-09-07T16:13:54.089218,1000,367,DELETE,/jobs/002,404,94.26879999227822
27,2026-09-07T16:13:54.089218,1000,368,PUT,/jobs/1000,404,144.32310010306537
27,2026-09-07T16:13:54.089218,1000,369,DELETE,/jobs/002,404,94.93609995115548
27,2026-09-07T16:13:54.089218,1000,370,GET,/jobs,200,91.36880002915859
27,2026-09-07T16:13:54.089218,1000,371,PUT,/jobs/001,200,147.65840000472963
27,2026-09-07T16:13:54.089218,1000,372,PUT,/jobs/001,200,145.01079998444766
27,2026-09-07T16:13:54.089218,1000,373,GET,/jobs,200,92.68230001907796
27,2026-09-07T16:13:54.089218,1000,374,POST,/jobs,201,148.5328000271693
27,2026-09-07T16:13:54.089218,1000,375,POST,/jobs,201,147.00250001624227
27,2026-09-07T16:13:54.089218,1000,376,PUT,/jobs/002,404,147.95559993945062
27,2026-09-07T16:13:54.089218,1000,377,POST,/jobs,201,135.19539998378605
27,2026-09-07T16:13:54.089218,1000,378,PUT,/jobs/002,404,136.74100011121482
27,2026-09-07T16:13:54.089218,1000,379,PUT,/jobs/002,404,146.88600006047636
27,2026-09-07T16:13:54.089218,1000,380,GET,/jobs,200,84.63860000483692
27,2026-09-07T16:13:54.089218,1000,381,PUT,/jobs/001,200,137.69669993780553
27,2026-09-07T16:13:54.089218,1000,382,DELETE,/jobs/002,404,93.3831000002101
27,2026-09-07T16:13:54.089218,1000,383,POST,/jobs,201,135.23540005553514
27,2026-09-07T16:13:54.089218,1000,384,GET,/jobs,200,90.57010000105947
27,2026-09-07T16:13:54.089218,1000,385,GET,/jobs,200,82.48330000787973
27,2026-09-07T16:13:54.089218,1000,386,GET,/jobs,200,85.86930006276816
27,2026-09-07T16:13:54.089218,1000,387,GET,/jobs/001,200,150.09280003141612
27,2026-09-07T16:13:54.089218,1000,388,GET,/jobs,200,85.19869996234775
27,2026-09-07T16:13:54.089218,1000,389,DELETE,/jobs/002,404,93.15089997835457
27,2026-09-07T16:13:54.089218,1000,390,GET,/jobs/001,200,149.57999996840954
27,2026-09-07T16:13:54.089218,1000,391,PUT,/jobs/1000,404,137.7382999053225
27,2026-09-07T16:13:54.089218,1000,392,GET,/jobs,200,84.05459998175502
27,2026-09-07T16:13:54.089218,1000,393,DELETE,/jobs/002,404,99.08260009251535
27,2026-09-07T16:13:54.089218,1000,394,PUT,/jobs/1000,404,142.15680002234876
27,2026-09-07T16:13:54.089218,1000,395,POST,/jobs,201,143.17620010115206
27,2026-09-07T16:13:54.089218,1000,396,POST,/jobs,201,142.87359989248216
27,2026-09-07T16:13:54.089218,1000,397,DELETE,/jobs/002,404,96.88570001162589
27,2026-09-07T16:13:54.089218,1000,398,GET,/jobs/002,404,97.56299993023276
27,2026-09-07T16:13:54.089218,1000,399,GET,/jobs,200,90.12279997114092
27,2026-09-07T16:13:54.089218,1000,400,DELETE,/jobs/002,404,98.70480000972748
27,2026-09-07T16:13:54.089218,1000,401,POST,/jobs,201,142.49589992687106
27,2026-09-07T16:13:54.089218,1000,402,PUT,/jobs/002,404,143.36670003831387
27,2026-09-07T16:13:54.089218,1000,403,GET,/jobs/001,200,151.39060001820326
27,2026-09-07T16:13:54.089218,1000,404,DELETE,/jobs/002,404,97.95540000777692
27,2026-09-07T16:13:54.089218,1000,405,GET,/jobs,200,96.8261999078095
27,2026-09-07T16:13:54.089218,1000,406,POST,/jobs,201,156.43899992574006
27,2026-09-07T16:13:54.089218,1000,407,DELETE,/jobs/002,404,96.138900029473
27,2026-09-07T16:13:54.089218,1000,408,DELETE,/jobs/002,404,96.92489996086806
27,2026-09-07T16:13:54.089218,1000,409,POST,/jobs,201,154.9782999791205
27,2026-09-07T16:13:54.089218,1000,410,PUT,/jobs/1000,404,156.31350001785904
27,2026-09-07T16:13:54.089218,1000,411,POST,/jobs,201,155.5473000044003
27,2026-09-07T16:13:54.089218,1000,412,DELETE,/jobs/1000,404,99.9932000413537
27,2026-09-07T16:13:54.089218,1000,413,GET,/jobs,200,96.38320002704859
27,2026-09-07T16:13:54.089218,1000,414,PUT,/jobs/002,404,143.8219000119716
27,2026-09-07T16:13:54.089218,1000,415,GET,/jobs,200,96.16580000147223
27,2026-09-07T16:13:54.089218,1000,416,PUT,/jobs/002,404,157.2110999841243
27,2026-09-07T16:13:54.089218,1000,417,PUT,/jobs/1000,404,153.427500044927
27,2026-09-07T16:13:54.089218,1000,418,GET,/jobs/002,404,98.6459000268951
27,2026-09-07T16:13:54.089218,1000,419,GET,/jobs/1000,404,99.18969997670501
27,2026-09-07T16:13:54.089218,1000,420,DELETE,/jobs/1000,404,98.51849998813123
27,2026-09-07T16:13:54.089218,1000,421,DELETE,/jobs/1000,404,98.16960000898689
27,2026-09-07T16:13:54.089218,1000,422,PUT,/jobs/002,404,143.14430009108037
27,2026-09-07T16:13:54.089218,1000,423,DELETE,/jobs/1000,404,99.22430000733584
27,2026-09-07T16:13:54.089218,1000,424,POST,/jobs,201,144.29910003673285
27,2026-09-07T16:13:54.089218,1000,425,GET,/jobs/001,200,158.13060000073165
27,2026-09-07T16:13:54.089218,1000,426,POST,/jobs,201,143.66529998369515
27,2026-09-07T16:13:54.089218,1000,427,GET,/jobs/002,404,98.74599997419864
27,2026-09-07T16:13:54.089218,1000,428,DELETE,/jobs/1000,404,99.10310001578182
27,2026-09-07T16:13:54.089218,1000,429,POST,/jobs,201,147.69289991818368
27,2026-09-07T16:13:54.089218,1000,430,PUT,/jobs/002,404,152.72080001886934
27,2026-09-07T16:13:54.089218,1000,431,GET,/jobs/002,404,101.00670007523149
27,2026-09-07T16:13:54.089218,1000,432,GET,/jobs/002,404,99.59739993792027
27,2026-09-07T16:13:54.089218,1000,433,POST,/jobs,201,148.46119994763285
27,2026-09-07T16:13:54.089218,1000,434,POST,/jobs,201,151.226699934341
27,2026-09-07T16:13:54.089218,1000,435,POST,/jobs,201,152.01039996463805
27,2026-09-07T16:13:54.089218,1000,436,GET,/jobs,200,85.99469996988773
27,2026-09-07T16:13:54.089218,1000,437,DELETE,/jobs/002,404,101.87020001467317
27,2026-09-07T16:13:54.089218,1000,438,GET,/jobs,200,87.3161000199616
27,2026-09-07T16:13:54.089218,1000,439,GET,/jobs/1000,404,101.02729999925941
27,2026-09-07T16:13:54.089218,1000,440,PUT,/jobs/002,404,139.9342999793589
27,2026-09-07T16:13:54.089218,1000,441,DELETE,/jobs/002,404,102.15740010607988
27,2026-09-07T16:13:54.089218,1000,442,PUT,/jobs/1000,404,140.8943000715226
27,2026-09-07T16:13:54.089218,1000,443,PUT,/jobs/002,404,140.48549998551607
27,2026-09-07T16:13:54.089218,1000,444,GET,/jobs,200,92.06349996384233
27,2026-09-07T16:13:54.089218,1000,445,GET,/jobs,200,91.66140004526824
27,2026-09-07T16:13:54.089218,1000,446,POST,/jobs,201,165.4112000251189
27,2026-09-07T16:13:54.089218,1000,447,PUT,/jobs/1000,404,161.72289999667555
27,2026-09-07T16:13:54.089218,1000,448,GET,/jobs/002,404,102.7229999890551
27,2026-09-07T16:13:54.089218,1000,449,DELETE,/jobs/1000,404,100.03470000810921
27,2026-09-07T16:13:54.089218,1000,450,PUT,/jobs/1000,404,169.7538000298664
27,2026-09-07T16:13:54.089218,1000,451,DELETE,/jobs/1000,404,104.19069998897612
27,2026-09-07T16:13:54.089218,1000,452,PUT,/jobs/1000,404,162.81570005230606
27,2026-09-07T16:13:54.089218,1000,453,DELETE,/jobs/1000,404,104.67000002972782
27,2026-09-07T16:13:54.089218,1000,454,POST,/jobs,201,162.27780003100634
27,2026-09-07T16:13:54.089218,1000,455,PUT,/jobs/002,404,168.22099999990314
27,2026-09-07T16:13:54.089218,1000,456,POST,/jobs,201,161.93900001235306
27,2026-09-07T16:13:54.089218,1000,457,GET,/jobs/001,200,166.91089991945773
27,2026-09-07T16:13:54.089218,1000,458,GET,/jobs/002,404,97.84840000793338
27,2026-09-07T16:13:54.089218,1000,459,GET,/jobs,200,96.9778000144288
27,2026-09-07T16:13:54.089218,1000,460,DELETE,/jobs/002,404,94.21769995242357
27,2026-09-07T16:13:54.089218,1000,461,GET,/jobs/001,200,166.94199992343783
27,2026-09-07T16:13:54.089218,1000,462,PUT,/jobs/002,404,165.0874000042677
27,2026-09-07T16:13:54.089218,1000,463,DELETE,/jobs/1000,404,94.70280003733933
27,2026-09-07T16:13:54.089218,1000,464,GET,/jobs,200,83.57090002391487
27,2026-09-07T16:13:54.089218,1000,465,GET,/jobs/002,404,95.01779999118298
27,2026-09-07T16:13:54.089218,1000,466,GET,/jobs/002,404,93.72479992453009
27,2026-09-07T16:13:54.089218,1000,467,GET,/jobs/002,404,92.8204000229016
27,2026-09-07T16:13:54.089218,1000,468,GET,/jobs,200,93.70219998527318
27,2026-09-07T16:13:54.089218,1000,469,DELETE,/jobs/002,404,95.1391999842599
27,2026-09-07T16:13:54.089218,1000,470,POST,/jobs,201,166.07989999465644
27,2026-09-07T16:13:54.089218,1000,471,GET,/jobs,200,93.18849991541356
27,2026-09-07T16:13:54.089218,1000,472,DELETE,/jobs/1000,404,96.08389995992184
27,2026-09-07T16:13:54.089218,1000,473,GET,/jobs/1000,404,96.08019993174821
27,2026-09-07T16:13:54.089218,1000,474,PUT,/jobs/001,200,156.3724000006914
27,2026-09-07T16:13:54.089218,1000,475,GET,/jobs,200,84.55659996252507
27,2026-09-07T16:13:54.089218,1000,476,DELETE,/jobs/1000,404,85.48730006441474
27,2026-09-07T16:13:54.089218,1000,477,PUT,/jobs/002,404,156.75570000894368
27,2026-09-07T16:13:54.089218,1000,478,PUT,/jobs/002,404,157.6587000163272
27,2026-09-07T16:13:54.089218,1000,479,GET,/jobs/001,200,180.15190004371107
27,2026-09-07T16:13:54.089218,1000,480,POST,/jobs,201,177.86729999352247
27,2026-09-07T16:13:54.089218,1000,481,PUT,/jobs/001,200,176.6839000629261
27,2026-09-07T16:13:54.089218,1000,482,GET,/jobs,200,108.02689997944981
27,2026-09-07T16:13:54.089218,1000,483,PUT,/jobs/002,404,180.0599000416696
27,2026-09-07T16:13:54.089218,1000,484,GET,/jobs,200,99.03949999716133
27,2026-09-07T16:13:54.089218,1000,485,DELETE,/jobs/002,404,112.64809989370406
27,2026-09-07T16:13:54.089218,1000,486,GET,/jobs/001,200,170.17800000030547
27,2026-09-07T16:13:54.089218,1000,487,DELETE,/jobs/1000,404,109.08060008659959
27,2026-09-07T16:13:54.089218,1000,488,GET,/jobs,200,106.36400000657886
27,2026-09-07T16:13:54.089218,1000,489,GET,/jobs/001,200,165.84629996214062
27,2026-09-07T16:13:54.089218,1000,490,DELETE,/jobs/1000,404,103.20140002295375
27,2026-09-07T16:13:54.089218,1000,491,DELETE,/jobs/002,404,99.84249994158745
27,2026-09-07T16:13:54.089218,1000,492,DELETE,/jobs/1000,404,106.96330002974719
27,2026-09-07T16:13:54.089218,1000,493,PUT,/jobs/002,404,168.43359998892993
27,2026-09-07T16:13:54.089218,1000,494,POST,/jobs,201,163.17229997366667
27,2026-09-07T16:13:54.089218,1000,495,DELETE,/jobs/1000,404,108.8330999482423
27,2026-09-07T16:13:54.089218,1000,496,POST,/jobs,201,160.5301999952644
27,2026-09-07T16:13:54.089218,1000,497,DELETE,/jobs/002,404,102.87649999372661
27,2026-09-07T16:13:54.089218,1000,498,DELETE,/jobs/002,404,104.48440001346171
27,2026-09-07T16:13:54.089218,1000,499,GET,/jobs/1000,404,105.86559993680567
27,2026-09-07T16:13:54.089218,1000,500,GET,/jobs/002,404,112.22389992326498
27,2026-09-07T16:13:54.089218,1000,501,GET,/jobs,200,95.2255999436602
27,2026-09-07T16:13:54.089218,1000,502,GET,/jobs/001,200,159.66370003297925
27,2026-09-07T16:13:54.089218,1000,503,GET,/jobs/1000,404,108.83299994748086
27,2026-09-07T16:13:54.089218,1000,504,GET,/jobs,200,95.7555000204593
27,2026-09-07T16:13:54.089218,1000,505,GET,/jobs/001,200,164.81290000956506
27,2026-09-07T16:13:54.089218,1000,506,PUT,/jobs/002,404,149.77590006310493
27,2026-09-07T16:13:54.089218,1000,507,DELETE,/jobs/1000,404,108.03789994679391
27,2026-09-07T16:13:54.089218,1000,508,POST,/jobs,201,164.37989997211844
27,2026-09-07T16:13:54.089218,1000,509,GET,/jobs/002,404,108.30989992246032
27,2026-09-07T16:13:54.089218,1000,510,POST,/jobs,201,161.27149993553758
27,2026-09-07T16:13:54.089218,1000,511,PUT,/jobs/001,200,163.76030002720654
27,2026-09-07T16:13:54.089218,1000,512,GET,/jobs/002,404,127.71410006098449
27,2026-09-07T16:13:54.089218,1000,513,DELETE,/jobs/002,404,122.94390005990863
27,2026-09-07T16:13:54.089218,1000,514,PUT,/jobs/001,200,160.56160000152886
27,2026-09-07T16:13:54.089218,1000,515,DELETE,/jobs/002,404,128.74259997624904
27,2026-09-07T16:13:54.089218,1000,516,GET,/jobs/002,404,137.6695999642834
27,2026-09-07T16:13:54.089218,1000,517,GET,/jobs/001,200,182.6858000131324
27,2026-09-07T16:13:54.089218,1000,518,GET,/jobs,200,124.71120001282543
27,2026-09-07T16:13:54.089218,1000,519,GET,/jobs/002,404,129.19610005337745
27,2026-09-07T16:13:54.089218,1000,520,DELETE,/jobs/1000,404,130.48029993660748
27,2026-09-07T16:13:54.089218,1000,521,PUT,/jobs/001,200,166.49780003353953
27,2026-09-07T16:13:54.089218,1000,522,PUT,/jobs/1000,404,168.79729996435344
27,2026-09-07T16:13:54.089218,1000,523,POST,/jobs,201,159.61059997789562
27,2026-09-07T16:13:54.089218,1000,524,PUT,/jobs/002,404,161.31009999662638
27,2026-09-07T16:13:54.089218,1000,525,DELETE,/jobs/1000,404,112.9284999333322
27,2026-09-07T16:13:54.089218,1000,526,PUT,/jobs/001,200,163.02390000782907
27,2026-09-07T16:13:54.089218,1000,527,DELETE,/jobs/002,404,106.96740006096661
27,2026-09-07T16:13:54.089218,1000,528,PUT,/jobs/1000,404,163.1869999691844
27,2026-09-07T16:13:54.089218,1000,529,POST,/jobs,201,159.98310002032667
27,2026-09-07T16:13:54.089218,1000,530,POST,/jobs,201,163.4736000560224
27,2026-09-07T16:13:54.089218,1000,531,GET,/jobs,200,102.41550009232014
27,2026-09-07T16:13:54.089218,1000,532,GET,/jobs/1000,404,117.91689996607602
27,2026-09-07T16:13:54.089218,1000,533,DELETE,/jobs/002,404,102.29840001557022
27,2026-09-07T16:13:54.089218,1000,534,POST,/jobs,201,151.19700005743653
27,2026-09-07T16:13:54.089218,1000,535,GET,/jobs,200,103.69370004627854
27,2026-09-07T16:13:54.089218,1000,536,GET,/jobs/002,404,99.28810002747923
27,2026-09-07T16:13:54.089218,1000,537,DELETE,/jobs/1000,404,118.71230008546263
27,2026-09-07T16:13:54.089218,1000,538,POST,/jobs,201,158.49529998376966
27,2026-09-07T16:13:54.089218,1000,539,DELETE,/jobs/1000,404,119.33889996726066
27,2026-09-07T16:13:54.089218,1000,540,PUT,/jobs/001,200,155.39410000201315
27,2026-09-07T16:13:54.089218,1000,541,PUT,/jobs/002,404,156.05879994109273
27,2026-09-07T16:13:54.089218,1000,542,PUT,/jobs/002,404,157.75710006710142
27,2026-09-07T16:13:54.089218,1000,543,POST,/jobs,201,155.61440004967153
27,2026-09-07T16:13:54.089218,1000,544,GET,/jobs,200,105.07869999855757
27,2026-09-07T16:13:54.089218,1000,545,GET,/jobs/002,404,114.48260000906885
27,2026-09-07T16:13:54.089218,1000,546,PUT,/jobs/1000,404,158.17840001545846
27,2026-09-07T16:13:54.089218,1000,547,PUT,/jobs/002,404,154.17790005449206
27,2026-09-07T16:13:54.089218,1000,548,PUT,/jobs/1000,404,140.1223000138998
27,2026-09-07T16:13:54.089218,1000,549,GET,/jobs,200,85.54510003887117
27,2026-09-07T16:13:54.089218,1000,550,PUT,/jobs/001,200,139.55710001755506
27,2026-09-07T16:13:54.089218,1000,551,POST,/jobs,201,138.20799998939037
27,2026-09-07T16:13:54.089218,1000,552,POST,/jobs,201,135.68850001320243
27,2026-09-07T16:13:54.089218,1000,553,PUT,/jobs/1000,404,139.53499996569008
27,2026-09-07T16:13:54.089218,1000,554,GET,/jobs,200,90.66530002746731
27,2026-09-07T16:13:54.089218,1000,555,DELETE,/jobs/1000,404,92.461800086312
27,2026-09-07T16:13:54.089218,1000,556,PUT,/jobs/001,200,140.54739999119192
27,2026-09-07T16:13:54.089218,1000,557,GET,/jobs/1000,404,90.56639997288585
27,2026-09-07T16:13:54.089218,1000,558,POST,/jobs,201,141.18579996284097
27,2026-09-07T16:13:54.089218,1000,559,PUT,/jobs/1000,404,138.78199993632734
27,2026-09-07T16:13:54.089218,1000,560,PUT,/jobs/001,200,139.6641000173986
27,2026-09-07T16:13:54.089218,1000,561,GET,/jobs/002,404,92.5972000695765
27,2026-09-07T16:13:54.089218,1000,562,DELETE,/jobs/002,404,89.42960004787892
27,2026-09-07T16:13:54.089218,1000,563,POST,/jobs,201,136.88500004354864
27,2026-09-07T16:13:54.089218,1000,564,PUT,/jobs/001,200,137.65020004939288
27,2026-09-07T16:13:54.089218,1000,565,GET,/jobs,200,87.52280008047819
27,2026-09-07T16:13:54.089218,1000,566,DELETE,/jobs/002,404,90.86009999737144
27,2026-09-07T16:13:54.089218,1000,567,GET,/jobs/002,404,101.01169999688864
27,2026-09-07T16:13:54.089218,1000,568,DELETE,/jobs/002,404,91.65050007868558
27,2026-09-07T16:13:54.089218,1000,569,DELETE,/jobs/1000,404,92.36660005990416
27,2026-09-07T16:13:54.089218,1000,570,GET,/jobs,200,85.07470006588846
27,2026-09-07T16:13:54.089218,1000,571,GET,/jobs/001,200,135.82510000560433
27,2026-09-07T16:13:54.089218,1000,572,PUT,/jobs/001,200,131.70760008506477
27,2026-09-07T16:13:54.089218,1000,573,GET,/jobs/002,404,93.94499997142702
27,2026-09-07T16:13:54.089218,1000,574,POST,/jobs,201,130.6795000564307
27,2026-09-07T16:13:54.089218,1000,575,POST,/jobs,201,129.95390000287443
27,2026-09-07T16:13:54.089218,1000,576,PUT,/jobs/002,404,134.65979997999966
27,2026-09-07T16:13:54.089218,1000,577,GET,/jobs/002,404,89.44069989956915
27,2026-09-07T16:13:54.089218,1000,578,DELETE,/jobs/002,404,90.02930007409304
27,2026-09-07T16:13:54.089218,1000,579,PUT,/jobs/001,200,133.26739997137338
27,2026-09-07T16:13:54.089218,1000,580,DELETE,/jobs/002,404,90.92460002284497
27,2026-09-07T16:13:54.089218,1000,581,GET,/jobs,200,85.32209997065365
27,2026-09-07T16:13:54.089218,1000,582,POST,/jobs,201,133.9091999689117
27,2026-09-07T16:13:54.089218,1000,583,PUT,/jobs/002,404,132.51180003862828
27,2026-09-07T16:13:54.089218,1000,584,DELETE,/jobs/1000,404,93.43459992669523
27,2026-09-07T16:13:54.089218,1000,585,GET,/jobs,200,86.81160002015531
27,2026-09-07T16:13:54.089218,1000,586,POST,/jobs,201,132.83929997123778
27,2026-09-07T16:13:54.089218,1000,587,POST,/jobs,201,134.7143999300897
27,2026-09-07T16:13:54.089218,1000,588,DELETE,/jobs/1000,404,93.59549998771399
27,2026-09-07T16:13:54.089218,1000,589,GET,/jobs/002,404,79.60189995355904
27,2026-09-07T16:13:54.089218,1000,590,DELETE,/jobs/1000,404,79.52509995084256
27,2026-09-07T16:13:54.089218,1000,591,POST,/jobs,201,110.29019998386502
27,2026-09-07T16:13:54.089218,1000,592,DELETE,/jobs/1000,404,77.98830000683665
27,2026-09-07T16:13:54.089218,1000,593,PUT,/jobs/002,404,110.36749999038875
27,2026-09-07T16:13:54.089218,1000,594,GET,/jobs/1000,404,76.80190005339682
27,2026-09-07T16:13:54.089218,1000,595,GET,/jobs/1000,404,79.98129993211478
27,2026-09-07T16:13:54.089218,1000,596,PUT,/jobs/001,200,110.10279995389283
27,2026-09-07T16:13:54.089218,1000,597,PUT,/jobs/001,200,131.13740005064756
27,2026-09-07T16:13:54.089218,1000,598,POST,/jobs,201,147.7451000828296
27,2026-09-07T16:13:54.089218,1000,599,PUT,/jobs/1000,404,146.3905000127852
27,2026-09-07T16:13:54.089218,1000,600,PUT,/jobs/002,404,138.7333000311628
27,2026-09-07T16:13:54.089218,1000,601,GET,/jobs/002,404,83.2628000061959
27,2026-09-07T16:13:54.089218,1000,602,GET,/jobs,200,81.37159992475063
27,2026-09-07T16:13:54.089218,1000,603,GET,/jobs/1000,404,85.41830000467598
27,2026-09-07T16:13:54.089218,1000,604,DELETE,/jobs/1000,404,88.22110004257411
27,2026-09-07T16:13:54.089218,1000,605,GET,/jobs,200,86.38780005276203
27,2026-09-07T16:13:54.089218,1000,606,PUT,/jobs/001,200,138.42299999669194
27,2026-09-07T16:13:54.089218,1000,607,DELETE,/jobs/1000,404,88.81970006041229
27,2026-09-07T16:13:54.089218,1000,608,GET,/jobs,200,86.38029999565333
27,2026-09-07T16:13:54.089218,1000,609,GET,/jobs/002,404,88.22110004257411
27,2026-09-07T16:13:54.089218,1000,610,GET,/jobs/001,200,139.13529994897544
27,2026-09-07T16:13:54.089218,1000,611,PUT,/jobs/002,404,142.52230001147836
27,2026-09-07T16:13:54.089218,1000,612,POST,/jobs,201,142.30210008099675
27,2026-09-07T16:13:54.089218,1000,613,PUT,/jobs/1000,404,143.62650003749877
27,2026-09-07T16:13:54.089218,1000,614,GET,/jobs,200,76.17339992430061
27,2026-09-07T16:13:54.089218,1000,615,POST,/jobs,201,143.39590002782643
27,2026-09-07T16:13:54.089218,1000,616,DELETE,/jobs/1000,404,86.32140001282096
27,2026-09-07T16:13:54.089218,1000,617,POST,/jobs,201,141.52189996093512
27,2026-09-07T16:13:54.089218,1000,618,PUT,/jobs/1000,404,137.44199997745454
27,2026-09-07T16:13:54.089218,1000,619,GET,/jobs,200,87.34369999729097
27,2026-09-07T16:13:54.089218,1000,620,DELETE,/jobs/002,404,87.25629991386086
27,2026-09-07T16:13:54.089218,1000,621,GET,/jobs/1000,404,84.40990000963211
27,2026-09-07T16:13:54.089218,1000,622,POST,/jobs,201,140.57829999364913
27,2026-09-07T16:13:54.089218,1000,623,GET,/jobs,200,75.58980002067983
27,2026-09-07T16:13:54.089218,1000,624,PUT,/jobs/001,200,142.14589993935078
27,2026-09-07T16:13:54.089218,1000,625,GET,/jobs,200,75.00780001282692
27,2026-09-07T16:13:54.089218,1000,626,PUT,/jobs/001,200,143.46449996810406
27,2026-09-07T16:13:54.089218,1000,627,POST,/jobs,201,127.73619999643415
27,2026-09-07T16:13:54.089218,1000,628,GET,/jobs,200,73.15379998181015
27,2026-09-07T16:13:54.089218,1000,629,POST,/jobs,201,136.3846999593079
27,2026-09-07T16:13:54.089218,1000,630,GET,/jobs,200,95.8785000257194
27,2026-09-07T16:13:54.089218,1000,631,POST,/jobs,201,138.09559994842857
27,2026-09-07T16:13:54.089218,1000,632,POST,/jobs,201,143.6412000330165
27,2026-09-07T16:13:54.089218,1000,633,GET,/jobs/001,200,145.2629000414163
27,2026-09-07T16:13:54.089218,1000,634,DELETE,/jobs/1000,404,92.21509995404631
27,2026-09-07T16:13:54.089218,1000,635,DELETE,/jobs/002,404,88.97529996465892
27,2026-09-07T16:13:54.089218,1000,636,GET,/jobs/001,200,145.31849999912083
27,2026-09-07T16:13:54.089218,1000,637,GET,/jobs,200,90.84119996987283
27,2026-09-07T16:13:54.089218,1000,638,DELETE,/jobs/1000,404,93.42479996848851
27,2026-09-07T16:13:54.089218,1000,639,DELETE,/jobs/002,404,92.62730006594211
27,2026-09-07T16:13:54.089218,1000,640,PUT,/jobs/1000,404,141.13310002721846
27,2026-09-07T16:13:54.089218,1000,641,GET,/jobs/001,200,145.22629999555647
27,2026-09-07T16:13:54.089218,1000,642,PUT,/jobs/1000,404,142.112199915573
27,2026-09-07T16:13:54.089218,1000,643,POST,/jobs,201,142.4002000130713
27,2026-09-07T16:13:54.089218,1000,644,POST,/jobs,201,135.89020003564656
27,2026-09-07T16:13:54.089218,1000,645,GET,/jobs,200,88.87690003030002
27,2026-09-07T16:13:54.089218,1000,646,PUT,/jobs/002,404,142.10759999696165
27,2026-09-07T16:13:54.089218,1000,647,DELETE,/jobs/002,404,93.660399899818
27,2026-09-07T16:13:54.089218,1000,648,GET,/jobs,200,93.3948999736458
27,2026-09-07T16:13:54.089218,1000,649,PUT,/jobs/002,404,149.31530004832894
27,2026-09-07T16:13:54.089218,1000,650,DELETE,/jobs/1000,404,101.25680000055581
27,2026-09-07T16:13:54.089218,1000,651,PUT,/jobs/1000,404,151.47979999892414
27,2026-09-07T16:13:54.089218,1000,652,POST,/jobs,201,147.8413000004366
27,2026-09-07T16:13:54.089218,1000,653,POST,/jobs,201,148.6983000067994
27,2026-09-07T16:13:54.089218,1000,654,PUT,/jobs/002,404,149.22290004324168
27,2026-09-07T16:13:54.089218,1000,655,GET,/jobs,200,91.1070000147447
27,2026-09-07T16:13:54.089218,1000,656,GET,/jobs/002,404,99.62460002861917
27,2026-09-07T16:13:54.089218,1000,657,DELETE,/jobs/1000,404,100.15610000118613
27,2026-09-07T16:13:54.089218,1000,658,DELETE,/jobs/1000,404,99.2221999913454
27,2026-09-07T16:13:54.089218,1000,659,POST,/jobs,201,156.10290004406124
27,2026-09-07T16:13:54.089218,1000,660,PUT,/jobs/002,404,157.62610000092536
27,2026-09-07T16:13:54.089218,1000,661,GET,/jobs,200,89.9473000317812
27,2026-09-07T16:13:54.089218,1000,662,DELETE,/jobs/002,404,98.85579999536276
27,2026-09-07T16:13:54.089218,1000,663,DELETE,/jobs/1000,404,99.80730002280325
27,2026-09-07T16:13:54.089218,1000,664,POST,/jobs,201,157.66270004678518
27,2026-09-07T16:13:54.089218,1000,665,GET,/jobs/1000,404,98.43620005995035
27,2026-09-07T16:13:54.089218,1000,666,POST,/jobs,201,147.04070007428527
27,2026-09-07T16:13:54.089218,1000,667,GET,/jobs/1000,404,98.54159993119538
27,2026-09-07T16:13:54.089218,1000,668,POST,/jobs,201,157.92270004749298
27,2026-09-07T16:13:54.089218,1000,669,GET,/jobs/1000,404,99.73110002465546
27,2026-09-07T16:13:54.089218,1000,670,GET,/jobs,200,80.7135000359267
27,2026-09-07T16:13:54.089218,1000,671,GET,/jobs,200,81.81440003681928
27,2026-09-07T16:13:54.089218,1000,672,POST,/jobs,201,139.40049998927861
27,2026-09-07T16:13:54.089218,1000,673,PUT,/jobs/001,200,139.92970006074756
27,2026-09-07T16:13:54.089218,1000,674,DELETE,/jobs/1000,404,84.83549999073148
27,2026-09-07T16:13:54.089218,1000,675,GET,/jobs/001,200,154.05470004770905
27,2026-09-07T16:13:54.089218,1000,676,POST,/jobs,201,138.4414000203833
27,2026-09-07T16:13:54.089218,1000,677,PUT,/jobs/001,200,143.11539998743683
27,2026-09-07T16:13:54.089218,1000,678,GET,/jobs/001,200,153.208400006406
27,2026-09-07T16:13:54.089218,1000,679,DELETE,/jobs/1000,404,100.57000000961125
27,2026-09-07T16:13:54.089218,1000,680,DELETE,/jobs/1000,404,100.47780000604689
27,2026-09-07T16:13:54.089218,1000,681,GET,/jobs/002,404,98.9611999830231
27,2026-09-07T16:13:54.089218,1000,682,PUT,/jobs/002,404,137.316899956204
27,2026-09-07T16:13:54.089218,1000,683,POST,/jobs,201,138.7193000409752
27,2026-09-07T16:13:54.089218,1000,684,GET,/jobs,200,93.29550003167242
27,2026-09-07T16:13:54.089218,1000,685,PUT,/jobs/001,200,164.98530004173517
27,2026-09-07T16:13:54.089218,1000,686,GET,/jobs/001,200,165.3049000306055
27,2026-09-07T16:13:54.089218,1000,687,PUT,/jobs/1000,404,152.7695000404492
27,2026-09-07T16:13:54.089218,1000,688,POST,/jobs,201,147.8672999655828
27,2026-09-07T16:13:54.089218,1000,689,PUT,/jobs/001,200,153.3529000589624
27,2026-09-07T16:13:54.089218,1000,690,POST,/jobs,201,162.9082999425009
27,2026-09-07T16:13:54.089218,1000,691,GET,/jobs,200,94.93909997399896
27,2026-09-07T16:13:54.089218,1000,692,PUT,/jobs/002,404,163.98020007181913
27,2026-09-07T16:13:54.089218,1000,693,POST,/jobs,201,163.85549993719906
27,2026-09-07T16:13:54.089218,1000,694,PUT,/jobs/1000,404,146.52410009875894
27,2026-09-07T16:13:54.089218,1000,695,POST,/jobs,201,151.93739999085665
27,2026-09-07T16:13:54.089218,1000,696,GET,/jobs/002,404,103.9516000309959
27,2026-09-07T16:13:54.089218,1000,697,GET,/jobs,200,95.11110000312328
27,2026-09-07T16:13:54.089218,1000,698,DELETE,/jobs/1000,404,103.16900000907481
27,2026-09-07T16:13:54.089218,1000,699,DELETE,/jobs/002,404,104.14860001765192
27,2026-09-07T16:13:54.089218,1000,700,GET,/jobs,200,94.59920006338507
27,2026-09-07T16:13:54.089218,1000,701,PUT,/jobs/1000,404,151.2501999968663
27,2026-09-07T16:13:54.089218,1000,702,POST,/jobs,201,145.79690003301948
27,2026-09-07T16:13:54.089218,1000,703,PUT,/jobs/001,200,145.34310007002205
27,2026-09-07T16:13:54.089218,1000,704,GET,/jobs/001,200,157.71890000905842
27,2026-09-07T16:13:54.089218,1000,705,GET,/jobs,200,85.95970005262643
27,2026-09-07T16:13:54.089218,1000,706,POST,/jobs,201,146.09460008796304
27,2026-09-07T16:13:54.089218,1000,707,GET,/jobs,200,86.46040002349764
27,2026-09-07T16:13:54.089218,1000,708,GET,/jobs,200,85.59279993642122
27,2026-09-07T16:13:54.089218,1000,709,GET,/jobs/1000,404,87.07580005284399
27,2026-09-07T16:13:54.089218,1000,710,GET,/jobs/002,404,95.35920002963394
27,2026-09-07T16:13:54.089218,1000,711,PUT,/jobs/002,404,146.10459993127733
27,2026-09-07T16:13:54.089218,1000,712,DELETE,/jobs/1000,404,96.73230000771582
27,2026-09-07T16:13:54.089218,1000,713,DELETE,/jobs/002,404,100.11440003290772
27,2026-09-07T16:13:54.089218,1000,714,PUT,/jobs/1000,404,162.2380999615416
27,2026-09-07T16:13:54.089218,1000,715,GET,/jobs,200,98.29440002795309
27,2026-09-07T16:13:54.089218,1000,716,PUT,/jobs/1000,404,161.41009994316846
27,2026-09-07T16:13:54.089218,1000,717,PUT,/jobs/002,404,158.60760002397
27,2026-09-07T16:13:54.089218,1000,718,GET,/jobs,200,97.50450006686151
27,2026-09-07T16:13:54.089218,1000,719,POST,/jobs,201,160.80740001052618
27,2026-09-07T16:13:54.089218,1000,720,PUT,/jobs/002,404,159.47329998016357
27,2026-09-07T16:13:54.089218,1000,721,GET,/jobs/002,404,112.6288000959903
27,2026-09-07T16:13:54.089218,1000,722,GET,/jobs,200,101.15780006162822
27,2026-09-07T16:13:54.089218,1000,723,POST,/jobs,201,160.25970003101975
27,2026-09-07T16:13:54.089218,1000,724,POST,/jobs,201,151.68150002136827
27,2026-09-07T16:13:54.089218,1000,725,PUT,/jobs/002,404,151.0280999355018
27,2026-09-07T16:13:54.089218,1000,726,GET,/jobs/001,200,165.44650006107986
27,2026-09-07T16:13:54.089218,1000,727,PUT,/jobs/001,200,145.9681000560522
27,2026-09-07T16:13:54.089218,1000,728,GET,/jobs/1000,404,99.15719996206462
27,2026-09-07T16:13:54.089218,1000,729,DELETE,/jobs/002,404,103.20410004351288
27,2026-09-07T16:13:54.089218,1000,730,GET,/jobs,200,96.93080000579357
27,2026-09-07T16:13:54.089218,1000,731,POST,/jobs,201,152.1233000094071
27,2026-09-07T16:13:54.089218,1000,732,GET,/jobs/1000,404,102.48730005696416
27,2026-09-07T16:13:54.089218,1000,733,GET,/jobs/001,200,164.75090000312775
27,2026-09-07T16:13:54.089218,1000,734,DELETE,/jobs/002,404,98.03650004323572
27,2026-09-07T16:13:54.089218,1000,735,DELETE,/jobs/002,404,97.52589999698102
27,2026-09-07T16:13:54.089218,1000,736,GET,/jobs/002,404,101.86819999944419
27,2026-09-07T16:13:54.089218,1000,737,GET,/jobs/1000,404,102.05059999134392
27,2026-09-07T16:13:54.089218,1000,738,GET,/jobs,200,96.97539999615401
27,2026-09-07T16:13:54.089218,1000,739,POST,/jobs,201,161.22790006920695
27,2026-09-07T16:13:54.089218,1000,740,GET,/jobs/001,200,163.38279994670302
27,2026-09-07T16:13:54.089218,1000,741,DELETE,/jobs/1000,404,108.4009000333026
27,2026-09-07T16:13:54.089218,1000,742,GET,/jobs/001,200,168.73899998608977
27,2026-09-07T16:13:54.089218,1000,743,GET,/jobs,200,101.34089994244277
27,2026-09-07T16:13:54.089218,1000,744,GET,/jobs/001,200,158.7291999021545
27,2026-09-07T16:13:54.089218,1000,745,POST,/jobs,201,159.64089997578412
27,2026-09-07T16:13:54.089218,1000,746,GET,/jobs/1000,404,99.89269997458905
27,2026-09-07T16:13:54.089218,1000,747,POST,/jobs,201,156.26640000846237
27,2026-09-07T16:13:54.089218,1000,748,GET,/jobs/002,404,103.68790000211447
27,2026-09-07T16:13:54.089218,1000,749,GET,/jobs,200,99.19320000335574
27,2026-09-07T16:13:54.089218,1000,750,GET,/jobs/1000,404,100.64959991723299
27,2026-09-07T16:13:54.089218,1000,751,PUT,/jobs/1000,404,155.19510000012815
27,2026-09-07T16:13:54.089218,1000,752,GET,/jobs,200,99.93939998093992
27,2026-09-07T16:13:54.089218,1000,753,GET,/jobs,200,99.918800056912
27,2026-09-07T16:13:54.089218,1000,754,PUT,/jobs/002,404,155.04250000230968
27,2026-09-07T16:13:54.089218,1000,755,POST,/jobs,201,159.9719999358058
27,2026-09-07T16:13:54.089218,1000,756,DELETE,/jobs/002,404,103.25220006052405
27,2026-09-07T16:13:54.089218,1000,757,PUT,/jobs/1000,404,155.93039989471436
27,2026-09-07T16:13:54.089218,1000,758,GET,/jobs/1000,404,98.40849996544421
27,2026-09-07T16:13:54.089218,1000,759,GET,/jobs,200,100.23469990119338
27,2026-09-07T16:13:54.089218,1000,760,DELETE,/jobs/1000,404,104.19720003847033
27,2026-09-07T16:13:54.089218,1000,761,PUT,/jobs/1000,404,164.18880003038794
27,2026-09-07T16:13:54.089218,1000,762,GET,/jobs,200,105.33170006237924
27,2026-09-07T16:13:54.089218,1000,763,GET,/jobs,200,93.87820004485548
27,2026-09-07T16:13:54.089218,1000,764,PUT,/jobs/002,404,164.82850001193583
27,2026-09-07T16:13:54.089218,1000,765,PUT,/jobs/1000,404,163.04030001629144
27,2026-09-07T16:13:54.089218,1000,766,GET,/jobs,200,102.19130001496524
27,2026-09-07T16:13:54.089218,1000,767,PUT,/jobs/1000,404,170.3055000398308
27,2026-09-07T16:13:54.089218,1000,768,PUT,/jobs/001,200,168.6801000032574
27,2026-09-07T16:13:54.089218,1000,769,GET,/jobs,200,102.3447000188753
27,2026-09-07T16:13:54.089218,1000,770,POST,/jobs,201,167.5014999927953
27,2026-09-07T16:13:54.089218,1000,771,GET,/jobs/001,200,166.7408999055624
27,2026-09-07T16:13:54.089218,1000,772,GET,/jobs/002,404,110.38279999047518
27,2026-09-07T16:13:54.089218,1000,773,DELETE,/jobs/1000,404,111.43559997435659
27,2026-09-07T16:13:54.089218,1000,774,PUT,/jobs/1000,404,169.5287999464199
27,2026-09-07T16:13:54.089218,1000,775,DELETE,/jobs/1000,404,109.9823999684304
27,2026-09-07T16:13:54.089218,1000,776,PUT,/jobs/1000,404,169.31830008979887
27,2026-09-07T16:13:54.089218,1000,777,DELETE,/jobs/1000,404,110.61939992941916
27,2026-09-07T16:13:54.089218,1000,778,GET,/jobs,200,98.24379999190569
27,2026-09-07T16:13:54.089218,1000,779,GET,/jobs,200,97.95750002376735
27,2026-09-07T16:13:54.089218,1000,780,DELETE,/jobs/002,404,109.59709994494915
27,2026-09-07T16:13:54.089218,1000,781,PUT,/jobs/002,404,166.0845000296831
27,2026-09-07T16:13:54.089218,1000,782,GET,/jobs/002,404,111.05459998361766
27,2026-09-07T16:13:54.089218,1000,783,POST,/jobs,201,159.69480003695935
27,2026-09-07T16:13:54.089218,1000,784,PUT,/jobs/002,404,159.97470007278025
27,2026-09-07T16:13:54.089218,1000,785,PUT,/jobs/1000,404,160.490500042215
27,2026-09-07T16:13:54.089218,1000,786,GET,/jobs,200,101.3830000301823
27,2026-09-07T16:13:54.089218,1000,787,POST,/jobs,201,160.75809998437762
27,2026-09-07T16:13:54.089218,1000,788,POST,/jobs,201,158.11680001206696
27,2026-09-07T16:13:54.089218,1000,789,POST,/jobs,201,156.87880001496524
27,2026-09-07T16:13:54.089218,1000,790,GET,/jobs/1000,404,115.06410001311451
27,2026-09-07T16:13:54.089218,1000,791,PUT,/jobs/001,200,155.3874999517575
27,2026-09-07T16:13:54.089218,1000,792,GET,/jobs,200,101.05400008615106
27,2026-09-07T16:13:54.089218,1000,793,GET,/jobs,200,100.38830002304167
27,2026-09-07T16:13:54.089218,1000,794,GET,/jobs,200,105.6816999334842
27,2026-09-07T16:13:54.089218,1000,795,PUT,/jobs/001,200,164.73379998933524
27,2026-09-07T16:13:54.089218,1000,796,POST,/jobs,201,165.86090007331222
27,2026-09-07T16:13:54.089218,1000,797,GET,/jobs/1000,404,108.6121000116691
27,2026-09-07T16:13:54.089218,1000,798,GET,/jobs,200,113.2945999270305
27,2026-09-07T16:13:54.089218,1000,799,DELETE,/jobs/1000,404,112.91030002757907
27,2026-09-07T16:13:54.089218,1000,800,GET,/jobs,200,108.7834999198094
27,2026-09-07T16:13:54.089218,1000,801,PUT,/jobs/002,404,169.84560003038496
27,2026-09-07T16:13:54.089218,1000,802,PUT,/jobs/1000,404,171.52870004065335
27,2026-09-07T16:13:54.089218,1000,803,GET,/jobs,200,104.6407000394538
27,2026-09-07T16:13:54.089218,1000,804,POST,/jobs,201,172.92849998921156
27,2026-09-07T16:13:54.089218,1000,805,POST,/jobs,201,171.42529995180666
27,2026-09-07T16:13:54.089218,1000,806,GET,/jobs,200,109.12329994607717
27,2026-09-07T16:13:54.089218,1000,807,DELETE,/jobs/002,404,115.19380006939173
27,2026-09-07T16:13:54.089218,1000,808,GET,/jobs/1000,404,104.55380007624626
27,2026-09-07T16:13:54.089218,1000,809,PUT,/jobs/001,200,150.95969999674708
27,2026-09-07T16:13:54.089218,1000,810,GET,/jobs,200,93.00869994331151
27,2026-09-07T16:13:54.089218,1000,811,POST,/jobs,201,150.76839993707836
27,2026-09-07T16:13:54.089218,1000,812,DELETE,/jobs/1000,404,104.71169999800622
27,2026-09-07T16:13:54.089218,1000,813,GET,/jobs,200,92.35370007809252
27,2026-09-07T16:13:54.089218,1000,814,POST,/jobs,201,150.73660004418343
27,2026-09-07T16:13:54.089218,1000,815,GET,/jobs/002,404,101.94049996789545
27,2026-09-07T16:13:54.089218,1000,816,DELETE,/jobs/002,404,102.97939996235073
27,2026-09-07T16:13:54.089218,1000,817,DELETE,/jobs/1000,404,94.60429998580366
27,2026-09-07T16:13:54.089218,1000,818,GET,/jobs,200,91.90260001923889
27,2026-09-07T16:13:54.089218,1000,819,GET,/jobs/002,404,90.97869996912777
27,2026-09-07T16:13:54.089218,1000,820,POST,/jobs,201,147.26689993403852
27,2026-09-07T16:13:54.089218,1000,821,POST,/jobs,201,148.13069999217987
27,2026-09-07T16:13:54.089218,1000,822,GET,/jobs/001,200,148.3942000195384
27,2026-09-07T16:13:54.089218,1000,823,DELETE,/jobs/1000,404,92.29060006327927
27,2026-09-07T16:13:54.089218,1000,824,GET,/jobs,200,90.95770004205406
27,2026-09-07T16:13:54.089218,1000,825,GET,/jobs/1000,404,108.30560000613332
27,2026-09-07T16:13:54.089218,1000,826,GET,/jobs,200,105.8004000224173
27,2026-09-07T16:13:54.089218,1000,827,GET,/jobs,200,110.05969997495413
27,2026-09-07T16:13:54.089218,1000,828,DELETE,/jobs/002,404,110.25159992277622
27,2026-09-07T16:13:54.089218,1000,829,PUT,/jobs/002,404,174.93890004698187
27,2026-09-07T16:13:54.089218,1000,830,PUT,/jobs/002,404,175.290200044401
27,2026-09-07T16:13:54.089218,1000,831,GET,/jobs/002,404,113.81120001897216
27,2026-09-07T16:13:54.089218,1000,832,POST,/jobs,201,174.69530005473644
27,2026-09-07T16:13:54.089218,1000,833,POST,/jobs,201,174.77319994941354
27,2026-09-07T16:13:54.089218,1000,834,DELETE,/jobs/002,404,114.1706999624148
27,2026-09-07T16:13:54.089218,1000,835,GET,/jobs,200,112.3298000311479
27,2026-09-07T16:13:54.089218,1000,836,GET,/jobs/001,200,172.55470005329698
27,2026-09-07T16:13:54.089218,1000,837,DELETE,/jobs/002,404,114.67509996145964
27,2026-09-07T16:13:54.089218,1000,838,GET,/jobs,200,112.77749994769692
27,2026-09-07T16:13:54.089218,1000,839,POST,/jobs,201,173.83879993576556
27,2026-09-07T16:13:54.089218,1000,840,PUT,/jobs/002,404,173.9004000555724
27,2026-09-07T16:13:54.089218,1000,841,DELETE,/jobs/1000,404,113.40979998931289
27,2026-09-07T16:13:54.089218,1000,842,PUT,/jobs/002,404,167.70170000381768
27,2026-09-07T16:13:54.089218,1000,843,GET,/jobs/1000,404,110.26240000501275
27,2026-09-07T16:13:54.089218,1000,844,GET,/jobs,200,106.71170009300113
27,2026-09-07T16:13:54.089218,1000,845,POST,/jobs,201,150.82380000967532
27,2026-09-07T16:13:54.089218,1000,846,GET,/jobs,200,98.1417999137193
27,2026-09-07T16:13:54.089218,1000,847,POST,/jobs,201,150.86699998937547
27,2026-09-07T16:13:54.089218,1000,848,DELETE,/jobs/1000,404,99.03239994309843
27,2026-09-07T16:13:54.089218,1000,849,DELETE,/jobs/1000,404,98.79660001024604
27,2026-09-07T16:13:54.089218,1000,850,GET,/jobs,200,91.02859999984503
27,2026-09-07T16:13:54.089218,1000,851,GET,/jobs/002,404,97.98009996302426
27,2026-09-07T16:13:54.089218,1000,852,DELETE,/jobs/002,404,97.17249998357147
27,2026-09-07T16:13:54.089218,1000,853,GET,/jobs,200,91.76710003521293
27,2026-09-07T16:13:54.089218,1000,854,GET,/jobs/002,404,97.49730001203716
27,2026-09-07T16:13:54.089218,1000,855,GET,/jobs/001,200,162.67039999365807
27,2026-09-07T16:13:54.089218,1000,856,POST,/jobs,201,147.96869992278516
27,2026-09-07T16:13:54.089218,1000,857,POST,/jobs,201,149.23870004713535
27,2026-09-07T16:13:54.089218,1000,858,GET,/jobs,200,105.31649994663894
27,2026-09-07T16:13:54.089218,1000,859,PUT,/jobs/1000,404,158.41599996201694
27,2026-09-07T16:13:54.089218,1000,860,PUT,/jobs/001,200,164.7394000319764
27,2026-09-07T16:13:54.089218,1000,861,GET,/jobs/002,404,110.48530007246882
27,2026-09-07T16:13:54.089218,1000,862,DELETE,/jobs/002,404,110.81850004848093
27,2026-09-07T16:13:54.089218,1000,863,DELETE,/jobs/1000,404,110.98430003039539
27,2026-09-07T16:13:54.089218,1000,864,GET,/jobs,200,107.9195000929758
27,2026-09-07T16:13:54.089218,1000,865,PUT,/jobs/1000,404,163.02729991730303
27,2026-09-07T16:13:54.089218,1000,866,GET,/jobs,200,95.51739995367825
27,2026-09-07T16:13:54.089218,1000,867,PUT,/jobs/001,200,163.2184999762103
27,2026-09-07T16:13:54.089218,1000,868,PUT,/jobs/001,200,159.10140005871654
27,2026-09-07T16:13:54.089218,1000,869,POST,/jobs,201,161.71909996774048
27,2026-09-07T16:13:54.089218,1000,870,PUT,/jobs/1000,404,162.1185999829322
27,2026-09-07T16:13:54.089218,1000,871,PUT,/jobs/1000,404,149.3375999853015
27,2026-09-07T16:13:54.089218,1000,872,PUT,/jobs/002,404,149.22480005770922
27,2026-09-07T16:13:54.089218,1000,873,GET,/jobs,200,108.46969997510314
27,2026-09-07T16:13:54.089218,1000,874,PUT,/jobs/001,200,160.76220001559705
27,2026-09-07T16:13:54.089218,1000,875,POST,/jobs,201,154.73390009719878
27,2026-09-07T16:13:54.089218,1000,876,DELETE,/jobs/1000,404,93.35889993235469
27,2026-09-07T16:13:54.089218,1000,877,POST,/jobs,201,153.1575999688357
27,2026-09-07T16:13:54.089218,1000,878,PUT,/jobs/001,200,154.73369997926056
27,2026-09-07T16:13:54.089218,1000,879,GET,/jobs/002,404,97.94230002444237
27,2026-09-07T16:13:54.089218,1000,880,DELETE,/jobs/1000,404,98.27209997456521
27,2026-09-07T16:13:54.089218,1000,881,DELETE,/jobs/002,404,98.8843000959605
27,2026-09-07T16:13:54.089218,1000,882,PUT,/jobs/002,404,143.84969999082386
27,2026-09-07T16:13:54.089218,1000,883,POST,/jobs,201,144.279700005427
27,2026-09-07T16:13:54.089218,1000,884,POST,/jobs,201,143.0522999726236
27,2026-09-07T16:13:54.089218,1000,885,GET,/jobs/001,200,155.9936999110505
27,2026-09-07T16:13:54.089218,1000,886,DELETE,/jobs/002,404,90.57330002542585
27,2026-09-07T16:13:54.089218,1000,887,DELETE,/jobs/002,404,89.95230006985366
27,2026-09-07T16:13:54.089218,1000,888,POST,/jobs,201,145.2432000078261
27,2026-09-07T16:13:54.089218,1000,889,GET,/jobs/001,200,144.3896999116987
27,2026-09-07T16:13:54.089218,1000,890,GET,/jobs,200,88.84799992665648
27,2026-09-07T16:13:54.089218,1000,891,GET,/jobs/002,404,95.33660009037703
27,2026-09-07T16:13:54.089218,1000,892,GET,/jobs/001,200,155.33490001689643
27,2026-09-07T16:13:54.089218,1000,893,DELETE,/jobs/002,404,90.49199998844415
27,2026-09-07T16:13:54.089218,1000,894,GET,/jobs,200,90.25540004950017
27,2026-09-07T16:13:54.089218,1000,895,GET,/jobs/1000,404,100.7186999777332
27,2026-09-07T16:13:54.089218,1000,896,PUT,/jobs/002,404,142.06879993434995
27,2026-09-07T16:13:54.089218,1000,897,DELETE,/jobs/1000,404,99.59610004443675
27,2026-09-07T16:13:54.089218,1000,898,DELETE,/jobs/1000,404,101.02130006998777
27,2026-09-07T16:13:54.089218,1000,899,POST,/jobs,201,141.70269994065166
27,2026-09-07T16:13:54.089218,1000,900,PUT,/jobs/001,200,157.86030003800988
27,2026-09-07T16:13:54.089218,1000,901,PUT,/jobs/002,404,142.7122000604868
27,2026-09-07T16:13:54.089218,1000,902,POST,/jobs,201,146.033100085333
27,2026-09-07T16:13:54.089218,1000,903,POST,/jobs,201,157.43050002492964
27,2026-09-07T16:13:54.089218,1000,904,GET,/jobs,200,91.66919998824596
27,2026-09-07T16:13:54.089218,1000,905,POST,/jobs,201,157.2314000222832
27,2026-09-07T16:13:54.089218,1000,906,GET,/jobs,200,91.98179992381483
27,2026-09-07T16:13:54.089218,1000,907,POST,/jobs,201,144.15470010135323
27,2026-09-07T16:13:54.089218,1000,908,PUT,/jobs/001,200,143.8956999918446
27,2026-09-07T16:13:54.089218,1000,909,GET,/jobs,200,93.58059999067336
27,2026-09-07T16:13:54.089218,1000,910,POST,/jobs,201,145.47930005937815
27,2026-09-07T16:13:54.089218,1000,911,POST,/jobs,201,146.05139999184757
27,2026-09-07T16:13:54.089218,1000,912,GET,/jobs,200,90.9945999737829
27,2026-09-07T16:13:54.089218,1000,913,DELETE,/jobs/1000,404,98.51280006114393
27,2026-09-07T16:13:54.089218,1000,914,PUT,/jobs/1000,404,143.78449996002018
27,2026-09-07T16:13:54.089218,1000,915,DELETE,/jobs/002,404,98.81470003165305
27,2026-09-07T16:13:54.089218,1000,916,PUT,/jobs/1000,404,144.7248999029398
27,2026-09-07T16:13:54.089218,1000,917,GET,/jobs/002,404,104.47839996777475
27,2026-09-07T16:13:54.089218,1000,918,DELETE,/jobs/1000,404,97.68090001307428
27,2026-09-07T16:13:54.089218,1000,919,DELETE,/jobs/002,404,104.7075999667868
27,2026-09-07T16:13:54.089218,1000,920,GET,/jobs,200,98.65589998662472
27,2026-09-07T16:13:54.089218,1000,921,PUT,/jobs/001,200,147.6437000092119
27,2026-09-07T16:13:54.089218,1000,922,POST,/jobs,201,142.2133999876678
27,2026-09-07T16:13:54.089218,1000,923,GET,/jobs,200,97.28320001158863
27,2026-09-07T16:13:54.089218,1000,924,DELETE,/jobs/002,404,106.49579996243119
27,2026-09-07T16:13:54.089218,1000,925,GET,/jobs,200,96.88860003370792
27,2026-09-07T16:13:54.089218,1000,926,GET,/jobs/1000,404,102.55719989072531
27,2026-09-07T16:13:54.089218,1000,927,PUT,/jobs/002,404,149.19559995178133
27,2026-09-07T16:13:54.089218,1000,928,DELETE,/jobs/002,404,103.2238999614492
27,2026-09-07T16:13:54.089218,1000,929,POST,/jobs,201,141.95229997858405
27,2026-09-07T16:13:54.089218,1000,930,POST,/jobs,201,147.00189989525825
27,2026-09-07T16:13:54.089218,1000,931,PUT,/jobs/002,404,141.50560006964952
27,2026-09-07T16:13:54.089218,1000,932,DELETE,/jobs/002,404,105.41740001644939
27,2026-09-07T16:13:54.089218,1000,933,POST,/jobs,201,140.74060006532818
27,2026-09-07T16:13:54.089218,1000,934,POST,/jobs,201,124.92850003764033
27,2026-09-07T16:13:54.089218,1000,935,DELETE,/jobs/1000,404,88.36910000536591
27,2026-09-07T16:13:54.089218,1000,936,POST,/jobs,201,124.57510002423078
27,2026-09-07T16:13:54.089218,1000,937,DELETE,/jobs/002,404,89.01989995501935
27,2026-09-07T16:13:54.089218,1000,938,POST,/jobs,201,124.16260002646595
27,2026-09-07T16:13:54.089218,1000,939,DELETE,/jobs/002,404,88.9350000070408
27,2026-09-07T16:13:54.089218,1000,940,POST,/jobs,201,125.22619997616857
27,2026-09-07T16:13:54.089218,1000,941,PUT,/jobs/001,200,127.0475999917835
27,2026-09-07T16:13:54.089218,1000,942,DELETE,/jobs/002,404,100.08949995972216
27,2026-09-07T16:13:54.089218,1000,943,POST,/jobs,201,122.74849996902049
27,2026-09-07T16:13:54.089218,1000,944,PUT,/jobs/1000,404,123.26520006172359
27,2026-09-07T16:13:54.089218,1000,945,POST,/jobs,201,121.90779997035861
27,2026-09-07T16:13:54.089218,1000,946,GET,/jobs/1000,404,90.19400004763156
27,2026-09-07T16:13:54.089218,1000,947,DELETE,/jobs/002,404,91.78270003758371
27,2026-09-07T16:13:54.089218,1000,948,PUT,/jobs/1000,404,123.29969997517765
27,2026-09-07T16:13:54.089218,1000,949,POST,/jobs,201,122.75879993103445
27,2026-09-07T16:13:54.089218,1000,950,POST,/jobs,201,115.52160000428557
27,2026-09-07T16:13:54.089218,1000,951,GET,/jobs/001,200,125.97569997888058
27,2026-09-07T16:13:54.089218,1000,952,POST,/jobs,201,114.63850003201514
27,2026-09-07T16:13:54.089218,1000,953,PUT,/jobs/001,200,121.26470007933676
27,2026-09-07T16:13:54.089218,1000,954,GET,/jobs/001,200,125.87139999959618
27,2026-09-07T16:13:54.089218,1000,955,GET,/jobs/001,200,126.12789997365326
27,2026-09-07T16:13:54.089218,1000,956,POST,/jobs,201,121.21879996266216
27,2026-09-07T16:13:54.089218,1000,957,GET,/jobs,200,87.36789994873106
27,2026-09-07T16:13:54.089218,1000,958,DELETE,/jobs/002,404,92.5352000631392
27,2026-09-07T16:13:54.089218,1000,959,POST,/jobs,201,106.15110001526773
27,2026-09-07T16:13:54.089218,1000,960,DELETE,/jobs/002,404,76.93860004656017
27,2026-09-07T16:13:54.089218,1000,961,DELETE,/jobs/1000,404,76.52270002290606
27,2026-09-07T16:13:54.089218,1000,962,GET,/jobs/001,200,107.94519993942231
27,2026-09-07T16:13:54.089218,1000,963,GET,/jobs/1000,404,69.78699995670468
27,2026-09-07T16:13:54.089218,1000,964,DELETE,/jobs/002,404,71.84240000788122
27,2026-09-07T16:13:54.089218,1000,965,PUT,/jobs/001,200,99.99800007790327
27,2026-09-07T16:13:54.089218,1000,966,PUT,/jobs/002,404,98.91299996525049
27,2026-09-07T16:13:54.089218,1000,967,GET,/jobs/002,404,77.77770003303885
27,2026-09-07T16:13:54.089218,1000,968,DELETE,/jobs/1000,404,72.92509998660535
27,2026-09-07T16:13:54.089218,1000,969,PUT,/jobs/001,200,99.65470002498478
27,2026-09-07T16:13:54.089218,1000,970,DELETE,/jobs/002,404,72.60630000382662
27,2026-09-07T16:13:54.089218,1000,971,POST,/jobs,201,100.63460003584623
27,2026-09-07T16:13:54.089218,1000,972,PUT,/jobs/001,200,100.2652000170201
27,2026-09-07T16:13:54.089218,1000,973,POST,/jobs,201,92.59849996306002
27,2026-09-07T16:13:54.089218,1000,974,DELETE,/jobs/1000,404,70.32970001455396
27,2026-09-07T16:13:54.089218,1000,975,PUT,/jobs/002,404,93.1671999860555
27,2026-09-07T16:13:54.089218,1000,976,PUT,/jobs/1000,404,92.77210000436753
27,2026-09-07T16:13:54.089218,1000,977,DELETE,/jobs/1000,404,70.11049997527152
27,2026-09-07T16:13:54.089218,1000,978,GET,/jobs/001,200,84.90400004666299
27,2026-09-07T16:13:54.089218,1000,979,DELETE,/jobs/002,404,66.53730000834912
27,2026-09-07T16:13:54.089218,1000,980,POST,/jobs,201,83.86739995330572
27,2026-09-07T16:13:54.089218,1000,981,PUT,/jobs/002,404,84.35410005040467
27,2026-09-07T16:13:54.089218,1000,982,DELETE,/jobs/002,404,68.65350005682558
27,2026-09-07T16:13:54.089218,1000,983,DELETE,/jobs/002,404,69.79700003284961
27,2026-09-07T16:13:54.089218,1000,984,POST,/jobs,201,81.88299997709692
27,2026-09-07T16:13:54.089218,1000,985,GET,/jobs/002,404,68.77010001335293
27,2026-09-07T16:13:54.089218,1000,986,PUT,/jobs/1000,404,83.38129997719079
27,2026-09-07T16:13:54.089218,1000,987,GET,/jobs/002,404,67.50070000998676
27,2026-09-07T16:13:54.089218,1000,988,GET,/jobs,200,65.3732999926433
27,2026-09-07T16:13:54.089218,1000,989,GET,/jobs/002,404,69.65239997953176
27,2026-09-07T16:13:54.089218,1000,990,POST,/jobs,201,84.42359999753535
27,2026-09-07T16:13:54.089218,1000,991,PUT,/jobs/001,200,83.63839995581657
27,2026-09-07T16:13:54.089218,1000,992,PUT,/jobs/1000,404,84.77960003074259
27,2026-09-07T16:13:54.089218,1000,993,POST,/jobs,201,64.90370002575219
27,2026-09-07T16:13:54.089218,1000,994,PUT,/jobs/001,200,66.29640003666282
27,2026-09-07T16:13:54.089218,1000,995,POST,/jobs,201,67.06089992076159
27,2026-09-07T16:13:54.089218,1000,996,GET,/jobs,200,54.008099948987365
27,2026-09-07T16:13:54.089218,1000,997,POST,/jobs,201,66.54859997797757
27,2026-09-07T16:13:54.089218,1000,998,POST,/jobs,201,66.65809999685735
27,2026-09-07T16:13:54.089218,1000,999,GET,/jobs/001,200,64.64849994517863
27,2026-09-07T16:13:54.089218,1000,1000,GET,/jobs,200,53.77630004659295
28,2026-09-07T16:13:55.962924,1000,1,GET,/jobs,200,54.40660007297993
28,2026-09-07T16:13:55.962924,1000,2,GET,/jobs,200,54.500100086443126
28,2026-09-07T16:13:55.962924,1000,3,POST,/jobs,201,127.74359993636608
28,2026-09-07T16:13:55.962924,1000,4,GET,/jobs/001,200,115.9775999840349
28,2026-09-07T16:13:55.962924,1000,5,GET,/jobs,200,55.27870007790625
28,2026-09-07T16:13:55.962924,1000,6,DELETE,/jobs/002,200,60.85520004853606
28,2026-09-07T16:13:55.962924,1000,7,DELETE,/jobs/1000,404,66.19780010078102
28,2026-09-07T16:13:55.962924,1000,8,GET,/jobs,200,63.5115000186488
28,2026-09-07T16:13:55.962924,1000,9,GET,/jobs,200,63.96479997783899
28,2026-09-07T16:13:55.962924,1000,10,GET,/jobs,200,64.51699999161065
28,2026-09-07T16:13:55.962924,1000,11,GET,/jobs/001,200,112.74790007155389
28,2026-09-07T16:13:55.962924,1000,12,DELETE,/jobs/002,404,69.83689998742193
28,2026-09-07T16:13:55.962924,1000,13,DELETE,/jobs/002,404,71.39669999014586
28,2026-09-07T16:13:55.962924,1000,14,DELETE,/jobs/1000,404,70.20890002604574
28,2026-09-07T16:13:55.962924,1000,15,GET,/jobs/002,404,72.57519999984652
28,2026-09-07T16:13:55.962924,1000,16,DELETE,/jobs/1000,404,71.61820004694164
28,2026-09-07T16:13:55.962924,1000,17,GET,/jobs,200,69.08159994054586
28,2026-09-07T16:13:55.962924,1000,18,GET,/jobs/1000,404,69.72709996625781
28,2026-09-07T16:13:55.962924,1000,19,PUT,/jobs/002,404,120.79269997775555
28,2026-09-07T16:13:55.962924,1000,20,POST,/jobs,201,117.17049998696893
28,2026-09-07T16:13:55.962924,1000,21,GET,/jobs/002,404,83.62160006072372
28,2026-09-07T16:13:55.962924,1000,22,GET,/jobs,200,80.92099998611957
28,2026-09-07T16:13:55.962924,1000,23,GET,/jobs,200,72.59350002277642
28,2026-09-07T16:13:55.962924,1000,24,PUT,/jobs/001,200,117.70699999760836
28,2026-09-07T16:13:55.962924,1000,25,POST,/jobs,201,118.35660005453974
28,2026-09-07T16:13:55.962924,1000,26,POST,/jobs,201,121.30490003619343
28,2026-09-07T16:13:55.962924,1000,27,POST,/jobs,201,120.99270010367036
28,2026-09-07T16:13:55.962924,1000,28,GET,/jobs,200,73.40969995129853
28,2026-09-07T16:13:55.962924,1000,29,PUT,/jobs/1000,404,117.2066000290215
28,2026-09-07T16:13:55.962924,1000,30,GET,/jobs,200,74.21979994978756
28,2026-09-07T16:13:55.962924,1000,31,PUT,/jobs/001,200,119.29870001040399
28,2026-09-07T16:13:55.962924,1000,32,DELETE,/jobs/1000,404,81.61049999762326
28,2026-09-07T16:13:55.962924,1000,33,DELETE,/jobs/1000,404,76.10639999620616
28,2026-09-07T16:13:55.962924,1000,34,DELETE,/jobs/002,404,80.57759993243963
28,2026-09-07T16:13:55.962924,1000,35,GET,/jobs,200,79.66940000187606
28,2026-09-07T16:13:55.962924,1000,36,GET,/jobs,200,79.38889996148646
28,2026-09-07T16:13:55.962924,1000,37,GET,/jobs/002,404,91.82900004088879
28,2026-09-07T16:13:55.962924,1000,38,GET,/jobs,200,82.01999997254461
28,2026-09-07T16:13:55.962924,1000,39,GET,/jobs/001,200,141.25440001953393
28,2026-09-07T16:13:55.962924,1000,40,PUT,/jobs/002,404,121.58589996397495
28,2026-09-07T16:13:55.962924,1000,41,PUT,/jobs/1000,404,119.11970004439354
28,2026-09-07T16:13:55.962924,1000,42,POST,/jobs,201,114.97630004305393
28,2026-09-07T16:13:55.962924,1000,43,POST,/jobs,201,110.99479999393225
28,2026-09-07T16:13:55.962924,1000,44,GET,/jobs/1000,404,81.33379998616874
28,2026-09-07T16:13:55.962924,1000,45,POST,/jobs,201,111.89070006366819
28,2026-09-07T16:13:55.962924,1000,46,GET,/jobs,200,75.48170001246035
28,2026-09-07T16:13:55.962924,1000,47,DELETE,/jobs/002,404,83.06780003476888
28,2026-09-07T16:13:55.962924,1000,48,DELETE,/jobs/002,404,83.10359995812178
28,2026-09-07T16:13:55.962924,1000,49,GET,/jobs/002,404,80.97460004501045
28,2026-09-07T16:13:55.962924,1000,50,PUT,/jobs/002,404,111.73140001483262
28,2026-09-07T16:13:55.962924,1000,51,DELETE,/jobs/002,404,78.34740006364882
28,2026-09-07T16:13:55.962924,1000,52,POST,/jobs,201,109.23280008137226
28,2026-09-07T16:13:55.962924,1000,53,GET,/jobs,200,77.58579996880144
28,2026-09-07T16:13:55.962924,1000,54,GET,/jobs/001,200,141.22510002925992
28,2026-09-07T16:13:55.962924,1000,55,POST,/jobs,201,110.20839994307607
28,2026-09-07T16:13:55.962924,1000,56,POST,/jobs,201,113.43170003965497
28,2026-09-07T16:13:55.962924,1000,57,GET,/jobs/1000,404,80.87639999575913
28,2026-09-07T16:13:55.962924,1000,58,POST,/jobs,201,107.68629994709045
28,2026-09-07T16:13:55.962924,1000,59,PUT,/jobs/002,404,113.1780999712646
28,2026-09-07T16:13:55.962924,1000,60,PUT,/jobs/001,200,116.54969991650432
28,2026-09-07T16:13:55.962924,1000,61,POST,/jobs,201,116.417899960652
28,2026-09-07T16:13:55.962924,1000,62,GET,/jobs/1000,404,84.63599998503923
28,2026-09-07T16:13:55.962924,1000,63,DELETE,/jobs/1000,404,89.34750000480562
28,2026-09-07T16:13:55.962924,1000,64,DELETE,/jobs/1000,404,85.37049998994917
28,2026-09-07T16:13:55.962924,1000,65,DELETE,/jobs/1000,404,79.95939999818802
28,2026-09-07T16:13:55.962924,1000,66,POST,/jobs,201,112.01030004303902
28,2026-09-07T16:13:55.962924,1000,67,GET,/jobs/1000,404,85.57590004056692
28,2026-09-07T16:13:55.962924,1000,68,PUT,/jobs/001,200,112.32630000449717
28,2026-09-07T16:13:55.962924,1000,69,GET,/jobs,200,70.51280001178384
28,2026-09-07T16:13:55.962924,1000,70,GET,/jobs,200,69.71000006888062
28,2026-09-07T16:13:55.962924,1000,71,GET,/jobs/1000,404,83.38329999241978
28,2026-09-07T16:13:55.962924,1000,72,GET,/jobs/1000,404,87.8919999813661
28,2026-09-07T16:13:55.962924,1000,73,PUT,/jobs/1000,404,111.00410006474704
28,2026-09-07T16:13:55.962924,1000,74,GET,/jobs,200,75.35910001024604
28,2026-09-07T16:13:55.962924,1000,75,PUT,/jobs/002,404,115.08739995770156
28,2026-09-07T16:13:55.962924,1000,76,DELETE,/jobs/1000,404,79.50130000244826
28,2026-09-07T16:13:55.962924,1000,77,DELETE,/jobs/1000,404,85.7710000127554
28,2026-09-07T16:13:55.962924,1000,78,DELETE,/jobs/002,404,81.985600059852
28,2026-09-07T16:13:55.962924,1000,79,GET,/jobs,200,85.16409993171692
28,2026-09-07T16:13:55.962924,1000,80,DELETE,/jobs/1000,404,87.77980005834252
28,2026-09-07T16:13:55.962924,1000,81,POST,/jobs,201,122.0970000140369
28,2026-09-07T16:13:55.962924,1000,82,POST,/jobs,201,121.65910005569458
28,2026-09-07T16:13:55.962924,1000,83,GET,/jobs/002,404,68.37879994418472
28,2026-09-07T16:13:55.962924,1000,84,GET,/jobs,200,84.26599996164441
28,2026-09-07T16:13:55.962924,1000,85,POST,/jobs,201,123.02860000636429
28,2026-09-07T16:13:55.962924,1000,86,GET,/jobs/1000,404,87.66159997321665
28,2026-09-07T16:13:55.962924,1000,87,GET,/jobs,200,85.6106000719592
28,2026-09-07T16:13:55.962924,1000,88,POST,/jobs,201,122.08250002004206
28,2026-09-07T16:13:55.962924,1000,89,DELETE,/jobs/002,404,71.06710004154593
28,2026-09-07T16:13:55.962924,1000,90,GET,/jobs/002,404,69.41710005048662
28,2026-09-07T16:13:55.962924,1000,91,GET,/jobs/1000,404,80.93559998087585
28,2026-09-07T16:13:55.962924,1000,92,DELETE,/jobs/002,404,85.69710003212094
28,2026-09-07T16:13:55.962924,1000,93,DELETE,/jobs/1000,404,70.94849995337427
28,2026-09-07T16:13:55.962924,1000,94,PUT,/jobs/001,200,101.1034999974072
28,2026-09-07T16:13:55.962924,1000,95,GET,/jobs,200,76.933000003919
28,2026-09-07T16:13:55.962924,1000,96,POST,/jobs,201,122.18820000998676
28,2026-09-07T16:13:55.962924,1000,97,POST,/jobs,201,100.44029995333403
28,2026-09-07T16:13:55.962924,1000,98,GET,/jobs,200,83.82389997132123
28,2026-09-07T16:13:55.962924,1000,99,GET,/jobs/1000,404,79.2027999414131
28,2026-09-07T16:13:55.962924,1000,100,GET,/jobs,200,68.61479999497533
28,2026-09-07T16:13:55.962924,1000,101,GET,/jobs,200,82.9916000366211
28,2026-09-07T16:13:55.962924,1000,102,PUT,/jobs/001,200,95.31080001033843
28,2026-09-07T16:13:55.962924,1000,103,DELETE,/jobs/002,404,86.30570000968874
28,2026-09-07T16:13:55.962924,1000,104,GET,/jobs/1000,404,78.30199995078146
28,2026-09-07T16:13:55.962924,1000,105,PUT,/jobs/1000,404,112.04229993745685
28,2026-09-07T16:13:55.962924,1000,106,GET,/jobs/002,404,81.64260000921786
28,2026-09-07T16:13:55.962924,1000,107,DELETE,/jobs/1000,404,75.33639995381236
28,2026-09-07T16:13:55.962924,1000,108,GET,/jobs/1000,404,75.84900001529604
28,2026-09-07T16:13:55.962924,1000,109,GET,/jobs/1000,404,73.93980002962053
28,2026-09-07T16:13:55.962924,1000,110,POST,/jobs,201,111.89409997314215
28,2026-09-07T16:13:55.962924,1000,111,POST,/jobs,201,104.82069989666343
28,2026-09-07T16:13:55.962924,1000,112,DELETE,/jobs/1000,404,68.19329992868006
28,2026-09-07T16:13:55.962924,1000,113,GET,/jobs,200,63.501100055873394
28,2026-09-07T16:13:55.962924,1000,114,GET,/jobs/001,200,108.49370004143566
28,2026-09-07T16:13:55.962924,1000,115,GET,/jobs,200,64.16660000104457
28,2026-09-07T16:13:55.962924,1000,116,POST,/jobs,201,116.61370005458593
28,2026-09-07T16:13:55.962924,1000,117,DELETE,/jobs/002,404,77.86259998101741
28,2026-09-07T16:13:55.962924,1000,118,DELETE,/jobs/002,404,78.20109999738634
28,2026-09-07T16:13:55.962924,1000,119,GET,/jobs,200,72.31690001208335
28,2026-09-07T16:13:55.962924,1000,120,GET,/jobs,200,75.94689994584769
28,2026-09-07T16:13:55.962924,1000,121,GET,/jobs,200,77.63039995916188
28,2026-09-07T16:13:55.962924,1000,122,GET,/jobs/001,200,119.3292000098154
28,2026-09-07T16:13:55.962924,1000,123,GET,/jobs,200,72.18169991392642
28,2026-09-07T16:13:55.962924,1000,124,POST,/jobs,201,120.515700080432
28,2026-09-07T16:13:55.962924,1000,125,DELETE,/jobs/002,404,78.6145000020042
28,2026-09-07T16:13:55.962924,1000,126,POST,/jobs,201,123.90180001966655
28,2026-09-07T16:13:55.962924,1000,127,PUT,/jobs/001,200,122.9837000137195
28,2026-09-07T16:13:55.962924,1000,128,DELETE,/jobs/002,404,82.26429997012019
28,2026-09-07T16:13:55.962924,1000,129,DELETE,/jobs/1000,404,81.56409999355674
28,2026-09-07T16:13:55.962924,1000,130,GET,/jobs/002,404,81.61939994897693
28,2026-09-07T16:13:55.962924,1000,131,PUT,/jobs/001,200,124.05139999464154
28,2026-09-07T16:13:55.962924,1000,132,GET,/jobs,200,70.80670003779233
28,2026-09-07T16:13:55.962924,1000,133,GET,/jobs,200,78.49930005613714
28,2026-09-07T16:13:55.962924,1000,134,PUT,/jobs/002,404,121.4491999708116
28,2026-09-07T16:13:55.962924,1000,135,PUT,/jobs/002,404,123.79290000535548
28,2026-09-07T16:13:55.962924,1000,136,PUT,/jobs/1000,404,125.07559999357909
28,2026-09-07T16:13:55.962924,1000,137,GET,/jobs,200,68.08610004372895
28,2026-09-07T16:13:55.962924,1000,138,GET,/jobs,200,68.7661999836564
28,2026-09-07T16:13:55.962924,1000,139,GET,/jobs,200,75.92750003095716
28,2026-09-07T16:13:55.962924,1000,140,PUT,/jobs/1000,404,112.81229997985065
28,2026-09-07T16:13:55.962924,1000,141,POST,/jobs,201,113.68760000914335
28,2026-09-07T16:13:55.962924,1000,142,GET,/jobs,200,72.21799995750189
28,2026-09-07T16:13:55.962924,1000,143,GET,/jobs/001,200,126.95330008864403
28,2026-09-07T16:13:55.962924,1000,144,GET,/jobs/1000,404,79.26769996993244
28,2026-09-07T16:13:55.962924,1000,145,PUT,/jobs/001,200,116.97420000564307
28,2026-09-07T16:13:55.962924,1000,146,PUT,/jobs/001,200,119.56160003319383
28,2026-09-07T16:13:55.962924,1000,147,POST,/jobs,201,111.99729994405061
28,2026-09-07T16:13:55.962924,1000,148,GET,/jobs/001,200,120.36699999589473
28,2026-09-07T16:13:55.962924,1000,149,PUT,/jobs/1000,404,119.14019996766001
28,2026-09-07T16:13:55.962924,1000,150,GET,/jobs,200,76.2026000302285
28,2026-09-07T16:13:55.962924,1000,151,GET,/jobs,200,69.34479996562004
28,2026-09-07T16:13:55.962924,1000,152,DELETE,/jobs/002,404,77.08059996366501
28,2026-09-07T16:13:55.962924,1000,153,GET,/jobs,200,70.57890004944056
28,2026-09-07T16:13:55.962924,1000,154,GET,/jobs/001,200,120.40799995884299
28,2026-09-07T16:13:55.962924,1000,155,PUT,/jobs/002,404,115.73050008155406
28,2026-09-07T16:13:55.962924,1000,156,PUT,/jobs/001,200,116.50669993832707
28,2026-09-07T16:13:55.962924,1000,157,PUT,/jobs/001,200,125.90629991609603
28,2026-09-07T16:13:55.962924,1000,158,GET,/jobs/002,404,73.67439998779446
28,2026-09-07T16:13:55.962924,1000,159,GET,/jobs,200,74.15450003463775
28,2026-09-07T16:13:55.962924,1000,160,PUT,/jobs/002,404,118.89709997922182
28,2026-09-07T16:13:55.962924,1000,161,PUT,/jobs/002,404,119.55599999055266
28,2026-09-07T16:13:55.962924,1000,162,PUT,/jobs/1000,404,120.45380007475615
28,2026-09-07T16:13:55.962924,1000,163,DELETE,/jobs/1000,404,80.818000016734
28,2026-09-07T16:13:55.962924,1000,164,GET,/jobs/001,200,121.23859999701381
28,2026-09-07T16:13:55.962924,1000,165,POST,/jobs,201,119.81249996460974
28,2026-09-07T16:13:55.962924,1000,166,GET,/jobs,200,73.89919995330274
28,2026-09-07T16:13:55.962924,1000,167,DELETE,/jobs/002,404,87.29069994296879
28,2026-09-07T16:13:55.962924,1000,168,POST,/jobs,201,120.78849994577467
28,2026-09-07T16:13:55.962924,1000,169,GET,/jobs,200,74.90310003049672
28,2026-09-07T16:13:55.962924,1000,170,DELETE,/jobs/1000,404,78.09920003637671
28,2026-09-07T16:13:55.962924,1000,171,DELETE,/jobs/002,404,79.7050999244675
28,2026-09-07T16:13:55.962924,1000,172,GET,/jobs,200,72.53729994408786
28,2026-09-07T16:13:55.962924,1000,173,DELETE,/jobs/002,404,79.19329998549074
28,2026-09-07T16:13:55.962924,1000,174,GET,/jobs/001,200,122.50840000342578
28,2026-09-07T16:13:55.962924,1000,175,DELETE,/jobs/002,404,81.58220001496375
28,2026-09-07T16:13:55.962924,1000,176,GET,/jobs/002,404,89.28539999760687
28,2026-09-07T16:13:55.962924,1000,177,GET,/jobs,200,77.74089998565614
28,2026-09-07T16:13:55.962924,1000,178,DELETE,/jobs/002,404,89.66970001347363
28,2026-09-07T16:13:55.962924,1000,179,DELETE,/jobs/002,404,81.32700005080551
28,2026-09-07T16:13:55.962924,1000,180,DELETE,/jobs/002,404,89.75379995536059
28,2026-09-07T16:13:55.962924,1000,181,PUT,/jobs/1000,404,119.93319995235652
28,2026-09-07T16:13:55.962924,1000,182,DELETE,/jobs/1000,404,76.82000007480383
28,2026-09-07T16:13:55.962924,1000,183,POST,/jobs,201,108.31769998185337
28,2026-09-07T16:13:55.962924,1000,184,POST,/jobs,201,109.01070002000779
28,2026-09-07T16:13:55.962924,1000,185,POST,/jobs,201,108.93039999064058
28,2026-09-07T16:13:55.962924,1000,186,GET,/jobs/1000,404,77.46900001075119
28,2026-09-07T16:13:55.962924,1000,187,POST,/jobs,201,108.14210004173219
28,2026-09-07T16:13:55.962924,1000,188,POST,/jobs,201,109.39509992022067
28,2026-09-07T16:13:55.962924,1000,189,GET,/jobs,200,74.95430007111281
28,2026-09-07T16:13:55.962924,1000,190,GET,/jobs,200,73.01229995209724
28,2026-09-07T16:13:55.962924,1000,191,PUT,/jobs/1000,404,118.44999995082617
28,2026-09-07T16:13:55.962924,1000,192,DELETE,/jobs/002,404,76.72429992817342
28,2026-09-07T16:13:55.962924,1000,193,GET,/jobs,200,74.28559998515993
28,2026-09-07T16:13:55.962924,1000,194,DELETE,/jobs/002,404,88.73940003104508
28,2026-09-07T16:13:55.962924,1000,195,DELETE,/jobs/1000,404,88.28999998513609
28,2026-09-07T16:13:55.962924,1000,196,GET,/jobs/002,404,87.59809995535761
28,2026-09-07T16:13:55.962924,1000,197,GET,/jobs,200,86.12280001398176
28,2026-09-07T16:13:55.962924,1000,198,GET,/jobs/002,404,90.02699994016439
28,2026-09-07T16:13:55.962924,1000,199,POST,/jobs,201,127.49230000190437
28,2026-09-07T16:13:55.962924,1000,200,PUT,/jobs/1000,404,127.82469997182488
28,2026-09-07T16:13:55.962924,1000,201,POST,/jobs,201,130.87880006060004
28,2026-09-07T16:13:55.962924,1000,202,DELETE,/jobs/002,404,87.1591999894008
28,2026-09-07T16:13:55.962924,1000,203,DELETE,/jobs/1000,404,88.4394000750035
28,2026-09-07T16:13:55.962924,1000,204,GET,/jobs,200,85.69430001080036
28,2026-09-07T16:13:55.962924,1000,205,GET,/jobs/002,404,87.26290008053184
28,2026-09-07T16:13:55.962924,1000,206,GET,/jobs,200,82.04709994606674
28,2026-09-07T16:13:55.962924,1000,207,GET,/jobs,200,73.50549998227507
28,2026-09-07T16:13:55.962924,1000,208,DELETE,/jobs/002,404,76.2186999199912
28,2026-09-07T16:13:55.962924,1000,209,POST,/jobs,201,126.20429997332394
28,2026-09-07T16:13:55.962924,1000,210,DELETE,/jobs/002,404,76.77960000000894
28,2026-09-07T16:13:55.962924,1000,211,POST,/jobs,201,127.47389997821301
28,2026-09-07T16:13:55.962924,1000,212,POST,/jobs,201,123.00450005568564
28,2026-09-07T16:13:55.962924,1000,213,PUT,/jobs/002,404,122.39220004994422
28,2026-09-07T16:13:55.962924,1000,214,GET,/jobs,200,75.37079998292029
28,2026-09-07T16:13:55.962924,1000,215,GET,/jobs,200,75.9410000173375
28,2026-09-07T16:13:55.962924,1000,216,PUT,/jobs/002,404,130.43270003981888
28,2026-09-07T16:13:55.962924,1000,217,GET,/jobs,200,87.70710008684546
28,2026-09-07T16:13:55.962924,1000,218,GET,/jobs,200,86.21119998861104
28,2026-09-07T16:13:55.962924,1000,219,POST,/jobs,201,130.94609999097884
28,2026-09-07T16:13:55.962924,1000,220,GET,/jobs/1000,404,89.81020003557205
28,2026-09-07T16:13:55.962924,1000,221,POST,/jobs,201,135.31589997000992
28,2026-09-07T16:13:55.962924,1000,222,PUT,/jobs/1000,404,139.37270001042634
28,2026-09-07T16:13:55.962924,1000,223,PUT,/jobs/1000,404,138.33629991859198
28,2026-09-07T16:13:55.962924,1000,224,GET,/jobs,200,77.79470004606992
28,2026-09-07T16:13:55.962924,1000,225,GET,/jobs,200,83.69700005277991
28,2026-09-07T16:13:55.962924,1000,226,GET,/jobs,200,85.08649992290884
28,2026-09-07T16:13:55.962924,1000,227,GET,/jobs/1000,404,87.60829991661012
28,2026-09-07T16:13:55.962924,1000,228,GET,/jobs,200,76.78670005407184
28,2026-09-07T16:13:55.962924,1000,229,POST,/jobs,201,127.52340000588447
28,2026-09-07T16:13:55.962924,1000,230,DELETE,/jobs/002,404,88.17740005906671
28,2026-09-07T16:13:55.962924,1000,231,PUT,/jobs/001,200,137.498400057666
28,2026-09-07T16:13:55.962924,1000,232,GET,/jobs,200,83.04749999660999
28,2026-09-07T16:13:55.962924,1000,233,POST,/jobs,201,133.8475999655202
28,2026-09-07T16:13:55.962924,1000,234,GET,/jobs,200,75.62299992423505
28,2026-09-07T16:13:55.962924,1000,235,POST,/jobs,201,133.42199998442084
28,2026-09-07T16:13:55.962924,1000,236,GET,/jobs/1000,404,84.94600001722574
28,2026-09-07T16:13:55.962924,1000,237,GET,/jobs,200,92.16680005192757
28,2026-09-07T16:13:55.962924,1000,238,POST,/jobs,201,129.42279991693795
28,2026-09-07T16:13:55.962924,1000,239,DELETE,/jobs/1000,404,89.80740001425147
28,2026-09-07T16:13:55.962924,1000,240,DELETE,/jobs/002,404,92.8557999432087
28,2026-09-07T16:13:55.962924,1000,241,GET,/jobs/001,200,141.36889996007085
28,2026-09-07T16:13:55.962924,1000,242,GET,/jobs/002,404,91.42620000056922
28,2026-09-07T16:13:55.962924,1000,243,GET,/jobs,200,89.01660004630685
28,2026-09-07T16:13:55.962924,1000,244,GET,/jobs/1000,404,89.81709997169673
28,2026-09-07T16:13:55.962924,1000,245,POST,/jobs,201,131.09080004505813
28,2026-09-07T16:13:55.962924,1000,246,PUT,/jobs/1000,404,132.00839993078262
28,2026-09-07T16:13:55.962924,1000,247,GET,/jobs/002,404,93.64179999101907
28,2026-09-07T16:13:55.962924,1000,248,GET,/jobs/1000,404,93.07080006692559
28,2026-09-07T16:13:55.962924,1000,249,GET,/jobs,200,85.82010003738105
28,2026-09-07T16:13:55.962924,1000,250,PUT,/jobs/001,200,135.88750001508743
28,2026-09-07T16:13:55.962924,1000,251,PUT,/jobs/001,200,136.13060000352561
28,2026-09-07T16:13:55.962924,1000,252,GET,/jobs/002,404,90.47989989630878
28,2026-09-07T16:13:55.962924,1000,253,POST,/jobs,201,134.85839997883886
28,2026-09-07T16:13:55.962924,1000,254,GET,/jobs/001,200,138.05079995654523
28,2026-09-07T16:13:55.962924,1000,255,GET,/jobs,200,75.67859999835491
28,2026-09-07T16:13:55.962924,1000,256,GET,/jobs/002,404,95.4975999193266
28,2026-09-07T16:13:55.962924,1000,257,POST,/jobs,201,135.49320003949106
28,2026-09-07T16:13:55.962924,1000,258,GET,/jobs,200,87.63480000197887
28,2026-09-07T16:13:55.962924,1000,259,POST,/jobs,201,124.9270000262186
28,2026-09-07T16:13:55.962924,1000,260,DELETE,/jobs/1000,404,91.97700000368059
28,2026-09-07T16:13:55.962924,1000,261,DELETE,/jobs/1000,404,90.57470003608614
28,2026-09-07T16:13:55.962924,1000,262,GET,/jobs,200,89.7365000564605
28,2026-09-07T16:13:55.962924,1000,263,GET,/jobs,200,75.96599997486919
28,2026-09-07T16:13:55.962924,1000,264,POST,/jobs,201,129.76709997747093
28,2026-09-07T16:13:55.962924,1000,265,DELETE,/jobs/1000,404,91.32040000986308
28,2026-09-07T16:13:55.962924,1000,266,GET,/jobs,200,75.67699998617172
28,2026-09-07T16:13:55.962924,1000,267,GET,/jobs,200,88.66449992638081
28,2026-09-07T16:13:55.962924,1000,268,DELETE,/jobs/1000,404,86.60389995202422
28,2026-09-07T16:13:55.962924,1000,269,POST,/jobs,201,136.49359997361898
28,2026-09-07T16:13:55.962924,1000,270,POST,/jobs,201,136.28679991234094
28,2026-09-07T16:13:55.962924,1000,271,DELETE,/jobs/002,404,86.762799997814
28,2026-09-07T16:13:55.962924,1000,272,PUT,/jobs/1000,404,135.67469990812242
28,2026-09-07T16:13:55.962924,1000,273,GET,/jobs/002,404,86.9298999896273
28,2026-09-07T16:13:55.962924,1000,274,GET,/jobs,200,84.9213000619784
28,2026-09-07T16:13:55.962924,1000,275,PUT,/jobs/001,200,143.0129000218585
28,2026-09-07T16:13:55.962924,1000,276,DELETE,/jobs/002,404,89.36740003991872
28,2026-09-07T16:13:55.962924,1000,277,POST,/jobs,201,141.34939992800355
28,2026-09-07T16:13:55.962924,1000,278,GET,/jobs,200,81.28619997296482
28,2026-09-07T16:13:55.962924,1000,279,POST,/jobs,201,143.4356999816373
28,2026-09-07T16:13:55.962924,1000,280,POST,/jobs,201,135.88680000975728
28,2026-09-07T16:13:55.962924,1000,281,GET,/jobs,200,78.27009994070977
28,2026-09-07T16:13:55.962924,1000,282,POST,/jobs,201,141.1264999769628
28,2026-09-07T16:13:55.962924,1000,283,POST,/jobs,201,137.3020000755787
28,2026-09-07T16:13:55.962924,1000,284,PUT,/jobs/002,404,135.88210009038448
28,2026-09-07T16:13:55.962924,1000,285,PUT,/jobs/1000,404,134.9779999582097
28,2026-09-07T16:13:55.962924,1000,286,POST,/jobs,201,143.3051999192685
28,2026-09-07T16:13:55.962924,1000,287,GET,/jobs/001,200,150.98160004708916
28,2026-09-07T16:13:55.962924,1000,288,PUT,/jobs/1000,404,138.6509999865666
28,2026-09-07T16:13:55.962924,1000,289,PUT,/jobs/1000,404,160.21760005969554
28,2026-09-07T16:13:55.962924,1000,290,GET,/jobs/1000,404,89.37169995624572
28,2026-09-07T16:13:55.962924,1000,291,DELETE,/jobs/1000,404,90.24839999619871
28,2026-09-07T16:13:55.962924,1000,292,PUT,/jobs/1000,404,158.71369990054518
28,2026-09-07T16:13:55.962924,1000,293,GET,/jobs,200,85.75729990843683
28,2026-09-07T16:13:55.962924,1000,294,POST,/jobs,201,157.61390002444386
28,2026-09-07T16:13:55.962924,1000,295,GET,/jobs/002,404,89.81679996941239
28,2026-09-07T16:13:55.962924,1000,296,DELETE,/jobs/1000,404,90.86810005828738
28,2026-09-07T16:13:55.962924,1000,297,PUT,/jobs/002,404,158.56739995069802
28,2026-09-07T16:13:55.962924,1000,298,PUT,/jobs/1000,404,159.45450006984174
28,2026-09-07T16:13:55.962924,1000,299,GET,/jobs/1000,404,88.42919999733567
28,2026-09-07T16:13:55.962924,1000,300,PUT,/jobs/1000,404,159.86090002115816
28,2026-09-07T16:13:55.962924,1000,301,GET,/jobs/1000,404,89.02499999385327
28,2026-09-07T16:13:55.962924,1000,302,GET,/jobs,200,85.92179999686778
28,2026-09-07T16:13:55.962924,1000,303,POST,/jobs,201,159.8369999555871
28,2026-09-07T16:13:55.962924,1000,304,DELETE,/jobs/1000,404,86.56289998907596
28,2026-09-07T16:13:55.962924,1000,305,GET,/jobs,200,84.15469992905855
28,2026-09-07T16:13:55.962924,1000,306,GET,/jobs/1000,404,89.5978999324143
28,2026-09-07T16:13:55.962924,1000,307,POST,/jobs,201,145.6325000617653
28,2026-09-07T16:13:55.962924,1000,308,GET,/jobs/001,200,162.503199884668
28,2026-09-07T16:13:55.962924,1000,309,GET,/jobs,200,92.40029996726662
28,2026-09-07T16:13:55.962924,1000,310,GET,/jobs,200,93.22150005027652
28,2026-09-07T16:13:55.962924,1000,311,GET,/jobs/002,404,94.16129998862743
28,2026-09-07T16:13:55.962924,1000,312,DELETE,/jobs/002,404,94.5021000225097
28,2026-09-07T16:13:55.962924,1000,313,PUT,/jobs/002,404,174.25400007050484
28,2026-09-07T16:13:55.962924,1000,314,DELETE,/jobs/002,404,95.62060004100204
28,2026-09-07T16:13:55.962924,1000,315,PUT,/jobs/002,404,172.37770010251552
28,2026-09-07T16:13:55.962924,1000,316,PUT,/jobs/001,200,173.13280003145337
28,2026-09-07T16:13:55.962924,1000,317,GET,/jobs/1000,404,87.41599996574223
28,2026-09-07T16:13:55.962924,1000,318,GET,/jobs,200,84.66900000348687
28,2026-09-07T16:13:55.962924,1000,319,GET,/jobs,200,89.20610009226948
28,2026-09-07T16:13:55.962924,1000,320,PUT,/jobs/001,200,162.1004999615252
28,2026-09-07T16:13:55.962924,1000,321,GET,/jobs/1000,404,100.56669998448342
28,2026-09-07T16:13:55.962924,1000,322,DELETE,/jobs/1000,404,93.27509999275208
28,2026-09-07T16:13:55.962924,1000,323,GET,/jobs,200,103.20959996897727
28,2026-09-07T16:13:55.962924,1000,324,DELETE,/jobs/002,404,111.8895000545308
28,2026-09-07T16:13:55.962924,1000,325,GET,/jobs,200,93.14090001862496
28,2026-09-07T16:13:55.962924,1000,326,PUT,/jobs/001,200,161.93079994991422
28,2026-09-07T16:13:55.962924,1000,327,PUT,/jobs/1000,404,161.33059991989285
28,2026-09-07T16:13:55.962924,1000,328,DELETE,/jobs/1000,404,124.46359999012202
28,2026-09-07T16:13:55.962924,1000,329,PUT,/jobs/1000,404,173.78529999405146
28,2026-09-07T16:13:55.962924,1000,330,DELETE,/jobs/1000,404,125.64169999677688
28,2026-09-07T16:13:55.962924,1000,331,DELETE,/jobs/1000,404,136.00649998988956
28,2026-09-07T16:13:55.962924,1000,332,GET,/jobs/1000,404,124.26469998899847
28,2026-09-07T16:13:55.962924,1000,333,PUT,/jobs/002,404,174.45819999556988
28,2026-09-07T16:13:55.962924,1000,334,POST,/jobs,201,167.5192000111565
28,2026-09-07T16:13:55.962924,1000,335,GET,/jobs/1000,404,127.86119990050793
28,2026-09-07T16:13:55.962924,1000,336,POST,/jobs,201,168.29030006192625
28,2026-09-07T16:13:55.962924,1000,337,DELETE,/jobs/1000,404,127.22020002547652
28,2026-09-07T16:13:55.962924,1000,338,GET,/jobs/002,404,124.91550005506724
28,2026-09-07T16:13:55.962924,1000,339,PUT,/jobs/001,200,175.10310001671314
28,2026-09-07T16:13:55.962924,1000,340,POST,/jobs,201,169.42970000673085
28,2026-09-07T16:13:55.962924,1000,341,POST,/jobs,201,170.2804999658838
28,2026-09-07T16:13:55.962924,1000,342,POST,/jobs,201,166.23500001151115
28,2026-09-07T16:13:55.962924,1000,343,GET,/jobs,200,113.73680003453046
28,2026-09-07T16:13:55.962924,1000,344,GET,/jobs/001,200,162.065300042741
28,2026-09-07T16:13:55.962924,1000,345,GET,/jobs/002,404,125.95310003962368
28,2026-09-07T16:13:55.962924,1000,346,GET,/jobs/1000,404,115.53990002721548
28,2026-09-07T16:13:55.962924,1000,347,GET,/jobs/001,200,161.6132000926882
28,2026-09-07T16:13:55.962924,1000,348,PUT,/jobs/002,404,165.49080004915595
28,2026-09-07T16:13:55.962924,1000,349,POST,/jobs,201,164.14819995407015
28,2026-09-07T16:13:55.962924,1000,350,PUT,/jobs/002,404,168.0958999786526
28,2026-09-07T16:13:55.962924,1000,351,GET,/jobs,200,116.26160005107522
28,2026-09-07T16:13:55.962924,1000,352,GET,/jobs/002,404,113.54149994440377
28,2026-09-07T16:13:55.962924,1000,353,PUT,/jobs/1000,404,178.79509995691478
28,2026-09-07T16:13:55.962924,1000,354,GET,/jobs,200,112.82410006970167
28,2026-09-07T16:13:55.962924,1000,355,DELETE,/jobs/1000,404,113.65309997927397
28,2026-09-07T16:13:55.962924,1000,356,PUT,/jobs/001,200,179.31010003667325
28,2026-09-07T16:13:55.962924,1000,357,POST,/jobs,201,177.19539999961853
28,2026-09-07T16:13:55.962924,1000,358,PUT,/jobs/002,404,170.44480005279183
28,2026-09-07T16:13:55.962924,1000,359,DELETE,/jobs/002,404,114.02320000343025
28,2026-09-07T16:13:55.962924,1000,360,PUT,/jobs/001,200,177.54339997190982
28,2026-09-07T16:13:55.962924,1000,361,POST,/jobs,201,175.94959994312376
28,2026-09-07T16:13:55.962924,1000,362,PUT,/jobs/001,200,174.69880008138716
28,2026-09-07T16:13:55.962924,1000,363,PUT,/jobs/002,404,178.71270002797246
28,2026-09-07T16:13:55.962924,1000,364,PUT,/jobs/1000,404,181.65440007578582
28,2026-09-07T16:13:55.962924,1000,365,GET,/jobs/002,404,123.77679999917746
28,2026-09-07T16:13:55.962924,1000,366,GET,/jobs/1000,404,124.2923999670893
28,2026-09-07T16:13:55.962924,1000,367,DELETE,/jobs/002,404,110.2122999727726
28,2026-09-07T16:13:55.962924,1000,368,PUT,/jobs/1000,404,161.53560008388013
28,2026-09-07T16:13:55.962924,1000,369,DELETE,/jobs/002,404,109.71919994335622
28,2026-09-07T16:13:55.962924,1000,370,GET,/jobs,200,99.77810003329068
28,2026-09-07T16:13:55.962924,1000,371,PUT,/jobs/001,200,154.92660005111247
28,2026-09-07T16:13:55.962924,1000,372,PUT,/jobs/001,200,158.52960001211613
28,2026-09-07T16:13:55.962924,1000,373,GET,/jobs,200,97.08470001351088
28,2026-09-07T16:13:55.962924,1000,374,POST,/jobs,201,158.67619996424764
28,2026-09-07T16:13:55.962924,1000,375,POST,/jobs,201,162.9634000128135
28,2026-09-07T16:13:55.962924,1000,376,PUT,/jobs/002,404,155.9658000478521
28,2026-09-07T16:13:55.962924,1000,377,POST,/jobs,201,155.18040000461042
28,2026-09-07T16:13:55.962924,1000,378,PUT,/jobs/002,404,157.42519998457283
28,2026-09-07T16:13:55.962924,1000,379,PUT,/jobs/002,404,157.9007999971509
28,2026-09-07T16:13:55.962924,1000,380,GET,/jobs,200,106.2530999770388
28,2026-09-07T16:13:55.962924,1000,381,PUT,/jobs/001,200,155.37800011225045
28,2026-09-07T16:13:55.962924,1000,382,DELETE,/jobs/002,404,114.7626000456512
28,2026-09-07T16:13:55.962924,1000,383,POST,/jobs,201,154.70559999812394
28,2026-09-07T16:13:55.962924,1000,384,GET,/jobs,200,103.37589995469898
28,2026-09-07T16:13:55.962924,1000,385,GET,/jobs,200,105.24980002082884
28,2026-09-07T16:13:55.962924,1000,386,GET,/jobs,200,107.92650002986193
28,2026-09-07T16:13:55.962924,1000,387,GET,/jobs/001,200,170.920200063847
28,2026-09-07T16:13:55.962924,1000,388,GET,/jobs,200,107.14129998814315
28,2026-09-07T16:13:55.962924,1000,389,DELETE,/jobs/002,404,100.61779990792274
28,2026-09-07T16:13:55.962924,1000,390,GET,/jobs/001,200,154.72049999516457
28,2026-09-07T16:13:55.962924,1000,391,PUT,/jobs/1000,404,144.45110002998263
28,2026-09-07T16:13:55.962924,1000,392,GET,/jobs,200,96.27749992068857
28,2026-09-07T16:13:55.962924,1000,393,DELETE,/jobs/002,404,102.10110002662987
28,2026-09-07T16:13:55.962924,1000,394,PUT,/jobs/1000,404,141.19059999939054
28,2026-09-07T16:13:55.962924,1000,395,POST,/jobs,201,152.31919998768717
28,2026-09-07T16:13:55.962924,1000,396,POST,/jobs,201,143.06040003430098
28,2026-09-07T16:13:55.962924,1000,397,DELETE,/jobs/002,404,97.16230002231896
28,2026-09-07T16:13:55.962924,1000,398,GET,/jobs/002,404,99.69539998564869
28,2026-09-07T16:13:55.962924,1000,399,GET,/jobs,200,96.76260000560433
28,2026-09-07T16:13:55.962924,1000,400,DELETE,/jobs/002,404,103.77970000263304
28,2026-09-07T16:13:55.962924,1000,401,POST,/jobs,201,143.85700004640967
28,2026-09-07T16:13:55.962924,1000,402,PUT,/jobs/002,404,140.1446999516338
28,2026-09-07T16:13:55.962924,1000,403,GET,/jobs/001,200,154.31799995712936
28,2026-09-07T16:13:55.962924,1000,404,DELETE,/jobs/002,404,99.64579995721579
28,2026-09-07T16:13:55.962924,1000,405,GET,/jobs,200,97.55579999182373
28,2026-09-07T16:13:55.962924,1000,406,POST,/jobs,201,153.4490999765694
28,2026-09-07T16:13:55.962924,1000,407,DELETE,/jobs/002,404,105.19459994975477
28,2026-09-07T16:13:55.962924,1000,408,DELETE,/jobs/002,404,86.82610001415014
28,2026-09-07T16:13:55.962924,1000,409,POST,/jobs,201,135.09070000145584
28,2026-09-07T16:13:55.962924,1000,410,PUT,/jobs/1000,404,135.74259995948523
28,2026-09-07T16:13:55.962924,1000,411,POST,/jobs,201,135.995400021784
28,2026-09-07T16:13:55.962924,1000,412,DELETE,/jobs/1000,404,95.48020001966506
28,2026-09-07T16:13:55.962924,1000,413,GET,/jobs,200,99.82880007009953
28,2026-09-07T16:13:55.962924,1000,414,PUT,/jobs/002,404,141.69349998701364
28,2026-09-07T16:13:55.962924,1000,415,GET,/jobs,200,99.34120008256286
28,2026-09-07T16:13:55.962924,1000,416,PUT,/jobs/002,404,142.2004000050947
28,2026-09-07T16:13:55.962924,1000,417,PUT,/jobs/1000,404,141.72099996358156
28,2026-09-07T16:13:55.962924,1000,418,GET,/jobs/002,404,96.65750002022833
28,2026-09-07T16:13:55.962924,1000,419,GET,/jobs/1000,404,91.62620001006871
28,2026-09-07T16:13:55.962924,1000,420,DELETE,/jobs/1000,404,97.64010005164891
28,2026-09-07T16:13:55.962924,1000,421,DELETE,/jobs/1000,404,110.61850003898144
28,2026-09-07T16:13:55.962924,1000,422,PUT,/jobs/002,404,138.20289995055646
28,2026-09-07T16:13:55.962924,1000,423,DELETE,/jobs/1000,404,97.7594000287354
28,2026-09-07T16:13:55.962924,1000,424,POST,/jobs,201,147.16839999891818
28,2026-09-07T16:13:55.962924,1000,425,GET,/jobs/001,200,152.8377999784425
28,2026-09-07T16:13:55.962924,1000,426,POST,/jobs,201,149.73750000353903
28,2026-09-07T16:13:55.962924,1000,427,GET,/jobs/002,404,99.712900002487
28,2026-09-07T16:13:55.962924,1000,428,DELETE,/jobs/1000,404,100.00229999423027
28,2026-09-07T16:13:55.962924,1000,429,POST,/jobs,201,140.43500006664544
28,2026-09-07T16:13:55.962924,1000,430,PUT,/jobs/002,404,150.90999996755272
28,2026-09-07T16:13:55.962924,1000,431,GET,/jobs/002,404,100.85200006142259
28,2026-09-07T16:13:55.962924,1000,432,GET,/jobs/002,404,100.96469998825341
28,2026-09-07T16:13:55.962924,1000,433,POST,/jobs,201,138.78479995764792
28,2026-09-07T16:13:55.962924,1000,434,POST,/jobs,201,137.22220005001873
28,2026-09-07T16:13:55.962924,1000,435,POST,/jobs,201,137.9797999979928
28,2026-09-07T16:13:55.962924,1000,436,GET,/jobs,200,85.33599996007979
28,2026-09-07T16:13:55.962924,1000,437,DELETE,/jobs/002,404,96.74910001922399
28,2026-09-07T16:13:55.962924,1000,438,GET,/jobs,200,86.35740005411208
28,2026-09-07T16:13:55.962924,1000,439,GET,/jobs/1000,404,97.67889999784529
28,2026-09-07T16:13:55.962924,1000,440,PUT,/jobs/002,404,139.44160006940365
28,2026-09-07T16:13:55.962924,1000,441,DELETE,/jobs/002,404,96.65059996768832
28,2026-09-07T16:13:55.962924,1000,442,PUT,/jobs/1000,404,148.22480001021177
28,2026-09-07T16:13:55.962924,1000,443,PUT,/jobs/002,404,152.01610000804067
28,2026-09-07T16:13:55.962924,1000,444,GET,/jobs,200,97.06109995022416
28,2026-09-07T16:13:55.962924,1000,445,GET,/jobs,200,88.70289998594671
28,2026-09-07T16:13:55.962924,1000,446,POST,/jobs,201,150.94860002864152
28,2026-09-07T16:13:55.962924,1000,447,PUT,/jobs/1000,404,151.51180000975728
28,2026-09-07T16:13:55.962924,1000,448,GET,/jobs/002,404,97.54929994232953
28,2026-09-07T16:13:55.962924,1000,449,DELETE,/jobs/1000,404,98.7871999386698
28,2026-09-07T16:13:55.962924,1000,450,PUT,/jobs/1000,404,150.37689998280257
28,2026-09-07T16:13:55.962924,1000,451,DELETE,/jobs/1000,404,88.81230000406504
28,2026-09-07T16:13:55.962924,1000,452,PUT,/jobs/1000,404,133.54700000490993
28,2026-09-07T16:13:55.962924,1000,453,DELETE,/jobs/1000,404,91.28779999446124
28,2026-09-07T16:13:55.962924,1000,454,POST,/jobs,201,140.67469991277903
28,2026-09-07T16:13:55.962924,1000,455,PUT,/jobs/002,404,141.2883000448346
28,2026-09-07T16:13:55.962924,1000,456,POST,/jobs,201,141.91849995404482
28,2026-09-07T16:13:55.962924,1000,457,GET,/jobs/001,200,143.2137000374496
28,2026-09-07T16:13:55.962924,1000,458,GET,/jobs/002,404,90.51290003117174
28,2026-09-07T16:13:55.962924,1000,459,GET,/jobs,200,89.11069994792342
28,2026-09-07T16:13:55.962924,1000,460,DELETE,/jobs/002,404,91.4232999784872
28,2026-09-07T16:13:55.962924,1000,461,GET,/jobs/001,200,142.94429996516556
28,2026-09-07T16:13:55.962924,1000,462,PUT,/jobs/002,404,133.0304000293836
28,2026-09-07T16:13:55.962924,1000,463,DELETE,/jobs/1000,404,85.91680007521063
28,2026-09-07T16:13:55.962924,1000,464,GET,/jobs,200,96.48350009229034
28,2026-09-07T16:13:55.962924,1000,465,GET,/jobs/002,404,95.29009996913373
28,2026-09-07T16:13:55.962924,1000,466,GET,/jobs/002,404,103.25949999969453
28,2026-09-07T16:13:55.962924,1000,467,GET,/jobs/002,404,106.44200001843274
28,2026-09-07T16:13:55.962924,1000,468,GET,/jobs,200,95.65130004193634
28,2026-09-07T16:13:55.962924,1000,469,DELETE,/jobs/002,404,101.78340005222708
28,2026-09-07T16:13:55.962924,1000,470,POST,/jobs,201,141.5031999349594
28,2026-09-07T16:13:55.962924,1000,471,GET,/jobs,200,96.65790002327412
28,2026-09-07T16:13:55.962924,1000,472,DELETE,/jobs/1000,404,97.27250004652888
28,2026-09-07T16:13:55.962924,1000,473,GET,/jobs/1000,404,98.08030002750456
28,2026-09-07T16:13:55.962924,1000,474,PUT,/jobs/001,200,138.77199997659773
28,2026-09-07T16:13:55.962924,1000,475,GET,/jobs,200,94.71730003133416
28,2026-09-07T16:13:55.962924,1000,476,DELETE,/jobs/1000,404,94.91640003398061
28,2026-09-07T16:13:55.962924,1000,477,PUT,/jobs/002,404,142.03540002927184
28,2026-09-07T16:13:55.962924,1000,478,PUT,/jobs/002,404,135.00050001312047
28,2026-09-07T16:13:55.962924,1000,479,GET,/jobs/001,200,143.12920009251684
28,2026-09-07T16:13:55.962924,1000,480,POST,/jobs,201,138.3658000268042
28,2026-09-07T16:13:55.962924,1000,481,PUT,/jobs/001,200,129.98990004416555
28,2026-09-07T16:13:55.962924,1000,482,GET,/jobs,200,91.94650000426918
28,2026-09-07T16:13:55.962924,1000,483,PUT,/jobs/002,404,141.1143000004813
28,2026-09-07T16:13:55.962924,1000,484,GET,/jobs,200,95.11709993239492
28,2026-09-07T16:13:55.962924,1000,485,DELETE,/jobs/002,404,97.27190004196018
28,2026-09-07T16:13:55.962924,1000,486,GET,/jobs/001,200,136.55449997168034
28,2026-09-07T16:13:55.962924,1000,487,DELETE,/jobs/1000,404,88.57729996088892
28,2026-09-07T16:13:55.962924,1000,488,GET,/jobs,200,81.22469997033477
28,2026-09-07T16:13:55.962924,1000,489,GET,/jobs/001,200,136.8967000162229
28,2026-09-07T16:13:55.962924,1000,490,DELETE,/jobs/1000,404,90.36299993749708
28,2026-09-07T16:13:55.962924,1000,491,DELETE,/jobs/002,404,89.84190004412085
28,2026-09-07T16:13:55.962924,1000,492,DELETE,/jobs/1000,404,90.22670006379485
28,2026-09-07T16:13:55.962924,1000,493,PUT,/jobs/002,404,132.93469999916852
28,2026-09-07T16:13:55.962924,1000,494,POST,/jobs,201,128.03310004528612
28,2026-09-07T16:13:55.962924,1000,495,DELETE,/jobs/1000,404,92.35010005068034
28,2026-09-07T16:13:55.962924,1000,496,POST,/jobs,201,133.75959999393672
28,2026-09-07T16:13:55.962924,1000,497,DELETE,/jobs/002,404,90.4611999867484
28,2026-09-07T16:13:55.962924,1000,498,DELETE,/jobs/002,404,92.14500000234693
28,2026-09-07T16:13:55.962924,1000,499,GET,/jobs/1000,404,93.28200004529208
28,2026-09-07T16:13:55.962924,1000,500,GET,/jobs/002,404,92.68480003811419
28,2026-09-07T16:13:55.962924,1000,501,GET,/jobs,200,91.07280010357499
28,2026-09-07T16:13:55.962924,1000,502,GET,/jobs/001,200,137.87440001033247
28,2026-09-07T16:13:55.962924,1000,503,GET,/jobs/1000,404,90.89540003333241
28,2026-09-07T16:13:55.962924,1000,504,GET,/jobs,200,89.08309997059405
28,2026-09-07T16:13:55.962924,1000,505,GET,/jobs/001,200,134.63370001409203
28,2026-09-07T16:13:55.962924,1000,506,PUT,/jobs/002,404,133.9762998977676
28,2026-09-07T16:13:55.962924,1000,507,DELETE,/jobs/1000,404,90.3796999482438
28,2026-09-07T16:13:55.962924,1000,508,POST,/jobs,201,138.74009996652603
28,2026-09-07T16:13:55.962924,1000,509,GET,/jobs/002,404,90.06550000049174
28,2026-09-07T16:13:55.962924,1000,510,POST,/jobs,201,139.11640003789216
28,2026-09-07T16:13:55.962924,1000,511,PUT,/jobs/001,200,137.48210004996508
28,2026-09-07T16:13:55.962924,1000,512,GET,/jobs/002,404,90.48930008430034
28,2026-09-07T16:13:55.962924,1000,513,DELETE,/jobs/002,404,91.19290008675307
28,2026-09-07T16:13:55.962924,1000,514,PUT,/jobs/001,200,135.42850001249462
28,2026-09-07T16:13:55.962924,1000,515,DELETE,/jobs/002,404,89.74510000552982
28,2026-09-07T16:13:55.962924,1000,516,GET,/jobs/002,404,88.42609997373074
28,2026-09-07T16:13:55.962924,1000,517,GET,/jobs/001,200,139.3722000066191
28,2026-09-07T16:13:55.962924,1000,518,GET,/jobs,200,87.22450002096593
28,2026-09-07T16:13:55.962924,1000,519,GET,/jobs/002,404,91.45119995810091
28,2026-09-07T16:13:55.962924,1000,520,DELETE,/jobs/1000,404,90.44489997904748
28,2026-09-07T16:13:55.962924,1000,521,PUT,/jobs/001,200,138.67060001939535
28,2026-09-07T16:13:55.962924,1000,522,PUT,/jobs/1000,404,138.2143999217078
28,2026-09-07T16:13:55.962924,1000,523,POST,/jobs,201,136.32009993307292
28,2026-09-07T16:13:55.962924,1000,524,PUT,/jobs/002,404,130.0762000028044
28,2026-09-07T16:13:55.962924,1000,525,DELETE,/jobs/1000,404,83.3928999491036
28,2026-09-07T16:13:55.962924,1000,526,PUT,/jobs/001,200,131.15779997315258
28,2026-09-07T16:13:55.962924,1000,527,DELETE,/jobs/002,404,84.83659999910742
28,2026-09-07T16:13:55.962924,1000,528,PUT,/jobs/1000,404,130.38990006316453
28,2026-09-07T16:13:55.962924,1000,529,POST,/jobs,201,130.96580002456903
28,2026-09-07T16:13:55.962924,1000,530,POST,/jobs,201,130.02879999112338
28,2026-09-07T16:13:55.962924,1000,531,GET,/jobs,200,77.15809997171164
28,2026-09-07T16:13:55.962924,1000,532,GET,/jobs/1000,404,83.91139993909746
28,2026-09-07T16:13:55.962924,1000,533,DELETE,/jobs/002,404,84.47980007622391
28,2026-09-07T16:13:55.962924,1000,534,POST,/jobs,201,130.46999997459352
28,2026-09-07T16:13:55.962924,1000,535,GET,/jobs,200,84.83700000215322
28,2026-09-07T16:13:55.962924,1000,536,GET,/jobs/002,404,86.99089998845011
28,2026-09-07T16:13:55.962924,1000,537,DELETE,/jobs/1000,404,89.45259999018162
28,2026-09-07T16:13:55.962924,1000,538,POST,/jobs,201,130.5333999916911
28,2026-09-07T16:13:55.962924,1000,539,DELETE,/jobs/1000,404,84.10920004826039
28,2026-09-07T16:13:55.962924,1000,540,PUT,/jobs/001,200,118.52820008061826
28,2026-09-07T16:13:55.962924,1000,541,PUT,/jobs/002,404,129.4877000618726
28,2026-09-07T16:13:55.962924,1000,542,PUT,/jobs/002,404,119.74749993532896
28,2026-09-07T16:13:55.962924,1000,543,POST,/jobs,201,128.04880004841834
28,2026-09-07T16:13:55.962924,1000,544,GET,/jobs,200,80.84140007849783
28,2026-09-07T16:13:55.962924,1000,545,GET,/jobs/002,404,81.44079998601228
28,2026-09-07T16:13:55.962924,1000,546,PUT,/jobs/1000,404,128.4648000728339
28,2026-09-07T16:13:55.962924,1000,547,PUT,/jobs/002,404,120.21259998437017
28,2026-09-07T16:13:55.962924,1000,548,PUT,/jobs/1000,404,128.97229997906834
28,2026-09-07T16:13:55.962924,1000,549,GET,/jobs,200,79.52399994246662
28,2026-09-07T16:13:55.962924,1000,550,PUT,/jobs/001,200,127.25519994273782
28,2026-09-07T16:13:55.962924,1000,551,POST,/jobs,201,129.27619996480644
28,2026-09-07T16:13:55.962924,1000,552,POST,/jobs,201,127.64849991071969
28,2026-09-07T16:13:55.962924,1000,553,PUT,/jobs/1000,404,131.74569990951568
28,2026-09-07T16:13:55.962924,1000,554,GET,/jobs,200,83.18059996236116
28,2026-09-07T16:13:55.962924,1000,555,DELETE,/jobs/1000,404,83.8329999241978
28,2026-09-07T16:13:55.962924,1000,556,PUT,/jobs/001,200,132.5319999596104
28,2026-09-07T16:13:55.962924,1000,557,GET,/jobs/1000,404,84.56659992225468
28,2026-09-07T16:13:55.962924,1000,558,POST,/jobs,201,132.62539997231215
28,2026-09-07T16:13:55.962924,1000,559,PUT,/jobs/1000,404,135.76199999079108
28,2026-09-07T16:13:55.962924,1000,560,PUT,/jobs/001,200,135.64140000380576
28,2026-09-07T16:13:55.962924,1000,561,GET,/jobs/002,404,88.59110006596893
28,2026-09-07T16:13:55.962924,1000,562,DELETE,/jobs/002,404,85.73259995318949
28,2026-09-07T16:13:55.962924,1000,563,POST,/jobs,201,134.40099998842925
28,2026-09-07T16:13:55.962924,1000,564,PUT,/jobs/001,200,135.05130005069077
28,2026-09-07T16:13:55.962924,1000,565,GET,/jobs,200,85.1465999148786
28,2026-09-07T16:13:55.962924,1000,566,DELETE,/jobs/002,404,87.45160000398755
28,2026-09-07T16:13:55.962924,1000,567,GET,/jobs/002,404,87.80410001054406
28,2026-09-07T16:13:55.962924,1000,568,DELETE,/jobs/002,404,88.71679997537285
28,2026-09-07T16:13:55.962924,1000,569,DELETE,/jobs/1000,404,87.40580000448972
28,2026-09-07T16:13:55.962924,1000,570,GET,/jobs,200,82.99300004728138
28,2026-09-07T16:13:55.962924,1000,571,GET,/jobs/001,200,136.32859999779612
28,2026-09-07T16:13:55.962924,1000,572,PUT,/jobs/001,200,134.04179993085563
28,2026-09-07T16:13:55.962924,1000,573,GET,/jobs/002,404,85.00890003051609
28,2026-09-07T16:13:55.962924,1000,574,POST,/jobs,201,131.41089992132038
28,2026-09-07T16:13:55.962924,1000,575,POST,/jobs,201,133.72029992751777
28,2026-09-07T16:13:55.962924,1000,576,PUT,/jobs/002,404,131.73420005477965
28,2026-09-07T16:13:55.962924,1000,577,GET,/jobs/002,404,85.1813000626862
28,2026-09-07T16:13:55.962924,1000,578,DELETE,/jobs/002,404,85.92049998696893
28,2026-09-07T16:13:55.962924,1000,579,PUT,/jobs/001,200,131.2379000009969
28,2026-09-07T16:13:55.962924,1000,580,DELETE,/jobs/002,404,87.66310010105371
28,2026-09-07T16:13:55.962924,1000,581,GET,/jobs,200,83.71789997909218
28,2026-09-07T16:13:55.962924,1000,582,POST,/jobs,201,121.59190000966191
28,2026-09-07T16:13:55.962924,1000,583,PUT,/jobs/002,404,130.58090000413358
28,2026-09-07T16:13:55.962924,1000,584,DELETE,/jobs/1000,404,84.13339999970049
28,2026-09-07T16:13:55.962924,1000,585,GET,/jobs,200,78.67839990649372
28,2026-09-07T16:13:55.962924,1000,586,POST,/jobs,201,125.53349998779595
28,2026-09-07T16:13:55.962924,1000,587,POST,/jobs,201,135.52210002671927
28,2026-09-07T16:13:55.962924,1000,588,DELETE,/jobs/1000,404,83.82509998045862
28,2026-09-07T16:13:55.962924,1000,589,GET,/jobs/002,404,96.2950000539422
28,2026-09-07T16:13:55.962924,1000,590,DELETE,/jobs/1000,404,86.44939993973821
28,2026-09-07T16:13:55.962924,1000,591,POST,/jobs,201,133.87639995198697
28,2026-09-07T16:13:55.962924,1000,592,DELETE,/jobs/1000,404,88.11310003511608
28,2026-09-07T16:13:55.962924,1000,593,PUT,/jobs/002,404,133.22590000461787
28,2026-09-07T16:13:55.962924,1000,594,GET,/jobs/1000,404,89.62159999646246
28,2026-09-07T16:13:55.962924,1000,595,GET,/jobs/1000,404,85.67399997264147
28,2026-09-07T16:13:55.962924,1000,596,PUT,/jobs/001,200,148.41580006759614
28,2026-09-07T16:13:55.962924,1000,597,PUT,/jobs/001,200,142.56920001935214
28,2026-09-07T16:13:55.962924,1000,598,POST,/jobs,201,144.0061000175774
28,2026-09-07T16:13:55.962924,1000,599,PUT,/jobs/1000,404,145.85219998843968
28,2026-09-07T16:13:55.962924,1000,600,PUT,/jobs/002,404,147.47490000445396
28,2026-09-07T16:13:55.962924,1000,601,GET,/jobs/002,404,88.08129990939051
28,2026-09-07T16:13:55.962924,1000,602,GET,/jobs,200,86.03390003554523
28,2026-09-07T16:13:55.962924,1000,603,GET,/jobs/1000,404,85.20179998595268
28,2026-09-07T16:13:55.962924,1000,604,DELETE,/jobs/1000,404,87.01459993608296
28,2026-09-07T16:13:55.962924,1000,605,GET,/jobs,200,85.04120004363358
28,2026-09-07T16:13:55.962924,1000,606,PUT,/jobs/001,200,146.31310000550002
28,2026-09-07T16:13:55.962924,1000,607,DELETE,/jobs/1000,404,89.00609996635467
28,2026-09-07T16:13:55.962924,1000,608,GET,/jobs,200,84.09810008015484
28,2026-09-07T16:13:55.962924,1000,609,GET,/jobs/002,404,86.45209996029735
28,2026-09-07T16:13:55.962924,1000,610,GET,/jobs/001,200,153.2262999098748
28,2026-09-07T16:13:55.962924,1000,611,PUT,/jobs/002,404,154.7415000386536
28,2026-09-07T16:13:55.962924,1000,612,POST,/jobs,201,154.22470006160438
28,2026-09-07T16:13:55.962924,1000,613,PUT,/jobs/1000,404,155.08529997896403
28,2026-09-07T16:13:55.962924,1000,614,GET,/jobs,200,75.64429997000843
28,2026-09-07T16:13:55.962924,1000,615,POST,/jobs,201,152.7318999869749
28,2026-09-07T16:13:55.962924,1000,616,DELETE,/jobs/1000,404,91.08299994841218
28,2026-09-07T16:13:55.962924,1000,617,POST,/jobs,201,151.97739994619042
28,2026-09-07T16:13:55.962924,1000,618,PUT,/jobs/1000,404,153.00759999081492
28,2026-09-07T16:13:55.962924,1000,619,GET,/jobs,200,88.85030006058514
28,2026-09-07T16:13:55.962924,1000,620,DELETE,/jobs/002,404,90.21969989407808
28,2026-09-07T16:13:55.962924,1000,621,GET,/jobs/1000,404,90.53000004496425
28,2026-09-07T16:13:55.962924,1000,622,POST,/jobs,201,166.76399996504188
28,2026-09-07T16:13:55.962924,1000,623,GET,/jobs,200,84.38419993035495
28,2026-09-07T16:13:55.962924,1000,624,PUT,/jobs/001,200,167.67440002877265
28,2026-09-07T16:13:55.962924,1000,625,GET,/jobs,200,84.31459998246282
28,2026-09-07T16:13:55.962924,1000,626,PUT,/jobs/001,200,170.06070003844798
28,2026-09-07T16:13:55.962924,1000,627,POST,/jobs,201,169.202100019902
28,2026-09-07T16:13:55.962924,1000,628,GET,/jobs,200,80.90649999212474
28,2026-09-07T16:13:55.962924,1000,629,POST,/jobs,201,167.13960003107786
28,2026-09-07T16:13:55.962924,1000,630,GET,/jobs,200,77.03769998624921
28,2026-09-07T16:13:55.962924,1000,631,POST,/jobs,201,165.71770003065467
28,2026-09-07T16:13:55.962924,1000,632,POST,/jobs,201,167.91129997000098
28,2026-09-07T16:13:55.962924,1000,633,GET,/jobs/001,200,170.23950000293553
28,2026-09-07T16:13:55.962924,1000,634,DELETE,/jobs/1000,404,98.39249996002764
28,2026-09-07T16:13:55.962924,1000,635,DELETE,/jobs/002,404,79.46989999618381
28,2026-09-07T16:13:55.962924,1000,636,GET,/jobs/001,200,171.77489993628114
28,2026-09-07T16:13:55.962924,1000,637,GET,/jobs,200,105.67830002401024
28,2026-09-07T16:13:55.962924,1000,638,DELETE,/jobs/1000,404,111.87240004073828
28,2026-09-07T16:13:55.962924,1000,639,DELETE,/jobs/002,404,112.03219997696579
28,2026-09-07T16:13:55.962924,1000,640,PUT,/jobs/1000,404,167.035200051032
28,2026-09-07T16:13:55.962924,1000,641,GET,/jobs/001,200,163.15109992865473
28,2026-09-07T16:13:55.962924,1000,642,PUT,/jobs/1000,404,174.918899894692
28,2026-09-07T16:13:55.962924,1000,643,POST,/jobs,201,176.1966000776738
28,2026-09-07T16:13:55.962924,1000,644,POST,/jobs,201,176.77859996911138
28,2026-09-07T16:13:55.962924,1000,645,GET,/jobs,200,121.19600002188236
28,2026-09-07T16:13:55.962924,1000,646,PUT,/jobs/002,404,175.74299999978393
28,2026-09-07T16:13:55.962924,1000,647,DELETE,/jobs/002,404,123.2943000504747
28,2026-09-07T16:13:55.962924,1000,648,GET,/jobs,200,112.95440001413226
28,2026-09-07T16:13:55.962924,1000,649,PUT,/jobs/002,404,178.02810005377978
28,2026-09-07T16:13:55.962924,1000,650,DELETE,/jobs/1000,404,122.86020000465214
28,2026-09-07T16:13:55.962924,1000,651,PUT,/jobs/1000,404,178.37239999789745
28,2026-09-07T16:13:55.962924,1000,652,POST,/jobs,201,177.4744000285864
28,2026-09-07T16:13:55.962924,1000,653,POST,/jobs,201,179.79710001964122
28,2026-09-07T16:13:55.962924,1000,654,PUT,/jobs/002,404,173.87470009271055
28,2026-09-07T16:13:55.962924,1000,655,GET,/jobs,200,108.24219998903573
28,2026-09-07T16:13:55.962924,1000,656,GET,/jobs/002,404,121.31149997003376
28,2026-09-07T16:13:55.962924,1000,657,DELETE,/jobs/1000,404,120.06659992039204
28,2026-09-07T16:13:55.962924,1000,658,DELETE,/jobs/1000,404,120.0532999355346
28,2026-09-07T16:13:55.962924,1000,659,POST,/jobs,201,177.60199995245785
28,2026-09-07T16:13:55.962924,1000,660,PUT,/jobs/002,404,176.57869996037334
28,2026-09-07T16:13:55.962924,1000,661,GET,/jobs,200,107.17339999973774
28,2026-09-07T16:13:55.962924,1000,662,DELETE,/jobs/002,404,121.43269996158779
28,2026-09-07T16:13:55.962924,1000,663,DELETE,/jobs/1000,404,120.88930001482368
28,2026-09-07T16:13:55.962924,1000,664,POST,/jobs,201,177.88590001873672
28,2026-09-07T16:13:55.962924,1000,665,GET,/jobs/1000,404,120.73170009534806
28,2026-09-07T16:13:55.962924,1000,666,POST,/jobs,201,176.07230006251484
28,2026-09-07T16:13:55.962924,1000,667,GET,/jobs/1000,404,120.2978000510484
28,2026-09-07T16:13:55.962924,1000,668,POST,/jobs,201,176.5859000151977
28,2026-09-07T16:13:55.962924,1000,669,GET,/jobs/1000,404,115.7777999760583
28,2026-09-07T16:13:55.962924,1000,670,GET,/jobs,200,108.68870001286268
28,2026-09-07T16:13:55.962924,1000,671,GET,/jobs,200,114.9028999498114
28,2026-09-07T16:13:55.962924,1000,672,POST,/jobs,201,175.00349995680153
28,2026-09-07T16:13:55.962924,1000,673,PUT,/jobs/001,200,171.76820000167936
28,2026-09-07T16:13:55.962924,1000,674,DELETE,/jobs/1000,404,128.75260005239397
28,2026-09-07T16:13:55.962924,1000,675,GET,/jobs/001,200,183.83580003865063
28,2026-09-07T16:13:55.962924,1000,676,POST,/jobs,201,172.50710004009306
28,2026-09-07T16:13:55.962924,1000,677,PUT,/jobs/001,200,174.2248999653384
28,2026-09-07T16:13:55.962924,1000,678,GET,/jobs/001,200,183.92799992579967
28,2026-09-07T16:13:55.962924,1000,679,DELETE,/jobs/1000,404,124.98019996564835
28,2026-09-07T16:13:55.962924,1000,680,DELETE,/jobs/1000,404,123.8201999804005
28,2026-09-07T16:13:55.962924,1000,681,GET,/jobs/002,404,121.70949997380376
28,2026-09-07T16:13:55.962924,1000,682,PUT,/jobs/002,404,182.0770000340417
28,2026-09-07T16:13:55.962924,1000,683,POST,/jobs,201,183.25080000795424
28,2026-09-07T16:13:55.962924,1000,684,GET,/jobs,200,120.91279996093363
28,2026-09-07T16:13:55.962924,1000,685,PUT,/jobs/001,200,176.69250001199543
28,2026-09-07T16:13:55.962924,1000,686,GET,/jobs/001,200,183.7148000486195
28,2026-09-07T16:13:55.962924,1000,687,PUT,/jobs/1000,404,175.74199999216944
28,2026-09-07T16:13:55.962924,1000,688,POST,/jobs,201,178.8874000776559
28,2026-09-07T16:13:55.962924,1000,689,PUT,/jobs/001,200,177.89859999902546
28,2026-09-07T16:13:55.962924,1000,690,POST,/jobs,201,174.7365000192076
28,2026-09-07T16:13:55.962924,1000,691,GET,/jobs,200,120.49489992205054
28,2026-09-07T16:13:55.962924,1000,692,PUT,/jobs/002,404,178.4351000096649
28,2026-09-07T16:13:55.962924,1000,693,POST,/jobs,201,179.36090007424355
28,2026-09-07T16:13:55.962924,1000,694,PUT,/jobs/1000,404,173.68420003913343
28,2026-09-07T16:13:55.962924,1000,695,POST,/jobs,201,182.97269998583943
28,2026-09-07T16:13:55.962924,1000,696,GET,/jobs/002,404,110.29660003259778
28,2026-09-07T16:13:55.962924,1000,697,GET,/jobs,200,95.71020002476871
28,2026-09-07T16:13:55.962924,1000,698,DELETE,/jobs/1000,404,109.53080002218485
28,2026-09-07T16:13:55.962924,1000,699,DELETE,/jobs/002,404,110.26490002404898
28,2026-09-07T16:13:55.962924,1000,700,GET,/jobs,200,96.42670000903308
28,2026-09-07T16:13:55.962924,1000,701,PUT,/jobs/1000,404,164.36109994538128
28,2026-09-07T16:13:55.962924,1000,702,POST,/jobs,201,159.15100008714944
28,2026-09-07T16:13:55.962924,1000,703,PUT,/jobs/001,200,159.8303000209853
28,2026-09-07T16:13:55.962924,1000,704,GET,/jobs/001,200,155.88460001163185
28,2026-09-07T16:13:55.962924,1000,705,GET,/jobs,200,92.23319997545332
28,2026-09-07T16:13:55.962924,1000,706,POST,/jobs,201,149.2546999361366
28,2026-09-07T16:13:55.962924,1000,707,GET,/jobs,200,92.76060003321618
28,2026-09-07T16:13:55.962924,1000,708,GET,/jobs,200,92.34079997986555
28,2026-09-07T16:13:55.962924,1000,709,GET,/jobs/1000,404,95.63880006317049
28,2026-09-07T16:13:55.962924,1000,710,GET,/jobs/002,404,94.41340004559606
28,2026-09-07T16:13:55.962924,1000,711,PUT,/jobs/002,404,149.32540000882
28,2026-09-07T16:13:55.962924,1000,712,DELETE,/jobs/1000,404,97.73999999742955
28,2026-09-07T16:13:55.962924,1000,713,DELETE,/jobs/002,404,98.37940009310842
28,2026-09-07T16:13:55.962924,1000,714,PUT,/jobs/1000,404,158.53070002049208
28,2026-09-07T16:13:55.962924,1000,715,GET,/jobs,200,106.4159000525251
28,2026-09-07T16:13:55.962924,1000,716,PUT,/jobs/1000,404,156.38109995052218
28,2026-09-07T16:13:55.962924,1000,717,PUT,/jobs/002,404,157.64949994627386
28,2026-09-07T16:13:55.962924,1000,718,GET,/jobs,200,92.0565000269562
28,2026-09-07T16:13:55.962924,1000,719,POST,/jobs,201,155.6243000086397
28,2026-09-07T16:13:55.962924,1000,720,PUT,/jobs/002,404,158.11780001968145
28,2026-09-07T16:13:55.962924,1000,721,GET,/jobs/002,404,104.48199999518692
28,2026-09-07T16:13:55.962924,1000,722,GET,/jobs,200,95.7979999948293
28,2026-09-07T16:13:55.962924,1000,723,POST,/jobs,201,147.6229999680072
28,2026-09-07T16:13:55.962924,1000,724,POST,/jobs,201,148.18550006020814
28,2026-09-07T16:13:55.962924,1000,725,PUT,/jobs/002,404,147.4857999710366
28,2026-09-07T16:13:55.962924,1000,726,GET,/jobs/001,200,159.44399998988956
28,2026-09-07T16:13:55.962924,1000,727,PUT,/jobs/001,200,149.57290003076196
28,2026-09-07T16:13:55.962924,1000,728,GET,/jobs/1000,404,105.41379998903722
28,2026-09-07T16:13:55.962924,1000,729,DELETE,/jobs/002,404,105.67030007950962
28,2026-09-07T16:13:55.962924,1000,730,GET,/jobs,200,95.87019996251911
28,2026-09-07T16:13:55.962924,1000,731,POST,/jobs,201,155.59460001531988
28,2026-09-07T16:13:55.962924,1000,732,GET,/jobs/1000,404,99.8452000785619
28,2026-09-07T16:13:55.962924,1000,733,GET,/jobs/001,200,150.3905999707058
28,2026-09-07T16:13:55.962924,1000,734,DELETE,/jobs/002,404,98.4180000377819
28,2026-09-07T16:13:55.962924,1000,735,DELETE,/jobs/002,404,96.17480007000268
28,2026-09-07T16:13:55.962924,1000,736,GET,/jobs/002,404,98.8989999750629
28,2026-09-07T16:13:55.962924,1000,737,GET,/jobs/1000,404,104.98359997291118
28,2026-09-07T16:13:55.962924,1000,738,GET,/jobs,200,95.5256000161171
28,2026-09-07T16:13:55.962924,1000,739,POST,/jobs,201,150.33880004193634
28,2026-09-07T16:13:55.962924,1000,740,GET,/jobs/001,200,153.72030006255955
28,2026-09-07T16:13:55.962924,1000,741,DELETE,/jobs/1000,404,99.53899995889515
28,2026-09-07T16:13:55.962924,1000,742,GET,/jobs/001,200,156.7536999937147
28,2026-09-07T16:13:55.962924,1000,743,GET,/jobs,200,96.40040004160255
28,2026-09-07T16:13:55.962924,1000,744,GET,/jobs/001,200,161.2079000333324
28,2026-09-07T16:13:55.962924,1000,745,POST,/jobs,201,152.125500026159
28,2026-09-07T16:13:55.962924,1000,746,GET,/jobs/1000,404,101.79059999063611
28,2026-09-07T16:13:55.962924,1000,747,POST,/jobs,201,151.23239997774363
28,2026-09-07T16:13:55.962924,1000,748,GET,/jobs/002,404,100.9349999949336
28,2026-09-07T16:13:55.962924,1000,749,GET,/jobs,200,97.3658999428153
28,2026-09-07T16:13:55.962924,1000,750,GET,/jobs/1000,404,101.50609991978854
28,2026-09-07T16:13:55.962924,1000,751,PUT,/jobs/1000,404,151.80290001444519
28,2026-09-07T16:13:55.962924,1000,752,GET,/jobs,200,99.7494999319315
28,2026-09-07T16:13:55.962924,1000,753,GET,/jobs,200,88.54760008398443
28,2026-09-07T16:13:55.962924,1000,754,PUT,/jobs/002,404,145.46879997942597
28,2026-09-07T16:13:55.962924,1000,755,POST,/jobs,201,146.14120009355247
28,2026-09-07T16:13:55.962924,1000,756,DELETE,/jobs/002,404,92.34480001032352
28,2026-09-07T16:13:55.962924,1000,757,PUT,/jobs/1000,404,146.46560000255704
28,2026-09-07T16:13:55.962924,1000,758,GET,/jobs/1000,404,99.27020000759512
28,2026-09-07T16:13:55.962924,1000,759,GET,/jobs,200,90.5235999962315
28,2026-09-07T16:13:55.962924,1000,760,DELETE,/jobs/1000,404,99.79579993523657
28,2026-09-07T16:13:55.962924,1000,761,PUT,/jobs/1000,404,162.67720004543662
28,2026-09-07T16:13:55.962924,1000,762,GET,/jobs,200,96.78640007041395
28,2026-09-07T16:13:55.962924,1000,763,GET,/jobs,200,105.50249996595085
28,2026-09-07T16:13:55.962924,1000,764,PUT,/jobs/002,404,164.98599993065
28,2026-09-07T16:13:55.962924,1000,765,PUT,/jobs/1000,404,154.1725000133738
28,2026-09-07T16:13:55.962924,1000,766,GET,/jobs,200,97.2260000417009
28,2026-09-07T16:13:55.962924,1000,767,PUT,/jobs/1000,404,164.41349999513477
28,2026-09-07T16:13:55.962924,1000,768,PUT,/jobs/001,200,159.8299000179395
28,2026-09-07T16:13:55.962924,1000,769,GET,/jobs,200,106.31709999870509
28,2026-09-07T16:13:55.962924,1000,770,POST,/jobs,201,154.7343999845907
28,2026-09-07T16:13:55.962924,1000,771,GET,/jobs/001,200,165.3110000770539
28,2026-09-07T16:13:55.962924,1000,772,GET,/jobs/002,404,106.61829996388406
28,2026-09-07T16:13:55.962924,1000,773,DELETE,/jobs/1000,404,106.86499997973442
28,2026-09-07T16:13:55.962924,1000,774,PUT,/jobs/1000,404,152.54339994862676
28,2026-09-07T16:13:55.962924,1000,775,DELETE,/jobs/1000,404,90.98360000643879
28,2026-09-07T16:13:55.962924,1000,776,PUT,/jobs/1000,404,152.0551999565214
28,2026-09-07T16:13:55.962924,1000,777,DELETE,/jobs/1000,404,93.06230000220239
28,2026-09-07T16:13:55.962924,1000,778,GET,/jobs,200,89.07580003142357
28,2026-09-07T16:13:55.962924,1000,779,GET,/jobs,200,90.00560001004487
28,2026-09-07T16:13:55.962924,1000,780,DELETE,/jobs/002,404,94.0303000388667
28,2026-09-07T16:13:55.962924,1000,781,PUT,/jobs/002,404,154.5571000315249
28,2026-09-07T16:13:55.962924,1000,782,GET,/jobs/002,404,93.40879996307194
28,2026-09-07T16:13:55.962924,1000,783,POST,/jobs,201,152.79570000711828
28,2026-09-07T16:13:55.962924,1000,784,PUT,/jobs/002,404,151.3863999862224
28,2026-09-07T16:13:55.962924,1000,785,PUT,/jobs/1000,404,152.35839993692935
28,2026-09-07T16:13:55.962924,1000,786,GET,/jobs,200,94.59830005653203
28,2026-09-07T16:13:55.962924,1000,787,POST,/jobs,201,151.9663999788463
28,2026-09-07T16:13:55.962924,1000,788,POST,/jobs,201,160.17369995824993
28,2026-09-07T16:13:55.962924,1000,789,POST,/jobs,201,160.06330004893243
28,2026-09-07T16:13:55.962924,1000,790,GET,/jobs/1000,404,103.35560003295541
28,2026-09-07T16:13:55.962924,1000,791,PUT,/jobs/001,200,160.84509994834661
28,2026-09-07T16:13:55.962924,1000,792,GET,/jobs,200,101.72030003741384
28,2026-09-07T16:13:55.962924,1000,793,GET,/jobs,200,103.19689998868853
28,2026-09-07T16:13:55.962924,1000,794,GET,/jobs,200,102.23039996344596
28,2026-09-07T16:13:55.962924,1000,795,PUT,/jobs/001,200,160.72559996973723
28,2026-09-07T16:13:55.962924,1000,796,POST,/jobs,201,163.8781001092866
28,2026-09-07T16:13:55.962924,1000,797,GET,/jobs/1000,404,105.18810001667589
28,2026-09-07T16:13:55.962924,1000,798,GET,/jobs,200,97.9193999664858
28,2026-09-07T16:13:55.962924,1000,799,DELETE,/jobs/1000,404,95.9266999270767
28,2026-09-07T16:13:55.962924,1000,800,GET,/jobs,200,92.6138999639079
28,2026-09-07T16:13:55.962924,1000,801,PUT,/jobs/002,404,165.37740000057966
28,2026-09-07T16:13:55.962924,1000,802,PUT,/jobs/1000,404,164.91050005424768
28,2026-09-07T16:13:55.962924,1000,803,GET,/jobs,200,93.25539995916188
28,2026-09-07T16:13:55.962924,1000,804,POST,/jobs,201,164.09099998418242
28,2026-09-07T16:13:55.962924,1000,805,POST,/jobs,201,166.31630004849285
28,2026-09-07T16:13:55.962924,1000,806,GET,/jobs,200,98.3086999040097
28,2026-09-07T16:13:55.962924,1000,807,DELETE,/jobs/002,404,100.09880003053695
28,2026-09-07T16:13:55.962924,1000,808,GET,/jobs/1000,404,100.72639991994947
28,2026-09-07T16:13:55.962924,1000,809,PUT,/jobs/001,200,158.50130002945662
28,2026-09-07T16:13:55.962924,1000,810,GET,/jobs,200,97.623800043948
28,2026-09-07T16:13:55.962924,1000,811,POST,/jobs,201,157.40200004074723
28,2026-09-07T16:13:55.962924,1000,812,DELETE,/jobs/1000,404,99.10680004395545
28,2026-09-07T16:13:55.962924,1000,813,GET,/jobs,200,96.41949995420873
28,2026-09-07T16:13:55.962924,1000,814,POST,/jobs,201,159.1292000375688
28,2026-09-07T16:13:55.962924,1000,815,GET,/jobs/002,404,97.71069989074022
28,2026-09-07T16:13:55.962924,1000,816,DELETE,/jobs/002,404,103.44849992543459
28,2026-09-07T16:13:55.962924,1000,817,DELETE,/jobs/1000,404,103.90360001474619
28,2026-09-07T16:13:55.962924,1000,818,GET,/jobs,200,92.88570005446672
28,2026-09-07T16:13:55.962924,1000,819,GET,/jobs/002,404,96.9465000089258
28,2026-09-07T16:13:55.962924,1000,820,POST,/jobs,201,150.66859999205917
28,2026-09-07T16:13:55.962924,1000,821,POST,/jobs,201,149.92360002361238
28,2026-09-07T16:13:55.962924,1000,822,GET,/jobs/001,200,162.16659999918193
28,2026-09-07T16:13:55.962924,1000,823,DELETE,/jobs/1000,404,101.60560009535402
28,2026-09-07T16:13:55.962924,1000,824,GET,/jobs,200,91.6601000353694
28,2026-09-07T16:13:55.962924,1000,825,GET,/jobs/1000,404,102.25270001683384
28,2026-09-07T16:13:55.962924,1000,826,GET,/jobs,200,103.90410001855344
28,2026-09-07T16:13:55.962924,1000,827,GET,/jobs,200,115.13789999298751
28,2026-09-07T16:13:55.962924,1000,828,DELETE,/jobs/002,404,114.32769999373704
28,2026-09-07T16:13:55.962924,1000,829,PUT,/jobs/002,404,153.68519991170615
28,2026-09-07T16:13:55.962924,1000,830,PUT,/jobs/002,404,154.133899952285
28,2026-09-07T16:13:55.962924,1000,831,GET,/jobs/002,404,114.36310003045946
28,2026-09-07T16:13:55.962924,1000,832,POST,/jobs,201,155.8938999660313
28,2026-09-07T16:13:55.962924,1000,833,POST,/jobs,201,152.82269997987896
28,2026-09-07T16:13:55.962924,1000,834,DELETE,/jobs/002,404,115.57629995513707
28,2026-09-07T16:13:55.962924,1000,835,GET,/jobs,200,113.74449997674674
28,2026-09-07T16:13:55.962924,1000,836,GET,/jobs/001,200,167.47230000328273
28,2026-09-07T16:13:55.962924,1000,837,DELETE,/jobs/002,404,114.0149999409914
28,2026-09-07T16:13:55.962924,1000,838,GET,/jobs,200,113.7375000398606
28,2026-09-07T16:13:55.962924,1000,839,POST,/jobs,201,164.47210009209812
28,2026-09-07T16:13:55.962924,1000,840,PUT,/jobs/002,404,155.18000000156462
28,2026-09-07T16:13:55.962924,1000,841,DELETE,/jobs/1000,404,114.70459995325655
28,2026-09-07T16:13:55.962924,1000,842,PUT,/jobs/002,404,153.21839996613562
28,2026-09-07T16:13:55.962924,1000,843,GET,/jobs/1000,404,114.89520000759512
28,2026-09-07T16:13:55.962924,1000,844,GET,/jobs,200,100.99559999071062
28,2026-09-07T16:13:55.962924,1000,845,POST,/jobs,201,154.32939992751926
28,2026-09-07T16:13:55.962924,1000,846,GET,/jobs,200,89.12929997313768
28,2026-09-07T16:13:55.962924,1000,847,POST,/jobs,201,152.17579994350672
28,2026-09-07T16:13:55.962924,1000,848,DELETE,/jobs/1000,404,107.19030001200736
28,2026-09-07T16:13:55.962924,1000,849,DELETE,/jobs/1000,404,106.25279997475445
28,2026-09-07T16:13:55.962924,1000,850,GET,/jobs,200,105.9190999949351
28,2026-09-07T16:13:55.962924,1000,851,GET,/jobs/002,404,107.98430000431836
28,2026-09-07T16:13:55.962924,1000,852,DELETE,/jobs/002,404,107.77709993999451
28,2026-09-07T16:13:55.962924,1000,853,GET,/jobs,200,95.14720004517585
28,2026-09-07T16:13:55.962924,1000,854,GET,/jobs/002,404,97.76419994886965
28,2026-09-07T16:13:55.962924,1000,855,GET,/jobs/001,200,148.0833999812603
28,2026-09-07T16:13:55.962924,1000,856,POST,/jobs,201,158.9242999907583
28,2026-09-07T16:13:55.962924,1000,857,POST,/jobs,201,159.64940004050732
28,2026-09-07T16:13:55.962924,1000,858,GET,/jobs,200,94.46090005803853
28,2026-09-07T16:13:55.962924,1000,859,PUT,/jobs/1000,404,152.06979995127767
28,2026-09-07T16:13:55.962924,1000,860,PUT,/jobs/001,200,152.74120005778968
28,2026-09-07T16:13:55.962924,1000,861,GET,/jobs/002,404,106.41870007384568
28,2026-09-07T16:13:55.962924,1000,862,DELETE,/jobs/002,404,105.59089994058013
28,2026-09-07T16:13:55.962924,1000,863,DELETE,/jobs/1000,404,106.41539993230253
28,2026-09-07T16:13:55.962924,1000,864,GET,/jobs,200,104.80079997796565
28,2026-09-07T16:13:55.962924,1000,865,PUT,/jobs/1000,404,158.09849998913705
28,2026-09-07T16:13:55.962924,1000,866,GET,/jobs,200,104.57140009384602
28,2026-09-07T16:13:55.962924,1000,867,PUT,/jobs/001,200,149.3786999490112
28,2026-09-07T16:13:55.962924,1000,868,PUT,/jobs/001,200,149.3551000021398
28,2026-09-07T16:13:55.962924,1000,869,POST,/jobs,201,147.1944999648258
28,2026-09-07T16:13:55.962924,1000,870,PUT,/jobs/1000,404,147.31619996018708
28,2026-09-07T16:13:55.962924,1000,871,PUT,/jobs/1000,404,150.23560007102787
28,2026-09-07T16:13:55.962924,1000,872,PUT,/jobs/002,404,150.17110004555434
28,2026-09-07T16:13:55.962924,1000,873,GET,/jobs,200,92.50749996863306
28,2026-09-07T16:13:55.962924,1000,874,PUT,/jobs/001,200,152.54499996080995
28,2026-09-07T16:13:55.962924,1000,875,POST,/jobs,201,152.9976000310853
28,2026-09-07T16:13:55.962924,1000,876,DELETE,/jobs/1000,404,95.90239997487515
28,2026-09-07T16:13:55.962924,1000,877,POST,/jobs,201,151.08460001647472
28,2026-09-07T16:13:55.962924,1000,878,PUT,/jobs/001,200,153.69589999318123
28,2026-09-07T16:13:55.962924,1000,879,GET,/jobs/002,404,94.35080003459007
28,2026-09-07T16:13:55.962924,1000,880,DELETE,/jobs/1000,404,91.72489994671196
28,2026-09-07T16:13:55.962924,1000,881,DELETE,/jobs/002,404,90.64179996494204
28,2026-09-07T16:13:55.962924,1000,882,PUT,/jobs/002,404,151.89630002714694
28,2026-09-07T16:13:55.962924,1000,883,POST,/jobs,201,152.31500007212162
28,2026-09-07T16:13:55.962924,1000,884,POST,/jobs,201,154.2784000048414
28,2026-09-07T16:13:55.962924,1000,885,GET,/jobs/001,200,146.33900008630008
28,2026-09-07T16:13:55.962924,1000,886,DELETE,/jobs/002,404,102.16130001936108
28,2026-09-07T16:13:55.962924,1000,887,DELETE,/jobs/002,404,101.78309993352741
28,2026-09-07T16:13:55.962924,1000,888,POST,/jobs,201,147.01189997140318
28,2026-09-07T16:13:55.962924,1000,889,GET,/jobs/001,200,148.4716999111697
28,2026-09-07T16:13:55.962924,1000,890,GET,/jobs,200,102.05560002941638
28,2026-09-07T16:13:55.962924,1000,891,GET,/jobs/002,404,102.00670000631362
28,2026-09-07T16:13:55.962924,1000,892,GET,/jobs/001,200,137.46799994260073
28,2026-09-07T16:13:55.962924,1000,893,DELETE,/jobs/002,404,99.96280004270375
28,2026-09-07T16:13:55.962924,1000,894,GET,/jobs,200,95.78219999093562
28,2026-09-07T16:13:55.962924,1000,895,GET,/jobs/1000,404,101.6241000033915
28,2026-09-07T16:13:55.962924,1000,896,PUT,/jobs/002,404,151.95000008679926
28,2026-09-07T16:13:55.962924,1000,897,DELETE,/jobs/1000,404,100.67359998356551
28,2026-09-07T16:13:55.962924,1000,898,DELETE,/jobs/1000,404,101.1028999928385
28,2026-09-07T16:13:55.962924,1000,899,POST,/jobs,201,152.48639998026192
28,2026-09-07T16:13:55.962924,1000,900,PUT,/jobs/001,200,149.2131999693811
28,2026-09-07T16:13:55.962924,1000,901,PUT,/jobs/002,404,150.12140001635998
28,2026-09-07T16:13:55.962924,1000,902,POST,/jobs,201,148.52789998985827
28,2026-09-07T16:13:55.962924,1000,903,POST,/jobs,201,148.0356000829488
28,2026-09-07T16:13:55.962924,1000,904,GET,/jobs,200,100.60999996494502
28,2026-09-07T16:13:55.962924,1000,905,POST,/jobs,201,151.34360000956804
28,2026-09-07T16:13:55.962924,1000,906,GET,/jobs,200,98.25599996838719
28,2026-09-07T16:13:55.962924,1000,907,POST,/jobs,201,137.19279994256794
28,2026-09-07T16:13:55.962924,1000,908,PUT,/jobs/001,200,136.39919995330274
28,2026-09-07T16:13:55.962924,1000,909,GET,/jobs,200,85.25990007910877
28,2026-09-07T16:13:55.962924,1000,910,POST,/jobs,201,137.34160002786666
28,2026-09-07T16:13:55.962924,1000,911,POST,/jobs,201,139.2075999174267
28,2026-09-07T16:13:55.962924,1000,912,GET,/jobs,200,98.8495999481529
28,2026-09-07T16:13:55.962924,1000,913,DELETE,/jobs/1000,404,101.7308000009507
28,2026-09-07T16:13:55.962924,1000,914,PUT,/jobs/1000,404,144.4729999639094
28,2026-09-07T16:13:55.962924,1000,915,DELETE,/jobs/002,404,101.2193999486044
28,2026-09-07T16:13:55.962924,1000,916,PUT,/jobs/1000,404,139.7448000498116
28,2026-09-07T16:13:55.962924,1000,917,GET,/jobs/002,404,95.95470002386719
28,2026-09-07T16:13:55.962924,1000,918,DELETE,/jobs/1000,404,96.41530003864318
28,2026-09-07T16:13:55.962924,1000,919,DELETE,/jobs/002,404,95.33469995949417
28,2026-09-07T16:13:55.962924,1000,920,GET,/jobs,200,95.81119997892529
28,2026-09-07T16:13:55.962924,1000,921,PUT,/jobs/001,200,142.6524999551475
28,2026-09-07T16:13:55.962924,1000,922,POST,/jobs,201,143.28189997468144
28,2026-09-07T16:13:55.962924,1000,923,GET,/jobs,200,92.2910999506712
28,2026-09-07T16:13:55.962924,1000,924,DELETE,/jobs/002,404,97.07879996858537
28,2026-09-07T16:13:55.962924,1000,925,GET,/jobs,200,93.8042999478057
28,2026-09-07T16:13:55.962924,1000,926,GET,/jobs/1000,404,94.47270003147423
28,2026-09-07T16:13:55.962924,1000,927,PUT,/jobs/002,404,138.51920003071427
28,2026-09-07T16:13:55.962924,1000,928,DELETE,/jobs/002,404,95.69099999498576
28,2026-09-07T16:13:55.962924,1000,929,POST,/jobs,201,143.0269000120461
28,2026-09-07T16:13:55.962924,1000,930,POST,/jobs,201,143.70319992303848
28,2026-09-07T16:13:55.962924,1000,931,PUT,/jobs/002,404,138.95149994641542
28,2026-09-07T16:13:55.962924,1000,932,DELETE,/jobs/002,404,93.660399899818
28,2026-09-07T16:13:55.962924,1000,933,POST,/jobs,201,128.85520001873374
28,2026-09-07T16:13:55.962924,1000,934,POST,/jobs,201,128.51840001530945
28,2026-09-07T16:13:55.962924,1000,935,DELETE,/jobs/1000,404,96.16600000299513
28,2026-09-07T16:13:55.962924,1000,936,POST,/jobs,201,133.92029993701726
28,2026-09-07T16:13:55.962924,1000,937,DELETE,/jobs/002,404,90.68130003288388
28,2026-09-07T16:13:55.962924,1000,938,POST,/jobs,201,123.99649992585182
28,2026-09-07T16:13:55.962924,1000,939,DELETE,/jobs/002,404,87.96349994372576
28,2026-09-07T16:13:55.962924,1000,940,POST,/jobs,201,126.17780000437051
28,2026-09-07T16:13:55.962924,1000,941,PUT,/jobs/001,200,124.98199997935444
28,2026-09-07T16:13:55.962924,1000,942,DELETE,/jobs/002,404,88.55550002772361
28,2026-09-07T16:13:55.962924,1000,943,POST,/jobs,201,125.49260002560914
28,2026-09-07T16:13:55.962924,1000,944,PUT,/jobs/1000,404,120.91769999824464
28,2026-09-07T16:13:55.962924,1000,945,POST,/jobs,201,125.75240002479404
28,2026-09-07T16:13:55.962924,1000,946,GET,/jobs/1000,404,87.92720001656562
28,2026-09-07T16:13:55.962924,1000,947,DELETE,/jobs/002,404,85.31029999721795
28,2026-09-07T16:13:55.962924,1000,948,PUT,/jobs/1000,404,117.25270003080368
28,2026-09-07T16:13:55.962924,1000,949,POST,/jobs,201,123.83029994089156
28,2026-09-07T16:13:55.962924,1000,950,POST,/jobs,201,126.27849995624274
28,2026-09-07T16:13:55.962924,1000,951,GET,/jobs/001,200,117.86180001217872
28,2026-09-07T16:13:55.962924,1000,952,POST,/jobs,201,114.71630004234612
28,2026-09-07T16:13:55.962924,1000,953,PUT,/jobs/001,200,115.4322000220418
28,2026-09-07T16:13:55.962924,1000,954,GET,/jobs/001,200,122.64249997679144
28,2026-09-07T16:13:55.962924,1000,955,GET,/jobs/001,200,122.74849996902049
28,2026-09-07T16:13:55.962924,1000,956,POST,/jobs,201,113.41130000073463
28,2026-09-07T16:13:55.962924,1000,957,GET,/jobs,200,73.15249997191131
28,2026-09-07T16:13:55.962924,1000,958,DELETE,/jobs/002,404,80.09190007578582
28,2026-09-07T16:13:55.962924,1000,959,POST,/jobs,201,108.08629996608943
28,2026-09-07T16:13:55.962924,1000,960,DELETE,/jobs/002,404,80.47019992955029
28,2026-09-07T16:13:55.962924,1000,961,DELETE,/jobs/1000,404,79.82370001263916
28,2026-09-07T16:13:55.962924,1000,962,GET,/jobs/001,200,109.23509998247027
28,2026-09-07T16:13:55.962924,1000,963,GET,/jobs/1000,404,81.02100004907697
28,2026-09-07T16:13:55.962924,1000,964,DELETE,/jobs/002,404,75.54150000214577
28,2026-09-07T16:13:55.962924,1000,965,PUT,/jobs/001,200,100.39540007710457
28,2026-09-07T16:13:55.962924,1000,966,PUT,/jobs/002,404,101.81099991314113
28,2026-09-07T16:13:55.962924,1000,967,GET,/jobs/002,404,74.71359998453408
28,2026-09-07T16:13:55.962924,1000,968,DELETE,/jobs/1000,404,73.86860006954521
28,2026-09-07T16:13:55.962924,1000,969,PUT,/jobs/001,200,100.35550000611693
28,2026-09-07T16:13:55.962924,1000,970,DELETE,/jobs/002,404,75.82039991393685
28,2026-09-07T16:13:55.962924,1000,971,POST,/jobs,201,99.62859994266182
28,2026-09-07T16:13:55.962924,1000,972,PUT,/jobs/001,200,99.96880008839071
28,2026-09-07T16:13:55.962924,1000,973,POST,/jobs,201,100.85769998840988
28,2026-09-07T16:13:55.962924,1000,974,DELETE,/jobs/1000,404,66.37050001882017
28,2026-09-07T16:13:55.962924,1000,975,PUT,/jobs/002,404,86.76009997725487
28,2026-09-07T16:13:55.962924,1000,976,PUT,/jobs/1000,404,86.25409996602684
28,2026-09-07T16:13:55.962924,1000,977,DELETE,/jobs/1000,404,65.50020002759993
28,2026-09-07T16:13:55.962924,1000,978,GET,/jobs/001,200,88.39940000325441
28,2026-09-07T16:13:55.962924,1000,979,DELETE,/jobs/002,404,69.83550009317696
28,2026-09-07T16:13:55.962924,1000,980,POST,/jobs,201,86.44629991613328
28,2026-09-07T16:13:55.962924,1000,981,PUT,/jobs/002,404,86.31140005309135
28,2026-09-07T16:13:55.962924,1000,982,DELETE,/jobs/002,404,69.65379999019206
28,2026-09-07T16:13:55.962924,1000,983,DELETE,/jobs/002,404,69.68329998198897
28,2026-09-07T16:13:55.962924,1000,984,POST,/jobs,201,86.86510007828474
28,2026-09-07T16:13:55.962924,1000,985,GET,/jobs/002,404,69.4999999832362
28,2026-09-07T16:13:55.962924,1000,986,PUT,/jobs/1000,404,86.38059999793768
28,2026-09-07T16:13:55.962924,1000,987,GET,/jobs/002,404,66.43590005114675
28,2026-09-07T16:13:55.962924,1000,988,GET,/jobs,200,64.87530004233122
28,2026-09-07T16:13:55.962924,1000,989,GET,/jobs/002,404,60.75950001832098
28,2026-09-07T16:13:55.962924,1000,990,POST,/jobs,201,70.27889997698367
28,2026-09-07T16:13:55.962924,1000,991,PUT,/jobs/001,200,72.35709996894002
28,2026-09-07T16:13:55.962924,1000,992,PUT,/jobs/1000,404,71.67350000236183
28,2026-09-07T16:13:55.962924,1000,993,POST,/jobs,201,70.75499999336898
28,2026-09-07T16:13:55.962924,1000,994,PUT,/jobs/001,200,72.58060004096478
28,2026-09-07T16:13:55.962924,1000,995,POST,/jobs,201,71.94029993843287
28,2026-09-07T16:13:55.962924,1000,996,GET,/jobs,200,57.72419995628297
28,2026-09-07T16:13:55.962924,1000,997,POST,/jobs,201,69.73610003478825
28,2026-09-07T16:13:55.962924,1000,998,POST,/jobs,201,71.4990000706166
28,2026-09-07T16:13:55.962924,1000,999,GET,/jobs/001,200,69.58300003316253
28,2026-09-07T16:13:55.962924,1000,1000,GET,/jobs,200,49.52070000581443
29,2026-09-07T16:13:57.824174,1000,1,GET,/jobs,200,54.56890002824366
29,2026-09-07T16:13:57.824174,1000,2,GET,/jobs,200,54.78809995111078
29,2026-09-07T16:13:57.824174,1000,3,POST,/jobs,201,153.3828000538051
29,2026-09-07T16:13:57.824174,1000,4,GET,/jobs/001,200,139.1833999659866
29,2026-09-07T16:13:57.824174,1000,5,GET,/jobs,200,55.53339992184192
29,2026-09-07T16:13:57.824174,1000,6,DELETE,/jobs/002,200,60.14299998059869
29,2026-09-07T16:13:57.824174,1000,7,DELETE,/jobs/1000,404,62.04930006060749
29,2026-09-07T16:13:57.824174,1000,8,GET,/jobs,200,59.94149995967746
29,2026-09-07T16:13:57.824174,1000,9,GET,/jobs,200,58.99589997716248
29,2026-09-07T16:13:57.824174,1000,10,GET,/jobs,200,59.53830003272742
29,2026-09-07T16:13:57.824174,1000,11,GET,/jobs/001,200,134.43520001601428
29,2026-09-07T16:13:57.824174,1000,12,DELETE,/jobs/002,404,63.04220005404204
29,2026-09-07T16:13:57.824174,1000,13,DELETE,/jobs/002,404,59.70979994162917
29,2026-09-07T16:13:57.824174,1000,14,DELETE,/jobs/1000,404,63.59350006096065
29,2026-09-07T16:13:57.824174,1000,15,GET,/jobs/002,404,66.27250008750707
29,2026-09-07T16:13:57.824174,1000,16,DELETE,/jobs/1000,404,64.4158999202773
29,2026-09-07T16:13:57.824174,1000,17,GET,/jobs,200,61.65729998610914
29,2026-09-07T16:13:57.824174,1000,18,GET,/jobs/1000,404,65.53350004833192
29,2026-09-07T16:13:57.824174,1000,19,PUT,/jobs/002,404,152.5711000431329
29,2026-09-07T16:13:57.824174,1000,20,POST,/jobs,201,144.75959993433207
29,2026-09-07T16:13:57.824174,1000,21,GET,/jobs/002,404,86.77729999180883
29,2026-09-07T16:13:57.824174,1000,22,GET,/jobs,200,69.7055000346154
29,2026-09-07T16:13:57.824174,1000,23,GET,/jobs,200,86.10590000171214
29,2026-09-07T16:13:57.824174,1000,24,PUT,/jobs/001,200,146.6070000315085
29,2026-09-07T16:13:57.824174,1000,25,POST,/jobs,201,151.57800004817545
29,2026-09-07T16:13:57.824174,1000,26,POST,/jobs,201,146.9800000777468
29,2026-09-07T16:13:57.824174,1000,27,POST,/jobs,201,142.30639999732375
29,2026-09-07T16:13:57.824174,1000,28,GET,/jobs,200,73.81410000380129
29,2026-09-07T16:13:57.824174,1000,29,PUT,/jobs/1000,404,137.9317999817431
29,2026-09-07T16:13:57.824174,1000,30,GET,/jobs,200,75.87090006563812
29,2026-09-07T16:13:57.824174,1000,31,PUT,/jobs/001,200,143.93320004455745
29,2026-09-07T16:13:57.824174,1000,32,DELETE,/jobs/1000,404,83.08649994432926
29,2026-09-07T16:13:57.824174,1000,33,DELETE,/jobs/1000,404,89.25000007729977
29,2026-09-07T16:13:57.824174,1000,34,DELETE,/jobs/002,404,87.65879995189607
29,2026-09-07T16:13:57.824174,1000,35,GET,/jobs,200,68.8224999466911
29,2026-09-07T16:13:57.824174,1000,36,GET,/jobs,200,72.36520003061742
29,2026-09-07T16:13:57.824174,1000,37,GET,/jobs/002,404,87.39950007293373
29,2026-09-07T16:13:57.824174,1000,38,GET,/jobs,200,66.30860001314431
29,2026-09-07T16:13:57.824174,1000,39,GET,/jobs/001,200,161.42549994401634
29,2026-09-07T16:13:57.824174,1000,40,PUT,/jobs/002,404,165.82809993997216
29,2026-09-07T16:13:57.824174,1000,41,PUT,/jobs/1000,404,127.97889998182654
29,2026-09-07T16:13:57.824174,1000,42,POST,/jobs,201,164.62509997654706
29,2026-09-07T16:13:57.824174,1000,43,POST,/jobs,201,133.85629991535097
29,2026-09-07T16:13:57.824174,1000,44,GET,/jobs/1000,404,81.5693000331521
29,2026-09-07T16:13:57.824174,1000,45,POST,/jobs,201,132.45740009006113
29,2026-09-07T16:13:57.824174,1000,46,GET,/jobs,200,77.39109999965876
29,2026-09-07T16:13:57.824174,1000,47,DELETE,/jobs/002,404,81.46140002645552
29,2026-09-07T16:13:57.824174,1000,48,DELETE,/jobs/002,404,117.75089998263866
29,2026-09-07T16:13:57.824174,1000,49,GET,/jobs/002,404,79.2974999640137
29,2026-09-07T16:13:57.824174,1000,50,PUT,/jobs/002,404,128.6884999135509
29,2026-09-07T16:13:57.824174,1000,51,DELETE,/jobs/002,404,74.3656000122428
29,2026-09-07T16:13:57.824174,1000,52,POST,/jobs,201,166.53300006873906
29,2026-09-07T16:13:57.824174,1000,53,GET,/jobs,200,115.08290003985167
29,2026-09-07T16:13:57.824174,1000,54,GET,/jobs/001,200,162.22359996754676
29,2026-09-07T16:13:57.824174,1000,55,POST,/jobs,201,133.15899996086955
29,2026-09-07T16:13:57.824174,1000,56,POST,/jobs,201,129.87319997046143
29,2026-09-07T16:13:57.824174,1000,57,GET,/jobs/1000,404,86.28699998371303
29,2026-09-07T16:13:57.824174,1000,58,POST,/jobs,201,134.16649994906038
29,2026-09-07T16:13:57.824174,1000,59,PUT,/jobs/002,404,135.0586999906227
29,2026-09-07T16:13:57.824174,1000,60,PUT,/jobs/001,200,131.58909999765456
29,2026-09-07T16:13:57.824174,1000,61,POST,/jobs,201,134.99049993697554
29,2026-09-07T16:13:57.824174,1000,62,GET,/jobs/1000,404,78.38510000146925
29,2026-09-07T16:13:57.824174,1000,63,DELETE,/jobs/1000,404,116.87309993430972
29,2026-09-07T16:13:57.824174,1000,64,DELETE,/jobs/1000,404,77.45240000076592
29,2026-09-07T16:13:57.824174,1000,65,DELETE,/jobs/1000,404,119.40470000263304
29,2026-09-07T16:13:57.824174,1000,66,POST,/jobs,201,141.4114999352023
29,2026-09-07T16:13:57.824174,1000,67,GET,/jobs/1000,404,82.86119997501373
29,2026-09-07T16:13:57.824174,1000,68,PUT,/jobs/001,200,136.02490001358092
29,2026-09-07T16:13:57.824174,1000,69,GET,/jobs,200,68.58960003592074
29,2026-09-07T16:13:57.824174,1000,70,GET,/jobs,200,60.45079999603331
29,2026-09-07T16:13:57.824174,1000,71,GET,/jobs/1000,404,77.98139995429665
29,2026-09-07T16:13:57.824174,1000,72,GET,/jobs/1000,404,77.51480001024902
29,2026-09-07T16:13:57.824174,1000,73,PUT,/jobs/1000,404,126.19189999531955
29,2026-09-07T16:13:57.824174,1000,74,GET,/jobs,200,77.05259998328984
29,2026-09-07T16:13:57.824174,1000,75,PUT,/jobs/002,404,129.6460999874398
29,2026-09-07T16:13:57.824174,1000,76,DELETE,/jobs/1000,404,76.80729997809976
29,2026-09-07T16:13:57.824174,1000,77,DELETE,/jobs/1000,404,77.94690004084259
29,2026-09-07T16:13:57.824174,1000,78,DELETE,/jobs/002,404,79.62500001303852
29,2026-09-07T16:13:57.824174,1000,79,GET,/jobs,200,112.76960000395775
29,2026-09-07T16:13:57.824174,1000,80,DELETE,/jobs/1000,404,122.38029995933175
29,2026-09-07T16:13:57.824174,1000,81,POST,/jobs,201,133.825600030832
29,2026-09-07T16:13:57.824174,1000,82,POST,/jobs,201,134.81670001056045
29,2026-09-07T16:13:57.824174,1000,83,GET,/jobs/002,404,84.00839997921139
29,2026-09-07T16:13:57.824174,1000,84,GET,/jobs,200,119.59559994284064
29,2026-09-07T16:13:57.824174,1000,85,POST,/jobs,201,136.17149996571243
29,2026-09-07T16:13:57.824174,1000,86,GET,/jobs/1000,404,77.30729994364083
29,2026-09-07T16:13:57.824174,1000,87,GET,/jobs,200,67.19249999150634
29,2026-09-07T16:13:57.824174,1000,88,POST,/jobs,201,133.8138000573963
29,2026-09-07T16:13:57.824174,1000,89,DELETE,/jobs/002,404,118.3675000211224
29,2026-09-07T16:13:57.824174,1000,90,GET,/jobs/002,404,114.38159993849695
29,2026-09-07T16:13:57.824174,1000,91,GET,/jobs/1000,404,80.4517000215128
29,2026-09-07T16:13:57.824174,1000,92,DELETE,/jobs/002,404,75.23049996234477
29,2026-09-07T16:13:57.824174,1000,93,DELETE,/jobs/1000,404,82.57019997108728
29,2026-09-07T16:13:57.824174,1000,94,PUT,/jobs/001,200,165.44030001387
29,2026-09-07T16:13:57.824174,1000,95,GET,/jobs,200,118.56689990963787
29,2026-09-07T16:13:57.824174,1000,96,POST,/jobs,201,164.3911999417469
29,2026-09-07T16:13:57.824174,1000,97,POST,/jobs,201,136.14489999599755
29,2026-09-07T16:13:57.824174,1000,98,GET,/jobs,200,71.11669995356351
29,2026-09-07T16:13:57.824174,1000,99,GET,/jobs/1000,404,79.83459997922182
29,2026-09-07T16:13:57.824174,1000,100,GET,/jobs,200,74.33970004785806
29,2026-09-07T16:13:57.824174,1000,101,GET,/jobs,200,117.3236999893561
29,2026-09-07T16:13:57.824174,1000,102,PUT,/jobs/001,200,130.58290001936257
29,2026-09-07T16:13:57.824174,1000,103,DELETE,/jobs/002,404,118.68569999933243
29,2026-09-07T16:13:57.824174,1000,104,GET,/jobs/1000,404,113.72980009764433
29,2026-09-07T16:13:57.824174,1000,105,PUT,/jobs/1000,404,154.3713000137359
29,2026-09-07T16:13:57.824174,1000,106,GET,/jobs/002,404,105.28749995864928
29,2026-09-07T16:13:57.824174,1000,107,DELETE,/jobs/1000,404,105.95120000652969
29,2026-09-07T16:13:57.824174,1000,108,GET,/jobs/1000,404,84.2121000168845
29,2026-09-07T16:13:57.824174,1000,109,GET,/jobs/1000,404,76.080699916929
29,2026-09-07T16:13:57.824174,1000,110,POST,/jobs,201,131.30720006302
29,2026-09-07T16:13:57.824174,1000,111,POST,/jobs,201,129.52419999055564
29,2026-09-07T16:13:57.824174,1000,112,DELETE,/jobs/1000,404,83.7305000750348
29,2026-09-07T16:13:57.824174,1000,113,GET,/jobs,200,82.85730006173253
29,2026-09-07T16:13:57.824174,1000,114,GET,/jobs/001,200,130.11040003038943
29,2026-09-07T16:13:57.824174,1000,115,GET,/jobs,200,82.93720008805394
29,2026-09-07T16:13:57.824174,1000,116,POST,/jobs,201,145.751400035806
29,2026-09-07T16:13:57.824174,1000,117,DELETE,/jobs/002,404,105.66719993948936
29,2026-09-07T16:13:57.824174,1000,118,DELETE,/jobs/002,404,106.41210002359003
29,2026-09-07T16:13:57.824174,1000,119,GET,/jobs,200,104.28039997350425
29,2026-09-07T16:13:57.824174,1000,120,GET,/jobs,200,102.9905000468716
29,2026-09-07T16:13:57.824174,1000,121,GET,/jobs,200,102.62359993066639
29,2026-09-07T16:13:57.824174,1000,122,GET,/jobs/001,200,148.73899996746331
29,2026-09-07T16:13:57.824174,1000,123,GET,/jobs,200,92.77359989937395
29,2026-09-07T16:13:57.824174,1000,124,POST,/jobs,201,133.77309998031706
29,2026-09-07T16:13:57.824174,1000,125,DELETE,/jobs/002,404,93.56950002256781
29,2026-09-07T16:13:57.824174,1000,126,POST,/jobs,201,133.91740003135055
29,2026-09-07T16:13:57.824174,1000,127,PUT,/jobs/001,200,131.55260006897151
29,2026-09-07T16:13:57.824174,1000,128,DELETE,/jobs/002,404,100.23410001304
29,2026-09-07T16:13:57.824174,1000,129,DELETE,/jobs/1000,404,97.34939993359149
29,2026-09-07T16:13:57.824174,1000,130,GET,/jobs/002,404,89.81200004927814
29,2026-09-07T16:13:57.824174,1000,131,PUT,/jobs/001,200,140.59540000744164
29,2026-09-07T16:13:57.824174,1000,132,GET,/jobs,200,81.47139998618513
29,2026-09-07T16:13:57.824174,1000,133,GET,/jobs,200,102.61179995723069
29,2026-09-07T16:13:57.824174,1000,134,PUT,/jobs/002,404,127.45829997584224
29,2026-09-07T16:13:57.824174,1000,135,PUT,/jobs/002,404,126.02510000579059
29,2026-09-07T16:13:57.824174,1000,136,PUT,/jobs/1000,404,142.99119997303933
29,2026-09-07T16:13:57.824174,1000,137,GET,/jobs,200,82.69940002355725
29,2026-09-07T16:13:57.824174,1000,138,GET,/jobs,200,92.64390007592738
29,2026-09-07T16:13:57.824174,1000,139,GET,/jobs,200,84.35949997510761
29,2026-09-07T16:13:57.824174,1000,140,PUT,/jobs/1000,404,140.55259991437197
29,2026-09-07T16:13:57.824174,1000,141,POST,/jobs,201,150.68660001270473
29,2026-09-07T16:13:57.824174,1000,142,GET,/jobs,200,82.5436000013724
29,2026-09-07T16:13:57.824174,1000,143,GET,/jobs/001,200,141.93949999753386
29,2026-09-07T16:13:57.824174,1000,144,GET,/jobs/1000,404,95.58089997153729
29,2026-09-07T16:13:57.824174,1000,145,PUT,/jobs/001,200,133.81719996687025
29,2026-09-07T16:13:57.824174,1000,146,PUT,/jobs/001,200,125.67410001065582
29,2026-09-07T16:13:57.824174,1000,147,POST,/jobs,201,144.0264000557363
29,2026-09-07T16:13:57.824174,1000,148,GET,/jobs/001,200,142.69180002156645
29,2026-09-07T16:13:57.824174,1000,149,PUT,/jobs/1000,404,132.80809996649623
29,2026-09-07T16:13:57.824174,1000,150,GET,/jobs,200,89.52050004154444
29,2026-09-07T16:13:57.824174,1000,151,GET,/jobs,200,80.7944000698626
29,2026-09-07T16:13:57.824174,1000,152,DELETE,/jobs/002,404,105.03029997926205
29,2026-09-07T16:13:57.824174,1000,153,GET,/jobs,200,80.95750003121793
29,2026-09-07T16:13:57.824174,1000,154,GET,/jobs/001,200,138.31199996639043
29,2026-09-07T16:13:57.824174,1000,155,PUT,/jobs/002,404,130.27790002524853
29,2026-09-07T16:13:57.824174,1000,156,PUT,/jobs/001,200,129.65999997686595
29,2026-09-07T16:13:57.824174,1000,157,PUT,/jobs/001,200,129.9509999807924
29,2026-09-07T16:13:57.824174,1000,158,GET,/jobs/002,404,84.88430001307279
29,2026-09-07T16:13:57.824174,1000,159,GET,/jobs,200,86.86230005696416
29,2026-09-07T16:13:57.824174,1000,160,PUT,/jobs/002,404,130.51339995581657
29,2026-09-07T16:13:57.824174,1000,161,PUT,/jobs/002,404,131.06100005097687
29,2026-09-07T16:13:57.824174,1000,162,PUT,/jobs/1000,404,127.37030000425875
29,2026-09-07T16:13:57.824174,1000,163,DELETE,/jobs/1000,404,88.28269992955029
29,2026-09-07T16:13:57.824174,1000,164,GET,/jobs/001,200,132.91720009874552
29,2026-09-07T16:13:57.824174,1000,165,POST,/jobs,201,130.54369995370507
29,2026-09-07T16:13:57.824174,1000,166,GET,/jobs,200,84.05449998099357
29,2026-09-07T16:13:57.824174,1000,167,DELETE,/jobs/002,404,87.55189995281398
29,2026-09-07T16:13:57.824174,1000,168,POST,/jobs,201,129.33580006938428
29,2026-09-07T16:13:57.824174,1000,169,GET,/jobs,200,85.38750000298023
29,2026-09-07T16:13:57.824174,1000,170,DELETE,/jobs/1000,404,88.39579997584224
29,2026-09-07T16:13:57.824174,1000,171,DELETE,/jobs/002,404,79.56250000279397
29,2026-09-07T16:13:57.824174,1000,172,GET,/jobs,200,77.31620001140982
29,2026-09-07T16:13:57.824174,1000,173,DELETE,/jobs/002,404,81.54220005962998
29,2026-09-07T16:13:57.824174,1000,174,GET,/jobs/001,200,128.10690002515912
29,2026-09-07T16:13:57.824174,1000,175,DELETE,/jobs/002,404,80.50129993353039
29,2026-09-07T16:13:57.824174,1000,176,GET,/jobs/002,404,80.36549994722009
29,2026-09-07T16:13:57.824174,1000,177,GET,/jobs,200,76.98089990299195
29,2026-09-07T16:13:57.824174,1000,178,DELETE,/jobs/002,404,78.55930004734546
29,2026-09-07T16:13:57.824174,1000,179,DELETE,/jobs/002,404,80.91850008349866
29,2026-09-07T16:13:57.824174,1000,180,DELETE,/jobs/002,404,83.60370004083961
29,2026-09-07T16:13:57.824174,1000,181,PUT,/jobs/1000,404,124.96679998002946
29,2026-09-07T16:13:57.824174,1000,182,DELETE,/jobs/1000,404,81.18039998225868
29,2026-09-07T16:13:57.824174,1000,183,POST,/jobs,201,124.64159994851798
29,2026-09-07T16:13:57.824174,1000,184,POST,/jobs,201,125.4915000172332
29,2026-09-07T16:13:57.824174,1000,185,POST,/jobs,201,123.13019996508956
29,2026-09-07T16:13:57.824174,1000,186,GET,/jobs/1000,404,80.08270000573248
29,2026-09-07T16:13:57.824174,1000,187,POST,/jobs,201,124.29860001429915
29,2026-09-07T16:13:57.824174,1000,188,POST,/jobs,201,114.44280005525798
29,2026-09-07T16:13:57.824174,1000,189,GET,/jobs,200,76.24099997337908
29,2026-09-07T16:13:57.824174,1000,190,GET,/jobs,200,78.19050003308803
29,2026-09-07T16:13:57.824174,1000,191,PUT,/jobs/1000,404,125.75270002707839
29,2026-09-07T16:13:57.824174,1000,192,DELETE,/jobs/002,404,80.76929999515414
29,2026-09-07T16:13:57.824174,1000,193,GET,/jobs,200,76.44590002018958
29,2026-09-07T16:13:57.824174,1000,194,DELETE,/jobs/002,404,92.20660000573844
29,2026-09-07T16:13:57.824174,1000,195,DELETE,/jobs/1000,404,91.44039999227971
29,2026-09-07T16:13:57.824174,1000,196,GET,/jobs/002,404,81.23390004038811
29,2026-09-07T16:13:57.824174,1000,197,GET,/jobs,200,80.86500002536923
29,2026-09-07T16:13:57.824174,1000,198,GET,/jobs/002,404,92.10659994278103
29,2026-09-07T16:13:57.824174,1000,199,POST,/jobs,201,127.71989998873323
29,2026-09-07T16:13:57.824174,1000,200,PUT,/jobs/1000,404,129.19579993467778
29,2026-09-07T16:13:57.824174,1000,201,POST,/jobs,201,131.9567000027746
29,2026-09-07T16:13:57.824174,1000,202,DELETE,/jobs/002,404,83.44239997677505
29,2026-09-07T16:13:57.824174,1000,203,DELETE,/jobs/1000,404,88.2965000346303
29,2026-09-07T16:13:57.824174,1000,204,GET,/jobs,200,80.8887000894174
29,2026-09-07T16:13:57.824174,1000,205,GET,/jobs/002,404,91.3915999699384
29,2026-09-07T16:13:57.824174,1000,206,GET,/jobs,200,84.31649999693036
29,2026-09-07T16:13:57.824174,1000,207,GET,/jobs,200,80.49650001339614
29,2026-09-07T16:13:57.824174,1000,208,DELETE,/jobs/002,404,93.47119997255504
29,2026-09-07T16:13:57.824174,1000,209,POST,/jobs,201,118.7204000307247
29,2026-09-07T16:13:57.824174,1000,210,DELETE,/jobs/002,404,92.23289997316897
29,2026-09-07T16:13:57.824174,1000,211,POST,/jobs,201,119.06319996342063
29,2026-09-07T16:13:57.824174,1000,212,POST,/jobs,201,129.9944999627769
29,2026-09-07T16:13:57.824174,1000,213,PUT,/jobs/002,404,141.41769998241216
29,2026-09-07T16:13:57.824174,1000,214,GET,/jobs,200,75.0500001013279
29,2026-09-07T16:13:57.824174,1000,215,GET,/jobs,200,76.23060001060367
29,2026-09-07T16:13:57.824174,1000,216,PUT,/jobs/002,404,138.19610001519322
29,2026-09-07T16:13:57.824174,1000,217,GET,/jobs,200,75.99729998037219
29,2026-09-07T16:13:57.824174,1000,218,GET,/jobs,200,87.4594000633806
29,2026-09-07T16:13:57.824174,1000,219,POST,/jobs,201,140.15330001711845
29,2026-09-07T16:13:57.824174,1000,220,GET,/jobs/1000,404,89.20129993930459
29,2026-09-07T16:13:57.824174,1000,221,POST,/jobs,201,130.25210006162524
29,2026-09-07T16:13:57.824174,1000,222,PUT,/jobs/1000,404,132.21069995779544
29,2026-09-07T16:13:57.824174,1000,223,PUT,/jobs/1000,404,131.3903999980539
29,2026-09-07T16:13:57.824174,1000,224,GET,/jobs,200,78.52189999539405
29,2026-09-07T16:13:57.824174,1000,225,GET,/jobs,200,77.7780000353232
29,2026-09-07T16:13:57.824174,1000,226,GET,/jobs,200,87.22730004228652
29,2026-09-07T16:13:57.824174,1000,227,GET,/jobs/1000,404,88.91000004950911
29,2026-09-07T16:13:57.824174,1000,228,GET,/jobs,200,91.19680000003427
29,2026-09-07T16:13:57.824174,1000,229,POST,/jobs,201,126.40129995997995
29,2026-09-07T16:13:57.824174,1000,230,DELETE,/jobs/002,404,91.8766000540927
29,2026-09-07T16:13:57.824174,1000,231,PUT,/jobs/001,200,131.11810002010316
29,2026-09-07T16:13:57.824174,1000,232,GET,/jobs,200,84.97570001054555
29,2026-09-07T16:13:57.824174,1000,233,POST,/jobs,201,131.48700003512204
29,2026-09-07T16:13:57.824174,1000,234,GET,/jobs,200,84.0966000687331
29,2026-09-07T16:13:57.824174,1000,235,POST,/jobs,201,138.5024000192061
29,2026-09-07T16:13:57.824174,1000,236,GET,/jobs/1000,404,95.07060004398227
29,2026-09-07T16:13:57.824174,1000,237,GET,/jobs,200,81.88229997176677
29,2026-09-07T16:13:57.824174,1000,238,POST,/jobs,201,137.40900007542223
29,2026-09-07T16:13:57.824174,1000,239,DELETE,/jobs/1000,404,94.54790002200752
29,2026-09-07T16:13:57.824174,1000,240,DELETE,/jobs/002,404,93.31859997473657
29,2026-09-07T16:13:57.824174,1000,241,GET,/jobs/001,200,141.97769993916154
29,2026-09-07T16:13:57.824174,1000,242,GET,/jobs/002,404,94.36369989998639
29,2026-09-07T16:13:57.824174,1000,243,GET,/jobs,200,90.57799994479865
29,2026-09-07T16:13:57.824174,1000,244,GET,/jobs/1000,404,92.7683999761939
29,2026-09-07T16:13:57.824174,1000,245,POST,/jobs,201,140.229000011459
29,2026-09-07T16:13:57.824174,1000,246,PUT,/jobs/1000,404,137.17490003909916
29,2026-09-07T16:13:57.824174,1000,247,GET,/jobs/002,404,92.79080003034323
29,2026-09-07T16:13:57.824174,1000,248,GET,/jobs/1000,404,94.11780000664294
29,2026-09-07T16:13:57.824174,1000,249,GET,/jobs,200,81.09979995060712
29,2026-09-07T16:13:57.824174,1000,250,PUT,/jobs/001,200,127.15469999238849
29,2026-09-07T16:13:57.824174,1000,251,PUT,/jobs/001,200,128.71620000805706
29,2026-09-07T16:13:57.824174,1000,252,GET,/jobs/002,404,84.96670005843043
29,2026-09-07T16:13:57.824174,1000,253,POST,/jobs,201,126.9738000119105
29,2026-09-07T16:13:57.824174,1000,254,GET,/jobs/001,200,128.33690003026277
29,2026-09-07T16:13:57.824174,1000,255,GET,/jobs,200,86.4160000346601
29,2026-09-07T16:13:57.824174,1000,256,GET,/jobs/002,404,88.90159998554736
29,2026-09-07T16:13:57.824174,1000,257,POST,/jobs,201,133.05840000975877
29,2026-09-07T16:13:57.824174,1000,258,GET,/jobs,200,82.28680002503097
29,2026-09-07T16:13:57.824174,1000,259,POST,/jobs,201,134.50869999360293
29,2026-09-07T16:13:57.824174,1000,260,DELETE,/jobs/1000,404,88.35749991703779
29,2026-09-07T16:13:57.824174,1000,261,DELETE,/jobs/1000,404,87.71979995071888
29,2026-09-07T16:13:57.824174,1000,262,GET,/jobs,200,83.42309994623065
29,2026-09-07T16:13:57.824174,1000,263,GET,/jobs,200,87.25099998991936
29,2026-09-07T16:13:57.824174,1000,264,POST,/jobs,201,132.82830000389367
29,2026-09-07T16:13:57.824174,1000,265,DELETE,/jobs/1000,404,87.28519990108907
29,2026-09-07T16:13:57.824174,1000,266,GET,/jobs,200,82.96520006842911
29,2026-09-07T16:13:57.824174,1000,267,GET,/jobs,200,88.06830004323274
29,2026-09-07T16:13:57.824174,1000,268,DELETE,/jobs/1000,404,90.96860000863671
29,2026-09-07T16:13:57.824174,1000,269,POST,/jobs,201,141.26259996555746
29,2026-09-07T16:13:57.824174,1000,270,POST,/jobs,201,139.97730007395148
29,2026-09-07T16:13:57.824174,1000,271,DELETE,/jobs/002,404,85.05560003686696
29,2026-09-07T16:13:57.824174,1000,272,PUT,/jobs/1000,404,139.35459998901933
29,2026-09-07T16:13:57.824174,1000,273,GET,/jobs/002,404,84.84779996797442
29,2026-09-07T16:13:57.824174,1000,274,GET,/jobs,200,81.89410006161779
29,2026-09-07T16:13:57.824174,1000,275,PUT,/jobs/001,200,144.34439991600811
29,2026-09-07T16:13:57.824174,1000,276,DELETE,/jobs/002,404,90.6526999315247
29,2026-09-07T16:13:57.824174,1000,277,POST,/jobs,201,141.4917999645695
29,2026-09-07T16:13:57.824174,1000,278,GET,/jobs,200,83.32179998978972
29,2026-09-07T16:13:57.824174,1000,279,POST,/jobs,201,140.36369998939335
29,2026-09-07T16:13:57.824174,1000,280,POST,/jobs,201,139.8956999182701
29,2026-09-07T16:13:57.824174,1000,281,GET,/jobs,200,82.51810004003346
29,2026-09-07T16:13:57.824174,1000,282,POST,/jobs,201,140.98709996324033
29,2026-09-07T16:13:57.824174,1000,283,POST,/jobs,201,146.2543000234291
29,2026-09-07T16:13:57.824174,1000,284,PUT,/jobs/002,404,146.1845999583602
29,2026-09-07T16:13:57.824174,1000,285,PUT,/jobs/1000,404,146.26499998848885
29,2026-09-07T16:13:57.824174,1000,286,POST,/jobs,201,146.4998999144882
29,2026-09-07T16:13:57.824174,1000,287,GET,/jobs/001,200,144.38109996262938
29,2026-09-07T16:13:57.824174,1000,288,PUT,/jobs/1000,404,144.9086000211537
29,2026-09-07T16:13:57.824174,1000,289,PUT,/jobs/1000,404,143.82929995190352
29,2026-09-07T16:13:57.824174,1000,290,GET,/jobs/1000,404,84.7154000075534
29,2026-09-07T16:13:57.824174,1000,291,DELETE,/jobs/1000,404,86.67930006049573
29,2026-09-07T16:13:57.824174,1000,292,PUT,/jobs/1000,404,145.2784000430256
29,2026-09-07T16:13:57.824174,1000,293,GET,/jobs,200,81.82550000492483
29,2026-09-07T16:13:57.824174,1000,294,POST,/jobs,201,144.86020000185817
29,2026-09-07T16:13:57.824174,1000,295,GET,/jobs/002,404,86.43509994726628
29,2026-09-07T16:13:57.824174,1000,296,DELETE,/jobs/1000,404,86.58640005160123
29,2026-09-07T16:13:57.824174,1000,297,PUT,/jobs/002,404,133.59069998841733
29,2026-09-07T16:13:57.824174,1000,298,PUT,/jobs/1000,404,134.3889000127092
29,2026-09-07T16:13:57.824174,1000,299,GET,/jobs/1000,404,86.73020009882748
29,2026-09-07T16:13:57.824174,1000,300,PUT,/jobs/1000,404,133.25690000783652
29,2026-09-07T16:13:57.824174,1000,301,GET,/jobs/1000,404,87.44469995144755
29,2026-09-07T16:13:57.824174,1000,302,GET,/jobs,200,76.27909991424531
29,2026-09-07T16:13:57.824174,1000,303,POST,/jobs,201,135.4030999355018
29,2026-09-07T16:13:57.824174,1000,304,DELETE,/jobs/1000,404,87.95720001216978
29,2026-09-07T16:13:57.824174,1000,305,GET,/jobs,200,76.95470005273819
29,2026-09-07T16:13:57.824174,1000,306,GET,/jobs/1000,404,87.63130009174347
29,2026-09-07T16:13:57.824174,1000,307,POST,/jobs,201,138.26809998136014
29,2026-09-07T16:13:57.824174,1000,308,GET,/jobs/001,200,145.1674000127241
29,2026-09-07T16:13:57.824174,1000,309,GET,/jobs,200,95.2221000334248
29,2026-09-07T16:13:57.824174,1000,310,GET,/jobs,200,95.33329994883388
29,2026-09-07T16:13:57.824174,1000,311,GET,/jobs/002,404,102.69309999421239
29,2026-09-07T16:13:57.824174,1000,312,DELETE,/jobs/002,404,102.28130000177771
29,2026-09-07T16:13:57.824174,1000,313,PUT,/jobs/002,404,139.475499978289
29,2026-09-07T16:13:57.824174,1000,314,DELETE,/jobs/002,404,102.24769997876137
29,2026-09-07T16:13:57.824174,1000,315,PUT,/jobs/002,404,136.3763000117615
29,2026-09-07T16:13:57.824174,1000,316,PUT,/jobs/001,200,135.70360001176596
29,2026-09-07T16:13:57.824174,1000,317,GET,/jobs/1000,404,105.2210999187082
29,2026-09-07T16:13:57.824174,1000,318,GET,/jobs,200,93.75760005787015
29,2026-09-07T16:13:57.824174,1000,319,GET,/jobs,200,91.61200001835823
29,2026-09-07T16:13:57.824174,1000,320,PUT,/jobs/001,200,135.32210001721978
29,2026-09-07T16:13:57.824174,1000,321,GET,/jobs/1000,404,104.46379997301847
29,2026-09-07T16:13:57.824174,1000,322,DELETE,/jobs/1000,404,103.19200006779283
29,2026-09-07T16:13:57.824174,1000,323,GET,/jobs,200,92.29019994381815
29,2026-09-07T16:13:57.824174,1000,324,DELETE,/jobs/002,404,93.14350003842264
29,2026-09-07T16:13:57.824174,1000,325,GET,/jobs,200,92.81260007992387
29,2026-09-07T16:13:57.824174,1000,326,PUT,/jobs/001,200,138.15999997314066
29,2026-09-07T16:13:57.824174,1000,327,PUT,/jobs/1000,404,139.53359995502979
29,2026-09-07T16:13:57.824174,1000,328,DELETE,/jobs/1000,404,103.71950000990182
29,2026-09-07T16:13:57.824174,1000,329,PUT,/jobs/1000,404,141.42379991244525
29,2026-09-07T16:13:57.824174,1000,330,DELETE,/jobs/1000,404,96.93389991298318
29,2026-09-07T16:13:57.824174,1000,331,DELETE,/jobs/1000,404,97.43349999189377
29,2026-09-07T16:13:57.824174,1000,332,GET,/jobs/1000,404,95.60629993211478
29,2026-09-07T16:13:57.824174,1000,333,PUT,/jobs/002,404,142.4382000695914
29,2026-09-07T16:13:57.824174,1000,334,POST,/jobs,201,136.8310000980273
29,2026-09-07T16:13:57.824174,1000,335,GET,/jobs/1000,404,91.19009994901717
29,2026-09-07T16:13:57.824174,1000,336,POST,/jobs,201,140.22970001678914
29,2026-09-07T16:13:57.824174,1000,337,DELETE,/jobs/1000,404,93.51489995606244
29,2026-09-07T16:13:57.824174,1000,338,GET,/jobs/002,404,94.50649993959814
29,2026-09-07T16:13:57.824174,1000,339,PUT,/jobs/001,200,142.8337999386713
29,2026-09-07T16:13:57.824174,1000,340,POST,/jobs,201,149.4557000696659
29,2026-09-07T16:13:57.824174,1000,341,POST,/jobs,201,142.48579996638
29,2026-09-07T16:13:57.824174,1000,342,POST,/jobs,201,142.54099992103875
29,2026-09-07T16:13:57.824174,1000,343,GET,/jobs,200,88.38380000088364
29,2026-09-07T16:13:57.824174,1000,344,GET,/jobs/001,200,150.79989994410425
29,2026-09-07T16:13:57.824174,1000,345,GET,/jobs/002,404,91.99550002813339
29,2026-09-07T16:13:57.824174,1000,346,GET,/jobs/1000,404,95.2450999757275
29,2026-09-07T16:13:57.824174,1000,347,GET,/jobs/001,200,141.0656999796629
29,2026-09-07T16:13:57.824174,1000,348,PUT,/jobs/002,404,151.4289000770077
29,2026-09-07T16:13:57.824174,1000,349,POST,/jobs,201,141.44649996887892
29,2026-09-07T16:13:57.824174,1000,350,PUT,/jobs/002,404,143.02259997930378
29,2026-09-07T16:13:57.824174,1000,351,GET,/jobs,200,86.55869995709509
29,2026-09-07T16:13:57.824174,1000,352,GET,/jobs/002,404,87.58759999182075
29,2026-09-07T16:13:57.824174,1000,353,PUT,/jobs/1000,404,135.15999994706362
29,2026-09-07T16:13:57.824174,1000,354,GET,/jobs,200,85.23179998155683
29,2026-09-07T16:13:57.824174,1000,355,DELETE,/jobs/1000,404,86.08190005179495
29,2026-09-07T16:13:57.824174,1000,356,PUT,/jobs/001,200,152.2895999951288
29,2026-09-07T16:13:57.824174,1000,357,POST,/jobs,201,143.3862999547273
29,2026-09-07T16:13:57.824174,1000,358,PUT,/jobs/002,404,143.70070002041757
29,2026-09-07T16:13:57.824174,1000,359,DELETE,/jobs/002,404,77.92099996004254
29,2026-09-07T16:13:57.824174,1000,360,PUT,/jobs/001,200,151.423400035128
29,2026-09-07T16:13:57.824174,1000,361,POST,/jobs,201,155.09650006424636
29,2026-09-07T16:13:57.824174,1000,362,PUT,/jobs/001,200,138.63990001846105
29,2026-09-07T16:13:57.824174,1000,363,PUT,/jobs/002,404,148.03690009284765
29,2026-09-07T16:13:57.824174,1000,364,PUT,/jobs/1000,404,144.85489996150136
29,2026-09-07T16:13:57.824174,1000,365,GET,/jobs/002,404,90.32139996998012
29,2026-09-07T16:13:57.824174,1000,366,GET,/jobs/1000,404,95.13010003138334
29,2026-09-07T16:13:57.824174,1000,367,DELETE,/jobs/002,404,92.35769999213517
29,2026-09-07T16:13:57.824174,1000,368,PUT,/jobs/1000,404,147.9829999152571
29,2026-09-07T16:13:57.824174,1000,369,DELETE,/jobs/002,404,91.77429997362196
29,2026-09-07T16:13:57.824174,1000,370,GET,/jobs,200,89.45369999855757
29,2026-09-07T16:13:57.824174,1000,371,PUT,/jobs/001,200,149.49079998768866
29,2026-09-07T16:13:57.824174,1000,372,PUT,/jobs/001,200,148.48289999645203
29,2026-09-07T16:13:57.824174,1000,373,GET,/jobs,200,81.76789991557598
29,2026-09-07T16:13:57.824174,1000,374,POST,/jobs,201,150.72379994671792
29,2026-09-07T16:13:57.824174,1000,375,POST,/jobs,201,146.93439996335655
29,2026-09-07T16:13:57.824174,1000,376,PUT,/jobs/002,404,145.952699938789
29,2026-09-07T16:13:57.824174,1000,377,POST,/jobs,201,146.99639996979386
29,2026-09-07T16:13:57.824174,1000,378,PUT,/jobs/002,404,147.85830001346767
29,2026-09-07T16:13:57.824174,1000,379,PUT,/jobs/002,404,143.1760999839753
29,2026-09-07T16:13:57.824174,1000,380,GET,/jobs,200,79.20909998938441
29,2026-09-07T16:13:57.824174,1000,381,PUT,/jobs/001,200,141.58990001305938
29,2026-09-07T16:13:57.824174,1000,382,DELETE,/jobs/002,404,86.88199997413903
29,2026-09-07T16:13:57.824174,1000,383,POST,/jobs,201,141.13000000361353
29,2026-09-07T16:13:57.824174,1000,384,GET,/jobs,200,78.1999999890104
29,2026-09-07T16:13:57.824174,1000,385,GET,/jobs,200,85.50739998463541
29,2026-09-07T16:13:57.824174,1000,386,GET,/jobs,200,96.56360000371933
29,2026-09-07T16:13:57.824174,1000,387,GET,/jobs/001,200,150.75559995602816
29,2026-09-07T16:13:57.824174,1000,388,GET,/jobs,200,84.48600000701845
29,2026-09-07T16:13:57.824174,1000,389,DELETE,/jobs/002,404,99.36689992900938
29,2026-09-07T16:13:57.824174,1000,390,GET,/jobs/001,200,153.50339992437512
29,2026-09-07T16:13:57.824174,1000,391,PUT,/jobs/1000,404,140.91990003362298
29,2026-09-07T16:13:57.824174,1000,392,GET,/jobs,200,87.49269996769726
29,2026-09-07T16:13:57.824174,1000,393,DELETE,/jobs/002,404,97.01599995605648
29,2026-09-07T16:13:57.824174,1000,394,PUT,/jobs/1000,404,142.42599997669458
29,2026-09-07T16:13:57.824174,1000,395,POST,/jobs,201,141.65860007051378
29,2026-09-07T16:13:57.824174,1000,396,POST,/jobs,201,151.2250000378117
29,2026-09-07T16:13:57.824174,1000,397,DELETE,/jobs/002,404,94.34390009846538
29,2026-09-07T16:13:57.824174,1000,398,GET,/jobs/002,404,96.12999996170402
29,2026-09-07T16:13:57.824174,1000,399,GET,/jobs,200,93.00440002698451
29,2026-09-07T16:13:57.824174,1000,400,DELETE,/jobs/002,404,102.52660000696778
29,2026-09-07T16:13:57.824174,1000,401,POST,/jobs,201,166.0907999612391
29,2026-09-07T16:13:57.824174,1000,402,PUT,/jobs/002,404,162.18410001602024
29,2026-09-07T16:13:57.824174,1000,403,GET,/jobs/001,200,168.1999999564141
29,2026-09-07T16:13:57.824174,1000,404,DELETE,/jobs/002,404,102.00859990436584
29,2026-09-07T16:13:57.824174,1000,405,GET,/jobs,200,101.22660000342876
29,2026-09-07T16:13:57.824174,1000,406,POST,/jobs,201,167.25179995410144
29,2026-09-07T16:13:57.824174,1000,407,DELETE,/jobs/002,404,104.1386000579223
29,2026-09-07T16:13:57.824174,1000,408,DELETE,/jobs/002,404,103.2511000521481
29,2026-09-07T16:13:57.824174,1000,409,POST,/jobs,201,161.68120002839714
29,2026-09-07T16:13:57.824174,1000,410,PUT,/jobs/1000,404,165.18450004514307
29,2026-09-07T16:13:57.824174,1000,411,POST,/jobs,201,166.57410003244877
29,2026-09-07T16:13:57.824174,1000,412,DELETE,/jobs/1000,404,101.73769993707538
29,2026-09-07T16:13:57.824174,1000,413,GET,/jobs,200,100.60159990098327
29,2026-09-07T16:13:57.824174,1000,414,PUT,/jobs/002,404,164.39550009090453
29,2026-09-07T16:13:57.824174,1000,415,GET,/jobs,200,99.06160004902631
29,2026-09-07T16:13:57.824174,1000,416,PUT,/jobs/002,404,167.14650008361787
29,2026-09-07T16:13:57.824174,1000,417,PUT,/jobs/1000,404,166.72069998458028
29,2026-09-07T16:13:57.824174,1000,418,GET,/jobs/002,404,100.93790001701564
29,2026-09-07T16:13:57.824174,1000,419,GET,/jobs/1000,404,99.72409997135401
29,2026-09-07T16:13:57.824174,1000,420,DELETE,/jobs/1000,404,104.42139999940991
29,2026-09-07T16:13:57.824174,1000,421,DELETE,/jobs/1000,404,101.01050010416657
29,2026-09-07T16:13:57.824174,1000,422,PUT,/jobs/002,404,172.11110005155206
29,2026-09-07T16:13:57.824174,1000,423,DELETE,/jobs/1000,404,95.1623999280855
29,2026-09-07T16:13:57.824174,1000,424,POST,/jobs,201,170.95509998034686
29,2026-09-07T16:13:57.824174,1000,425,GET,/jobs/001,200,171.22609994839877
29,2026-09-07T16:13:57.824174,1000,426,POST,/jobs,201,158.7123000063002
29,2026-09-07T16:13:57.824174,1000,427,GET,/jobs/002,404,100.43649992439896
29,2026-09-07T16:13:57.824174,1000,428,DELETE,/jobs/1000,404,101.11249994952232
29,2026-09-07T16:13:57.824174,1000,429,POST,/jobs,201,172.64959996100515
29,2026-09-07T16:13:57.824174,1000,430,PUT,/jobs/002,404,171.9990000128746
29,2026-09-07T16:13:57.824174,1000,431,GET,/jobs/002,404,104.52090005856007
29,2026-09-07T16:13:57.824174,1000,432,GET,/jobs/002,404,114.53589994926006
29,2026-09-07T16:13:57.824174,1000,433,POST,/jobs,201,173.55379997752607
29,2026-09-07T16:13:57.824174,1000,434,POST,/jobs,201,174.82489999383688
29,2026-09-07T16:13:57.824174,1000,435,POST,/jobs,201,177.6098000118509
29,2026-09-07T16:13:57.824174,1000,436,GET,/jobs,200,110.57749995961785
29,2026-09-07T16:13:57.824174,1000,437,DELETE,/jobs/002,404,114.2873999197036
29,2026-09-07T16:13:57.824174,1000,438,GET,/jobs,200,94.22309999354184
29,2026-09-07T16:13:57.824174,1000,439,GET,/jobs/1000,404,110.6353000504896
29,2026-09-07T16:13:57.824174,1000,440,PUT,/jobs/002,404,169.99980004038662
29,2026-09-07T16:13:57.824174,1000,441,DELETE,/jobs/002,404,111.94830003660172
29,2026-09-07T16:13:57.824174,1000,442,PUT,/jobs/1000,404,178.392400033772
29,2026-09-07T16:13:57.824174,1000,443,PUT,/jobs/002,404,177.76539991609752
29,2026-09-07T16:13:57.824174,1000,444,GET,/jobs,200,118.54830000083894
29,2026-09-07T16:13:57.824174,1000,445,GET,/jobs,200,104.62980007287115
29,2026-09-07T16:13:57.824174,1000,446,POST,/jobs,201,168.5855999821797
29,2026-09-07T16:13:57.824174,1000,447,PUT,/jobs/1000,404,176.33970000315458
29,2026-09-07T16:13:57.824174,1000,448,GET,/jobs/002,404,123.7106000771746
29,2026-09-07T16:13:57.824174,1000,449,DELETE,/jobs/1000,404,122.62090004514903
29,2026-09-07T16:13:57.824174,1000,450,PUT,/jobs/1000,404,176.47639999631792
29,2026-09-07T16:13:57.824174,1000,451,DELETE,/jobs/1000,404,124.57710003945976
29,2026-09-07T16:13:57.824174,1000,452,PUT,/jobs/1000,404,178.73120005242527
29,2026-09-07T16:13:57.824174,1000,453,DELETE,/jobs/1000,404,121.54790002387017
29,2026-09-07T16:13:57.824174,1000,454,POST,/jobs,201,176.9687000196427
29,2026-09-07T16:13:57.824174,1000,455,PUT,/jobs/002,404,175.64309993758798
29,2026-09-07T16:13:57.824174,1000,456,POST,/jobs,201,176.9906000699848
29,2026-09-07T16:13:57.824174,1000,457,GET,/jobs/001,200,179.761299979873
29,2026-09-07T16:13:57.824174,1000,458,GET,/jobs/002,404,109.87499996554106
29,2026-09-07T16:13:57.824174,1000,459,GET,/jobs,200,109.15979999117553
29,2026-09-07T16:13:57.824174,1000,460,DELETE,/jobs/002,404,118.65289998240769
29,2026-09-07T16:13:57.824174,1000,461,GET,/jobs/001,200,175.60169997159392
29,2026-09-07T16:13:57.824174,1000,462,PUT,/jobs/002,404,163.16859994549304
29,2026-09-07T16:13:57.824174,1000,463,DELETE,/jobs/1000,404,119.53649995848536
29,2026-09-07T16:13:57.824174,1000,464,GET,/jobs,200,110.32580002211034
29,2026-09-07T16:13:57.824174,1000,465,GET,/jobs/002,404,117.34939995221794
29,2026-09-07T16:13:57.824174,1000,466,GET,/jobs/002,404,120.3720000339672
29,2026-09-07T16:13:57.824174,1000,467,GET,/jobs/002,404,118.66290005855262
29,2026-09-07T16:13:57.824174,1000,468,GET,/jobs,200,106.60970001481473
29,2026-09-07T16:13:57.824174,1000,469,DELETE,/jobs/002,404,108.34100004285574
29,2026-09-07T16:13:57.824174,1000,470,POST,/jobs,201,160.05089995451272
29,2026-09-07T16:13:57.824174,1000,471,GET,/jobs,200,107.26029996294528
29,2026-09-07T16:13:57.824174,1000,472,DELETE,/jobs/1000,404,116.60150007810444
29,2026-09-07T16:13:57.824174,1000,473,GET,/jobs/1000,404,116.93969997577369
29,2026-09-07T16:13:57.824174,1000,474,PUT,/jobs/001,200,160.65870004240423
29,2026-09-07T16:13:57.824174,1000,475,GET,/jobs,200,107.02740005217493
29,2026-09-07T16:13:57.824174,1000,476,DELETE,/jobs/1000,404,115.75299990363419
29,2026-09-07T16:13:57.824174,1000,477,PUT,/jobs/002,404,166.10260005109012
29,2026-09-07T16:13:57.824174,1000,478,PUT,/jobs/002,404,164.79710000567138
29,2026-09-07T16:13:57.824174,1000,479,GET,/jobs/001,200,162.91079996153712
29,2026-09-07T16:13:57.824174,1000,480,POST,/jobs,201,165.07770004682243
29,2026-09-07T16:13:57.824174,1000,481,PUT,/jobs/001,200,159.44150008726865
29,2026-09-07T16:13:57.824174,1000,482,GET,/jobs,200,111.2042999593541
29,2026-09-07T16:13:57.824174,1000,483,PUT,/jobs/002,404,160.21250002086163
29,2026-09-07T16:13:57.824174,1000,484,GET,/jobs,200,112.4237000476569
29,2026-09-07T16:13:57.824174,1000,485,DELETE,/jobs/002,404,115.78899994492531
29,2026-09-07T16:13:57.824174,1000,486,GET,/jobs/001,200,161.64319997187704
29,2026-09-07T16:13:57.824174,1000,487,DELETE,/jobs/1000,404,116.8134999461472
29,2026-09-07T16:13:57.824174,1000,488,GET,/jobs,200,112.93689999729395
29,2026-09-07T16:13:57.824174,1000,489,GET,/jobs/001,200,162.95949998311698
29,2026-09-07T16:13:57.824174,1000,490,DELETE,/jobs/1000,404,115.7241000328213
29,2026-09-07T16:13:57.824174,1000,491,DELETE,/jobs/002,404,116.58309993799776
29,2026-09-07T16:13:57.824174,1000,492,DELETE,/jobs/1000,404,117.18760000076145
29,2026-09-07T16:13:57.824174,1000,493,PUT,/jobs/002,404,160.7047999277711
29,2026-09-07T16:13:57.824174,1000,494,POST,/jobs,201,161.8264999706298
29,2026-09-07T16:13:57.824174,1000,495,DELETE,/jobs/1000,404,115.94719998538494
29,2026-09-07T16:13:57.824174,1000,496,POST,/jobs,201,151.66540001519024
29,2026-09-07T16:13:57.824174,1000,497,DELETE,/jobs/002,404,106.61969997454435
29,2026-09-07T16:13:57.824174,1000,498,DELETE,/jobs/002,404,106.40040005091578
29,2026-09-07T16:13:57.824174,1000,499,GET,/jobs/1000,404,108.27430000063032
29,2026-09-07T16:13:57.824174,1000,500,GET,/jobs/002,404,105.60999996960163
29,2026-09-07T16:13:57.824174,1000,501,GET,/jobs,200,96.66959999594837
29,2026-09-07T16:13:57.824174,1000,502,GET,/jobs/001,200,152.8455000370741
29,2026-09-07T16:13:57.824174,1000,503,GET,/jobs/1000,404,107.147500035353
29,2026-09-07T16:13:57.824174,1000,504,GET,/jobs,200,103.24980004224926
29,2026-09-07T16:13:57.824174,1000,505,GET,/jobs/001,200,153.08959991671145
29,2026-09-07T16:13:57.824174,1000,506,PUT,/jobs/002,404,142.76499999687076
29,2026-09-07T16:13:57.824174,1000,507,DELETE,/jobs/1000,404,107.37599991261959
29,2026-09-07T16:13:57.824174,1000,508,POST,/jobs,201,152.94689999427646
29,2026-09-07T16:13:57.824174,1000,509,GET,/jobs/002,404,100.04689998459071
29,2026-09-07T16:13:57.824174,1000,510,POST,/jobs,201,136.94520003627986
29,2026-09-07T16:13:57.824174,1000,511,PUT,/jobs/001,200,136.62090001162142
29,2026-09-07T16:13:57.824174,1000,512,GET,/jobs/002,404,99.45640002842993
29,2026-09-07T16:13:57.824174,1000,513,DELETE,/jobs/002,404,96.1754999589175
29,2026-09-07T16:13:57.824174,1000,514,PUT,/jobs/001,200,141.09389996156096
29,2026-09-07T16:13:57.824174,1000,515,DELETE,/jobs/002,404,95.2879999531433
29,2026-09-07T16:13:57.824174,1000,516,GET,/jobs/002,404,95.10920010507107
29,2026-09-07T16:13:57.824174,1000,517,GET,/jobs/001,200,141.15469995886087
29,2026-09-07T16:13:57.824174,1000,518,GET,/jobs,200,90.7213999889791
29,2026-09-07T16:13:57.824174,1000,519,GET,/jobs/002,404,93.37430004961789
29,2026-09-07T16:13:57.824174,1000,520,DELETE,/jobs/1000,404,92.58499997667968
29,2026-09-07T16:13:57.824174,1000,521,PUT,/jobs/001,200,138.4895999217406
29,2026-09-07T16:13:57.824174,1000,522,PUT,/jobs/1000,404,139.79369995649904
29,2026-09-07T16:13:57.824174,1000,523,POST,/jobs,201,138.5560999624431
29,2026-09-07T16:13:57.824174,1000,524,PUT,/jobs/002,404,139.5769000519067
29,2026-09-07T16:13:57.824174,1000,525,DELETE,/jobs/1000,404,94.01390003040433
29,2026-09-07T16:13:57.824174,1000,526,PUT,/jobs/001,200,134.69770003575832
29,2026-09-07T16:13:57.824174,1000,527,DELETE,/jobs/002,404,88.83000002242625
29,2026-09-07T16:13:57.824174,1000,528,PUT,/jobs/1000,404,135.78240002971143
29,2026-09-07T16:13:57.824174,1000,529,POST,/jobs,201,136.80009997915477
29,2026-09-07T16:13:57.824174,1000,530,POST,/jobs,201,136.74260000698268
29,2026-09-07T16:13:57.824174,1000,531,GET,/jobs,200,87.77750004082918
29,2026-09-07T16:13:57.824174,1000,532,GET,/jobs/1000,404,88.51989998947829
29,2026-09-07T16:13:57.824174,1000,533,DELETE,/jobs/002,404,88.14230002462864
29,2026-09-07T16:13:57.824174,1000,534,POST,/jobs,201,131.9703001063317
29,2026-09-07T16:13:57.824174,1000,535,GET,/jobs,200,83.16469995770603
29,2026-09-07T16:13:57.824174,1000,536,GET,/jobs/002,404,83.70929991360754
29,2026-09-07T16:13:57.824174,1000,537,DELETE,/jobs/1000,404,87.58269995450974
29,2026-09-07T16:13:57.824174,1000,538,POST,/jobs,201,134.94399993214756
29,2026-09-07T16:13:57.824174,1000,539,DELETE,/jobs/1000,404,86.43869997467846
29,2026-09-07T16:13:57.824174,1000,540,PUT,/jobs/001,200,134.90790000651032
29,2026-09-07T16:13:57.824174,1000,541,PUT,/jobs/002,404,140.85500000510365
29,2026-09-07T16:13:57.824174,1000,542,PUT,/jobs/002,404,128.96070000715554
29,2026-09-07T16:13:57.824174,1000,543,POST,/jobs,201,131.08249998185784
29,2026-09-07T16:13:57.824174,1000,544,GET,/jobs,200,84.04900005552918
29,2026-09-07T16:13:57.824174,1000,545,GET,/jobs/002,404,84.64789995923638
29,2026-09-07T16:13:57.824174,1000,546,PUT,/jobs/1000,404,129.67240007128567
29,2026-09-07T16:13:57.824174,1000,547,PUT,/jobs/002,404,127.25160003174096
29,2026-09-07T16:13:57.824174,1000,548,PUT,/jobs/1000,404,128.59830004163086
29,2026-09-07T16:13:57.824174,1000,549,GET,/jobs,200,80.27180004864931
29,2026-09-07T16:13:57.824174,1000,550,PUT,/jobs/001,200,130.5529000237584
29,2026-09-07T16:13:57.824174,1000,551,POST,/jobs,201,128.9591999957338
29,2026-09-07T16:13:57.824174,1000,552,POST,/jobs,201,130.63410005997866
29,2026-09-07T16:13:57.824174,1000,553,PUT,/jobs/1000,404,129.79849998373538
29,2026-09-07T16:13:57.824174,1000,554,GET,/jobs,200,80.96580009441823
29,2026-09-07T16:13:57.824174,1000,555,DELETE,/jobs/1000,404,85.23279998917133
29,2026-09-07T16:13:57.824174,1000,556,PUT,/jobs/001,200,129.66730003245175
29,2026-09-07T16:13:57.824174,1000,557,GET,/jobs/1000,404,83.29320000484586
29,2026-09-07T16:13:57.824174,1000,558,POST,/jobs,201,130.71579998359084
29,2026-09-07T16:13:57.824174,1000,559,PUT,/jobs/1000,404,127.2496999008581
29,2026-09-07T16:13:57.824174,1000,560,PUT,/jobs/001,200,127.77370004914701
29,2026-09-07T16:13:57.824174,1000,561,GET,/jobs/002,404,81.64249989204109
29,2026-09-07T16:13:57.824174,1000,562,DELETE,/jobs/002,404,83.00050010439008
29,2026-09-07T16:13:57.824174,1000,563,POST,/jobs,201,127.31060001533478
29,2026-09-07T16:13:57.824174,1000,564,PUT,/jobs/001,200,132.43639993015677
29,2026-09-07T16:13:57.824174,1000,565,GET,/jobs,200,86.57290006522089
29,2026-09-07T16:13:57.824174,1000,566,DELETE,/jobs/002,404,87.3591999989003
29,2026-09-07T16:13:57.824174,1000,567,GET,/jobs/002,404,93.05999998468906
29,2026-09-07T16:13:57.824174,1000,568,DELETE,/jobs/002,404,87.71560003515333
29,2026-09-07T16:13:57.824174,1000,569,DELETE,/jobs/1000,404,88.03980005905032
29,2026-09-07T16:13:57.824174,1000,570,GET,/jobs,200,81.89040003344417
29,2026-09-07T16:13:57.824174,1000,571,GET,/jobs/001,200,141.45120000466704
29,2026-09-07T16:13:57.824174,1000,572,PUT,/jobs/001,200,137.2729999711737
29,2026-09-07T16:13:57.824174,1000,573,GET,/jobs/002,404,90.49750003032386
29,2026-09-07T16:13:57.824174,1000,574,POST,/jobs,201,136.1698000691831
29,2026-09-07T16:13:57.824174,1000,575,POST,/jobs,201,137.6821999438107
29,2026-09-07T16:13:57.824174,1000,576,PUT,/jobs/002,404,138.58559995424002
29,2026-09-07T16:13:57.824174,1000,577,GET,/jobs/002,404,90.24279995355755
29,2026-09-07T16:13:57.824174,1000,578,DELETE,/jobs/002,404,88.52750004734844
29,2026-09-07T16:13:57.824174,1000,579,PUT,/jobs/001,200,139.53189994208515
29,2026-09-07T16:13:57.824174,1000,580,DELETE,/jobs/002,404,88.07260007597506
29,2026-09-07T16:13:57.824174,1000,581,GET,/jobs,200,80.755400005728
29,2026-09-07T16:13:57.824174,1000,582,POST,/jobs,201,138.43639998231083
29,2026-09-07T16:13:57.824174,1000,583,PUT,/jobs/002,404,136.58839999698102
29,2026-09-07T16:13:57.824174,1000,584,DELETE,/jobs/1000,404,82.36360002774745
29,2026-09-07T16:13:57.824174,1000,585,GET,/jobs,200,81.95020002312958
29,2026-09-07T16:13:57.824174,1000,586,POST,/jobs,201,125.86789997294545
29,2026-09-07T16:13:57.824174,1000,587,POST,/jobs,201,127.58339999709278
29,2026-09-07T16:13:57.824174,1000,588,DELETE,/jobs/1000,404,83.61510001122952
29,2026-09-07T16:13:57.824174,1000,589,GET,/jobs/002,404,82.22769992426038
29,2026-09-07T16:13:57.824174,1000,590,DELETE,/jobs/1000,404,84.32549994904548
29,2026-09-07T16:13:57.824174,1000,591,POST,/jobs,201,138.71810003183782
29,2026-09-07T16:13:57.824174,1000,592,DELETE,/jobs/1000,404,85.26700001675636
29,2026-09-07T16:13:57.824174,1000,593,PUT,/jobs/002,404,139.4635000033304
29,2026-09-07T16:13:57.824174,1000,594,GET,/jobs/1000,404,87.563700042665
29,2026-09-07T16:13:57.824174,1000,595,GET,/jobs/1000,404,86.79159998428077
29,2026-09-07T16:13:57.824174,1000,596,PUT,/jobs/001,200,138.99860007222742
29,2026-09-07T16:13:57.824174,1000,597,PUT,/jobs/001,200,139.80939995963126
29,2026-09-07T16:13:57.824174,1000,598,POST,/jobs,201,138.9705000910908
29,2026-09-07T16:13:57.824174,1000,599,PUT,/jobs/1000,404,137.3943000799045
29,2026-09-07T16:13:57.824174,1000,600,PUT,/jobs/002,404,130.42729999870062
29,2026-09-07T16:13:57.824174,1000,601,GET,/jobs/002,404,87.81689999159425
29,2026-09-07T16:13:57.824174,1000,602,GET,/jobs,200,80.03750001080334
29,2026-09-07T16:13:57.824174,1000,603,GET,/jobs/1000,404,90.20030009560287
29,2026-09-07T16:13:57.824174,1000,604,DELETE,/jobs/1000,404,91.61880007013679
29,2026-09-07T16:13:57.824174,1000,605,GET,/jobs,200,79.81329993344843
29,2026-09-07T16:13:57.824174,1000,606,PUT,/jobs/001,200,137.05070002470165
29,2026-09-07T16:13:57.824174,1000,607,DELETE,/jobs/1000,404,90.91360005550086
29,2026-09-07T16:13:57.824174,1000,608,GET,/jobs,200,80.14610002283007
29,2026-09-07T16:13:57.824174,1000,609,GET,/jobs/002,404,90.2745999628678
29,2026-09-07T16:13:57.824174,1000,610,GET,/jobs/001,200,139.78949992451817
29,2026-09-07T16:13:57.824174,1000,611,PUT,/jobs/002,404,139.318999950774
29,2026-09-07T16:13:57.824174,1000,612,POST,/jobs,201,134.97240003198385
29,2026-09-07T16:13:57.824174,1000,613,PUT,/jobs/1000,404,137.30910001322627
29,2026-09-07T16:13:57.824174,1000,614,GET,/jobs,200,79.20150004792958
29,2026-09-07T16:13:57.824174,1000,615,POST,/jobs,201,124.06060006469488
29,2026-09-07T16:13:57.824174,1000,616,DELETE,/jobs/1000,404,80.80939995124936
29,2026-09-07T16:13:57.824174,1000,617,POST,/jobs,201,124.12210006732494
29,2026-09-07T16:13:57.824174,1000,618,PUT,/jobs/1000,404,124.81079995632172
29,2026-09-07T16:13:57.824174,1000,619,GET,/jobs,200,79.91090009454638
29,2026-09-07T16:13:57.824174,1000,620,DELETE,/jobs/002,404,87.65300002414733
29,2026-09-07T16:13:57.824174,1000,621,GET,/jobs/1000,404,87.08240010309964
29,2026-09-07T16:13:57.824174,1000,622,POST,/jobs,201,125.08729996625334
29,2026-09-07T16:13:57.824174,1000,623,GET,/jobs,200,79.93220002390444
29,2026-09-07T16:13:57.824174,1000,624,PUT,/jobs/001,200,128.85910004843026
29,2026-09-07T16:13:57.824174,1000,625,GET,/jobs,200,89.0760999172926
29,2026-09-07T16:13:57.824174,1000,626,PUT,/jobs/001,200,127.1596000296995
29,2026-09-07T16:13:57.824174,1000,627,POST,/jobs,201,135.44860004913062
29,2026-09-07T16:13:57.824174,1000,628,GET,/jobs,200,89.87280004657805
29,2026-09-07T16:13:57.824174,1000,629,POST,/jobs,201,136.10510004218668
29,2026-09-07T16:13:57.824174,1000,630,GET,/jobs,200,90.64170008059591
29,2026-09-07T16:13:57.824174,1000,631,POST,/jobs,201,136.140700080432
29,2026-09-07T16:13:57.824174,1000,632,POST,/jobs,201,136.41760009340942
29,2026-09-07T16:13:57.824174,1000,633,GET,/jobs/001,200,135.92800009064376
29,2026-09-07T16:13:57.824174,1000,634,DELETE,/jobs/1000,404,91.09010000247508
29,2026-09-07T16:13:57.824174,1000,635,DELETE,/jobs/002,404,90.29810002539307
29,2026-09-07T16:13:57.824174,1000,636,GET,/jobs/001,200,138.5521999327466
29,2026-09-07T16:13:57.824174,1000,637,GET,/jobs,200,88.60260003712028
29,2026-09-07T16:13:57.824174,1000,638,DELETE,/jobs/1000,404,88.5388000169769
29,2026-09-07T16:13:57.824174,1000,639,DELETE,/jobs/002,404,90.5860000057146
29,2026-09-07T16:13:57.824174,1000,640,PUT,/jobs/1000,404,125.07149996235967
29,2026-09-07T16:13:57.824174,1000,641,GET,/jobs/001,200,139.0240000328049
29,2026-09-07T16:13:57.824174,1000,642,PUT,/jobs/1000,404,125.66660006996244
29,2026-09-07T16:13:57.824174,1000,643,POST,/jobs,201,125.23900007363409
29,2026-09-07T16:13:57.824174,1000,644,POST,/jobs,201,124.66309999581426
29,2026-09-07T16:13:57.824174,1000,645,GET,/jobs,200,80.69309999700636
29,2026-09-07T16:13:57.824174,1000,646,PUT,/jobs/002,404,129.55940002575517
29,2026-09-07T16:13:57.824174,1000,647,DELETE,/jobs/002,404,88.29490002244711
29,2026-09-07T16:13:57.824174,1000,648,GET,/jobs,200,82.04869995824993
29,2026-09-07T16:13:57.824174,1000,649,PUT,/jobs/002,404,129.10460005514324
29,2026-09-07T16:13:57.824174,1000,650,DELETE,/jobs/1000,404,88.8929000357166
29,2026-09-07T16:13:57.824174,1000,651,PUT,/jobs/1000,404,129.3033000547439
29,2026-09-07T16:13:57.824174,1000,652,POST,/jobs,201,126.51269999332726
29,2026-09-07T16:13:57.824174,1000,653,POST,/jobs,201,130.26020000688732
29,2026-09-07T16:13:57.824174,1000,654,PUT,/jobs/002,404,129.4480999931693
29,2026-09-07T16:13:57.824174,1000,655,GET,/jobs,200,82.45300000999123
29,2026-09-07T16:13:57.824174,1000,656,GET,/jobs/002,404,86.50800003670156
29,2026-09-07T16:13:57.824174,1000,657,DELETE,/jobs/1000,404,82.96210004482418
29,2026-09-07T16:13:57.824174,1000,658,DELETE,/jobs/1000,404,88.36120006162673
29,2026-09-07T16:13:57.824174,1000,659,POST,/jobs,201,137.80609995592386
29,2026-09-07T16:13:57.824174,1000,660,PUT,/jobs/002,404,131.03060005232692
29,2026-09-07T16:13:57.824174,1000,661,GET,/jobs,200,81.49470004718751
29,2026-09-07T16:13:57.824174,1000,662,DELETE,/jobs/002,404,88.40190002229065
29,2026-09-07T16:13:57.824174,1000,663,DELETE,/jobs/1000,404,84.75459995679557
29,2026-09-07T16:13:57.824174,1000,664,POST,/jobs,201,133.77739989664406
29,2026-09-07T16:13:57.824174,1000,665,GET,/jobs/1000,404,81.38750004582107
29,2026-09-07T16:13:57.824174,1000,666,POST,/jobs,201,131.51450001168996
29,2026-09-07T16:13:57.824174,1000,667,GET,/jobs/1000,404,82.11880002636462
29,2026-09-07T16:13:57.824174,1000,668,POST,/jobs,201,134.22239990904927
29,2026-09-07T16:13:57.824174,1000,669,GET,/jobs/1000,404,81.75740006845444
29,2026-09-07T16:13:57.824174,1000,670,GET,/jobs,200,81.65570010896772
29,2026-09-07T16:13:57.824174,1000,671,GET,/jobs,200,81.51679998263717
29,2026-09-07T16:13:57.824174,1000,672,POST,/jobs,201,128.92370007466525
29,2026-09-07T16:13:57.824174,1000,673,PUT,/jobs/001,200,131.95219996850938
29,2026-09-07T16:13:57.824174,1000,674,DELETE,/jobs/1000,404,82.46930001769215
29,2026-09-07T16:13:57.824174,1000,675,GET,/jobs/001,200,135.00110001768917
29,2026-09-07T16:13:57.824174,1000,676,POST,/jobs,201,130.66500006243587
29,2026-09-07T16:13:57.824174,1000,677,PUT,/jobs/001,200,132.29730003513396
29,2026-09-07T16:13:57.824174,1000,678,GET,/jobs/001,200,122.71179992239922
29,2026-09-07T16:13:57.824174,1000,679,DELETE,/jobs/1000,404,74.55570006277412
29,2026-09-07T16:13:57.824174,1000,680,DELETE,/jobs/1000,404,76.57590007875115
29,2026-09-07T16:13:57.824174,1000,681,GET,/jobs/002,404,75.65509993582964
29,2026-09-07T16:13:57.824174,1000,682,PUT,/jobs/002,404,123.75179992523044
29,2026-09-07T16:13:57.824174,1000,683,POST,/jobs,201,123.07750002946705
29,2026-09-07T16:13:57.824174,1000,684,GET,/jobs,200,79.9434999935329
29,2026-09-07T16:13:57.824174,1000,685,PUT,/jobs/001,200,128.37709998711944
29,2026-09-07T16:13:57.824174,1000,686,GET,/jobs/001,200,129.29680000524968
29,2026-09-07T16:13:57.824174,1000,687,PUT,/jobs/1000,404,128.7904999917373
29,2026-09-07T16:13:57.824174,1000,688,POST,/jobs,201,136.87409996055067
29,2026-09-07T16:13:57.824174,1000,689,PUT,/jobs/001,200,129.71269991248846
29,2026-09-07T16:13:57.824174,1000,690,POST,/jobs,201,135.41069999337196
29,2026-09-07T16:13:57.824174,1000,691,GET,/jobs,200,88.49500003270805
29,2026-09-07T16:13:57.824174,1000,692,PUT,/jobs/002,404,132.10619997698814
29,2026-09-07T16:13:57.824174,1000,693,POST,/jobs,201,133.1454999744892
29,2026-09-07T16:13:57.824174,1000,694,PUT,/jobs/1000,404,137.46839994564652
29,2026-09-07T16:13:57.824174,1000,695,POST,/jobs,201,135.69949998054653
29,2026-09-07T16:13:57.824174,1000,696,GET,/jobs/002,404,89.54169997014105
29,2026-09-07T16:13:57.824174,1000,697,GET,/jobs,200,90.39429994300008
29,2026-09-07T16:13:57.824174,1000,698,DELETE,/jobs/1000,404,89.19510000851005
29,2026-09-07T16:13:57.824174,1000,699,DELETE,/jobs/002,404,88.91679998487234
29,2026-09-07T16:13:57.824174,1000,700,GET,/jobs,200,87.89019996766001
29,2026-09-07T16:13:57.824174,1000,701,PUT,/jobs/1000,404,131.28029997460544
29,2026-09-07T16:13:57.824174,1000,702,POST,/jobs,201,132.66789994668216
29,2026-09-07T16:13:57.824174,1000,703,PUT,/jobs/001,200,131.4901999430731
29,2026-09-07T16:13:57.824174,1000,704,GET,/jobs/001,200,140.3530000243336
29,2026-09-07T16:13:57.824174,1000,705,GET,/jobs,200,87.75509998667985
29,2026-09-07T16:13:57.824174,1000,706,POST,/jobs,201,132.95280002057552
29,2026-09-07T16:13:57.824174,1000,707,GET,/jobs,200,72.00729998294264
29,2026-09-07T16:13:57.824174,1000,708,GET,/jobs,200,81.42289996612817
29,2026-09-07T16:13:57.824174,1000,709,GET,/jobs/1000,404,91.80930000729859
29,2026-09-07T16:13:57.824174,1000,710,GET,/jobs/002,404,92.340899980627
29,2026-09-07T16:13:57.824174,1000,711,PUT,/jobs/002,404,135.57659997604787
29,2026-09-07T16:13:57.824174,1000,712,DELETE,/jobs/1000,404,92.02240000013262
29,2026-09-07T16:13:57.824174,1000,713,DELETE,/jobs/002,404,93.1037999689579
29,2026-09-07T16:13:57.824174,1000,714,PUT,/jobs/1000,404,148.03469995968044
29,2026-09-07T16:13:57.824174,1000,715,GET,/jobs,200,92.15579996816814
29,2026-09-07T16:13:57.824174,1000,716,PUT,/jobs/1000,404,148.70859996881336
29,2026-09-07T16:13:57.824174,1000,717,PUT,/jobs/002,404,139.68310004565865
29,2026-09-07T16:13:57.824174,1000,718,GET,/jobs,200,82.74350001011044
29,2026-09-07T16:13:57.824174,1000,719,POST,/jobs,201,142.37420004792511
29,2026-09-07T16:13:57.824174,1000,720,PUT,/jobs/002,404,143.2334000710398
29,2026-09-07T16:13:57.824174,1000,721,GET,/jobs/002,404,93.93040009308606
29,2026-09-07T16:13:57.824174,1000,722,GET,/jobs,200,92.90899999905378
29,2026-09-07T16:13:57.824174,1000,723,POST,/jobs,201,142.67410000320524
29,2026-09-07T16:13:57.824174,1000,724,POST,/jobs,201,140.4034000588581
29,2026-09-07T16:13:57.824174,1000,725,PUT,/jobs/002,404,144.42160003818572
29,2026-09-07T16:13:57.824174,1000,726,GET,/jobs/001,200,145.9912999998778
29,2026-09-07T16:13:57.824174,1000,727,PUT,/jobs/001,200,142.6787000382319
29,2026-09-07T16:13:57.824174,1000,728,GET,/jobs/1000,404,93.61969993915409
29,2026-09-07T16:13:57.824174,1000,729,DELETE,/jobs/002,404,92.78369997628033
29,2026-09-07T16:13:57.824174,1000,730,GET,/jobs,200,91.88319998793304
29,2026-09-07T16:13:57.824174,1000,731,POST,/jobs,201,144.20209999661893
29,2026-09-07T16:13:57.824174,1000,732,GET,/jobs/1000,404,93.1037999689579
29,2026-09-07T16:13:57.824174,1000,733,GET,/jobs/001,200,152.47830003499985
29,2026-09-07T16:13:57.824174,1000,734,DELETE,/jobs/002,404,92.6022999919951
29,2026-09-07T16:13:57.824174,1000,735,DELETE,/jobs/002,404,93.90739991795272
29,2026-09-07T16:13:57.824174,1000,736,GET,/jobs/002,404,94.06859998125583
29,2026-09-07T16:13:57.824174,1000,737,GET,/jobs/1000,404,95.22179991472512
29,2026-09-07T16:13:57.824174,1000,738,GET,/jobs,200,84.42069997545332
29,2026-09-07T16:13:57.824174,1000,739,POST,/jobs,201,141.9737000251189
29,2026-09-07T16:13:57.824174,1000,740,GET,/jobs/001,200,152.2952999221161
29,2026-09-07T16:13:57.824174,1000,741,DELETE,/jobs/1000,404,99.98840000480413
29,2026-09-07T16:13:57.824174,1000,742,GET,/jobs/001,200,156.72620001714677
29,2026-09-07T16:13:57.824174,1000,743,GET,/jobs,200,90.94129991717637
29,2026-09-07T16:13:57.824174,1000,744,GET,/jobs/001,200,156.83039999566972
29,2026-09-07T16:13:57.824174,1000,745,POST,/jobs,201,145.22190007846802
29,2026-09-07T16:13:57.824174,1000,746,GET,/jobs/1000,404,107.39110002759844
29,2026-09-07T16:13:57.824174,1000,747,POST,/jobs,201,146.6179999988526
29,2026-09-07T16:13:57.824174,1000,748,GET,/jobs/002,404,104.26819999702275
29,2026-09-07T16:13:57.824174,1000,749,GET,/jobs,200,92.34600001946092
29,2026-09-07T16:13:57.824174,1000,750,GET,/jobs/1000,404,105.31700006686151
29,2026-09-07T16:13:57.824174,1000,751,PUT,/jobs/1000,404,153.219599975273
29,2026-09-07T16:13:57.824174,1000,752,GET,/jobs,200,105.08799995295703
29,2026-09-07T16:13:57.824174,1000,753,GET,/jobs,200,94.19049997814
29,2026-09-07T16:13:57.824174,1000,754,PUT,/jobs/002,404,148.49940000567585
29,2026-09-07T16:13:57.824174,1000,755,POST,/jobs,201,148.97470001596957
29,2026-09-07T16:13:57.824174,1000,756,DELETE,/jobs/002,404,92.86890004295856
29,2026-09-07T16:13:57.824174,1000,757,PUT,/jobs/1000,404,148.60830001998693
29,2026-09-07T16:13:57.824174,1000,758,GET,/jobs/1000,404,94.78599997237325
29,2026-09-07T16:13:57.824174,1000,759,GET,/jobs,200,90.86399991065264
29,2026-09-07T16:13:57.824174,1000,760,DELETE,/jobs/1000,404,103.71930000837892
29,2026-09-07T16:13:57.824174,1000,761,PUT,/jobs/1000,404,149.35910003259778
29,2026-09-07T16:13:57.824174,1000,762,GET,/jobs,200,104.52990001067519
29,2026-09-07T16:13:57.824174,1000,763,GET,/jobs,200,104.87719997763634
29,2026-09-07T16:13:57.824174,1000,764,PUT,/jobs/002,404,158.69290009140968
29,2026-09-07T16:13:57.824174,1000,765,PUT,/jobs/1000,404,158.34289998747408
29,2026-09-07T16:13:57.824174,1000,766,GET,/jobs,200,94.67030002269894
29,2026-09-07T16:13:57.824174,1000,767,PUT,/jobs/1000,404,161.58710001036525
29,2026-09-07T16:13:57.824174,1000,768,PUT,/jobs/001,200,160.47660005278885
29,2026-09-07T16:13:57.824174,1000,769,GET,/jobs,200,93.32480002194643
29,2026-09-07T16:13:57.824174,1000,770,POST,/jobs,201,163.91760006081313
29,2026-09-07T16:13:57.824174,1000,771,GET,/jobs/001,200,164.4737001042813
29,2026-09-07T16:13:57.824174,1000,772,GET,/jobs/002,404,102.02590003609657
29,2026-09-07T16:13:57.824174,1000,773,DELETE,/jobs/1000,404,101.89659998286515
29,2026-09-07T16:13:57.824174,1000,774,PUT,/jobs/1000,404,170.9393000928685
29,2026-09-07T16:13:57.824174,1000,775,DELETE,/jobs/1000,404,100.70130007807165
29,2026-09-07T16:13:57.824174,1000,776,PUT,/jobs/1000,404,158.81389996502548
29,2026-09-07T16:13:57.824174,1000,777,DELETE,/jobs/1000,404,102.39549994003028
29,2026-09-07T16:13:57.824174,1000,778,GET,/jobs,200,89.6661999868229
29,2026-09-07T16:13:57.824174,1000,779,GET,/jobs,200,97.88120002485812
29,2026-09-07T16:13:57.824174,1000,780,DELETE,/jobs/002,404,102.73710009641945
29,2026-09-07T16:13:57.824174,1000,781,PUT,/jobs/002,404,173.21769997943193
29,2026-09-07T16:13:57.824174,1000,782,GET,/jobs/002,404,98.46350003499538
29,2026-09-07T16:13:57.824174,1000,783,POST,/jobs,201,165.17630009911954
29,2026-09-07T16:13:57.824174,1000,784,PUT,/jobs/002,404,164.46740005631
29,2026-09-07T16:13:57.824174,1000,785,PUT,/jobs/1000,404,162.94930002186447
29,2026-09-07T16:13:57.824174,1000,786,GET,/jobs,200,99.7438000049442
29,2026-09-07T16:13:57.824174,1000,787,POST,/jobs,201,168.6807000078261
29,2026-09-07T16:13:57.824174,1000,788,POST,/jobs,201,163.97890006192029
29,2026-09-07T16:13:57.824174,1000,789,POST,/jobs,201,165.89750000275671
29,2026-09-07T16:13:57.824174,1000,790,GET,/jobs/1000,404,111.14299995824695
29,2026-09-07T16:13:57.824174,1000,791,PUT,/jobs/001,200,163.70389994699508
29,2026-09-07T16:13:57.824174,1000,792,GET,/jobs,200,96.91149997524917
29,2026-09-07T16:13:57.824174,1000,793,GET,/jobs,200,94.15420005097985
29,2026-09-07T16:13:57.824174,1000,794,GET,/jobs,200,109.8158999811858
29,2026-09-07T16:13:57.824174,1000,795,PUT,/jobs/001,200,184.10820001736283
29,2026-09-07T16:13:57.824174,1000,796,POST,/jobs,201,183.78059996757656
29,2026-09-07T16:13:57.824174,1000,797,GET,/jobs/1000,404,113.23090002406389
29,2026-09-07T16:13:57.824174,1000,798,GET,/jobs,200,111.73970007803291
29,2026-09-07T16:13:57.824174,1000,799,DELETE,/jobs/1000,404,110.7526000123471
29,2026-09-07T16:13:57.824174,1000,800,GET,/jobs,200,111.99180001858622
29,2026-09-07T16:13:57.824174,1000,801,PUT,/jobs/002,404,192.85799993667752
29,2026-09-07T16:13:57.824174,1000,802,PUT,/jobs/1000,404,189.97930001933128
29,2026-09-07T16:13:57.824174,1000,803,GET,/jobs,200,113.07459999807179
29,2026-09-07T16:13:57.824174,1000,804,POST,/jobs,201,193.8277999870479
29,2026-09-07T16:13:57.824174,1000,805,POST,/jobs,201,189.0556999715045
29,2026-09-07T16:13:57.824174,1000,806,GET,/jobs,200,114.51159999705851
29,2026-09-07T16:13:57.824174,1000,807,DELETE,/jobs/002,404,117.47499997727573
29,2026-09-07T16:13:57.824174,1000,808,GET,/jobs/1000,404,118.67929995059967
29,2026-09-07T16:13:57.824174,1000,809,PUT,/jobs/001,200,193.7869000248611
29,2026-09-07T16:13:57.824174,1000,810,GET,/jobs,200,111.721400055103
29,2026-09-07T16:13:57.824174,1000,811,POST,/jobs,201,192.13910005055368
29,2026-09-07T16:13:57.824174,1000,812,DELETE,/jobs/1000,404,132.83070002216846
29,2026-09-07T16:13:57.824174,1000,813,GET,/jobs,200,110.61460000928491
29,2026-09-07T16:13:57.824174,1000,814,POST,/jobs,201,191.45179993938655
29,2026-09-07T16:13:57.824174,1000,815,GET,/jobs/002,404,114.7674999665469
29,2026-09-07T16:13:57.824174,1000,816,DELETE,/jobs/002,404,113.6887000175193
29,2026-09-07T16:13:57.824174,1000,817,DELETE,/jobs/1000,404,111.36590002570301
29,2026-09-07T16:13:57.824174,1000,818,GET,/jobs,200,109.10979995969683
29,2026-09-07T16:13:57.824174,1000,819,GET,/jobs/002,404,112.42479993961751
29,2026-09-07T16:13:57.824174,1000,820,POST,/jobs,201,176.31440004333854
29,2026-09-07T16:13:57.824174,1000,821,POST,/jobs,201,175.706300069578
29,2026-09-07T16:13:57.824174,1000,822,GET,/jobs/001,200,177.07510001491755
29,2026-09-07T16:13:57.824174,1000,823,DELETE,/jobs/1000,404,111.9248999748379
29,2026-09-07T16:13:57.824174,1000,824,GET,/jobs,200,109.74370001349598
29,2026-09-07T16:13:57.824174,1000,825,GET,/jobs/1000,404,128.67790006566793
29,2026-09-07T16:13:57.824174,1000,826,GET,/jobs,200,125.06450002547354
29,2026-09-07T16:13:57.824174,1000,827,GET,/jobs,200,124.70319995190948
29,2026-09-07T16:13:57.824174,1000,828,DELETE,/jobs/002,404,129.31340001523495
29,2026-09-07T16:13:57.824174,1000,829,PUT,/jobs/002,404,199.24940005876124
29,2026-09-07T16:13:57.824174,1000,830,PUT,/jobs/002,404,196.17469992954284
29,2026-09-07T16:13:57.824174,1000,831,GET,/jobs/002,404,138.5957000311464
29,2026-09-07T16:13:57.824174,1000,832,POST,/jobs,201,193.90189996920526
29,2026-09-07T16:13:57.824174,1000,833,POST,/jobs,201,183.14059998374432
29,2026-09-07T16:13:57.824174,1000,834,DELETE,/jobs/002,404,137.23629992455244
29,2026-09-07T16:13:57.824174,1000,835,GET,/jobs,200,136.0567999072373
29,2026-09-07T16:13:57.824174,1000,836,GET,/jobs/001,200,198.29460000619292
29,2026-09-07T16:13:57.824174,1000,837,DELETE,/jobs/002,404,134.53399995341897
29,2026-09-07T16:13:57.824174,1000,838,GET,/jobs,200,132.59300007484853
29,2026-09-07T16:13:57.824174,1000,839,POST,/jobs,201,194.32440004311502
29,2026-09-07T16:13:57.824174,1000,840,PUT,/jobs/002,404,182.29180003982037
29,2026-09-07T16:13:57.824174,1000,841,DELETE,/jobs/1000,404,139.44960001390427
29,2026-09-07T16:13:57.824174,1000,842,PUT,/jobs/002,404,194.7831999277696
29,2026-09-07T16:13:57.824174,1000,843,GET,/jobs/1000,404,141.03270007763058
29,2026-09-07T16:13:57.824174,1000,844,GET,/jobs,200,122.71509994752705
29,2026-09-07T16:13:57.824174,1000,845,POST,/jobs,201,173.75760001596063
29,2026-09-07T16:13:57.824174,1000,846,GET,/jobs,200,115.6541999662295
29,2026-09-07T16:13:57.824174,1000,847,POST,/jobs,201,174.9690999276936
29,2026-09-07T16:13:57.824174,1000,848,DELETE,/jobs/1000,404,124.01809997390956
29,2026-09-07T16:13:57.824174,1000,849,DELETE,/jobs/1000,404,122.96579999383539
29,2026-09-07T16:13:57.824174,1000,850,GET,/jobs,200,114.48760004714131
29,2026-09-07T16:13:57.824174,1000,851,GET,/jobs/002,404,123.38989996351302
29,2026-09-07T16:13:57.824174,1000,852,DELETE,/jobs/002,404,114.82799996156245
29,2026-09-07T16:13:57.824174,1000,853,GET,/jobs,200,113.4281000122428
29,2026-09-07T16:13:57.824174,1000,854,GET,/jobs/002,404,114.34800003189594
29,2026-09-07T16:13:57.824174,1000,855,GET,/jobs/001,200,171.59119993448257
29,2026-09-07T16:13:57.824174,1000,856,POST,/jobs,201,207.27599994279444
29,2026-09-07T16:13:57.824174,1000,857,POST,/jobs,201,202.41910009644926
29,2026-09-07T16:13:57.824174,1000,858,GET,/jobs,200,123.7205999204889
29,2026-09-07T16:13:57.824174,1000,859,PUT,/jobs/1000,404,215.6809999141842
29,2026-09-07T16:13:57.824174,1000,860,PUT,/jobs/001,200,223.97819999605417
29,2026-09-07T16:13:57.824174,1000,861,GET,/jobs/002,404,125.27860002592206
29,2026-09-07T16:13:57.824174,1000,862,DELETE,/jobs/002,404,123.33570001646876
29,2026-09-07T16:13:57.824174,1000,863,DELETE,/jobs/1000,404,126.72980001661927
29,2026-09-07T16:13:57.824174,1000,864,GET,/jobs,200,109.25610002595931
29,2026-09-07T16:13:57.824174,1000,865,PUT,/jobs/1000,404,231.64350003935397
29,2026-09-07T16:13:57.824174,1000,866,GET,/jobs,200,108.61399990972131
29,2026-09-07T16:13:57.824174,1000,867,PUT,/jobs/001,200,229.04210002161562
29,2026-09-07T16:13:57.824174,1000,868,PUT,/jobs/001,200,219.3232000572607
29,2026-09-07T16:13:57.824174,1000,869,POST,/jobs,201,220.94589995685965
29,2026-09-07T16:13:57.824174,1000,870,PUT,/jobs/1000,404,233.5175999905914
29,2026-09-07T16:13:57.824174,1000,871,PUT,/jobs/1000,404,229.10689993295819
29,2026-09-07T16:13:57.824174,1000,872,PUT,/jobs/002,404,232.84620000049472
29,2026-09-07T16:13:57.824174,1000,873,GET,/jobs,200,122.44399997871369
29,2026-09-07T16:13:57.824174,1000,874,PUT,/jobs/001,200,231.36699991300702
29,2026-09-07T16:13:57.824174,1000,875,POST,/jobs,201,235.71389995049685
29,2026-09-07T16:13:57.824174,1000,876,DELETE,/jobs/1000,404,109.57790003158152
29,2026-09-07T16:13:57.824174,1000,877,POST,/jobs,201,218.86939997784793
29,2026-09-07T16:13:57.824174,1000,878,PUT,/jobs/001,200,220.89039999991655
29,2026-09-07T16:13:57.824174,1000,879,GET,/jobs/002,404,100.40920006576926
29,2026-09-07T16:13:57.824174,1000,880,DELETE,/jobs/1000,404,103.23369991965592
29,2026-09-07T16:13:57.824174,1000,881,DELETE,/jobs/002,404,99.54750002361834
29,2026-09-07T16:13:57.824174,1000,882,PUT,/jobs/002,404,220.3188999556005
29,2026-09-07T16:13:57.824174,1000,883,POST,/jobs,201,218.29739992972463
29,2026-09-07T16:13:57.824174,1000,884,POST,/jobs,201,219.7328000329435
29,2026-09-07T16:13:57.824174,1000,885,GET,/jobs/001,200,206.46459993440658
29,2026-09-07T16:13:57.824174,1000,886,DELETE,/jobs/002,404,143.14249996095896
29,2026-09-07T16:13:57.824174,1000,887,DELETE,/jobs/002,404,148.12189992517233
29,2026-09-07T16:13:57.824174,1000,888,POST,/jobs,201,221.744800102897
29,2026-09-07T16:13:57.824174,1000,889,GET,/jobs/001,200,221.02419997099787
29,2026-09-07T16:13:57.824174,1000,890,GET,/jobs,200,137.09889992605895
29,2026-09-07T16:13:57.824174,1000,891,GET,/jobs/002,404,166.843100101687
29,2026-09-07T16:13:57.824174,1000,892,GET,/jobs/001,200,239.74649992305785
29,2026-09-07T16:13:57.824174,1000,893,DELETE,/jobs/002,404,144.42020002752542
29,2026-09-07T16:13:57.824174,1000,894,GET,/jobs,200,129.28029999602586
29,2026-09-07T16:13:57.824174,1000,895,GET,/jobs/1000,404,145.8310999441892
29,2026-09-07T16:13:57.824174,1000,896,PUT,/jobs/002,404,206.4859000965953
29,2026-09-07T16:13:57.824174,1000,897,DELETE,/jobs/1000,404,143.17239995580167
29,2026-09-07T16:13:57.824174,1000,898,DELETE,/jobs/1000,404,157.66529995016754
29,2026-09-07T16:13:57.824174,1000,899,POST,/jobs,201,202.5425999891013
29,2026-09-07T16:13:57.824174,1000,900,PUT,/jobs/001,200,204.5283999759704
29,2026-09-07T16:13:57.824174,1000,901,PUT,/jobs/002,404,201.5746000688523
29,2026-09-07T16:13:57.824174,1000,902,POST,/jobs,201,200.19280002452433
29,2026-09-07T16:13:57.824174,1000,903,POST,/jobs,201,203.53260007686913
29,2026-09-07T16:13:57.824174,1000,904,GET,/jobs,200,144.2197000142187
29,2026-09-07T16:13:57.824174,1000,905,POST,/jobs,201,203.7622999632731
29,2026-09-07T16:13:57.824174,1000,906,GET,/jobs,200,132.91300006676465
29,2026-09-07T16:13:57.824174,1000,907,POST,/jobs,201,200.87019994389266
29,2026-09-07T16:13:57.824174,1000,908,PUT,/jobs/001,200,207.06310006789863
29,2026-09-07T16:13:57.824174,1000,909,GET,/jobs,200,129.81099996250123
29,2026-09-07T16:13:57.824174,1000,910,POST,/jobs,201,204.10939992871135
29,2026-09-07T16:13:57.824174,1000,911,POST,/jobs,201,202.92269997298717
29,2026-09-07T16:13:57.824174,1000,912,GET,/jobs,200,129.87289996817708
29,2026-09-07T16:13:57.824174,1000,913,DELETE,/jobs/1000,404,158.1168998964131
29,2026-09-07T16:13:57.824174,1000,914,PUT,/jobs/1000,404,211.0862999688834
29,2026-09-07T16:13:57.824174,1000,915,DELETE,/jobs/002,404,168.06840000208467
29,2026-09-07T16:13:57.824174,1000,916,PUT,/jobs/1000,404,209.8334999755025
29,2026-09-07T16:13:57.824174,1000,917,GET,/jobs/002,404,170.77219998463988
29,2026-09-07T16:13:57.824174,1000,918,DELETE,/jobs/1000,404,173.41699998360127
29,2026-09-07T16:13:57.824174,1000,919,DELETE,/jobs/002,404,165.7161999028176
29,2026-09-07T16:13:57.824174,1000,920,GET,/jobs,200,157.5225000269711
29,2026-09-07T16:13:57.824174,1000,921,PUT,/jobs/001,200,207.71019998937845
29,2026-09-07T16:13:57.824174,1000,922,POST,/jobs,201,211.25829999800771
29,2026-09-07T16:13:57.824174,1000,923,GET,/jobs,200,160.0829999661073
29,2026-09-07T16:13:57.824174,1000,924,DELETE,/jobs/002,404,161.75790003035218
29,2026-09-07T16:13:57.824174,1000,925,GET,/jobs,200,157.71389997098595
29,2026-09-07T16:13:57.824174,1000,926,GET,/jobs/1000,404,160.45989992562681
29,2026-09-07T16:13:57.824174,1000,927,PUT,/jobs/002,404,206.73770003486425
29,2026-09-07T16:13:57.824174,1000,928,DELETE,/jobs/002,404,164.8373999632895
29,2026-09-07T16:13:57.824174,1000,929,POST,/jobs,201,210.05280001554638
29,2026-09-07T16:13:57.824174,1000,930,POST,/jobs,201,203.13449995592237
29,2026-09-07T16:13:57.824174,1000,931,PUT,/jobs/002,404,208.6406999733299
29,2026-09-07T16:13:57.824174,1000,932,DELETE,/jobs/002,404,165.56730004958808
29,2026-09-07T16:13:57.824174,1000,933,POST,/jobs,201,206.94629999343306
29,2026-09-07T16:13:57.824174,1000,934,POST,/jobs,201,208.4707000758499
29,2026-09-07T16:13:57.824174,1000,935,DELETE,/jobs/1000,404,145.56770003400743
29,2026-09-07T16:13:57.824174,1000,936,POST,/jobs,201,192.23259994760156
29,2026-09-07T16:13:57.824174,1000,937,DELETE,/jobs/002,404,148.78659998066723
29,2026-09-07T16:13:57.824174,1000,938,POST,/jobs,201,189.09540004096925
29,2026-09-07T16:13:57.824174,1000,939,DELETE,/jobs/002,404,145.0118999928236
29,2026-09-07T16:13:57.824174,1000,940,POST,/jobs,201,190.21909998264164
29,2026-09-07T16:13:57.824174,1000,941,PUT,/jobs/001,200,191.1242000060156
29,2026-09-07T16:13:57.824174,1000,942,DELETE,/jobs/002,404,158.45660003833473
29,2026-09-07T16:13:57.824174,1000,943,POST,/jobs,201,189.8527001030743
29,2026-09-07T16:13:57.824174,1000,944,PUT,/jobs/1000,404,190.06030005402863
29,2026-09-07T16:13:57.824174,1000,945,POST,/jobs,201,162.4567999970168
29,2026-09-07T16:13:57.824174,1000,946,GET,/jobs/1000,404,133.16319999285042
29,2026-09-07T16:13:57.824174,1000,947,DELETE,/jobs/002,404,134.12599998991936
29,2026-09-07T16:13:57.824174,1000,948,PUT,/jobs/1000,404,164.8570999968797
29,2026-09-07T16:13:57.824174,1000,949,POST,/jobs,201,161.91560006700456
29,2026-09-07T16:13:57.824174,1000,950,POST,/jobs,201,137.2989999363199
29,2026-09-07T16:13:57.824174,1000,951,GET,/jobs/001,200,137.83140003215522
29,2026-09-07T16:13:57.824174,1000,952,POST,/jobs,201,131.48889993317425
29,2026-09-07T16:13:57.824174,1000,953,PUT,/jobs/001,200,134.56569996196777
29,2026-09-07T16:13:57.824174,1000,954,GET,/jobs/001,200,138.305600034073
29,2026-09-07T16:13:57.824174,1000,955,GET,/jobs/001,200,137.7525000134483
29,2026-09-07T16:13:57.824174,1000,956,POST,/jobs,201,137.47209997382015
29,2026-09-07T16:13:57.824174,1000,957,GET,/jobs,200,112.46850003954023
29,2026-09-07T16:13:57.824174,1000,958,DELETE,/jobs/002,404,113.81030001211911
29,2026-09-07T16:13:57.824174,1000,959,POST,/jobs,201,138.3034000173211
29,2026-09-07T16:13:57.824174,1000,960,DELETE,/jobs/002,404,108.53739990852773
29,2026-09-07T16:13:57.824174,1000,961,DELETE,/jobs/1000,404,106.19369999039918
29,2026-09-07T16:13:57.824174,1000,962,GET,/jobs/001,200,119.81649999506772
29,2026-09-07T16:13:57.824174,1000,963,GET,/jobs/1000,404,87.93179993517697
29,2026-09-07T16:13:57.824174,1000,964,DELETE,/jobs/002,404,87.58110005874187
29,2026-09-07T16:13:57.824174,1000,965,PUT,/jobs/001,200,110.11630005668849
29,2026-09-07T16:13:57.824174,1000,966,PUT,/jobs/002,404,112.23900003824383
29,2026-09-07T16:13:57.824174,1000,967,GET,/jobs/002,404,79.84100002795458
29,2026-09-07T16:13:57.824174,1000,968,DELETE,/jobs/1000,404,80.51579992752522
29,2026-09-07T16:13:57.824174,1000,969,PUT,/jobs/001,200,105.28739995788783
29,2026-09-07T16:13:57.824174,1000,970,DELETE,/jobs/002,404,74.15739994030446
29,2026-09-07T16:13:57.824174,1000,971,POST,/jobs,201,104.34710001572967
29,2026-09-07T16:13:57.824174,1000,972,PUT,/jobs/001,200,106.53820005245507
29,2026-09-07T16:13:57.824174,1000,973,POST,/jobs,201,105.96980003174394
29,2026-09-07T16:13:57.824174,1000,974,DELETE,/jobs/1000,404,77.4783999659121
29,2026-09-07T16:13:57.824174,1000,975,PUT,/jobs/002,404,104.92399998474866
29,2026-09-07T16:13:57.824174,1000,976,PUT,/jobs/1000,404,106.10969993285835
29,2026-09-07T16:13:57.824174,1000,977,DELETE,/jobs/1000,404,75.03880001604557
29,2026-09-07T16:13:57.824174,1000,978,GET,/jobs/001,200,105.56089994497597
29,2026-09-07T16:13:57.824174,1000,979,DELETE,/jobs/002,404,57.22160008735955
29,2026-09-07T16:13:57.824174,1000,980,POST,/jobs,201,79.109099926427
29,2026-09-07T16:13:57.824174,1000,981,PUT,/jobs/002,404,78.92230001743883
29,2026-09-07T16:13:57.824174,1000,982,DELETE,/jobs/002,404,57.91019997559488
29,2026-09-07T16:13:57.824174,1000,983,DELETE,/jobs/002,404,58.53959999512881
29,2026-09-07T16:13:57.824174,1000,984,POST,/jobs,201,79.51380009762943
29,2026-09-07T16:13:57.824174,1000,985,GET,/jobs/002,404,56.65849999058992
29,2026-09-07T16:13:57.824174,1000,986,PUT,/jobs/1000,404,79.39359999727458
29,2026-09-07T16:13:57.824174,1000,987,GET,/jobs/002,404,58.13070002477616
29,2026-09-07T16:13:57.824174,1000,988,GET,/jobs,200,56.933099986054
29,2026-09-07T16:13:57.824174,1000,989,GET,/jobs/002,404,61.12049997318536
29,2026-09-07T16:13:57.824174,1000,990,POST,/jobs,201,75.02010010648519
29,2026-09-07T16:13:57.824174,1000,991,PUT,/jobs/001,200,76.29250001627952
29,2026-09-07T16:13:57.824174,1000,992,PUT,/jobs/1000,404,77.05280010122806
29,2026-09-07T16:13:57.824174,1000,993,POST,/jobs,201,76.56329998280853
29,2026-09-07T16:13:57.824174,1000,994,PUT,/jobs/001,200,76.22320007067174
29,2026-09-07T16:13:57.824174,1000,995,POST,/jobs,201,69.7713999543339
29,2026-09-07T16:13:57.824174,1000,996,GET,/jobs,200,57.33050010167062
29,2026-09-07T16:13:57.824174,1000,997,POST,/jobs,201,69.83659998513758
29,2026-09-07T16:13:57.824174,1000,998,POST,/jobs,201,70.12289995327592
29,2026-09-07T16:13:57.824174,1000,999,GET,/jobs/001,200,70.8611001027748
29,2026-09-07T16:13:57.824174,1000,1000,GET,/jobs,200,51.36099993251264
30,2026-09-07T16:13:59.782917,1000,1,GET,/jobs,200,65.7076999777928
30,2026-09-07T16:13:59.782917,1000,2,GET,/jobs,200,67.39939993713051
30,2026-09-07T16:13:59.782917,1000,3,POST,/jobs,201,145.39419999346137
30,2026-09-07T16:13:59.782917,1000,4,GET,/jobs/001,200,136.73989998642355
30,2026-09-07T16:13:59.782917,1000,5,GET,/jobs,200,69.40430006943643
30,2026-09-07T16:13:59.782917,1000,6,DELETE,/jobs/002,200,73.55719991028309
30,2026-09-07T16:13:59.782917,1000,7,DELETE,/jobs/1000,404,73.87840002775192
30,2026-09-07T16:13:59.782917,1000,8,GET,/jobs,200,70.66060008946806
30,2026-09-07T16:13:59.782917,1000,9,GET,/jobs,200,71.5034999884665
30,2026-09-07T16:13:59.782917,1000,10,GET,/jobs,200,69.76720003876835
30,2026-09-07T16:13:59.782917,1000,11,GET,/jobs/001,200,136.29639998544008
30,2026-09-07T16:13:59.782917,1000,12,DELETE,/jobs/002,404,75.20319998729974
30,2026-09-07T16:13:59.782917,1000,13,DELETE,/jobs/002,404,81.39660011511296
30,2026-09-07T16:13:59.782917,1000,14,DELETE,/jobs/1000,404,80.65830008126795
30,2026-09-07T16:13:59.782917,1000,15,GET,/jobs/002,404,79.98229993972927
30,2026-09-07T16:13:59.782917,1000,16,DELETE,/jobs/1000,404,81.11360005568713
30,2026-09-07T16:13:59.782917,1000,17,GET,/jobs,200,76.48520008660853
30,2026-09-07T16:13:59.782917,1000,18,GET,/jobs/1000,404,80.3087999811396
30,2026-09-07T16:13:59.782917,1000,19,PUT,/jobs/002,404,136.11479999963194
30,2026-09-07T16:13:59.782917,1000,20,POST,/jobs,201,138.1620999891311
30,2026-09-07T16:13:59.782917,1000,21,GET,/jobs/002,404,92.66790002584457
30,2026-09-07T16:13:59.782917,1000,22,GET,/jobs,200,83.02459993865341
30,2026-09-07T16:13:59.782917,1000,23,GET,/jobs,200,82.61630008928478
30,2026-09-07T16:13:59.782917,1000,24,PUT,/jobs/001,200,137.1709998929873
30,2026-09-07T16:13:59.782917,1000,25,POST,/jobs,201,139.41770000383258
30,2026-09-07T16:13:59.782917,1000,26,POST,/jobs,201,135.10760001372546
30,2026-09-07T16:13:59.782917,1000,27,POST,/jobs,201,135.84310002624989
30,2026-09-07T16:13:59.782917,1000,28,GET,/jobs,200,83.39990000240505
30,2026-09-07T16:13:59.782917,1000,29,PUT,/jobs/1000,404,137.06650002859533
30,2026-09-07T16:13:59.782917,1000,30,GET,/jobs,200,82.25620002485812
30,2026-09-07T16:13:59.782917,1000,31,PUT,/jobs/001,200,153.0479999491945
30,2026-09-07T16:13:59.782917,1000,32,DELETE,/jobs/1000,404,85.30709997285157
30,2026-09-07T16:13:59.782917,1000,33,DELETE,/jobs/1000,404,86.1484999768436
30,2026-09-07T16:13:59.782917,1000,34,DELETE,/jobs/002,404,86.03959996253252
30,2026-09-07T16:13:59.782917,1000,35,GET,/jobs,200,84.01140000205487
30,2026-09-07T16:13:59.782917,1000,36,GET,/jobs,200,85.60590003617108
30,2026-09-07T16:13:59.782917,1000,37,GET,/jobs/002,404,101.80709999985993
30,2026-09-07T16:13:59.782917,1000,38,GET,/jobs,200,85.16480005346239
30,2026-09-07T16:13:59.782917,1000,39,GET,/jobs/001,200,144.75410000886768
30,2026-09-07T16:13:59.782917,1000,40,PUT,/jobs/002,404,130.5396999232471
30,2026-09-07T16:13:59.782917,1000,41,PUT,/jobs/1000,404,133.6495999712497
30,2026-09-07T16:13:59.782917,1000,42,POST,/jobs,201,133.68609989993274
30,2026-09-07T16:13:59.782917,1000,43,POST,/jobs,201,136.6283999523148
30,2026-09-07T16:13:59.782917,1000,44,GET,/jobs/1000,404,100.072699948214
30,2026-09-07T16:13:59.782917,1000,45,POST,/jobs,201,134.89859993569553
30,2026-09-07T16:13:59.782917,1000,46,GET,/jobs,200,87.77830004692078
30,2026-09-07T16:13:59.782917,1000,47,DELETE,/jobs/002,404,99.9735000077635
30,2026-09-07T16:13:59.782917,1000,48,DELETE,/jobs/002,404,98.56990003027022
30,2026-09-07T16:13:59.782917,1000,49,GET,/jobs/002,404,100.99990002345294
30,2026-09-07T16:13:59.782917,1000,50,PUT,/jobs/002,404,130.95550006255507
30,2026-09-07T16:13:59.782917,1000,51,DELETE,/jobs/002,404,99.7950000455603
30,2026-09-07T16:13:59.782917,1000,52,POST,/jobs,201,139.64469998609275
30,2026-09-07T16:13:59.782917,1000,53,GET,/jobs,200,86.0621000174433
30,2026-09-07T16:13:59.782917,1000,54,GET,/jobs/001,200,145.90110001154244
30,2026-09-07T16:13:59.782917,1000,55,POST,/jobs,201,130.8956000721082
30,2026-09-07T16:13:59.782917,1000,56,POST,/jobs,201,136.22949994169176
30,2026-09-07T16:13:59.782917,1000,57,GET,/jobs/1000,404,98.0000999988988
30,2026-09-07T16:13:59.782917,1000,58,POST,/jobs,201,130.81539992708713
30,2026-09-07T16:13:59.782917,1000,59,PUT,/jobs/002,404,132.36779998987913
30,2026-09-07T16:13:59.782917,1000,60,PUT,/jobs/001,200,130.39639999624342
30,2026-09-07T16:13:59.782917,1000,61,POST,/jobs,201,135.04880003165454
30,2026-09-07T16:13:59.782917,1000,62,GET,/jobs/1000,404,100.30539997387677
30,2026-09-07T16:13:59.782917,1000,63,DELETE,/jobs/1000,404,74.27469990216196
30,2026-09-07T16:13:59.782917,1000,64,DELETE,/jobs/1000,404,84.51400010380894
30,2026-09-07T16:13:59.782917,1000,65,DELETE,/jobs/1000,404,77.46349996887147
30,2026-09-07T16:13:59.782917,1000,66,POST,/jobs,201,115.02999998629093
30,2026-09-07T16:13:59.782917,1000,67,GET,/jobs/1000,404,91.23019990511239
30,2026-09-07T16:13:59.782917,1000,68,PUT,/jobs/001,200,104.26299995742738
30,2026-09-07T16:13:59.782917,1000,69,GET,/jobs,200,62.83049995545298
30,2026-09-07T16:13:59.782917,1000,70,GET,/jobs,200,62.34870001208037
30,2026-09-07T16:13:59.782917,1000,71,GET,/jobs/1000,404,75.1226000720635
30,2026-09-07T16:13:59.782917,1000,72,GET,/jobs/1000,404,78.4097999567166
30,2026-09-07T16:13:59.782917,1000,73,PUT,/jobs/1000,404,107.51269990578294
30,2026-09-07T16:13:59.782917,1000,74,GET,/jobs,200,61.852999962866306
30,2026-09-07T16:13:59.782917,1000,75,PUT,/jobs/002,404,114.43329998292029
30,2026-09-07T16:13:59.782917,1000,76,DELETE,/jobs/1000,404,76.61800005007535
30,2026-09-07T16:13:59.782917,1000,77,DELETE,/jobs/1000,404,75.4456000868231
30,2026-09-07T16:13:59.782917,1000,78,DELETE,/jobs/002,404,83.99759989697486
30,2026-09-07T16:13:59.782917,1000,79,GET,/jobs,200,63.589600031264126
30,2026-09-07T16:13:59.782917,1000,80,DELETE,/jobs/1000,404,77.99409993458539
30,2026-09-07T16:13:59.782917,1000,81,POST,/jobs,201,104.76799996104091
30,2026-09-07T16:13:59.782917,1000,82,POST,/jobs,201,113.17540006712079
30,2026-09-07T16:13:59.782917,1000,83,GET,/jobs/002,404,91.37619996909052
30,2026-09-07T16:13:59.782917,1000,84,GET,/jobs,200,72.11230008397251
30,2026-09-07T16:13:59.782917,1000,85,POST,/jobs,201,109.00840000249445
30,2026-09-07T16:13:59.782917,1000,86,GET,/jobs/1000,404,77.30859995353967
30,2026-09-07T16:13:59.782917,1000,87,GET,/jobs,200,77.83999992534518
30,2026-09-07T16:13:59.782917,1000,88,POST,/jobs,201,108.75080002006143
30,2026-09-07T16:13:59.782917,1000,89,DELETE,/jobs/002,404,84.758699988015
30,2026-09-07T16:13:59.782917,1000,90,GET,/jobs/002,404,91.59940003883094
30,2026-09-07T16:13:59.782917,1000,91,GET,/jobs/1000,404,77.8023999882862
30,2026-09-07T16:13:59.782917,1000,92,DELETE,/jobs/002,404,76.64029998704791
30,2026-09-07T16:13:59.782917,1000,93,DELETE,/jobs/1000,404,87.89670001715422
30,2026-09-07T16:13:59.782917,1000,94,PUT,/jobs/001,200,118.68069996125996
30,2026-09-07T16:13:59.782917,1000,95,GET,/jobs,200,67.94300000183284
30,2026-09-07T16:13:59.782917,1000,96,POST,/jobs,201,104.68720004428178
30,2026-09-07T16:13:59.782917,1000,97,POST,/jobs,201,107.30999999213964
30,2026-09-07T16:13:59.782917,1000,98,GET,/jobs,200,75.35079994704574
30,2026-09-07T16:13:59.782917,1000,99,GET,/jobs/1000,404,79.86679999157786
30,2026-09-07T16:13:59.782917,1000,100,GET,/jobs,200,73.82589997723699
30,2026-09-07T16:13:59.782917,1000,101,GET,/jobs,200,76.57749997451901
30,2026-09-07T16:13:59.782917,1000,102,PUT,/jobs/001,200,125.47590001486242
30,2026-09-07T16:13:59.782917,1000,103,DELETE,/jobs/002,404,82.35500007867813
30,2026-09-07T16:13:59.782917,1000,104,GET,/jobs/1000,404,80.1791000412777
30,2026-09-07T16:13:59.782917,1000,105,PUT,/jobs/1000,404,125.10329997166991
30,2026-09-07T16:13:59.782917,1000,106,GET,/jobs/002,404,82.36849994864315
30,2026-09-07T16:13:59.782917,1000,107,DELETE,/jobs/1000,404,82.19550002831966
30,2026-09-07T16:13:59.782917,1000,108,GET,/jobs/1000,404,80.94859996344894
30,2026-09-07T16:13:59.782917,1000,109,GET,/jobs/1000,404,82.37960003316402
30,2026-09-07T16:13:59.782917,1000,110,POST,/jobs,201,126.13689992576838
30,2026-09-07T16:13:59.782917,1000,111,POST,/jobs,201,126.78359996061772
30,2026-09-07T16:13:59.782917,1000,112,DELETE,/jobs/1000,404,81.76109998021275
30,2026-09-07T16:13:59.782917,1000,113,GET,/jobs,200,80.40179999079555
30,2026-09-07T16:13:59.782917,1000,114,GET,/jobs/001,200,121.05289997998625
30,2026-09-07T16:13:59.782917,1000,115,GET,/jobs,200,65.28940005227923
30,2026-09-07T16:13:59.782917,1000,116,POST,/jobs,201,108.03829994983971
30,2026-09-07T16:13:59.782917,1000,117,DELETE,/jobs/002,404,64.27390000317246
30,2026-09-07T16:13:59.782917,1000,118,DELETE,/jobs/002,404,74.77179996203631
30,2026-09-07T16:13:59.782917,1000,119,GET,/jobs,200,63.425400061532855
30,2026-09-07T16:13:59.782917,1000,120,GET,/jobs,200,64.0495999250561
30,2026-09-07T16:13:59.782917,1000,121,GET,/jobs,200,63.472800073213875
30,2026-09-07T16:13:59.782917,1000,122,GET,/jobs/001,200,120.4456000123173
30,2026-09-07T16:13:59.782917,1000,123,GET,/jobs,200,80.90169995557517
30,2026-09-07T16:13:59.782917,1000,124,POST,/jobs,201,123.93989996053278
30,2026-09-07T16:13:59.782917,1000,125,DELETE,/jobs/002,404,91.50989993941039
30,2026-09-07T16:13:59.782917,1000,126,POST,/jobs,201,118.6598000349477
30,2026-09-07T16:13:59.782917,1000,127,PUT,/jobs/001,200,124.70489996485412
30,2026-09-07T16:13:59.782917,1000,128,DELETE,/jobs/002,404,86.77169994916767
30,2026-09-07T16:13:59.782917,1000,129,DELETE,/jobs/1000,404,86.48439997341484
30,2026-09-07T16:13:59.782917,1000,130,GET,/jobs/002,404,82.27050001733005
30,2026-09-07T16:13:59.782917,1000,131,PUT,/jobs/001,200,118.7942000105977
30,2026-09-07T16:13:59.782917,1000,132,GET,/jobs,200,81.02350006811321
30,2026-09-07T16:13:59.782917,1000,133,GET,/jobs,200,79.81369993649423
30,2026-09-07T16:13:59.782917,1000,134,PUT,/jobs/002,404,121.20599998161197
30,2026-09-07T16:13:59.782917,1000,135,PUT,/jobs/002,404,120.34859997220337
30,2026-09-07T16:13:59.782917,1000,136,PUT,/jobs/1000,404,119.15160005446523
30,2026-09-07T16:13:59.782917,1000,137,GET,/jobs,200,78.52860004641116
30,2026-09-07T16:13:59.782917,1000,138,GET,/jobs,200,82.76839996688068
30,2026-09-07T16:13:59.782917,1000,139,GET,/jobs,200,82.44229992851615
30,2026-09-07T16:13:59.782917,1000,140,PUT,/jobs/1000,404,119.43179997615516
30,2026-09-07T16:13:59.782917,1000,141,POST,/jobs,201,119.23059995751828
30,2026-09-07T16:13:59.782917,1000,142,GET,/jobs,200,81.92350005265325
30,2026-09-07T16:13:59.782917,1000,143,GET,/jobs/001,200,121.7622000258416
30,2026-09-07T16:13:59.782917,1000,144,GET,/jobs/1000,404,83.38839991483837
30,2026-09-07T16:13:59.782917,1000,145,PUT,/jobs/001,200,119.22170000616461
30,2026-09-07T16:13:59.782917,1000,146,PUT,/jobs/001,200,134.01359994895756
30,2026-09-07T16:13:59.782917,1000,147,POST,/jobs,201,134.7747000399977
30,2026-09-07T16:13:59.782917,1000,148,GET,/jobs/001,200,120.50259998068213
30,2026-09-07T16:13:59.782917,1000,149,PUT,/jobs/1000,404,133.6676999926567
30,2026-09-07T16:13:59.782917,1000,150,GET,/jobs,200,80.62510006129742
30,2026-09-07T16:13:59.782917,1000,151,GET,/jobs,200,81.53919992037117
30,2026-09-07T16:13:59.782917,1000,152,DELETE,/jobs/002,404,79.81719996314496
30,2026-09-07T16:13:59.782917,1000,153,GET,/jobs,200,82.3374999454245
30,2026-09-07T16:13:59.782917,1000,154,GET,/jobs/001,200,122.6411999668926
30,2026-09-07T16:13:59.782917,1000,155,PUT,/jobs/002,404,118.59590001404285
30,2026-09-07T16:13:59.782917,1000,156,PUT,/jobs/001,200,118.86009993031621
30,2026-09-07T16:13:59.782917,1000,157,PUT,/jobs/001,200,120.54389994591475
30,2026-09-07T16:13:59.782917,1000,158,GET,/jobs/002,404,74.03079990763217
30,2026-09-07T16:13:59.782917,1000,159,GET,/jobs,200,69.406499969773
30,2026-09-07T16:13:59.782917,1000,160,PUT,/jobs/002,404,118.89280006289482
30,2026-09-07T16:13:59.782917,1000,161,PUT,/jobs/002,404,118.38050000369549
30,2026-09-07T16:13:59.782917,1000,162,PUT,/jobs/1000,404,120.33120007254183
30,2026-09-07T16:13:59.782917,1000,163,DELETE,/jobs/1000,404,75.28160000219941
30,2026-09-07T16:13:59.782917,1000,164,GET,/jobs/001,200,119.91410003975034
30,2026-09-07T16:13:59.782917,1000,165,POST,/jobs,201,121.28900003153831
30,2026-09-07T16:13:59.782917,1000,166,GET,/jobs,200,72.28640001267195
30,2026-09-07T16:13:59.782917,1000,167,DELETE,/jobs/002,404,78.2225999282673
30,2026-09-07T16:13:59.782917,1000,168,POST,/jobs,201,122.7621000725776
30,2026-09-07T16:13:59.782917,1000,169,GET,/jobs,200,70.57480001822114
30,2026-09-07T16:13:59.782917,1000,170,DELETE,/jobs/1000,404,80.93299996107817
30,2026-09-07T16:13:59.782917,1000,171,DELETE,/jobs/002,404,78.41150008607656
30,2026-09-07T16:13:59.782917,1000,172,GET,/jobs,200,80.66780003719032
30,2026-09-07T16:13:59.782917,1000,173,DELETE,/jobs/002,404,78.78820004407316
30,2026-09-07T16:13:59.782917,1000,174,GET,/jobs/001,200,125.42960001155734
30,2026-09-07T16:13:59.782917,1000,175,DELETE,/jobs/002,404,79.14989988785237
30,2026-09-07T16:13:59.782917,1000,176,GET,/jobs/002,404,75.40560001507401
30,2026-09-07T16:13:59.782917,1000,177,GET,/jobs,200,72.29080004617572
30,2026-09-07T16:13:59.782917,1000,178,DELETE,/jobs/002,404,78.47800001036376
30,2026-09-07T16:13:59.782917,1000,179,DELETE,/jobs/002,404,79.12609993945807
30,2026-09-07T16:13:59.782917,1000,180,DELETE,/jobs/002,404,80.07350005209446
30,2026-09-07T16:13:59.782917,1000,181,PUT,/jobs/1000,404,115.34210003446788
30,2026-09-07T16:13:59.782917,1000,182,DELETE,/jobs/1000,404,81.20939997024834
30,2026-09-07T16:13:59.782917,1000,183,POST,/jobs,201,119.5072999689728
30,2026-09-07T16:13:59.782917,1000,184,POST,/jobs,201,122.65689997002482
30,2026-09-07T16:13:59.782917,1000,185,POST,/jobs,201,120.52480003330857
30,2026-09-07T16:13:59.782917,1000,186,GET,/jobs/1000,404,81.58009999897331
30,2026-09-07T16:13:59.782917,1000,187,POST,/jobs,201,119.68380003236234
30,2026-09-07T16:13:59.782917,1000,188,POST,/jobs,201,120.08349993266165
30,2026-09-07T16:13:59.782917,1000,189,GET,/jobs,200,73.18399997893721
30,2026-09-07T16:13:59.782917,1000,190,GET,/jobs,200,70.30549994669855
30,2026-09-07T16:13:59.782917,1000,191,PUT,/jobs/1000,404,119.3292000098154
30,2026-09-07T16:13:59.782917,1000,192,DELETE,/jobs/002,404,75.08669991511852
30,2026-09-07T16:13:59.782917,1000,193,GET,/jobs,200,77.86440011113882
30,2026-09-07T16:13:59.782917,1000,194,DELETE,/jobs/002,404,75.96970000304282
30,2026-09-07T16:13:59.782917,1000,195,DELETE,/jobs/1000,404,76.02020003832877
30,2026-09-07T16:13:59.782917,1000,196,GET,/jobs/002,404,81.60709997173399
30,2026-09-07T16:13:59.782917,1000,197,GET,/jobs,200,73.5165000660345
30,2026-09-07T16:13:59.782917,1000,198,GET,/jobs/002,404,78.25390005018562
30,2026-09-07T16:13:59.782917,1000,199,POST,/jobs,201,118.8151000533253
30,2026-09-07T16:13:59.782917,1000,200,PUT,/jobs/1000,404,119.01080003008246
30,2026-09-07T16:13:59.782917,1000,201,POST,/jobs,201,116.22359999455512
30,2026-09-07T16:13:59.782917,1000,202,DELETE,/jobs/002,404,80.69159998558462
30,2026-09-07T16:13:59.782917,1000,203,DELETE,/jobs/1000,404,83.23440002277493
30,2026-09-07T16:13:59.782917,1000,204,GET,/jobs,200,79.55110003240407
30,2026-09-07T16:13:59.782917,1000,205,GET,/jobs/002,404,82.75459997821599
30,2026-09-07T16:13:59.782917,1000,206,GET,/jobs,200,81.73139998689294
30,2026-09-07T16:13:59.782917,1000,207,GET,/jobs,200,79.32259992230684
30,2026-09-07T16:13:59.782917,1000,208,DELETE,/jobs/002,404,90.02490004058927
30,2026-09-07T16:13:59.782917,1000,209,POST,/jobs,201,121.23190006241202
30,2026-09-07T16:13:59.782917,1000,210,DELETE,/jobs/002,404,80.8255000738427
30,2026-09-07T16:13:59.782917,1000,211,POST,/jobs,201,120.77179993502796
30,2026-09-07T16:13:59.782917,1000,212,POST,/jobs,201,121.78779998794198
30,2026-09-07T16:13:59.782917,1000,213,PUT,/jobs/002,404,134.25490004010499
30,2026-09-07T16:13:59.782917,1000,214,GET,/jobs,200,81.22849999926984
30,2026-09-07T16:13:59.782917,1000,215,GET,/jobs,200,76.94209995679557
30,2026-09-07T16:13:59.782917,1000,216,PUT,/jobs/002,404,133.8148999493569
30,2026-09-07T16:13:59.782917,1000,217,GET,/jobs,200,81.77430008072406
30,2026-09-07T16:13:59.782917,1000,218,GET,/jobs,200,82.17119995970279
30,2026-09-07T16:13:59.782917,1000,219,POST,/jobs,201,133.37209995370358
30,2026-09-07T16:13:59.782917,1000,220,GET,/jobs/1000,404,82.98589999321848
30,2026-09-07T16:13:59.782917,1000,221,POST,/jobs,201,127.74040002841502
30,2026-09-07T16:13:59.782917,1000,222,PUT,/jobs/1000,404,132.80300004407763
30,2026-09-07T16:13:59.782917,1000,223,PUT,/jobs/1000,404,129.90469997748733
30,2026-09-07T16:13:59.782917,1000,224,GET,/jobs,200,93.33150007296354
30,2026-09-07T16:13:59.782917,1000,225,GET,/jobs,200,94.31399998720735
30,2026-09-07T16:13:59.782917,1000,226,GET,/jobs,200,82.91289990302175
30,2026-09-07T16:13:59.782917,1000,227,GET,/jobs/1000,404,94.50830006971955
30,2026-09-07T16:13:59.782917,1000,228,GET,/jobs,200,93.11310003977269
30,2026-09-07T16:13:59.782917,1000,229,POST,/jobs,201,135.92020003125072
30,2026-09-07T16:13:59.782917,1000,230,DELETE,/jobs/002,404,95.05999996326864
30,2026-09-07T16:13:59.782917,1000,231,PUT,/jobs/001,200,134.63190000038594
30,2026-09-07T16:13:59.782917,1000,232,GET,/jobs,200,85.54299990646541
30,2026-09-07T16:13:59.782917,1000,233,POST,/jobs,201,135.11380006093532
30,2026-09-07T16:13:59.782917,1000,234,GET,/jobs,200,84.55579995643348
30,2026-09-07T16:13:59.782917,1000,235,POST,/jobs,201,140.30909992288798
30,2026-09-07T16:13:59.782917,1000,236,GET,/jobs/1000,404,94.52479996252805
30,2026-09-07T16:13:59.782917,1000,237,GET,/jobs,200,84.50630004517734
30,2026-09-07T16:13:59.782917,1000,238,POST,/jobs,201,140.7711999490857
30,2026-09-07T16:13:59.782917,1000,239,DELETE,/jobs/1000,404,84.0998999774456
30,2026-09-07T16:13:59.782917,1000,240,DELETE,/jobs/002,404,89.81400006450713
30,2026-09-07T16:13:59.782917,1000,241,GET,/jobs/001,200,136.56480005010962
30,2026-09-07T16:13:59.782917,1000,242,GET,/jobs/002,404,90.13939998112619
30,2026-09-07T16:13:59.782917,1000,243,GET,/jobs,200,84.42680002190173
30,2026-09-07T16:13:59.782917,1000,244,GET,/jobs/1000,404,89.43169994745404
30,2026-09-07T16:13:59.782917,1000,245,POST,/jobs,201,135.33239997923374
30,2026-09-07T16:13:59.782917,1000,246,PUT,/jobs/1000,404,140.3621999779716
30,2026-09-07T16:13:59.782917,1000,247,GET,/jobs/002,404,85.32690000720322
30,2026-09-07T16:13:59.782917,1000,248,GET,/jobs/1000,404,91.17549995426089
30,2026-09-07T16:13:59.782917,1000,249,GET,/jobs,200,85.92149999458343
30,2026-09-07T16:13:59.782917,1000,250,PUT,/jobs/001,200,141.6981000220403
30,2026-09-07T16:13:59.782917,1000,251,PUT,/jobs/001,200,140.55530005134642
30,2026-09-07T16:13:59.782917,1000,252,GET,/jobs/002,404,86.25549997668713
30,2026-09-07T16:13:59.782917,1000,253,POST,/jobs,201,140.5374000314623
30,2026-09-07T16:13:59.782917,1000,254,GET,/jobs/001,200,138.81360006053
30,2026-09-07T16:13:59.782917,1000,255,GET,/jobs,200,82.21160003449768
30,2026-09-07T16:13:59.782917,1000,256,GET,/jobs/002,404,92.77340001426637
30,2026-09-07T16:13:59.782917,1000,257,POST,/jobs,201,139.1738000093028
30,2026-09-07T16:13:59.782917,1000,258,GET,/jobs,200,81.38180000241846
30,2026-09-07T16:13:59.782917,1000,259,POST,/jobs,201,141.479599988088
30,2026-09-07T16:13:59.782917,1000,260,DELETE,/jobs/1000,404,86.80010004900396
30,2026-09-07T16:13:59.782917,1000,261,DELETE,/jobs/1000,404,83.01120006944984
30,2026-09-07T16:13:59.782917,1000,262,GET,/jobs,200,83.12070008832961
30,2026-09-07T16:13:59.782917,1000,263,GET,/jobs,200,84.56039999146014
30,2026-09-07T16:13:59.782917,1000,264,POST,/jobs,201,140.3893999522552
30,2026-09-07T16:13:59.782917,1000,265,DELETE,/jobs/1000,404,86.78520005196333
30,2026-09-07T16:13:59.782917,1000,266,GET,/jobs,200,85.31519991811365
30,2026-09-07T16:13:59.782917,1000,267,GET,/jobs,200,83.33829999901354
30,2026-09-07T16:13:59.782917,1000,268,DELETE,/jobs/1000,404,94.77300010621548
30,2026-09-07T16:13:59.782917,1000,269,POST,/jobs,201,151.53050003573298
30,2026-09-07T16:13:59.782917,1000,270,POST,/jobs,201,152.17309992294759
30,2026-09-07T16:13:59.782917,1000,271,DELETE,/jobs/002,404,90.52580001298338
30,2026-09-07T16:13:59.782917,1000,272,PUT,/jobs/1000,404,150.47729993239045
30,2026-09-07T16:13:59.782917,1000,273,GET,/jobs/002,404,90.29640001244843
30,2026-09-07T16:13:59.782917,1000,274,GET,/jobs,200,82.52860000357032
30,2026-09-07T16:13:59.782917,1000,275,PUT,/jobs/001,200,150.0392999732867
30,2026-09-07T16:13:59.782917,1000,276,DELETE,/jobs/002,404,89.81039992067963
30,2026-09-07T16:13:59.782917,1000,277,POST,/jobs,201,151.22160001192242
30,2026-09-07T16:13:59.782917,1000,278,GET,/jobs,200,79.28039995022118
30,2026-09-07T16:13:59.782917,1000,279,POST,/jobs,201,150.66829998977482
30,2026-09-07T16:13:59.782917,1000,280,POST,/jobs,201,149.49600002728403
30,2026-09-07T16:13:59.782917,1000,281,GET,/jobs,200,79.33039998169988
30,2026-09-07T16:13:59.782917,1000,282,POST,/jobs,201,164.87039998173714
30,2026-09-07T16:13:59.782917,1000,283,POST,/jobs,201,170.27130001224577
30,2026-09-07T16:13:59.782917,1000,284,PUT,/jobs/002,404,164.78710004594177
30,2026-09-07T16:13:59.782917,1000,285,PUT,/jobs/1000,404,165.87680007796735
30,2026-09-07T16:13:59.782917,1000,286,POST,/jobs,201,164.4776000175625
30,2026-09-07T16:13:59.782917,1000,287,GET,/jobs/001,200,169.02290005236864
30,2026-09-07T16:13:59.782917,1000,288,PUT,/jobs/1000,404,167.08639997523278
30,2026-09-07T16:13:59.782917,1000,289,PUT,/jobs/1000,404,166.39090003445745
30,2026-09-07T16:13:59.782917,1000,290,GET,/jobs/1000,404,94.58020003512502
30,2026-09-07T16:13:59.782917,1000,291,DELETE,/jobs/1000,404,90.23859992157668
30,2026-09-07T16:13:59.782917,1000,292,PUT,/jobs/1000,404,169.24109996762127
30,2026-09-07T16:13:59.782917,1000,293,GET,/jobs,200,87.11269998457283
30,2026-09-07T16:13:59.782917,1000,294,POST,/jobs,201,167.90370002854615
30,2026-09-07T16:13:59.782917,1000,295,GET,/jobs/002,404,96.10279998742044
30,2026-09-07T16:13:59.782917,1000,296,DELETE,/jobs/1000,404,87.80189999379218
30,2026-09-07T16:13:59.782917,1000,297,PUT,/jobs/002,404,167.02050005551428
30,2026-09-07T16:13:59.782917,1000,298,PUT,/jobs/1000,404,168.2284000562504
30,2026-09-07T16:13:59.782917,1000,299,GET,/jobs/1000,404,89.63860000949353
30,2026-09-07T16:13:59.782917,1000,300,PUT,/jobs/1000,404,157.53809991292655
30,2026-09-07T16:13:59.782917,1000,301,GET,/jobs/1000,404,109.43239997141063
30,2026-09-07T16:13:59.782917,1000,302,GET,/jobs,200,87.07489992957562
30,2026-09-07T16:13:59.782917,1000,303,POST,/jobs,201,156.94280003663152
30,2026-09-07T16:13:59.782917,1000,304,DELETE,/jobs/1000,404,92.15330006554723
30,2026-09-07T16:13:59.782917,1000,305,GET,/jobs,200,87.58149994537234
30,2026-09-07T16:13:59.782917,1000,306,GET,/jobs/1000,404,108.72960009146482
30,2026-09-07T16:13:59.782917,1000,307,POST,/jobs,201,154.62080005090684
30,2026-09-07T16:13:59.782917,1000,308,GET,/jobs/001,200,155.49479995388538
30,2026-09-07T16:13:59.782917,1000,309,GET,/jobs,200,88.45430007204413
30,2026-09-07T16:13:59.782917,1000,310,GET,/jobs,200,86.62780001759529
30,2026-09-07T16:13:59.782917,1000,311,GET,/jobs/002,404,102.53529995679855
30,2026-09-07T16:13:59.782917,1000,312,DELETE,/jobs/002,404,101.0945999296382
30,2026-09-07T16:13:59.782917,1000,313,PUT,/jobs/002,404,160.3842000477016
30,2026-09-07T16:13:59.782917,1000,314,DELETE,/jobs/002,404,103.08230004739016
30,2026-09-07T16:13:59.782917,1000,315,PUT,/jobs/002,404,176.64799990598112
30,2026-09-07T16:13:59.782917,1000,316,PUT,/jobs/001,200,176.23959993943572
30,2026-09-07T16:13:59.782917,1000,317,GET,/jobs/1000,404,129.14249999448657
30,2026-09-07T16:13:59.782917,1000,318,GET,/jobs,200,113.86849998962134
30,2026-09-07T16:13:59.782917,1000,319,GET,/jobs,200,109.46800000965595
30,2026-09-07T16:13:59.782917,1000,320,PUT,/jobs/001,200,179.21190010383725
30,2026-09-07T16:13:59.782917,1000,321,GET,/jobs/1000,404,118.95969999022782
30,2026-09-07T16:13:59.782917,1000,322,DELETE,/jobs/1000,404,118.53470001369715
30,2026-09-07T16:13:59.782917,1000,323,GET,/jobs,200,116.6492000920698
30,2026-09-07T16:13:59.782917,1000,324,DELETE,/jobs/002,404,117.62239993549883
30,2026-09-07T16:13:59.782917,1000,325,GET,/jobs,200,115.38900004234165
30,2026-09-07T16:13:59.782917,1000,326,PUT,/jobs/001,200,177.57020005956292
30,2026-09-07T16:13:59.782917,1000,327,PUT,/jobs/1000,404,178.47589997109026
30,2026-09-07T16:13:59.782917,1000,328,DELETE,/jobs/1000,404,107.44299995712936
30,2026-09-07T16:13:59.782917,1000,329,PUT,/jobs/1000,404,169.20060000848025
30,2026-09-07T16:13:59.782917,1000,330,DELETE,/jobs/1000,404,123.63429996185005
30,2026-09-07T16:13:59.782917,1000,331,DELETE,/jobs/1000,404,129.5984999742359
30,2026-09-07T16:13:59.782917,1000,332,GET,/jobs/1000,404,130.54529996588826
30,2026-09-07T16:13:59.782917,1000,333,PUT,/jobs/002,404,176.9936999771744
30,2026-09-07T16:13:59.782917,1000,334,POST,/jobs,201,177.51800001133233
30,2026-09-07T16:13:59.782917,1000,335,GET,/jobs/1000,404,129.09790000412613
30,2026-09-07T16:13:59.782917,1000,336,POST,/jobs,201,184.82339999172837
30,2026-09-07T16:13:59.782917,1000,337,DELETE,/jobs/1000,404,130.898000090383
30,2026-09-07T16:13:59.782917,1000,338,GET,/jobs/002,404,131.98420009575784
30,2026-09-07T16:13:59.782917,1000,339,PUT,/jobs/001,200,186.1553000053391
30,2026-09-07T16:13:59.782917,1000,340,POST,/jobs,201,190.51939994096756
30,2026-09-07T16:13:59.782917,1000,341,POST,/jobs,201,181.5851000137627
30,2026-09-07T16:13:59.782917,1000,342,POST,/jobs,201,179.51219994574785
30,2026-09-07T16:13:59.782917,1000,343,GET,/jobs,200,120.31489994842559
30,2026-09-07T16:13:59.782917,1000,344,GET,/jobs/001,200,186.6555999731645
30,2026-09-07T16:13:59.782917,1000,345,GET,/jobs/002,404,131.07130001299083
30,2026-09-07T16:13:59.782917,1000,346,GET,/jobs/1000,404,126.2855000095442
30,2026-09-07T16:13:59.782917,1000,347,GET,/jobs/001,200,187.54680000711232
30,2026-09-07T16:13:59.782917,1000,348,PUT,/jobs/002,404,179.73279999569058
30,2026-09-07T16:13:59.782917,1000,349,POST,/jobs,201,188.69089998770505
30,2026-09-07T16:13:59.782917,1000,350,PUT,/jobs/002,404,180.86349999066442
30,2026-09-07T16:13:59.782917,1000,351,GET,/jobs,200,125.94960001297295
30,2026-09-07T16:13:59.782917,1000,352,GET,/jobs/002,404,118.43849997967482
30,2026-09-07T16:13:59.782917,1000,353,PUT,/jobs/1000,404,167.3846000339836
30,2026-09-07T16:13:59.782917,1000,354,GET,/jobs,200,115.94099993817508
30,2026-09-07T16:13:59.782917,1000,355,DELETE,/jobs/1000,404,111.43610009457916
30,2026-09-07T16:13:59.782917,1000,356,PUT,/jobs/001,200,175.42610003147274
30,2026-09-07T16:13:59.782917,1000,357,POST,/jobs,201,169.66849996242672
30,2026-09-07T16:13:59.782917,1000,358,PUT,/jobs/002,404,164.01549999136478
30,2026-09-07T16:13:59.782917,1000,359,DELETE,/jobs/002,404,96.63209994323552
30,2026-09-07T16:13:59.782917,1000,360,PUT,/jobs/001,200,157.78389992192388
30,2026-09-07T16:13:59.782917,1000,361,POST,/jobs,201,165.4634999576956
30,2026-09-07T16:13:59.782917,1000,362,PUT,/jobs/001,200,156.9435999263078
30,2026-09-07T16:13:59.782917,1000,363,PUT,/jobs/002,404,154.9648999935016
30,2026-09-07T16:13:59.782917,1000,364,PUT,/jobs/1000,404,164.49859994463623
30,2026-09-07T16:13:59.782917,1000,365,GET,/jobs/002,404,111.03919998276979
30,2026-09-07T16:13:59.782917,1000,366,GET,/jobs/1000,404,110.15590000897646
30,2026-09-07T16:13:59.782917,1000,367,DELETE,/jobs/002,404,108.08130004443228
30,2026-09-07T16:13:59.782917,1000,368,PUT,/jobs/1000,404,165.80239997711033
30,2026-09-07T16:13:59.782917,1000,369,DELETE,/jobs/002,404,110.32089998479933
30,2026-09-07T16:13:59.782917,1000,370,GET,/jobs,200,98.73219998553395
30,2026-09-07T16:13:59.782917,1000,371,PUT,/jobs/001,200,150.49209992866963
30,2026-09-07T16:13:59.782917,1000,372,PUT,/jobs/001,200,150.90309991501272
30,2026-09-07T16:13:59.782917,1000,373,GET,/jobs,200,98.01499999593943
30,2026-09-07T16:13:59.782917,1000,374,POST,/jobs,201,155.31850000843406
30,2026-09-07T16:13:59.782917,1000,375,POST,/jobs,201,154.68790009617805
30,2026-09-07T16:13:59.782917,1000,376,PUT,/jobs/002,404,151.8804000224918
30,2026-09-07T16:13:59.782917,1000,377,POST,/jobs,201,153.57169997878373
30,2026-09-07T16:13:59.782917,1000,378,PUT,/jobs/002,404,150.09659994393587
30,2026-09-07T16:13:59.782917,1000,379,PUT,/jobs/002,404,149.86230002250522
30,2026-09-07T16:13:59.782917,1000,380,GET,/jobs,200,93.6068999581039
30,2026-09-07T16:13:59.782917,1000,381,PUT,/jobs/001,200,149.02670006267726
30,2026-09-07T16:13:59.782917,1000,382,DELETE,/jobs/002,404,103.81919995415956
30,2026-09-07T16:13:59.782917,1000,383,POST,/jobs,201,156.93669999018312
30,2026-09-07T16:13:59.782917,1000,384,GET,/jobs,200,102.46719990391284
30,2026-09-07T16:13:59.782917,1000,385,GET,/jobs,200,94.43940001074225
30,2026-09-07T16:13:59.782917,1000,386,GET,/jobs,200,92.95099996961653
30,2026-09-07T16:13:59.782917,1000,387,GET,/jobs/001,200,157.94730000197887
30,2026-09-07T16:13:59.782917,1000,388,GET,/jobs,200,103.28640008810908
30,2026-09-07T16:13:59.782917,1000,389,DELETE,/jobs/002,404,104.23960001207888
30,2026-09-07T16:13:59.782917,1000,390,GET,/jobs/001,200,159.24379997886717
30,2026-09-07T16:13:59.782917,1000,391,PUT,/jobs/1000,404,150.7080999435857
30,2026-09-07T16:13:59.782917,1000,392,GET,/jobs,200,97.95790002681315
30,2026-09-07T16:13:59.782917,1000,393,DELETE,/jobs/002,404,101.6830001026392
30,2026-09-07T16:13:59.782917,1000,394,PUT,/jobs/1000,404,145.96440002787858
30,2026-09-07T16:13:59.782917,1000,395,POST,/jobs,201,145.77120007015765
30,2026-09-07T16:13:59.782917,1000,396,POST,/jobs,201,148.97670003119856
30,2026-09-07T16:13:59.782917,1000,397,DELETE,/jobs/002,404,105.47509999014437
30,2026-09-07T16:13:59.782917,1000,398,GET,/jobs/002,404,102.09440009202808
30,2026-09-07T16:13:59.782917,1000,399,GET,/jobs,200,101.06490005273372
30,2026-09-07T16:13:59.782917,1000,400,DELETE,/jobs/002,404,103.97789999842644
30,2026-09-07T16:13:59.782917,1000,401,POST,/jobs,201,159.98100000433624
30,2026-09-07T16:13:59.782917,1000,402,PUT,/jobs/002,404,158.41979999095201
30,2026-09-07T16:13:59.782917,1000,403,GET,/jobs/001,200,161.1861001001671
30,2026-09-07T16:13:59.782917,1000,404,DELETE,/jobs/002,404,103.33329997956753
30,2026-09-07T16:13:59.782917,1000,405,GET,/jobs,200,100.70799989625812
30,2026-09-07T16:13:59.782917,1000,406,POST,/jobs,201,159.2155999969691
30,2026-09-07T16:13:59.782917,1000,407,DELETE,/jobs/002,404,103.03230001591146
30,2026-09-07T16:13:59.782917,1000,408,DELETE,/jobs/002,404,93.72840006835759
30,2026-09-07T16:13:59.782917,1000,409,POST,/jobs,201,145.59500000905246
30,2026-09-07T16:13:59.782917,1000,410,PUT,/jobs/1000,404,146.4968000072986
30,2026-09-07T16:13:59.782917,1000,411,POST,/jobs,201,145.8172999555245
30,2026-09-07T16:13:59.782917,1000,412,DELETE,/jobs/1000,404,90.71929997298867
30,2026-09-07T16:13:59.782917,1000,413,GET,/jobs,200,87.90429995860904
30,2026-09-07T16:13:59.782917,1000,414,PUT,/jobs/002,404,145.1540000271052
30,2026-09-07T16:13:59.782917,1000,415,GET,/jobs,200,94.51379999518394
30,2026-09-07T16:13:59.782917,1000,416,PUT,/jobs/002,404,146.574099897407
30,2026-09-07T16:13:59.782917,1000,417,PUT,/jobs/1000,404,146.60199999343604
30,2026-09-07T16:13:59.782917,1000,418,GET,/jobs/002,404,104.05550000723451
30,2026-09-07T16:13:59.782917,1000,419,GET,/jobs/1000,404,104.62050000205636
30,2026-09-07T16:13:59.782917,1000,420,DELETE,/jobs/1000,404,104.34660001192242
30,2026-09-07T16:13:59.782917,1000,421,DELETE,/jobs/1000,404,105.00370000954717
30,2026-09-07T16:13:59.782917,1000,422,PUT,/jobs/002,404,145.54700010921806
30,2026-09-07T16:13:59.782917,1000,423,DELETE,/jobs/1000,404,90.20430000964552
30,2026-09-07T16:13:59.782917,1000,424,POST,/jobs,201,139.76769999135286
30,2026-09-07T16:13:59.782917,1000,425,GET,/jobs/001,200,153.00879999995232
30,2026-09-07T16:13:59.782917,1000,426,POST,/jobs,201,158.4090000251308
30,2026-09-07T16:13:59.782917,1000,427,GET,/jobs/002,404,101.18710005190223
30,2026-09-07T16:13:59.782917,1000,428,DELETE,/jobs/1000,404,102.08360000979155
30,2026-09-07T16:13:59.782917,1000,429,POST,/jobs,201,157.61340002063662
30,2026-09-07T16:13:59.782917,1000,430,PUT,/jobs/002,404,152.49989996664226
30,2026-09-07T16:13:59.782917,1000,431,GET,/jobs/002,404,100.12419999111444
30,2026-09-07T16:13:59.782917,1000,432,GET,/jobs/002,404,100.59779998846352
30,2026-09-07T16:13:59.782917,1000,433,POST,/jobs,201,160.98759998567402
30,2026-09-07T16:13:59.782917,1000,434,POST,/jobs,201,161.38990002218634
30,2026-09-07T16:13:59.782917,1000,435,POST,/jobs,201,146.05209999717772
30,2026-09-07T16:13:59.782917,1000,436,GET,/jobs,200,96.59060009289533
30,2026-09-07T16:13:59.782917,1000,437,DELETE,/jobs/002,404,98.14130002632737
30,2026-09-07T16:13:59.782917,1000,438,GET,/jobs,200,96.95539996027946
30,2026-09-07T16:13:59.782917,1000,439,GET,/jobs/1000,404,98.8698999863118
30,2026-09-07T16:13:59.782917,1000,440,PUT,/jobs/002,404,160.4728999081999
30,2026-09-07T16:13:59.782917,1000,441,DELETE,/jobs/002,404,97.14069997426122
30,2026-09-07T16:13:59.782917,1000,442,PUT,/jobs/1000,404,165.81479995511472
30,2026-09-07T16:13:59.782917,1000,443,PUT,/jobs/002,404,163.771599996835
30,2026-09-07T16:13:59.782917,1000,444,GET,/jobs,200,87.27700007148087
30,2026-09-07T16:13:59.782917,1000,445,GET,/jobs,200,88.13879999797791
30,2026-09-07T16:13:59.782917,1000,446,POST,/jobs,201,164.1560000134632
30,2026-09-07T16:13:59.782917,1000,447,PUT,/jobs/1000,404,166.02909995708615
30,2026-09-07T16:13:59.782917,1000,448,GET,/jobs/002,404,104.1935000102967
30,2026-09-07T16:13:59.782917,1000,449,DELETE,/jobs/1000,404,106.06999997980893
30,2026-09-07T16:13:59.782917,1000,450,PUT,/jobs/1000,404,163.9085999922827
30,2026-09-07T16:13:59.782917,1000,451,DELETE,/jobs/1000,404,103.65740000270307
30,2026-09-07T16:13:59.782917,1000,452,PUT,/jobs/1000,404,170.01840006560087
30,2026-09-07T16:13:59.782917,1000,453,DELETE,/jobs/1000,404,100.94599996227771
30,2026-09-07T16:13:59.782917,1000,454,POST,/jobs,201,169.2954000318423
30,2026-09-07T16:13:59.782917,1000,455,PUT,/jobs/002,404,157.46460005175322
30,2026-09-07T16:13:59.782917,1000,456,POST,/jobs,201,156.03079996071756
30,2026-09-07T16:13:59.782917,1000,457,GET,/jobs/001,200,171.3729000184685
30,2026-09-07T16:13:59.782917,1000,458,GET,/jobs/002,404,105.19899998325855
30,2026-09-07T16:13:59.782917,1000,459,GET,/jobs,200,104.08610000740737
30,2026-09-07T16:13:59.782917,1000,460,DELETE,/jobs/002,404,106.99540004134178
30,2026-09-07T16:13:59.782917,1000,461,GET,/jobs/001,200,170.8634999813512
30,2026-09-07T16:13:59.782917,1000,462,PUT,/jobs/002,404,168.11099997721612
30,2026-09-07T16:13:59.782917,1000,463,DELETE,/jobs/1000,404,105.57440004777163
30,2026-09-07T16:13:59.782917,1000,464,GET,/jobs,200,99.22530001495034
30,2026-09-07T16:13:59.782917,1000,465,GET,/jobs/002,404,107.14410000946373
30,2026-09-07T16:13:59.782917,1000,466,GET,/jobs/002,404,109.46699988562614
30,2026-09-07T16:13:59.782917,1000,467,GET,/jobs/002,404,113.22489997837692
30,2026-09-07T16:13:59.782917,1000,468,GET,/jobs,200,104.33330002706498
30,2026-09-07T16:13:59.782917,1000,469,DELETE,/jobs/002,404,107.28259989991784
30,2026-09-07T16:13:59.782917,1000,470,POST,/jobs,201,163.1753999972716
30,2026-09-07T16:13:59.782917,1000,471,GET,/jobs,200,107.66800004057586
30,2026-09-07T16:13:59.782917,1000,472,DELETE,/jobs/1000,404,110.22089992184192
30,2026-09-07T16:13:59.782917,1000,473,GET,/jobs/1000,404,114.1700999578461
30,2026-09-07T16:13:59.782917,1000,474,PUT,/jobs/001,200,161.8839999428019
30,2026-09-07T16:13:59.782917,1000,475,GET,/jobs,200,107.3694999795407
30,2026-09-07T16:13:59.782917,1000,476,DELETE,/jobs/1000,404,115.71629997342825
30,2026-09-07T16:13:59.782917,1000,477,PUT,/jobs/002,404,162.7788000041619
30,2026-09-07T16:13:59.782917,1000,478,PUT,/jobs/002,404,162.11619996465743
30,2026-09-07T16:13:59.782917,1000,479,GET,/jobs/001,200,161.15860000718385
30,2026-09-07T16:13:59.782917,1000,480,POST,/jobs,201,163.28019998036325
30,2026-09-07T16:13:59.782917,1000,481,PUT,/jobs/001,200,166.51409992482513
30,2026-09-07T16:13:59.782917,1000,482,GET,/jobs,200,107.10729996208102
30,2026-09-07T16:13:59.782917,1000,483,PUT,/jobs/002,404,165.34160007722676
30,2026-09-07T16:13:59.782917,1000,484,GET,/jobs,200,110.88719998952001
30,2026-09-07T16:13:59.782917,1000,485,DELETE,/jobs/002,404,112.11200000252575
30,2026-09-07T16:13:59.782917,1000,486,GET,/jobs/001,200,167.09100001025945
30,2026-09-07T16:13:59.782917,1000,487,DELETE,/jobs/1000,404,112.39290004596114
30,2026-09-07T16:13:59.782917,1000,488,GET,/jobs,200,114.41530007869005
30,2026-09-07T16:13:59.782917,1000,489,GET,/jobs/001,200,167.39830002188683
30,2026-09-07T16:13:59.782917,1000,490,DELETE,/jobs/1000,404,111.86449998058379
30,2026-09-07T16:13:59.782917,1000,491,DELETE,/jobs/002,404,111.99530004523695
30,2026-09-07T16:13:59.782917,1000,492,DELETE,/jobs/1000,404,111.32060003001243
30,2026-09-07T16:13:59.782917,1000,493,PUT,/jobs/002,404,156.09059995040298
30,2026-09-07T16:13:59.782917,1000,494,POST,/jobs,201,163.68710005190223
30,2026-09-07T16:13:59.782917,1000,495,DELETE,/jobs/1000,404,113.90050000045449
30,2026-09-07T16:13:59.782917,1000,496,POST,/jobs,201,165.83029995672405
30,2026-09-07T16:13:59.782917,1000,497,DELETE,/jobs/002,404,113.56980004347861
30,2026-09-07T16:13:59.782917,1000,498,DELETE,/jobs/002,404,112.95870004687458
30,2026-09-07T16:13:59.782917,1000,499,GET,/jobs/1000,404,110.37170002236962
30,2026-09-07T16:13:59.782917,1000,500,GET,/jobs/002,404,112.2157999780029
30,2026-09-07T16:13:59.782917,1000,501,GET,/jobs,200,100.39440006949008
30,2026-09-07T16:13:59.782917,1000,502,GET,/jobs/001,200,166.5087000001222
30,2026-09-07T16:13:59.782917,1000,503,GET,/jobs/1000,404,110.84930005017668
30,2026-09-07T16:13:59.782917,1000,504,GET,/jobs,200,101.20719997212291
30,2026-09-07T16:13:59.782917,1000,505,GET,/jobs/001,200,166.89440002664924
30,2026-09-07T16:13:59.782917,1000,506,PUT,/jobs/002,404,155.6430000346154
30,2026-09-07T16:13:59.782917,1000,507,DELETE,/jobs/1000,404,108.27860003337264
30,2026-09-07T16:13:59.782917,1000,508,POST,/jobs,201,151.87219996005297
30,2026-09-07T16:13:59.782917,1000,509,GET,/jobs/002,404,112.04399995040148
30,2026-09-07T16:13:59.782917,1000,510,POST,/jobs,201,165.12240003794432
30,2026-09-07T16:13:59.782917,1000,511,PUT,/jobs/001,200,154.9220000160858
30,2026-09-07T16:13:59.782917,1000,512,GET,/jobs/002,404,109.26309996284544
30,2026-09-07T16:13:59.782917,1000,513,DELETE,/jobs/002,404,106.09150002710521
30,2026-09-07T16:13:59.782917,1000,514,PUT,/jobs/001,200,164.76189997047186
30,2026-09-07T16:13:59.782917,1000,515,DELETE,/jobs/002,404,104.30840007029474
30,2026-09-07T16:13:59.782917,1000,516,GET,/jobs/002,404,111.96579993702471
30,2026-09-07T16:13:59.782917,1000,517,GET,/jobs/001,200,170.1989999273792
30,2026-09-07T16:13:59.782917,1000,518,GET,/jobs,200,108.74350008089095
30,2026-09-07T16:13:59.782917,1000,519,GET,/jobs/002,404,107.33769997023046
30,2026-09-07T16:13:59.782917,1000,520,DELETE,/jobs/1000,404,105.1173999439925
30,2026-09-07T16:13:59.782917,1000,521,PUT,/jobs/001,200,171.199299977161
30,2026-09-07T16:13:59.782917,1000,522,PUT,/jobs/1000,404,169.56140007823706
30,2026-09-07T16:13:59.782917,1000,523,POST,/jobs,201,171.74660007003695
30,2026-09-07T16:13:59.782917,1000,524,PUT,/jobs/002,404,165.9603000152856
30,2026-09-07T16:13:59.782917,1000,525,DELETE,/jobs/1000,404,109.57249999046326
30,2026-09-07T16:13:59.782917,1000,526,PUT,/jobs/001,200,168.98060007952154
30,2026-09-07T16:13:59.782917,1000,527,DELETE,/jobs/002,404,105.52009998355061
30,2026-09-07T16:13:59.782917,1000,528,PUT,/jobs/1000,404,155.21429991349578
30,2026-09-07T16:13:59.782917,1000,529,POST,/jobs,201,155.5000999942422
30,2026-09-07T16:13:59.782917,1000,530,POST,/jobs,201,153.96080003120005
30,2026-09-07T16:13:59.782917,1000,531,GET,/jobs,200,103.8469000486657
30,2026-09-07T16:13:59.782917,1000,532,GET,/jobs/1000,404,106.19050008244812
30,2026-09-07T16:13:59.782917,1000,533,DELETE,/jobs/002,404,106.74540000036359
30,2026-09-07T16:13:59.782917,1000,534,POST,/jobs,201,149.99349997378886
30,2026-09-07T16:13:59.782917,1000,535,GET,/jobs,200,103.57099992688745
30,2026-09-07T16:13:59.782917,1000,536,GET,/jobs/002,404,102.16099990066141
30,2026-09-07T16:13:59.782917,1000,537,DELETE,/jobs/1000,404,103.66849997080863
30,2026-09-07T16:13:59.782917,1000,538,POST,/jobs,201,153.23569998145103
30,2026-09-07T16:13:59.782917,1000,539,DELETE,/jobs/1000,404,102.89969993755221
30,2026-09-07T16:13:59.782917,1000,540,PUT,/jobs/001,200,156.5195000730455
30,2026-09-07T16:13:59.782917,1000,541,PUT,/jobs/002,404,146.89909992739558
30,2026-09-07T16:13:59.782917,1000,542,PUT,/jobs/002,404,155.6243000086397
30,2026-09-07T16:13:59.782917,1000,543,POST,/jobs,201,153.95129995886236
30,2026-09-07T16:13:59.782917,1000,544,GET,/jobs,200,100.7804999826476
30,2026-09-07T16:13:59.782917,1000,545,GET,/jobs/002,404,99.66840001288801
30,2026-09-07T16:13:59.782917,1000,546,PUT,/jobs/1000,404,140.25689999107271
30,2026-09-07T16:13:59.782917,1000,547,PUT,/jobs/002,404,142.62880000751466
30,2026-09-07T16:13:59.782917,1000,548,PUT,/jobs/1000,404,140.97359997686
30,2026-09-07T16:13:59.782917,1000,549,GET,/jobs,200,90.37200000602752
30,2026-09-07T16:13:59.782917,1000,550,PUT,/jobs/001,200,144.64379998389632
30,2026-09-07T16:13:59.782917,1000,551,POST,/jobs,201,143.24510004371405
30,2026-09-07T16:13:59.782917,1000,552,POST,/jobs,201,143.82470003329217
30,2026-09-07T16:13:59.782917,1000,553,PUT,/jobs/1000,404,142.53859990276396
30,2026-09-07T16:13:59.782917,1000,554,GET,/jobs,200,92.1807000413537
30,2026-09-07T16:13:59.782917,1000,555,DELETE,/jobs/1000,404,104.67549995519221
30,2026-09-07T16:13:59.782917,1000,556,PUT,/jobs/001,200,162.75740007404238
30,2026-09-07T16:13:59.782917,1000,557,GET,/jobs/1000,404,104.83690002001822
30,2026-09-07T16:13:59.782917,1000,558,POST,/jobs,201,161.80559992790222
30,2026-09-07T16:13:59.782917,1000,559,PUT,/jobs/1000,404,162.1340001001954
30,2026-09-07T16:13:59.782917,1000,560,PUT,/jobs/001,200,164.96150009334087
30,2026-09-07T16:13:59.782917,1000,561,GET,/jobs/002,404,98.50500000175089
30,2026-09-07T16:13:59.782917,1000,562,DELETE,/jobs/002,404,97.54119999706745
30,2026-09-07T16:13:59.782917,1000,563,POST,/jobs,201,164.07989989966154
30,2026-09-07T16:13:59.782917,1000,564,PUT,/jobs/001,200,164.9131999583915
30,2026-09-07T16:13:59.782917,1000,565,GET,/jobs,200,92.94110001064837
30,2026-09-07T16:13:59.782917,1000,566,DELETE,/jobs/002,404,105.61940004117787
30,2026-09-07T16:13:59.782917,1000,567,GET,/jobs/002,404,100.03560001496226
30,2026-09-07T16:13:59.782917,1000,568,DELETE,/jobs/002,404,106.74860002472997
30,2026-09-07T16:13:59.782917,1000,569,DELETE,/jobs/1000,404,100.91879998799413
30,2026-09-07T16:13:59.782917,1000,570,GET,/jobs,200,99.03759998269379
30,2026-09-07T16:13:59.782917,1000,571,GET,/jobs/001,200,161.61349997855723
30,2026-09-07T16:13:59.782917,1000,572,PUT,/jobs/001,200,151.9560000160709
30,2026-09-07T16:13:59.782917,1000,573,GET,/jobs/002,404,99.59470003377646
30,2026-09-07T16:13:59.782917,1000,574,POST,/jobs,201,152.46130002196878
30,2026-09-07T16:13:59.782917,1000,575,POST,/jobs,201,155.51320009399205
30,2026-09-07T16:13:59.782917,1000,576,PUT,/jobs/002,404,154.76570010650903
30,2026-09-07T16:13:59.782917,1000,577,GET,/jobs/002,404,97.69900003448129
30,2026-09-07T16:13:59.782917,1000,578,DELETE,/jobs/002,404,87.4712000368163
30,2026-09-07T16:13:59.782917,1000,579,PUT,/jobs/001,200,148.90790008939803
30,2026-09-07T16:13:59.782917,1000,580,DELETE,/jobs/002,404,98.0696000624448
30,2026-09-07T16:13:59.782917,1000,581,GET,/jobs,200,90.53189994301647
30,2026-09-07T16:13:59.782917,1000,582,POST,/jobs,201,154.6211999375373
30,2026-09-07T16:13:59.782917,1000,583,PUT,/jobs/002,404,149.93309997953475
30,2026-09-07T16:13:59.782917,1000,584,DELETE,/jobs/1000,404,88.44189997762442
30,2026-09-07T16:13:59.782917,1000,585,GET,/jobs,200,90.23630002047867
30,2026-09-07T16:13:59.782917,1000,586,POST,/jobs,201,153.9222999708727
30,2026-09-07T16:13:59.782917,1000,587,POST,/jobs,201,149.0847000386566
30,2026-09-07T16:13:59.782917,1000,588,DELETE,/jobs/1000,404,91.31769998930395
30,2026-09-07T16:13:59.782917,1000,589,GET,/jobs/002,404,98.49599993322045
30,2026-09-07T16:13:59.782917,1000,590,DELETE,/jobs/1000,404,87.29040005709976
30,2026-09-07T16:13:59.782917,1000,591,POST,/jobs,201,145.1265000505373
30,2026-09-07T16:13:59.782917,1000,592,DELETE,/jobs/1000,404,103.95440005231649
30,2026-09-07T16:13:59.782917,1000,593,PUT,/jobs/002,404,145.54699999280274
30,2026-09-07T16:13:59.782917,1000,594,GET,/jobs/1000,404,104.23629998695105
30,2026-09-07T16:13:59.782917,1000,595,GET,/jobs/1000,404,106.99290002230555
30,2026-09-07T16:13:59.782917,1000,596,PUT,/jobs/001,200,154.0239000460133
30,2026-09-07T16:13:59.782917,1000,597,PUT,/jobs/001,200,151.94819995667785
30,2026-09-07T16:13:59.782917,1000,598,POST,/jobs,201,153.6361000034958
30,2026-09-07T16:13:59.782917,1000,599,PUT,/jobs/1000,404,154.18579999823123
30,2026-09-07T16:13:59.782917,1000,600,PUT,/jobs/002,404,152.78649993706495
30,2026-09-07T16:13:59.782917,1000,601,GET,/jobs/002,404,98.28999999444932
30,2026-09-07T16:13:59.782917,1000,602,GET,/jobs,200,95.16540006734431
30,2026-09-07T16:13:59.782917,1000,603,GET,/jobs/1000,404,99.12559995427728
30,2026-09-07T16:13:59.782917,1000,604,DELETE,/jobs/1000,404,98.7377999117598
30,2026-09-07T16:13:59.782917,1000,605,GET,/jobs,200,93.67839992046356
30,2026-09-07T16:13:59.782917,1000,606,PUT,/jobs/001,200,143.14509998075664
30,2026-09-07T16:13:59.782917,1000,607,DELETE,/jobs/1000,404,97.30659995693713
30,2026-09-07T16:13:59.782917,1000,608,GET,/jobs,200,96.42089996486902
30,2026-09-07T16:13:59.782917,1000,609,GET,/jobs/002,404,96.34670009836555
30,2026-09-07T16:13:59.782917,1000,610,GET,/jobs/001,200,152.04670000821352
30,2026-09-07T16:13:59.782917,1000,611,PUT,/jobs/002,404,142.30429998133332
30,2026-09-07T16:13:59.782917,1000,612,POST,/jobs,201,143.7062999466434
30,2026-09-07T16:13:59.782917,1000,613,PUT,/jobs/1000,404,141.29329996649176
30,2026-09-07T16:13:59.782917,1000,614,GET,/jobs,200,92.37780002877116
30,2026-09-07T16:13:59.782917,1000,615,POST,/jobs,201,141.7171999346465
30,2026-09-07T16:13:59.782917,1000,616,DELETE,/jobs/1000,404,94.65179999824613
30,2026-09-07T16:13:59.782917,1000,617,POST,/jobs,201,138.6312999529764
30,2026-09-07T16:13:59.782917,1000,618,PUT,/jobs/1000,404,138.93129990901798
30,2026-09-07T16:13:59.782917,1000,619,GET,/jobs,200,91.74090006854385
30,2026-09-07T16:13:59.782917,1000,620,DELETE,/jobs/002,404,94.868200016208
30,2026-09-07T16:13:59.782917,1000,621,GET,/jobs/1000,404,94.85799993854016
30,2026-09-07T16:13:59.782917,1000,622,POST,/jobs,201,141.1114000948146
30,2026-09-07T16:13:59.782917,1000,623,GET,/jobs,200,94.58060003817081
30,2026-09-07T16:13:59.782917,1000,624,PUT,/jobs/001,200,142.3064999980852
30,2026-09-07T16:13:59.782917,1000,625,GET,/jobs,200,95.81060009077191
30,2026-09-07T16:13:59.782917,1000,626,PUT,/jobs/001,200,156.67000005487353
30,2026-09-07T16:13:59.782917,1000,627,POST,/jobs,201,162.60409995447844
30,2026-09-07T16:13:59.782917,1000,628,GET,/jobs,200,99.62959995027632
30,2026-09-07T16:13:59.782917,1000,629,POST,/jobs,201,159.0192000148818
30,2026-09-07T16:13:59.782917,1000,630,GET,/jobs,200,97.3113999934867
30,2026-09-07T16:13:59.782917,1000,631,POST,/jobs,201,148.56620004866272
30,2026-09-07T16:13:59.782917,1000,632,POST,/jobs,201,149.80700006708503
30,2026-09-07T16:13:59.782917,1000,633,GET,/jobs/001,200,170.10470002423972
30,2026-09-07T16:13:59.782917,1000,634,DELETE,/jobs/1000,404,96.94560000207275
30,2026-09-07T16:13:59.782917,1000,635,DELETE,/jobs/002,404,96.66450007352978
30,2026-09-07T16:13:59.782917,1000,636,GET,/jobs/001,200,167.89309994783252
30,2026-09-07T16:13:59.782917,1000,637,GET,/jobs,200,83.18600000347942
30,2026-09-07T16:13:59.782917,1000,638,DELETE,/jobs/1000,404,95.35600000526756
30,2026-09-07T16:13:59.782917,1000,639,DELETE,/jobs/002,404,96.91369999200106
30,2026-09-07T16:13:59.782917,1000,640,PUT,/jobs/1000,404,147.6676999591291
30,2026-09-07T16:13:59.782917,1000,641,GET,/jobs/001,200,168.61910000443459
30,2026-09-07T16:13:59.782917,1000,642,PUT,/jobs/1000,404,150.85550001822412
30,2026-09-07T16:13:59.782917,1000,643,POST,/jobs,201,162.27219998836517
30,2026-09-07T16:13:59.782917,1000,644,POST,/jobs,201,168.64439996425062
30,2026-09-07T16:13:59.782917,1000,645,GET,/jobs,200,83.78039998933673
30,2026-09-07T16:13:59.782917,1000,646,PUT,/jobs/002,404,170.1508000260219
30,2026-09-07T16:13:59.782917,1000,647,DELETE,/jobs/002,404,91.66759997606277
30,2026-09-07T16:13:59.782917,1000,648,GET,/jobs,200,83.3170999540016
30,2026-09-07T16:13:59.782917,1000,649,PUT,/jobs/002,404,164.96820002794266
30,2026-09-07T16:13:59.782917,1000,650,DELETE,/jobs/1000,404,96.70680004637688
30,2026-09-07T16:13:59.782917,1000,651,PUT,/jobs/1000,404,174.09770004451275
30,2026-09-07T16:13:59.782917,1000,652,POST,/jobs,201,174.65719999745488
30,2026-09-07T16:13:59.782917,1000,653,POST,/jobs,201,172.5154999876395
30,2026-09-07T16:13:59.782917,1000,654,PUT,/jobs/002,404,167.49270004220307
30,2026-09-07T16:13:59.782917,1000,655,GET,/jobs,200,94.37049995176494
30,2026-09-07T16:13:59.782917,1000,656,GET,/jobs/002,404,98.17639994435012
30,2026-09-07T16:13:59.782917,1000,657,DELETE,/jobs/1000,404,96.81129991076887
30,2026-09-07T16:13:59.782917,1000,658,DELETE,/jobs/1000,404,100.17500002868474
30,2026-09-07T16:13:59.782917,1000,659,POST,/jobs,201,168.60869992524385
30,2026-09-07T16:13:59.782917,1000,660,PUT,/jobs/002,404,174.9345000134781
30,2026-09-07T16:13:59.782917,1000,661,GET,/jobs,200,89.76460003759712
30,2026-09-07T16:13:59.782917,1000,662,DELETE,/jobs/002,404,96.08479996677488
30,2026-09-07T16:13:59.782917,1000,663,DELETE,/jobs/1000,404,98.38330000638962
30,2026-09-07T16:13:59.782917,1000,664,POST,/jobs,201,173.74340002425015
30,2026-09-07T16:13:59.782917,1000,665,GET,/jobs/1000,404,99.56789994612336
30,2026-09-07T16:13:59.782917,1000,666,POST,/jobs,201,173.32709999755025
30,2026-09-07T16:13:59.782917,1000,667,GET,/jobs/1000,404,101.47210001014173
30,2026-09-07T16:13:59.782917,1000,668,POST,/jobs,201,172.33430000487715
30,2026-09-07T16:13:59.782917,1000,669,GET,/jobs/1000,404,99.93449994362891
30,2026-09-07T16:13:59.782917,1000,670,GET,/jobs,200,90.86009999737144
30,2026-09-07T16:13:59.782917,1000,671,GET,/jobs,200,85.09680000133812
30,2026-09-07T16:13:59.782917,1000,672,POST,/jobs,201,169.98280002735555
30,2026-09-07T16:13:59.782917,1000,673,PUT,/jobs/001,200,159.45299994200468
30,2026-09-07T16:13:59.782917,1000,674,DELETE,/jobs/1000,404,108.06549992412329
30,2026-09-07T16:13:59.782917,1000,675,GET,/jobs/001,200,176.51420005131513
30,2026-09-07T16:13:59.782917,1000,676,POST,/jobs,201,165.17860000021756
30,2026-09-07T16:13:59.782917,1000,677,PUT,/jobs/001,200,195.30280004255474
30,2026-09-07T16:13:59.782917,1000,678,GET,/jobs/001,200,197.43930001277477
30,2026-09-07T16:13:59.782917,1000,679,DELETE,/jobs/1000,404,116.12719995900989
30,2026-09-07T16:13:59.782917,1000,680,DELETE,/jobs/1000,404,125.27870002668351
30,2026-09-07T16:13:59.782917,1000,681,GET,/jobs/002,404,139.0561000443995
30,2026-09-07T16:13:59.782917,1000,682,PUT,/jobs/002,404,194.03159990906715
30,2026-09-07T16:13:59.782917,1000,683,POST,/jobs,201,193.78779991529882
30,2026-09-07T16:13:59.782917,1000,684,GET,/jobs,200,115.35900004673749
30,2026-09-07T16:13:59.782917,1000,685,PUT,/jobs/001,200,178.85560006834567
30,2026-09-07T16:13:59.782917,1000,686,GET,/jobs/001,200,176.74480006098747
30,2026-09-07T16:13:59.782917,1000,687,PUT,/jobs/1000,404,194.63549996726215
30,2026-09-07T16:13:59.782917,1000,688,POST,/jobs,201,181.59559997729957
30,2026-09-07T16:13:59.782917,1000,689,PUT,/jobs/001,200,191.52259989641607
30,2026-09-07T16:13:59.782917,1000,690,POST,/jobs,201,192.70660006441176
30,2026-09-07T16:13:59.782917,1000,691,GET,/jobs,200,115.77609996311367
30,2026-09-07T16:13:59.782917,1000,692,PUT,/jobs/002,404,180.935199954547
30,2026-09-07T16:13:59.782917,1000,693,POST,/jobs,201,177.60219995398074
30,2026-09-07T16:13:59.782917,1000,694,PUT,/jobs/1000,404,176.62709997966886
30,2026-09-07T16:13:59.782917,1000,695,POST,/jobs,201,177.01999994460493
30,2026-09-07T16:13:59.782917,1000,696,GET,/jobs/002,404,122.65419994946569
30,2026-09-07T16:13:59.782917,1000,697,GET,/jobs,200,113.82440000306815
30,2026-09-07T16:13:59.782917,1000,698,DELETE,/jobs/1000,404,120.74649997521192
30,2026-09-07T16:13:59.782917,1000,699,DELETE,/jobs/002,404,122.99459998030216
30,2026-09-07T16:13:59.782917,1000,700,GET,/jobs,200,120.60389993712306
30,2026-09-07T16:13:59.782917,1000,701,PUT,/jobs/1000,404,175.9466000366956
30,2026-09-07T16:13:59.782917,1000,702,POST,/jobs,201,175.22659990936518
30,2026-09-07T16:13:59.782917,1000,703,PUT,/jobs/001,200,174.13609998766333
30,2026-09-07T16:13:59.782917,1000,704,GET,/jobs/001,200,178.99539996869862
30,2026-09-07T16:13:59.782917,1000,705,GET,/jobs,200,114.70400006510317
30,2026-09-07T16:13:59.782917,1000,706,POST,/jobs,201,177.89779999293387
30,2026-09-07T16:13:59.782917,1000,707,GET,/jobs,200,114.90919999778271
30,2026-09-07T16:13:59.782917,1000,708,GET,/jobs,200,122.55019997246563
30,2026-09-07T16:13:59.782917,1000,709,GET,/jobs/1000,404,123.13119997270405
30,2026-09-07T16:13:59.782917,1000,710,GET,/jobs/002,404,139.77299991529435
30,2026-09-07T16:13:59.782917,1000,711,PUT,/jobs/002,404,180.18160003703088
30,2026-09-07T16:13:59.782917,1000,712,DELETE,/jobs/1000,404,143.32569995895028
30,2026-09-07T16:13:59.782917,1000,713,DELETE,/jobs/002,404,141.5230999700725
30,2026-09-07T16:13:59.782917,1000,714,PUT,/jobs/1000,404,181.98029999621212
30,2026-09-07T16:13:59.782917,1000,715,GET,/jobs,200,127.29139998555183
30,2026-09-07T16:13:59.782917,1000,716,PUT,/jobs/1000,404,184.97870001010597
30,2026-09-07T16:13:59.782917,1000,717,PUT,/jobs/002,404,183.65579994861037
30,2026-09-07T16:13:59.782917,1000,718,GET,/jobs,200,128.18740005604923
30,2026-09-07T16:13:59.782917,1000,719,POST,/jobs,201,181.15299998316914
30,2026-09-07T16:13:59.782917,1000,720,PUT,/jobs/002,404,186.4933999022469
30,2026-09-07T16:13:59.782917,1000,721,GET,/jobs/002,404,144.42230004351586
30,2026-09-07T16:13:59.782917,1000,722,GET,/jobs,200,99.56529992632568
30,2026-09-07T16:13:59.782917,1000,723,POST,/jobs,201,148.2143000466749
30,2026-09-07T16:13:59.782917,1000,724,POST,/jobs,201,147.10669999476522
30,2026-09-07T16:13:59.782917,1000,725,PUT,/jobs/002,404,149.23099998850375
30,2026-09-07T16:13:59.782917,1000,726,GET,/jobs/001,200,162.0061999419704
30,2026-09-07T16:13:59.782917,1000,727,PUT,/jobs/001,200,146.19220001623034
30,2026-09-07T16:13:59.782917,1000,728,GET,/jobs/1000,404,110.65489996690303
30,2026-09-07T16:13:59.782917,1000,729,DELETE,/jobs/002,404,105.47319997567683
30,2026-09-07T16:13:59.782917,1000,730,GET,/jobs,200,100.58690002188087
30,2026-09-07T16:13:59.782917,1000,731,POST,/jobs,201,162.98040002584457
30,2026-09-07T16:13:59.782917,1000,732,GET,/jobs/1000,404,104.461400071159
30,2026-09-07T16:13:59.782917,1000,733,GET,/jobs/001,200,163.35889999754727
30,2026-09-07T16:13:59.782917,1000,734,DELETE,/jobs/002,404,102.9907000483945
30,2026-09-07T16:13:59.782917,1000,735,DELETE,/jobs/002,404,101.79920005612075
30,2026-09-07T16:13:59.782917,1000,736,GET,/jobs/002,404,104.41339993849397
30,2026-09-07T16:13:59.782917,1000,737,GET,/jobs/1000,404,102.83940006047487
30,2026-09-07T16:13:59.782917,1000,738,GET,/jobs,200,101.8001000629738
30,2026-09-07T16:13:59.782917,1000,739,POST,/jobs,201,158.3917000098154
30,2026-09-07T16:13:59.782917,1000,740,GET,/jobs/001,200,161.04779997840524
30,2026-09-07T16:13:59.782917,1000,741,DELETE,/jobs/1000,404,105.38600001018494
30,2026-09-07T16:13:59.782917,1000,742,GET,/jobs/001,200,162.83200006000698
30,2026-09-07T16:13:59.782917,1000,743,GET,/jobs,200,86.04409999679774
30,2026-09-07T16:13:59.782917,1000,744,GET,/jobs/001,200,169.66520005371422
30,2026-09-07T16:13:59.782917,1000,745,POST,/jobs,201,147.27849990595132
30,2026-09-07T16:13:59.782917,1000,746,GET,/jobs/1000,404,103.71200006920844
30,2026-09-07T16:13:59.782917,1000,747,POST,/jobs,201,150.99380002357066
30,2026-09-07T16:13:59.782917,1000,748,GET,/jobs/002,404,103.35190000478178
30,2026-09-07T16:13:59.782917,1000,749,GET,/jobs,200,87.13100000750273
30,2026-09-07T16:13:59.782917,1000,750,GET,/jobs/1000,404,100.87580000981688
30,2026-09-07T16:13:59.782917,1000,751,PUT,/jobs/1000,404,150.7975000422448
30,2026-09-07T16:13:59.782917,1000,752,GET,/jobs,200,91.87059989199042
30,2026-09-07T16:13:59.782917,1000,753,GET,/jobs,200,88.1834999890998
30,2026-09-07T16:13:59.782917,1000,754,PUT,/jobs/002,404,148.7015999155119
30,2026-09-07T16:13:59.782917,1000,755,POST,/jobs,201,149.89360002800822
30,2026-09-07T16:13:59.782917,1000,756,DELETE,/jobs/002,404,93.54249993339181
30,2026-09-07T16:13:59.782917,1000,757,PUT,/jobs/1000,404,151.39209991320968
30,2026-09-07T16:13:59.782917,1000,758,GET,/jobs/1000,404,102.33899997547269
30,2026-09-07T16:13:59.782917,1000,759,GET,/jobs,200,89.50330002699047
30,2026-09-07T16:13:59.782917,1000,760,DELETE,/jobs/1000,404,104.23709999304265
30,2026-09-07T16:13:59.782917,1000,761,PUT,/jobs/1000,404,154.60700006224215
30,2026-09-07T16:13:59.782917,1000,762,GET,/jobs,200,94.53979996033013
30,2026-09-07T16:13:59.782917,1000,763,GET,/jobs,200,94.83420010656118
30,2026-09-07T16:13:59.782917,1000,764,PUT,/jobs/002,404,154.9866000423208
30,2026-09-07T16:13:59.782917,1000,765,PUT,/jobs/1000,404,166.42889997456223
30,2026-09-07T16:13:59.782917,1000,766,GET,/jobs,200,106.20759997982532
30,2026-09-07T16:13:59.782917,1000,767,PUT,/jobs/1000,404,170.0501999584958
30,2026-09-07T16:13:59.782917,1000,768,PUT,/jobs/001,200,168.44010003842413
30,2026-09-07T16:13:59.782917,1000,769,GET,/jobs,200,101.97550000157207
30,2026-09-07T16:13:59.782917,1000,770,POST,/jobs,201,168.80340001080185
30,2026-09-07T16:13:59.782917,1000,771,GET,/jobs/001,200,162.60410007089376
30,2026-09-07T16:13:59.782917,1000,772,GET,/jobs/002,404,110.28849997092038
30,2026-09-07T16:13:59.782917,1000,773,DELETE,/jobs/1000,404,108.92420005984604
30,2026-09-07T16:13:59.782917,1000,774,PUT,/jobs/1000,404,169.4818000542
30,2026-09-07T16:13:59.782917,1000,775,DELETE,/jobs/1000,404,104.37840002123266
30,2026-09-07T16:13:59.782917,1000,776,PUT,/jobs/1000,404,167.63939999509603
30,2026-09-07T16:13:59.782917,1000,777,DELETE,/jobs/1000,404,102.00810001697391
30,2026-09-07T16:13:59.782917,1000,778,GET,/jobs,200,103.18149998784065
30,2026-09-07T16:13:59.782917,1000,779,GET,/jobs,200,102.12399996817112
30,2026-09-07T16:13:59.782917,1000,780,DELETE,/jobs/002,404,109.4410999212414
30,2026-09-07T16:13:59.782917,1000,781,PUT,/jobs/002,404,171.4776000007987
30,2026-09-07T16:13:59.782917,1000,782,GET,/jobs/002,404,104.35120004694909
30,2026-09-07T16:13:59.782917,1000,783,POST,/jobs,201,171.60130001138896
30,2026-09-07T16:13:59.782917,1000,784,PUT,/jobs/002,404,170.78489996492863
30,2026-09-07T16:13:59.782917,1000,785,PUT,/jobs/1000,404,169.36199995689094
30,2026-09-07T16:13:59.782917,1000,786,GET,/jobs,200,101.82969993911684
30,2026-09-07T16:13:59.782917,1000,787,POST,/jobs,201,162.40099992137402
30,2026-09-07T16:13:59.782917,1000,788,POST,/jobs,201,152.29900006670505
30,2026-09-07T16:13:59.782917,1000,789,POST,/jobs,201,152.89889997802675
30,2026-09-07T16:13:59.782917,1000,790,GET,/jobs/1000,404,100.02560005523264
30,2026-09-07T16:13:59.782917,1000,791,PUT,/jobs/001,200,169.20370003208518
30,2026-09-07T16:13:59.782917,1000,792,GET,/jobs,200,107.00620000716299
30,2026-09-07T16:13:59.782917,1000,793,GET,/jobs,200,107.9425000352785
30,2026-09-07T16:13:59.782917,1000,794,GET,/jobs,200,108.52170002181083
30,2026-09-07T16:13:59.782917,1000,795,PUT,/jobs/001,200,169.87669991794974
30,2026-09-07T16:13:59.782917,1000,796,POST,/jobs,201,159.77269993163645
30,2026-09-07T16:13:59.782917,1000,797,GET,/jobs/1000,404,109.79349992703646
30,2026-09-07T16:13:59.782917,1000,798,GET,/jobs,200,102.9722000239417
30,2026-09-07T16:13:59.782917,1000,799,DELETE,/jobs/1000,404,108.63799997605383
30,2026-09-07T16:13:59.782917,1000,800,GET,/jobs,200,107.6109999557957
30,2026-09-07T16:13:59.782917,1000,801,PUT,/jobs/002,404,164.19369995128363
30,2026-09-07T16:13:59.782917,1000,802,PUT,/jobs/1000,404,162.33820002526045
30,2026-09-07T16:13:59.782917,1000,803,GET,/jobs,200,111.75070004537702
30,2026-09-07T16:13:59.782917,1000,804,POST,/jobs,201,162.11300005670637
30,2026-09-07T16:13:59.782917,1000,805,POST,/jobs,201,164.76630000397563
30,2026-09-07T16:13:59.782917,1000,806,GET,/jobs,200,103.68219995871186
30,2026-09-07T16:13:59.782917,1000,807,DELETE,/jobs/002,404,108.66859997622669
30,2026-09-07T16:13:59.782917,1000,808,GET,/jobs/1000,404,111.5902999881655
30,2026-09-07T16:13:59.782917,1000,809,PUT,/jobs/001,200,166.46790003869683
30,2026-09-07T16:13:59.782917,1000,810,GET,/jobs,200,102.5423000101
30,2026-09-07T16:13:59.782917,1000,811,POST,/jobs,201,166.80520004592836
30,2026-09-07T16:13:59.782917,1000,812,DELETE,/jobs/1000,404,109.59410003852099
30,2026-09-07T16:13:59.782917,1000,813,GET,/jobs,200,103.15600002650172
30,2026-09-07T16:13:59.782917,1000,814,POST,/jobs,201,160.15180002432317
30,2026-09-07T16:13:59.782917,1000,815,GET,/jobs/002,404,112.60089999996126
30,2026-09-07T16:13:59.782917,1000,816,DELETE,/jobs/002,404,110.15169997699559
30,2026-09-07T16:13:59.782917,1000,817,DELETE,/jobs/1000,404,109.58859999664128
30,2026-09-07T16:13:59.782917,1000,818,GET,/jobs,200,102.21070004627109
30,2026-09-07T16:13:59.782917,1000,819,GET,/jobs/002,404,108.9105000719428
30,2026-09-07T16:13:59.782917,1000,820,POST,/jobs,201,145.4840999795124
30,2026-09-07T16:13:59.782917,1000,821,POST,/jobs,201,156.64549998473376
30,2026-09-07T16:13:59.782917,1000,822,GET,/jobs/001,200,155.55550006683916
30,2026-09-07T16:13:59.782917,1000,823,DELETE,/jobs/1000,404,123.38850006926805
30,2026-09-07T16:13:59.782917,1000,824,GET,/jobs,200,105.39379995316267
30,2026-09-07T16:13:59.782917,1000,825,GET,/jobs/1000,404,110.48329994082451
30,2026-09-07T16:13:59.782917,1000,826,GET,/jobs,200,116.37139995582402
30,2026-09-07T16:13:59.782917,1000,827,GET,/jobs,200,113.16409998107702
30,2026-09-07T16:13:59.782917,1000,828,DELETE,/jobs/002,404,113.2650999352336
30,2026-09-07T16:13:59.782917,1000,829,PUT,/jobs/002,404,159.97879998758435
30,2026-09-07T16:13:59.782917,1000,830,PUT,/jobs/002,404,163.3016000268981
30,2026-09-07T16:13:59.782917,1000,831,GET,/jobs/002,404,127.08759994711727
30,2026-09-07T16:13:59.782917,1000,832,POST,/jobs,201,162.2192000504583
30,2026-09-07T16:13:59.782917,1000,833,POST,/jobs,201,155.10829992126673
30,2026-09-07T16:13:59.782917,1000,834,DELETE,/jobs/002,404,123.20459994953126
30,2026-09-07T16:13:59.782917,1000,835,GET,/jobs,200,115.77489995397627
30,2026-09-07T16:13:59.782917,1000,836,GET,/jobs/001,200,176.616600016132
30,2026-09-07T16:13:59.782917,1000,837,DELETE,/jobs/002,404,124.16589993517846
30,2026-09-07T16:13:59.782917,1000,838,GET,/jobs,200,112.58979991544038
30,2026-09-07T16:13:59.782917,1000,839,POST,/jobs,201,161.54790006112307
30,2026-09-07T16:13:59.782917,1000,840,PUT,/jobs/002,404,160.30849993694574
30,2026-09-07T16:13:59.782917,1000,841,DELETE,/jobs/1000,404,123.64660005550832
30,2026-09-07T16:13:59.782917,1000,842,PUT,/jobs/002,404,164.17680005542934
30,2026-09-07T16:13:59.782917,1000,843,GET,/jobs/1000,404,94.12239992525429
30,2026-09-07T16:13:59.782917,1000,844,GET,/jobs,200,89.20219994615763
30,2026-09-07T16:13:59.782917,1000,845,POST,/jobs,201,137.67450000159442
30,2026-09-07T16:13:59.782917,1000,846,GET,/jobs,200,91.58180002123117
30,2026-09-07T16:13:59.782917,1000,847,POST,/jobs,201,129.85939998179674
30,2026-09-07T16:13:59.782917,1000,848,DELETE,/jobs/1000,404,95.17490002326667
30,2026-09-07T16:13:59.782917,1000,849,DELETE,/jobs/1000,404,94.24570004921407
30,2026-09-07T16:13:59.782917,1000,850,GET,/jobs,200,92.31119998730719
30,2026-09-07T16:13:59.782917,1000,851,GET,/jobs/002,404,100.06770002655685
30,2026-09-07T16:13:59.782917,1000,852,DELETE,/jobs/002,404,89.4299999345094
30,2026-09-07T16:13:59.782917,1000,853,GET,/jobs,200,88.16040004603565
30,2026-09-07T16:13:59.782917,1000,854,GET,/jobs/002,404,92.18240005429834
30,2026-09-07T16:13:59.782917,1000,855,GET,/jobs/001,200,151.78959991317242
30,2026-09-07T16:13:59.782917,1000,856,POST,/jobs,201,143.65109999198467
30,2026-09-07T16:13:59.782917,1000,857,POST,/jobs,201,149.16160004213452
30,2026-09-07T16:13:59.782917,1000,858,GET,/jobs,200,91.37750009540468
30,2026-09-07T16:13:59.782917,1000,859,PUT,/jobs/1000,404,148.78579997457564
30,2026-09-07T16:13:59.782917,1000,860,PUT,/jobs/001,200,143.73749995138496
30,2026-09-07T16:13:59.782917,1000,861,GET,/jobs/002,404,90.63800005242229
30,2026-09-07T16:13:59.782917,1000,862,DELETE,/jobs/002,404,94.40189995802939
30,2026-09-07T16:13:59.782917,1000,863,DELETE,/jobs/1000,404,93.53529999498278
30,2026-09-07T16:13:59.782917,1000,864,GET,/jobs,200,91.5283999638632
30,2026-09-07T16:13:59.782917,1000,865,PUT,/jobs/1000,404,142.51090004108846
30,2026-09-07T16:13:59.782917,1000,866,GET,/jobs,200,84.67120002023876
30,2026-09-07T16:13:59.782917,1000,867,PUT,/jobs/001,200,144.71699995920062
30,2026-09-07T16:13:59.782917,1000,868,PUT,/jobs/001,200,145.2428000047803
30,2026-09-07T16:13:59.782917,1000,869,POST,/jobs,201,141.73819997813553
30,2026-09-07T16:13:59.782917,1000,870,PUT,/jobs/1000,404,141.24819997232407
30,2026-09-07T16:13:59.782917,1000,871,PUT,/jobs/1000,404,144.5512999780476
30,2026-09-07T16:13:59.782917,1000,872,PUT,/jobs/002,404,145.9755999967456
30,2026-09-07T16:13:59.782917,1000,873,GET,/jobs,200,92.50809997320175
30,2026-09-07T16:13:59.782917,1000,874,PUT,/jobs/001,200,141.8381999246776
30,2026-09-07T16:13:59.782917,1000,875,POST,/jobs,201,145.92429995536804
30,2026-09-07T16:13:59.782917,1000,876,DELETE,/jobs/1000,404,93.95110001787543
30,2026-09-07T16:13:59.782917,1000,877,POST,/jobs,201,136.07949996367097
30,2026-09-07T16:13:59.782917,1000,878,PUT,/jobs/001,200,136.76340004894882
30,2026-09-07T16:13:59.782917,1000,879,GET,/jobs/002,404,80.48469992354512
30,2026-09-07T16:13:59.782917,1000,880,DELETE,/jobs/1000,404,95.116600045003
30,2026-09-07T16:13:59.782917,1000,881,DELETE,/jobs/002,404,94.75729998666793
30,2026-09-07T16:13:59.782917,1000,882,PUT,/jobs/002,404,130.02729997970164
30,2026-09-07T16:13:59.782917,1000,883,POST,/jobs,201,136.292599956505
30,2026-09-07T16:13:59.782917,1000,884,POST,/jobs,201,136.1687999451533
30,2026-09-07T16:13:59.782917,1000,885,GET,/jobs/001,200,137.67140009440482
30,2026-09-07T16:13:59.782917,1000,886,DELETE,/jobs/002,404,91.84470004402101
30,2026-09-07T16:13:59.782917,1000,887,DELETE,/jobs/002,404,92.14840002823621
30,2026-09-07T16:13:59.782917,1000,888,POST,/jobs,201,129.1547000873834
30,2026-09-07T16:13:59.782917,1000,889,GET,/jobs/001,200,140.34590008668602
30,2026-09-07T16:13:59.782917,1000,890,GET,/jobs,200,82.88579992949963
30,2026-09-07T16:13:59.782917,1000,891,GET,/jobs/002,404,93.3536000084132
30,2026-09-07T16:13:59.782917,1000,892,GET,/jobs/001,200,140.92629996594042
30,2026-09-07T16:13:59.782917,1000,893,DELETE,/jobs/002,404,90.78159998171031
30,2026-09-07T16:13:59.782917,1000,894,GET,/jobs,200,85.2164999814704
30,2026-09-07T16:13:59.782917,1000,895,GET,/jobs/1000,404,91.0025000339374
30,2026-09-07T16:13:59.782917,1000,896,PUT,/jobs/002,404,128.06270003784448
30,2026-09-07T16:13:59.782917,1000,897,DELETE,/jobs/1000,404,93.03980006370693
30,2026-09-07T16:13:59.782917,1000,898,DELETE,/jobs/1000,404,94.31620000395924
30,2026-09-07T16:13:59.782917,1000,899,POST,/jobs,201,130.06919994950294
30,2026-09-07T16:13:59.782917,1000,900,PUT,/jobs/001,200,127.66789994202554
30,2026-09-07T16:13:59.782917,1000,901,PUT,/jobs/002,404,127.83100001979619
30,2026-09-07T16:13:59.782917,1000,902,POST,/jobs,201,127.54679995123297
30,2026-09-07T16:13:59.782917,1000,903,POST,/jobs,201,136.75840001087636
30,2026-09-07T16:13:59.782917,1000,904,GET,/jobs,200,92.11630001664162
30,2026-09-07T16:13:59.782917,1000,905,POST,/jobs,201,135.7408999465406
30,2026-09-07T16:13:59.782917,1000,906,GET,/jobs,200,89.53699993435293
30,2026-09-07T16:13:59.782917,1000,907,POST,/jobs,201,137.9112999420613
30,2026-09-07T16:13:59.782917,1000,908,PUT,/jobs/001,200,128.42790002468973
30,2026-09-07T16:13:59.782917,1000,909,GET,/jobs,200,85.10440005920827
30,2026-09-07T16:13:59.782917,1000,910,POST,/jobs,201,134.13459993898869
30,2026-09-07T16:13:59.782917,1000,911,POST,/jobs,201,135.07540000136942
30,2026-09-07T16:13:59.782917,1000,912,GET,/jobs,200,78.8805999327451
30,2026-09-07T16:13:59.782917,1000,913,DELETE,/jobs/1000,404,88.19949999451637
30,2026-09-07T16:13:59.782917,1000,914,PUT,/jobs/1000,404,128.30849993042648
30,2026-09-07T16:13:59.782917,1000,915,DELETE,/jobs/002,404,87.9218999762088
30,2026-09-07T16:13:59.782917,1000,916,PUT,/jobs/1000,404,128.95709997974336
30,2026-09-07T16:13:59.782917,1000,917,GET,/jobs/002,404,86.69020002707839
30,2026-09-07T16:13:59.782917,1000,918,DELETE,/jobs/1000,404,85.90920001734048
30,2026-09-07T16:13:59.782917,1000,919,DELETE,/jobs/002,404,87.39450003486127
30,2026-09-07T16:13:59.782917,1000,920,GET,/jobs,200,79.64919996447861
30,2026-09-07T16:13:59.782917,1000,921,PUT,/jobs/001,200,121.17589998524636
30,2026-09-07T16:13:59.782917,1000,922,POST,/jobs,201,122.69829993601888
30,2026-09-07T16:13:59.782917,1000,923,GET,/jobs,200,85.99769999273121
30,2026-09-07T16:13:59.782917,1000,924,DELETE,/jobs/002,404,88.4566999739036
30,2026-09-07T16:13:59.782917,1000,925,GET,/jobs,200,84.3680000398308
30,2026-09-07T16:13:59.782917,1000,926,GET,/jobs/1000,404,87.93380006682128
30,2026-09-07T16:13:59.782917,1000,927,PUT,/jobs/002,404,120.00270001590252
30,2026-09-07T16:13:59.782917,1000,928,DELETE,/jobs/002,404,86.34150004945695
30,2026-09-07T16:13:59.782917,1000,929,POST,/jobs,201,120.27610000222921
30,2026-09-07T16:13:59.782917,1000,930,POST,/jobs,201,119.08919992856681
30,2026-09-07T16:13:59.782917,1000,931,PUT,/jobs/002,404,119.55289996694773
30,2026-09-07T16:13:59.782917,1000,932,DELETE,/jobs/002,404,86.98210003785789
30,2026-09-07T16:13:59.782917,1000,933,POST,/jobs,201,119.6129999589175
30,2026-09-07T16:13:59.782917,1000,934,POST,/jobs,201,119.6831000270322
30,2026-09-07T16:13:59.782917,1000,935,DELETE,/jobs/1000,404,89.04859994072467
30,2026-09-07T16:13:59.782917,1000,936,POST,/jobs,201,118.19429998286068
30,2026-09-07T16:13:59.782917,1000,937,DELETE,/jobs/002,404,88.64059997722507
30,2026-09-07T16:13:59.782917,1000,938,POST,/jobs,201,120.41840003803372
30,2026-09-07T16:13:59.782917,1000,939,DELETE,/jobs/002,404,87.51250000204891
30,2026-09-07T16:13:59.782917,1000,940,POST,/jobs,201,118.33890003617853
30,2026-09-07T16:13:59.782917,1000,941,PUT,/jobs/001,200,118.83189994841814
30,2026-09-07T16:13:59.782917,1000,942,DELETE,/jobs/002,404,85.40989994071424
30,2026-09-07T16:13:59.782917,1000,943,POST,/jobs,201,112.5465000513941
30,2026-09-07T16:13:59.782917,1000,944,PUT,/jobs/1000,404,114.1198999248445
30,2026-09-07T16:13:59.782917,1000,945,POST,/jobs,201,113.59900003299117
30,2026-09-07T16:13:59.782917,1000,946,GET,/jobs/1000,404,83.6837999522686
30,2026-09-07T16:13:59.782917,1000,947,DELETE,/jobs/002,404,79.88940004725009
30,2026-09-07T16:13:59.782917,1000,948,PUT,/jobs/1000,404,110.42280006222427
30,2026-09-07T16:13:59.782917,1000,949,POST,/jobs,201,113.04460000246763
30,2026-09-07T16:13:59.782917,1000,950,POST,/jobs,201,112.85119992680848
30,2026-09-07T16:13:59.782917,1000,951,GET,/jobs/001,200,109.741699998267
30,2026-09-07T16:13:59.782917,1000,952,POST,/jobs,201,115.77890010084957
30,2026-09-07T16:13:59.782917,1000,953,PUT,/jobs/001,200,113.97930001839995
30,2026-09-07T16:13:59.782917,1000,954,GET,/jobs/001,200,111.31569999270141
30,2026-09-07T16:13:59.782917,1000,955,GET,/jobs/001,200,106.2853999901563
30,2026-09-07T16:13:59.782917,1000,956,POST,/jobs,201,102.53290005493909
30,2026-09-07T16:13:59.782917,1000,957,GET,/jobs,200,70.71950007230043
30,2026-09-07T16:13:59.782917,1000,958,DELETE,/jobs/002,404,71.66300003882498
30,2026-09-07T16:13:59.782917,1000,959,POST,/jobs,201,103.14229992218316
30,2026-09-07T16:13:59.782917,1000,960,DELETE,/jobs/002,404,76.20279991533607
30,2026-09-07T16:13:59.782917,1000,961,DELETE,/jobs/1000,404,76.47319999523461
30,2026-09-07T16:13:59.782917,1000,962,GET,/jobs/001,200,105.96140008419752
30,2026-09-07T16:13:59.782917,1000,963,GET,/jobs/1000,404,75.4279000684619
30,2026-09-07T16:13:59.782917,1000,964,DELETE,/jobs/002,404,73.80180002655834
30,2026-09-07T16:13:59.782917,1000,965,PUT,/jobs/001,200,100.48110003117472
30,2026-09-07T16:13:59.782917,1000,966,PUT,/jobs/002,404,101.32339992560446
30,2026-09-07T16:13:59.782917,1000,967,GET,/jobs/002,404,72.53080001100898
30,2026-09-07T16:13:59.782917,1000,968,DELETE,/jobs/1000,404,70.5541999777779
30,2026-09-07T16:13:59.782917,1000,969,PUT,/jobs/001,200,90.31639993190765
30,2026-09-07T16:13:59.782917,1000,970,DELETE,/jobs/002,404,67.5955000333488
30,2026-09-07T16:13:59.782917,1000,971,POST,/jobs,201,91.50189999490976
30,2026-09-07T16:13:59.782917,1000,972,PUT,/jobs/001,200,86.8128000292927
30,2026-09-07T16:13:59.782917,1000,973,POST,/jobs,201,91.13979991525412
30,2026-09-07T16:13:59.782917,1000,974,DELETE,/jobs/1000,404,69.3005999783054
30,2026-09-07T16:13:59.782917,1000,975,PUT,/jobs/002,404,90.85749997757375
30,2026-09-07T16:13:59.782917,1000,976,PUT,/jobs/1000,404,87.64309994876385
30,2026-09-07T16:13:59.782917,1000,977,DELETE,/jobs/1000,404,69.5420999545604
30,2026-09-07T16:13:59.782917,1000,978,GET,/jobs/001,200,91.90450003370643
30,2026-09-07T16:13:59.782917,1000,979,DELETE,/jobs/002,404,65.10659994091839
30,2026-09-07T16:13:59.782917,1000,980,POST,/jobs,201,87.73270004894584
30,2026-09-07T16:13:59.782917,1000,981,PUT,/jobs/002,404,79.01480002328753
30,2026-09-07T16:13:59.782917,1000,982,DELETE,/jobs/002,404,59.70569991040975
30,2026-09-07T16:13:59.782917,1000,983,DELETE,/jobs/002,404,64.84910007566214
30,2026-09-07T16:13:59.782917,1000,984,POST,/jobs,201,79.3773999903351
30,2026-09-07T16:13:59.782917,1000,985,GET,/jobs/002,404,60.61519996728748
30,2026-09-07T16:13:59.782917,1000,986,PUT,/jobs/1000,404,78.43490003142506
30,2026-09-07T16:13:59.782917,1000,987,GET,/jobs/002,404,58.47590009216219
30,2026-09-07T16:13:59.782917,1000,988,GET,/jobs,200,58.20800003129989
30,2026-09-07T16:13:59.782917,1000,989,GET,/jobs/002,404,58.88949998188764
30,2026-09-07T16:13:59.782917,1000,990,POST,/jobs,201,68.22769995778799
30,2026-09-07T16:13:59.782917,1000,991,PUT,/jobs/001,200,69.61209990549833
30,2026-09-07T16:13:59.782917,1000,992,PUT,/jobs/1000,404,68.84630001150072
30,2026-09-07T16:13:59.782917,1000,993,POST,/jobs,201,68.66099999751896
30,2026-09-07T16:13:59.782917,1000,994,PUT,/jobs/001,200,69.1765999654308
30,2026-09-07T16:13:59.782917,1000,995,POST,/jobs,201,65.08600001689047
30,2026-09-07T16:13:59.782917,1000,996,GET,/jobs,200,53.73599997255951
30,2026-09-07T16:13:59.782917,1000,997,POST,/jobs,201,64.66780009213835
30,2026-09-07T16:13:59.782917,1000,998,POST,/jobs,201,64.26180002745241
30,2026-09-07T16:13:59.782917,1000,999,GET,/jobs/001,200,64.74609998986125
30,2026-09-07T16:13:59.782917,1000,1000,GET,/jobs,200,53.126399987377226
